source_row,mo_start_date,iso_year,iso_week,weekday,line,is_double_line,mo,sku,oee,mo_scheduled_hrs,pouches_produced,pouch_weight_g,qty_kg,measured_rate_kgph,nominal_rate_kgph,oee_from_rate,start_est,end_est,start_time_source,gap_to_next_start_days,prev_sku_same_line,sku_in_master,pair_in_capability_table,pair_flagged_capable,mo_rows,mo_n_sku,mo_n_line,usable_default,n_review_flags,review_flags,info_flags,mo_start_serial,oee_raw,source_kg_per_hr
2,2018-01-02,2018,1,Tue,P09,False,4869,280068,0.653294574,86.0,701168,90.0,63105.12,733.7805,1123.2,0.6533,2018-01-02 00:00,2018-01-05 14:00,midnight,0.0,,False,False,False,1,1,1,True,1,hrs_overlaps_next_mo,sku_not_in_master|pair_not_in_capability_table,43102,0.653294574,733.78
3,2018-01-02,2018,1,Tue,P09,False,12620,280317,0.817768325,36.53,372816,90.0,33553.44,918.5174,1123.2,0.8178,2018-01-02 00:00,2018-01-03 12:32,midnight,6.0,280068,False,False,False,1,1,1,True,1,mo_out_of_sequence,sku_not_in_master|pair_not_in_capability_table,43102,0.817768325,918.52
13,2018-01-03,2018,1,Wed,P14,False,4879,120435,0.734251252,42.25,387156,90.0,34844.04,824.711,1123.2,0.7343,2018-01-03 11:00,2018-01-05 05:15,chained_from_prev_mo,0.0,120430,True,True,True,1,1,1,True,1,hrs_overlaps_next_mo,,43103,0.734251252,824.71
17,2018-01-08,2018,2,Mon,P09,False,4810,280068,0.773076923,8.0,77184,90.0,6946.56,868.32,1123.2,0.7731,2018-01-08 00:00,2018-01-08 08:00,midnight,0.0,280317,False,False,False,1,1,1,True,1,dup_date_line_sku,sku_not_in_master|pair_not_in_capability_table,43108,0.773076923,868.32
18,2018-01-08,2018,2,Mon,P09,False,4910,280068,0.785057471,29.0,284128,90.0,25571.52,881.7766,1123.2,0.7851,2018-01-08 08:00,2018-01-09 13:00,chained_from_prev_mo,1.0,280068,False,False,False,1,1,1,True,1,dup_date_line_sku,sku_not_in_master|pair_not_in_capability_table,43108,0.785057471,881.78
27,2018-01-09,2018,2,Tue,P13,False,4943,120431,0.798237179,24.0,239088,90.0,21517.92,896.58,1123.2,0.7982,2018-01-09 19:00,2018-01-10 19:00,chained_from_prev_mo,0.0,120448,False,False,False,2,2,1,True,1,mo_multi_sku_keying_error,sku_not_in_master|pair_not_in_capability_table,43109,0.798237179,896.58
28,2018-01-09,2018,2,Tue,P13,False,4943,120464,0.657932692,24.0,197064,90.0,17735.76,738.99,1123.2,0.6579,2018-01-09 00:00,2018-01-10 00:00,midnight,2.0,120431,False,False,False,2,2,1,True,1,mo_multi_sku_keying_error,sku_not_in_master|pair_not_in_capability_table,43109,0.657932692,738.99
49,2018-01-18,2018,3,Thu,P10,False,4953,120433,0.552040816,12.25,84396,90.0,7595.64,620.0522,1123.2,0.552,2018-01-18 07:00,2018-01-18 19:15,chained_from_prev_mo,0.0,242027,False,False,False,2,2,1,True,1,mo_multi_sku_keying_error,sku_not_in_master|pair_not_in_capability_table,43118,0.552040816,620.05
50,2018-01-18,2018,3,Thu,P10,False,4953,120435,0.415084135,16.0,82884,90.0,7459.56,466.2225,1123.2,0.4151,2018-01-18 19:15,2018-01-19 11:15,chained_from_prev_mo,4.0,120433,True,True,False,2,2,1,True,1,mo_multi_sku_keying_error,pair_not_flagged_capable,43118,0.415084135,466.22
80,2018-01-29,2018,5,Mon,P16,False,5020,120430,0.441899767,11.0,60664,90.0,5459.76,496.3418,1123.2,0.4419,2018-01-29 00:00,2018-01-29 11:00,midnight,0.0,241658,False,False,False,3,3,1,True,1,mo_multi_sku_keying_error,sku_not_in_master|pair_not_in_capability_table,43129,0.441899767,496.34
81,2018-01-29,2018,5,Mon,P16,False,5020,120437,0.638341346,8.0,63732,90.0,5735.88,716.985,1123.2,0.6383,2018-01-29 11:00,2018-01-29 19:00,chained_from_prev_mo,0.0,120430,True,True,True,3,3,1,True,1,mo_multi_sku_keying_error,,43129,0.638341346,716.99
82,2018-01-29,2018,5,Mon,P16,False,5020,120464,0.559254808,8.0,55836,90.0,5025.24,628.155,1123.2,0.5593,2018-01-29 19:00,2018-01-30 03:00,chained_from_prev_mo,0.0,120437,False,False,False,3,3,1,True,2,mo_multi_sku_keying_error|dup_date_line_sku,sku_not_in_master|pair_not_in_capability_table,43129,0.559254808,628.16
83,2018-01-29,2018,5,Mon,P16,False,5021,120464,0.619582482,56.5,436880,90.0,39319.2,695.915,1123.2,0.6196,2018-01-29 00:00,2018-01-31 08:30,midnight,3.0,120464,False,False,False,1,1,1,True,1,dup_date_line_sku,sku_not_in_master|pair_not_in_capability_table,43129,0.619582482,695.92
85,2018-01-30,2018,5,Tue,P12,False,5015,120437,0.691771753,30.5,263316,90.0,23698.44,776.998,1123.2,0.6918,2018-01-30 11:00,2018-01-31 17:30,chained_from_prev_mo,0.0,120442,True,True,True,2,2,1,True,2,hrs_overlaps_next_mo|mo_multi_sku_keying_error,,43130,0.691771753,777.0
86,2018-01-30,2018,5,Tue,P12,False,5015,120442,1.926923077,2.0,48096,90.0,4328.64,2164.32,1123.2,1.9269,2018-01-30 00:00,2018-01-30 02:00,midnight,2.0,120437,False,False,False,2,2,1,False,2,oee_gt_1|mo_multi_sku_keying_error,sku_not_in_master|pair_not_in_capability_table,43130,1.926923077,2164.32
102,2018-02-05,2018,6,Mon,P13,False,5044,120448,0.830408654,16.0,165816,90.0,14923.44,932.715,1123.2,0.8304,2018-02-05 11:00,2018-02-06 03:00,chained_from_prev_mo,0.0,120436,True,True,True,2,2,1,True,1,mo_multi_sku_keying_error,,43136,0.830408654,932.72
103,2018-02-05,2018,6,Mon,P13,False,5044,251200,0.593870192,8.0,59292,90.0,5336.28,667.035,1123.2,0.5939,2018-02-05 00:00,2018-02-05 08:00,midnight,1.0,120448,True,True,True,2,2,1,True,1,mo_multi_sku_keying_error,,43136,0.593870192,667.04
122,2018-02-12,2018,7,Mon,P11,False,5104,120463,0.719052707,27.0,242292,90.0,21806.28,807.64,1123.2,0.7191,2018-02-12 00:00,2018-02-13 03:00,midnight,0.0,120436,True,True,False,2,2,1,True,2,hrs_overlaps_next_mo|mo_multi_sku_keying_error,pair_not_flagged_capable,43143,0.719052707,807.64
123,2018-02-12,2018,7,Mon,P11,False,5104,120464,0.762884615,5.0,47604,90.0,4284.36,856.872,1123.2,0.7629,2018-02-12 00:00,2018-02-12 05:00,midnight,1.0,120463,False,False,False,2,2,1,True,1,mo_multi_sku_keying_error,sku_not_in_master|pair_not_in_capability_table,43143,0.762884615,856.87
141,2018-02-20,2018,8,Tue,P12,False,5139,120435,0.721365878,65.0,585172,90.0,52665.48,810.2382,1123.2,0.7214,2018-02-20 00:00,2018-02-22 17:00,midnight,0.0,120450,True,True,True,1,1,1,True,1,hrs_overlaps_next_mo,,43151,0.721365878,810.24
160,2018-02-26,2018,9,Mon,P15,False,5188,120436,0.711707875,35.0,310874,90.0,27978.66,799.3903,1123.2,0.7117,2018-02-26 00:00,2018-02-27 11:00,midnight,0.0,120435,True,True,True,2,2,1,True,2,hrs_overlaps_next_mo|mo_multi_sku_keying_error,,43157,0.711707875,799.39
161,2018-02-26,2018,9,Mon,P15,False,5188,120448,0.622175481,16.0,124236,90.0,11181.24,698.8275,1123.2,0.6222,2018-02-26 00:00,2018-02-26 16:00,midnight,2.0,120436,True,True,True,2,2,1,True,1,mo_multi_sku_keying_error,,43157,0.622175481,698.83
166,2018-02-28,2018,9,Wed,P09,False,5229,120444,0.484975962,8.0,48420,90.0,4357.8,544.725,1123.2,0.485,2018-02-28 00:00,2018-02-28 08:00,midnight,2.0,120437,True,True,True,2,2,2,True,1,mo_multi_sku_keying_error,mo_split_across_lines,43159,0.484975962,544.73
167,2018-02-28,2018,9,Wed,P10,False,5229,242027,0.493464326,23.0,141644,90.0,12747.96,554.2591,1123.2,0.4935,2018-02-28 19:00,2018-03-01 18:00,chained_from_prev_mo,1.0,242027,False,False,False,2,2,2,True,1,mo_multi_sku_keying_error,mo_split_across_lines|sku_not_in_master|pair_not_in_capability_table,43159,0.493464326,554.26
175,2018-03-01,2018,9,Thu,P14,False,5187,120432,0.394230769,0.5,2460,90.0,221.4,442.8,1123.2,0.3942,2018-03-01 02:00,2018-03-01 02:30,chained_from_prev_mo,0.0,120435,False,False,False,2,2,1,True,1,mo_multi_sku_keying_error,sku_not_in_master|pair_not_in_capability_table,43160,0.394230769,442.8
176,2018-03-01,2018,9,Thu,P14,False,5187,120435,0.741336138,32.0,296060,90.0,26645.4,832.6688,1123.2,0.7413,2018-03-01 02:30,2018-03-02 10:30,chained_from_prev_mo,11.0,120432,True,True,True,2,2,1,True,1,mo_multi_sku_keying_error,,43160,0.741336138,832.67
181,2018-03-05,2018,10,Mon,P13,False,5214,120437,0.722325721,64.0,576936,90.0,51924.24,811.3162,1123.2,0.7223,2018-03-05 00:00,2018-03-07 16:00,midnight,0.0,120437,True,True,True,1,1,1,True,1,hrs_overlaps_next_mo,,43164,0.722325721,811.32
190,2018-03-08,2018,10,Thu,P12,False,5211,280095,0.608911139,21.25,145956,110.0,16055.16,755.5369,1240.8,0.6089,2018-03-08 00:00,2018-03-08 21:15,midnight,0.0,280093,False,False,False,2,2,1,True,1,mo_multi_sku_keying_error,sku_not_in_master|pair_not_in_capability_table,43167,0.608911139,755.54
191,2018-03-08,2018,10,Thu,P12,False,5211,280096,0.743635685,4.75,39844,110.0,4382.84,922.7032,1240.8,0.7436,2018-03-08 21:15,2018-03-09 02:00,chained_from_prev_mo,11.0,280095,False,False,False,2,2,1,True,1,mo_multi_sku_keying_error,sku_not_in_master|pair_not_in_capability_table,43167,0.743635685,922.7
239,2018-03-29,2018,13,Thu,P11,False,5334,120435,0.801923077,12.0,120096,90.0,10808.64,900.72,1123.2,0.8019,2018-03-29 03:00,2018-03-29 15:00,chained_from_prev_mo,0.0,120444,True,True,True,2,2,1,True,1,mo_multi_sku_keying_error,,43188,0.801923077,900.72
240,2018-03-29,2018,13,Thu,P11,False,5334,120444,0.682024573,24.0,204280,90.0,18385.2,766.05,1123.2,0.682,2018-03-29 15:00,2018-03-30 15:00,chained_from_prev_mo,4.0,120435,True,True,True,2,2,1,True,1,mo_multi_sku_keying_error,,43188,0.682024573,766.05
248,2018-04-02,2018,14,Mon,P11,False,5354,280003,0.082451923,8.0,8232,90.0,740.88,92.61,1123.2,0.0825,2018-04-02 19:00,2018-04-03 03:00,chained_from_prev_mo,1.0,120430,False,False,False,1,1,1,True,1,oee_low,sku_not_in_master|pair_not_in_capability_table,43192,0.082451923,92.61
255,2018-04-03,2018,14,Tue,P11,False,5355,120436,0.79799359,25.0,248974,90.0,22407.66,896.3064,1123.2,0.798,2018-04-03 03:00,2018-04-04 04:00,chained_from_prev_mo,0.0,280003,True,True,True,2,2,1,True,2,hrs_overlaps_next_mo|mo_multi_sku_keying_error,,43193,0.79799359,896.31
256,2018-04-03,2018,14,Tue,P11,False,5355,280003,0.639690171,24.0,191600,90.0,17244.0,718.5,1123.2,0.6397,2018-04-03 00:00,2018-04-04 00:00,midnight,6.0,120436,False,False,False,2,2,1,True,1,mo_multi_sku_keying_error,sku_not_in_master|pair_not_in_capability_table,43193,0.639690171,718.5
284,2018-04-13,2018,15,Fri,P11,False,5433,120437,1.054807692,2.0,26328,90.0,2369.52,1184.76,1123.2,1.0548,2018-04-13 09:00,2018-04-13 11:00,chained_from_prev_mo,3.0,242027,True,True,True,1,1,1,False,1,oee_gt_1,,43203,1.054807692,1184.76
292,2018-04-16,2018,16,Mon,P16,False,5424,120430,1.176842949,8.0,117496,90.0,10574.64,1321.83,1123.2,1.1768,2018-04-16 00:00,2018-04-16 08:00,midnight,0.0,120430,False,False,False,1,1,1,False,1,oee_gt_1,sku_not_in_master|pair_not_in_capability_table,43206,1.176842949,1321.83
296,2018-04-17,2018,16,Tue,P16,False,5422,280040,0.699872907,61.08,533498,90.0,48014.82,786.0972,1123.2,0.6999,2018-04-17 00:00,2018-04-19 13:05,midnight,0.0,120536,False,False,False,1,1,1,True,1,hrs_overlaps_next_mo,sku_not_in_master|pair_not_in_capability_table,43207,0.699872907,786.1
298,2018-04-18,2018,16,Wed,P12,False,5413,280095,0.747399527,24.0,202336,110.0,22256.96,927.3733,1240.8,0.7474,2018-04-18 03:00,2018-04-19 03:00,chained_from_prev_mo,0.0,280096,False,False,False,2,2,1,True,1,mo_multi_sku_keying_error,sku_not_in_master|pair_not_in_capability_table,43208,0.747399527,927.37
299,2018-04-18,2018,16,Wed,P12,False,5413,280096,0.631944444,24.0,171080,110.0,18818.8,784.1167,1240.8,0.6319,2018-04-18 00:00,2018-04-19 00:00,midnight,2.0,280095,False,False,False,2,2,1,True,1,mo_multi_sku_keying_error,sku_not_in_master|pair_not_in_capability_table,43208,0.631944444,784.12
303,2018-04-20,2018,16,Fri,P10,False,5473,280040,1.05011655,2.75,36040,90.0,3243.6,1179.4909,1123.2,1.0501,2018-04-20 09:30,2018-04-20 12:15,chained_from_prev_mo,3.0,242027,False,False,False,1,1,1,False,1,oee_gt_1,sku_not_in_master|pair_not_in_capability_table,43210,1.05011655,1179.49
332,2018-05-01,2018,18,Tue,P09,False,5514,120464,0.831158425,84.0,871320,90.0,78418.8,933.5571,1123.2,0.8312,2018-05-01 02:00,2018-05-04 14:00,chained_from_prev_mo,0.0,120464,False,False,False,2,2,1,True,2,hrs_overlaps_next_mo|mo_multi_sku_keying_error,sku_not_in_master|pair_not_in_capability_table,43221,0.831158425,933.56
333,2018-05-01,2018,18,Tue,P09,False,5514,242027,0.704203649,26.0,228500,90.0,20565.0,790.9615,1123.2,0.7042,2018-05-01 00:00,2018-05-02 02:00,midnight,8.0,120464,False,False,False,2,2,1,True,1,mo_multi_sku_keying_error,sku_not_in_master|pair_not_in_capability_table,43221,0.704203649,790.96
334,2018-05-01,2018,18,Tue,P10,False,5481,120433,0.623944979,24.0,186884,90.0,16819.56,700.815,1123.2,0.6239,2018-05-01 02:00,2018-05-02 02:00,chained_from_prev_mo,0.0,120433,False,False,False,2,2,1,True,1,mo_multi_sku_keying_error,sku_not_in_master|pair_not_in_capability_table,43221,0.623944979,700.82
335,2018-05-01,2018,18,Tue,P10,False,5481,120464,0.746587644,58.0,540410,90.0,48636.9,838.5672,1123.2,0.7466,2018-05-01 00:00,2018-05-03 10:00,midnight,7.0,120433,False,False,False,2,2,1,True,1,mo_multi_sku_keying_error,sku_not_in_master|pair_not_in_capability_table,43221,0.746587644,838.57
359,2018-05-10,2018,19,Thu,P12,False,5527,280093,0.615808137,19.0,131980,110.0,14517.8,764.0947,1240.8,0.6158,2018-05-10 02:00,2018-05-10 21:00,chained_from_prev_mo,0.0,280096,False,False,False,2,2,1,True,1,mo_multi_sku_keying_error,sku_not_in_master|pair_not_in_capability_table,43230,0.615808137,764.09
360,2018-05-10,2018,19,Thu,P12,False,5527,280096,0.669437057,16.0,120820,110.0,13290.2,830.6375,1240.8,0.6694,2018-05-10 21:00,2018-05-11 13:00,chained_from_prev_mo,4.0,280093,False,False,False,2,2,1,True,1,mo_multi_sku_keying_error,sku_not_in_master|pair_not_in_capability_table,43230,0.669437057,830.64
367,2018-05-14,2018,20,Mon,P11,False,5558,120452,0.645804196,11.0,88656,90.0,7979.04,725.3673,1123.2,0.6458,2018-05-14 00:00,2018-05-14 11:00,midnight,0.0,280114,False,False,False,2,2,2,True,1,mo_multi_sku_keying_error,mo_split_across_lines|sku_not_in_master|pair_not_in_capability_table,43234,0.645804196,725.37
369,2018-05-14,2018,20,Mon,P12,False,5558,120454,0.369776828,27.0,124600,90.0,11214.0,415.3333,1123.2,0.3698,2018-05-14 00:00,2018-05-15 03:00,midnight,1.0,280096,False,False,False,2,2,2,True,1,mo_multi_sku_keying_error,mo_split_across_lines|sku_not_in_master|pair_not_in_capability_table,43234,0.369776828,415.33
409,2018-05-29,2018,22,Tue,P16,False,5641,120444,0.611185897,40.0,305104,90.0,27459.36,686.484,1123.2,0.6112,2018-05-29 00:00,2018-05-30 16:00,midnight,0.0,120433,True,True,True,1,1,1,True,1,hrs_overlaps_next_mo,,43249,0.611185897,686.48
467,2018-06-18,2018,25,Mon,P15,False,5752,280135,0.647319347,88.0,710912,90.0,63982.08,727.0691,1123.2,0.6473,2018-06-18 00:00,2018-06-21 16:00,midnight,0.0,120430,True,True,True,1,1,1,True,1,hrs_overlaps_next_mo,,43269,0.647319347,727.07
474,2018-06-20,2018,25,Wed,P14,False,5749,120437,0.759097633,26.0,246312,90.0,22168.08,852.6185,1123.2,0.7591,2018-06-20 11:00,2018-06-21 13:00,chained_from_prev_mo,0.0,120431,True,True,True,1,1,1,True,1,hrs_overlaps_next_mo,,43271,0.759097633,852.62
519,2018-07-10,2018,28,Tue,P12,False,5830,120436,0.835844017,24.0,250352,90.0,22531.68,938.82,1123.2,0.8358,2018-07-10 03:00,2018-07-11 03:00,chained_from_prev_mo,0.0,120436,True,True,True,2,2,1,True,1,mo_multi_sku_keying_error,,43291,0.835844017,938.82
520,2018-07-10,2018,28,Tue,P12,False,5830,120437,0.835961538,40.0,417312,90.0,37558.08,938.952,1123.2,0.836,2018-07-10 00:00,2018-07-11 16:00,midnight,2.0,120436,True,True,True,2,2,1,True,1,mo_multi_sku_keying_error,,43291,0.835961538,938.95
533,2018-07-16,2018,29,Mon,P12,False,5868,280095,0.625839243,15.0,105892,110.0,11648.12,776.5413,1240.8,0.6258,2018-07-16 00:00,2018-07-16 15:00,midnight,0.0,120465,False,False,False,2,2,1,True,1,mo_multi_sku_keying_error,sku_not_in_master|pair_not_in_capability_table,43297,0.625839243,776.54
534,2018-07-16,2018,29,Mon,P12,False,5868,280096,0.687628054,27.0,209424,110.0,23036.64,853.2089,1240.8,0.6876,2018-07-16 15:00,2018-07-17 18:00,chained_from_prev_mo,1.0,280095,False,False,False,2,2,1,True,1,mo_multi_sku_keying_error,sku_not_in_master|pair_not_in_capability_table,43297,0.687628054,853.21
553,2018-07-23,2018,30,Mon,P09,False,5897,280039,0.701139601,27.0,236256,90.0,21263.04,787.52,1123.2,0.7011,2018-07-23 00:00,2018-07-24 03:00,midnight,0.0,280039,True,True,True,2,2,1,True,2,hrs_overlaps_next_mo|mo_multi_sku_keying_error,,43304,0.701139601,787.52
554,2018-07-23,2018,30,Mon,P09,False,5897,280103,0.768563034,24.0,230200,90.0,20718.0,863.25,1123.2,0.7686,2018-07-23 00:00,2018-07-24 00:00,midnight,2.0,280039,True,True,True,2,2,1,True,1,mo_multi_sku_keying_error,,43304,0.768563034,863.25
564,2018-07-25,2018,30,Wed,P09,False,5896,120448,0.816868132,52.5,535212,90.0,48169.08,917.5063,1123.2,0.8169,2018-07-25 00:00,2018-07-27 04:30,midnight,0.0,280103,True,True,True,1,1,1,True,1,hrs_overlaps_next_mo,,43306,0.816868132,917.51
572,2018-07-27,2018,30,Fri,P10,False,5964,120431,0.604273504,4.5,33936,90.0,3054.24,678.72,1123.2,0.6043,2018-07-27 11:00,2018-07-27 15:30,chained_from_prev_mo,3.0,280068,False,False,False,3,3,2,True,1,mo_multi_sku_keying_error,mo_split_across_lines|sku_not_in_master|pair_not_in_capability_table,43308,0.604273504,678.72
573,2018-07-27,2018,30,Fri,P13,False,5939,120437,1.015519568,3.42,43344,90.0,3900.96,1140.6316,1123.2,1.0155,2018-07-27 11:00,2018-07-27 14:25,chained_from_prev_mo,3.0,241288,True,True,True,1,1,1,False,1,oee_gt_1,,43308,1.015519568,1140.63
575,2018-07-27,2018,30,Fri,P16,False,5964,120437,0.663701923,8.0,66264,90.0,5963.76,745.47,1123.2,0.6637,2018-07-27 15:08,2018-07-27 23:08,chained_from_prev_mo,0.0,120464,True,True,True,3,3,2,True,1,mo_multi_sku_keying_error,mo_split_across_lines,43308,0.663701923,745.47
576,2018-07-27,2018,30,Fri,P16,False,5964,120464,0.813030999,67.0,679824,90.0,61184.16,913.1964,1123.2,0.813,2018-07-27 23:08,2018-07-30 18:08,chained_from_prev_mo,3.0,120437,False,False,False,3,3,2,True,1,mo_multi_sku_keying_error,mo_split_across_lines|sku_not_in_master|pair_not_in_capability_table,43308,0.813030999,913.2
578,2018-07-30,2018,31,Mon,P10,False,5924,120436,0.786068873,43.0,421836,90.0,37965.24,882.9126,1123.2,0.7861,2018-07-30 00:00,2018-07-31 19:00,midnight,0.0,120431,True,True,False,1,1,1,True,2,hrs_overlaps_next_mo|dup_date_line_sku,pair_not_flagged_capable,43311,0.786068873,882.91
579,2018-07-30,2018,31,Mon,P10,False,5932,120436,0.722275641,8.0,72112,90.0,6490.08,811.26,1123.2,0.7223,2018-07-30 00:00,2018-07-30 08:00,midnight,0.0,120436,True,True,False,3,3,2,True,2,mo_multi_sku_keying_error|dup_date_line_sku,mo_split_across_lines|pair_not_flagged_capable,43311,0.722275641,811.26
580,2018-07-30,2018,31,Mon,P10,False,5932,120448,0.695653045,16.0,138908,90.0,12501.72,781.3575,1123.2,0.6957,2018-07-30 08:00,2018-07-31 00:00,chained_from_prev_mo,1.0,120436,True,True,False,3,3,2,True,1,mo_multi_sku_keying_error,mo_split_across_lines|pair_not_flagged_capable,43311,0.695653045,781.36
585,2018-07-30,2018,31,Mon,P14,False,5932,120532,0.735641026,35.0,321328,90.0,28919.52,826.272,1123.2,0.7356,2018-07-30 00:00,2018-07-31 11:00,midnight,1.0,120465,True,True,True,3,3,2,True,1,mo_multi_sku_keying_error,mo_split_across_lines,43311,0.735641026,826.27
586,2018-07-30,2018,31,Mon,P15,False,5934,120464,0.585882597,27.0,197419,90.0,17767.71,658.0633,1123.2,0.5859,2018-07-30 00:00,2018-07-31 03:00,midnight,0.0,120465,False,False,False,2,1,2,True,1,hrs_overlaps_next_mo,mo_split_across_lines|sku_not_in_master|pair_not_in_capability_table,43311,0.585882597,658.06
592,2018-07-31,2018,31,Tue,P11,False,5925,120431,0.771274038,16.0,154008,90.0,13860.72,866.295,1123.2,0.7713,2018-07-31 01:00,2018-07-31 17:00,chained_from_prev_mo,0.0,120536,False,False,False,1,1,1,True,1,dup_date_line_sku,sku_not_in_master|pair_not_in_capability_table,43312,0.771274038,866.3
593,2018-07-31,2018,31,Tue,P11,False,5976,120431,0.736220889,54.5,500748,90.0,45067.32,826.9233,1123.2,0.7362,2018-07-31 17:00,2018-08-02 23:30,chained_from_prev_mo,3.0,120431,False,False,False,1,1,1,True,1,dup_date_line_sku,sku_not_in_master|pair_not_in_capability_table,43312,0.736220889,826.92
596,2018-07-31,2018,31,Tue,P14,False,5933,120430,0.693990385,8.0,69288,90.0,6235.92,779.49,1123.2,0.694,2018-07-31 11:00,2018-07-31 19:00,chained_from_prev_mo,0.0,120532,False,False,False,1,1,1,True,1,dup_date_line_sku,sku_not_in_master|pair_not_in_capability_table,43312,0.693990385,779.49
597,2018-07-31,2018,31,Tue,P14,False,5972,120430,0.791727941,68.0,671892,90.0,60470.28,889.2688,1123.2,0.7917,2018-07-31 19:00,2018-08-03 15:00,chained_from_prev_mo,6.0,120430,False,False,False,1,1,1,True,1,dup_date_line_sku,sku_not_in_master|pair_not_in_capability_table,43312,0.791727941,889.27
615,2018-08-07,2018,32,Tue,P09,False,5949,280103,0.677751068,24.0,203000,90.0,18270.0,761.25,1123.2,0.6778,2018-08-07 19:00,2018-08-08 19:00,chained_from_prev_mo,0.0,242027,True,True,True,2,2,1,True,1,mo_multi_sku_keying_error,,43319,0.677751068,761.25
616,2018-08-07,2018,32,Tue,P09,False,5949,280105,0.59765625,32.0,238680,90.0,21481.2,671.2875,1123.2,0.5977,2018-08-07 00:00,2018-08-08 08:00,midnight,3.0,280103,False,False,False,2,2,1,True,1,mo_multi_sku_keying_error,sku_not_in_master|pair_not_in_capability_table,43319,0.59765625,671.29
617,2018-08-07,2018,32,Tue,P14,False,5983,120437,0.780303486,64.0,623244,90.0,56091.96,876.4369,1123.2,0.7803,2018-08-07 03:00,2018-08-09 19:00,chained_from_prev_mo,0.0,120436,True,True,True,2,2,1,True,2,hrs_overlaps_next_mo|mo_multi_sku_keying_error,,43319,0.780303486,876.44
618,2018-08-07,2018,32,Tue,P14,False,5983,120448,0.608413462,8.0,60744,90.0,5466.96,683.37,1123.2,0.6084,2018-08-07 00:00,2018-08-07 08:00,midnight,3.0,120437,True,True,True,2,2,1,True,1,mo_multi_sku_keying_error,,43319,0.608413462,683.37
620,2018-08-08,2018,32,Wed,P15,False,5963,120436,0.631170609,25.01,197004,90.0,17730.36,708.9308,1123.2,0.6312,2018-08-08 11:00,2018-08-09 12:01,chained_from_prev_mo,0.0,120464,True,True,True,2,2,1,True,2,hrs_overlaps_next_mo|mo_multi_sku_keying_error,,43320,0.631170609,708.93
621,2018-08-08,2018,32,Wed,P15,False,5963,120464,0.700801282,12.0,104952,90.0,9445.68,787.14,1123.2,0.7008,2018-08-08 00:00,2018-08-08 12:00,midnight,5.0,120436,False,False,False,2,2,1,True,1,mo_multi_sku_keying_error,sku_not_in_master|pair_not_in_capability_table,43320,0.700801282,787.14
628,2018-08-13,2018,33,Mon,P10,False,5995,120465,0.622836538,8.0,62184,90.0,5596.56,699.57,1123.2,0.6228,2018-08-13 00:00,2018-08-13 08:00,midnight,0.0,251200,True,True,False,2,2,1,True,1,mo_multi_sku_keying_error,pair_not_flagged_capable,43325,0.622836538,699.57
629,2018-08-13,2018,33,Mon,P10,False,5995,241288,0.674537865,43.0,361984,90.0,32578.56,757.6409,1123.2,0.6745,2018-08-13 08:00,2018-08-15 03:00,chained_from_prev_mo,2.0,120465,False,False,False,2,2,1,True,1,mo_multi_sku_keying_error,sku_not_in_master|pair_not_in_capability_table,43325,0.674537865,757.64
639,2018-08-15,2018,33,Wed,P10,False,5996,120430,0.663113155,23.0,190340,90.0,17130.6,744.8087,1123.2,0.6631,2018-08-15 03:00,2018-08-16 02:00,chained_from_prev_mo,0.0,241288,False,False,False,2,2,1,True,1,mo_multi_sku_keying_error,sku_not_in_master|pair_not_in_capability_table,43327,0.663113155,744.81
640,2018-08-15,2018,33,Wed,P10,False,5996,120465,0.745512821,24.0,223296,90.0,20096.64,837.36,1123.2,0.7455,2018-08-15 00:00,2018-08-16 00:00,midnight,2.0,120430,True,True,False,2,2,1,True,1,mo_multi_sku_keying_error,pair_not_flagged_capable,43327,0.745512821,837.36
662,2018-08-23,2018,34,Thu,P12,False,6052,120433,0.577403846,16.0,115296,90.0,10376.64,648.54,1123.2,0.5774,2018-08-23 00:00,2018-08-23 16:00,midnight,0.0,120431,False,False,False,2,2,1,True,1,mo_multi_sku_keying_error,sku_not_in_master|pair_not_in_capability_table,43335,0.577403846,648.54
663,2018-08-23,2018,34,Thu,P12,False,6052,280003,0.707291667,8.0,70616,90.0,6355.44,794.43,1123.2,0.7073,2018-08-23 16:00,2018-08-24 00:00,chained_from_prev_mo,1.0,120433,False,False,False,2,2,1,True,1,mo_multi_sku_keying_error,sku_not_in_master|pair_not_in_capability_table,43335,0.707291667,794.43
666,2018-08-24,2018,34,Fri,P11,False,6094,120433,0.847275641,4.0,42296,90.0,3806.64,951.66,1123.2,0.8473,2018-08-24 08:30,2018-08-24 12:30,chained_from_prev_mo,3.0,120464,False,False,False,2,2,2,True,1,mo_multi_sku_keying_error,mo_split_across_lines|sku_not_in_master|pair_not_in_capability_table,43336,0.847275641,951.66
668,2018-08-24,2018,34,Fri,P12,False,6094,120430,0.759773485,11.15,105724,90.0,9515.16,853.3776,1123.2,0.7598,2018-08-24 12:00,2018-08-24 23:09,chained_from_prev_mo,3.0,120433,False,False,False,2,2,2,True,1,mo_multi_sku_keying_error,mo_split_across_lines|sku_not_in_master|pair_not_in_capability_table,43336,0.759773485,853.38
686,2018-08-31,2018,35,Fri,P11,False,6115,280068,1.186004274,3.0,44404,90.0,3996.36,1332.12,1123.2,1.186,2018-08-31 01:01,2018-08-31 04:01,chained_from_prev_mo,4.0,242027,False,False,False,1,1,1,False,1,oee_gt_1,sku_not_in_master|pair_not_in_capability_table,43343,1.186004274,1332.12
784,2018-10-08,2018,41,Mon,P10,False,6272,120437,0.655496795,20.0,163612,90.0,14725.08,736.254,1123.2,0.6555,2018-10-08 00:00,2018-10-08 20:00,midnight,0.0,241288,True,True,False,2,2,1,True,1,mo_multi_sku_keying_error,pair_not_flagged_capable,43381,0.655496795,736.25
785,2018-10-08,2018,41,Mon,P10,False,6272,120464,0.771979574,59.0,568424,90.0,51158.16,867.0875,1123.2,0.772,2018-10-08 20:00,2018-10-11 07:00,chained_from_prev_mo,2.0,120437,False,False,False,2,2,1,True,1,mo_multi_sku_keying_error,sku_not_in_master|pair_not_in_capability_table,43381,0.771979574,867.09
798,2018-10-11,2018,41,Thu,P09,False,3661,120464,0.611177885,8.0,61020,90.0,5491.8,686.475,1123.2,0.6112,2018-10-11 11:00,2018-10-11 19:00,chained_from_prev_mo,0.0,280105,False,False,False,1,1,1,True,1,dup_date_line_sku,sku_not_in_master|pair_not_in_capability_table,43384,0.611177885,686.48
799,2018-10-11,2018,41,Thu,P09,False,6331,120464,0.685560897,20.0,171116,90.0,15400.44,770.022,1123.2,0.6856,2018-10-11 19:00,2018-10-12 15:00,chained_from_prev_mo,4.0,120464,False,False,False,1,1,1,True,1,dup_date_line_sku,sku_not_in_master|pair_not_in_capability_table,43384,0.685560897,770.02
816,2018-10-17,2018,42,Wed,P12,False,6360,120433,0.71965812,24.0,215552,90.0,19399.68,808.32,1123.2,0.7197,2018-10-17 17:00,2018-10-18 17:00,chained_from_prev_mo,0.0,120430,False,False,False,2,2,1,True,1,mo_multi_sku_keying_error,sku_not_in_master|pair_not_in_capability_table,43390,0.71965812,808.32
817,2018-10-17,2018,42,Wed,P12,False,6360,280003,0.538221154,8.0,53736,90.0,4836.24,604.53,1123.2,0.5382,2018-10-17 00:00,2018-10-17 08:00,midnight,1.0,120433,False,False,False,2,2,1,True,1,mo_multi_sku_keying_error,sku_not_in_master|pair_not_in_capability_table,43390,0.538221154,604.53
824,2018-10-22,2018,43,Mon,P10,False,6384,280068,0.712974092,48.0,427100,90.0,38439.0,800.8125,1123.2,0.713,2018-10-22 00:00,2018-10-24 00:00,midnight,0.0,120436,False,False,False,1,1,1,True,1,hrs_overlaps_next_mo,sku_not_in_master|pair_not_in_capability_table,43395,0.712974092,800.81
826,2018-10-22,2018,43,Mon,P11,False,6369,280068,0.806000468,109.5,1101448,90.0,99130.32,905.2997,1123.2,0.806,2018-10-22 00:00,2018-10-26 13:30,midnight,1.0,120433,False,False,False,1,1,1,True,1,hrs_overlaps_next_mo,sku_not_in_master|pair_not_in_capability_table,43395,0.806000468,905.3
844,2018-10-29,2018,44,Mon,P16,False,6431,280052,0.682865114,83.0,707339,90.0,63660.51,766.9941,1123.2,0.6829,2018-10-29 00:00,2018-11-01 11:00,midnight,2.0,280052,True,True,True,1,1,1,True,1,hrs_overlaps_next_mo,,43402,0.682865114,766.99
848,2018-10-31,2018,44,Wed,P13,False,6425,120437,0.817067308,8.0,81576,90.0,7341.84,917.73,1123.2,0.8171,2018-10-31 11:00,2018-10-31 19:00,chained_from_prev_mo,0.0,280052,True,True,True,1,1,1,True,1,dup_date_line_sku,,43404,0.817067308,917.73
849,2018-10-31,2018,44,Wed,P13,False,6473,120437,0.821022183,42.82,438749,90.0,39487.41,922.1721,1123.2,0.821,2018-10-31 19:00,2018-11-02 13:49,chained_from_prev_mo,5.0,120437,True,True,True,1,1,1,True,1,dup_date_line_sku,,43404,0.821022183,922.17
855,2018-11-05,2018,45,Mon,P11,False,6442,280068,0.739312396,118.15,1090125,90.0,98111.25,830.3957,1123.2,0.7393,2018-11-05 00:00,2018-11-09 22:09,midnight,21.0,280068,False,False,False,2,2,2,True,1,mo_multi_sku_keying_error,mo_split_across_lines|sku_not_in_master|pair_not_in_capability_table,43409,0.739312396,830.4
856,2018-11-05,2018,45,Mon,P12,False,6442,120453,0.770953526,8.0,76972,90.0,6927.48,865.935,1123.2,0.771,2018-11-05 00:00,2018-11-05 08:00,midnight,0.0,120437,True,True,True,2,2,2,True,1,mo_multi_sku_keying_error,mo_split_across_lines,43409,0.770953526,865.94
896,2018-11-27,2018,48,Tue,P10,False,6533,120465,0.518629808,8.0,51780,90.0,4660.2,582.525,1123.2,0.5186,2018-11-27 08:00,2018-11-27 16:00,chained_from_prev_mo,0.0,280129,True,True,False,2,2,1,True,1,mo_multi_sku_keying_error,pair_not_flagged_capable,43431,0.518629808,582.53
897,2018-11-27,2018,48,Tue,P10,False,6533,241288,0.769046474,40.0,383908,90.0,34551.72,863.793,1123.2,0.769,2018-11-27 16:00,2018-11-29 08:00,chained_from_prev_mo,2.0,120465,False,False,False,2,2,1,True,1,mo_multi_sku_keying_error,sku_not_in_master|pair_not_in_capability_table,43431,0.769046474,863.79
901,2018-11-28,2018,48,Wed,P14,False,6544,120431,0.794592102,33.92,336368,90.0,30273.12,892.4858,1123.2,0.7946,2018-11-28 08:00,2018-11-29 17:55,chained_from_prev_mo,0.0,120532,False,False,False,2,2,1,True,2,hrs_overlaps_next_mo|mo_multi_sku_keying_error,sku_not_in_master|pair_not_in_capability_table,43432,0.794592102,892.49
902,2018-11-28,2018,48,Wed,P14,False,6544,120532,0.815464744,16.0,162832,90.0,14654.88,915.93,1123.2,0.8155,2018-11-28 00:00,2018-11-28 16:00,midnight,12.0,120431,True,True,True,2,2,1,True,1,mo_multi_sku_keying_error,,43432,0.815464744,915.93
903,2018-11-28,2018,48,Wed,P15,False,6547,280105,0.447275641,8.0,44656,90.0,4019.04,502.38,1123.2,0.4473,2018-11-28 19:00,2018-11-29 03:00,chained_from_prev_mo,0.0,280105,False,False,False,2,2,1,True,1,mo_multi_sku_keying_error,sku_not_in_master|pair_not_in_capability_table,43432,0.447275641,502.38
904,2018-11-28,2018,48,Wed,P15,False,6547,280142,0.83659895,35.4,334064,110.0,36747.04,1038.052,1240.8,0.8366,2018-11-28 00:00,2018-11-29 11:24,midnight,5.0,280105,False,False,False,2,2,1,True,1,mo_multi_sku_keying_error,sku_not_in_master|pair_not_in_capability_table,43432,0.83659895,1038.05
912,2018-12-03,2018,49,Mon,P10,False,6565,280052,0.729358653,99.75,907964,90.0,81716.76,819.2156,1123.2,0.7294,2018-12-03 00:00,2018-12-07 03:45,midnight,0.0,120465,True,True,True,1,1,1,True,1,hrs_overlaps_next_mo,,43437,0.729358653,819.22
915,2018-12-03,2018,49,Mon,P12,False,6568,120437,0.766664226,98.5,942445,90.0,84820.05,861.1173,1123.2,0.7667,2018-12-03 00:00,2018-12-07 02:30,midnight,0.0,280093,True,True,True,1,1,1,True,1,hrs_overlaps_next_mo,,43437,0.766664226,861.12
927,2018-12-10,2018,50,Mon,P13,False,65965,280052,0.746699905,27.0,251608,90.0,22644.72,838.6933,1123.2,0.7467,2018-12-10 00:00,2018-12-11 03:00,midnight,1.0,280052,True,True,True,1,1,1,True,1,mo_out_of_sequence,,43444,0.746699905,838.69
936,2018-12-11,2018,50,Tue,P15,False,6605,120437,0.676011619,16.0,134986,90.0,12148.74,759.2962,1123.2,0.676,2018-12-11 03:00,2018-12-11 19:00,chained_from_prev_mo,0.0,120448,True,True,True,2,2,1,True,1,mo_multi_sku_keying_error,,43445,0.676011619,759.3
937,2018-12-11,2018,50,Tue,P15,False,6605,280105,0.478766026,8.0,47800,90.0,4302.0,537.75,1123.2,0.4788,2018-12-11 19:00,2018-12-12 03:00,chained_from_prev_mo,1.0,120437,False,False,False,2,2,1,True,1,mo_multi_sku_keying_error,sku_not_in_master|pair_not_in_capability_table,43445,0.478766026,537.75
946,2018-12-17,2018,51,Mon,P09,False,6640,280040,0.717174145,24.0,214808,90.0,19332.72,805.53,1123.2,0.7172,2018-12-17 00:00,2018-12-18 00:00,midnight,0.0,241288,False,False,False,2,2,1,True,1,mo_multi_sku_keying_error,sku_not_in_master|pair_not_in_capability_table,43451,0.717174145,805.53
947,2018-12-17,2018,51,Mon,P09,False,6640,280052,0.81748366,51.0,520312,90.0,46828.08,918.1976,1123.2,0.8175,2018-12-17 00:00,2018-12-19 03:00,midnight,3.0,280040,True,True,True,2,2,1,True,1,mo_multi_sku_keying_error,,43451,0.81748366,918.2
996,2019-01-10,2019,2,Thu,P12,False,6719,120453,0.694938568,24.0,208148,90.0,18733.32,780.555,1123.2,0.6949,2019-01-10 00:00,2019-01-11 00:00,midnight,0.0,120536,True,True,True,2,2,1,True,1,mo_multi_sku_keying_error,,43475,0.694938568,780.56
997,2019-01-10,2019,2,Thu,P12,False,6719,120536,1.084615385,1.5,20304,90.0,1827.36,1218.24,1123.2,1.0846,2019-01-10 00:00,2019-01-10 01:30,midnight,4.0,120453,True,True,True,2,2,1,False,2,oee_gt_1|mo_multi_sku_keying_error,,43475,1.084615385,1218.24
1008,2019-01-14,2019,3,Mon,P16,False,6756,280052,0.510472756,40.0,254828,90.0,22934.52,573.363,1123.2,0.5105,2019-01-14 00:00,2019-01-15 16:00,midnight,0.0,280147,True,True,True,1,1,1,True,1,hrs_overlaps_next_mo,,43479,0.510472756,573.36
1026,2019-01-22,2019,4,Tue,P14,False,6781,120451,0.235657051,8.0,23528,90.0,2117.52,264.69,1123.2,0.2357,2019-01-22 08:00,2019-01-22 16:00,chained_from_prev_mo,0.0,120450,True,True,True,2,2,1,True,2,mo_multi_sku_keying_error|dup_date_line_sku,,43487,0.235657051,264.69
1027,2019-01-22,2019,4,Tue,P14,False,6781,120454,0.798076923,8.0,79680,90.0,7171.2,896.4,1123.2,0.7981,2019-01-22 16:00,2019-01-23 00:00,chained_from_prev_mo,0.0,120451,False,False,False,2,2,1,True,1,mo_multi_sku_keying_error,sku_not_in_master|pair_not_in_capability_table,43487,0.798076923,896.4
1028,2019-01-22,2019,4,Tue,P14,False,6782,120451,0.817788462,8.0,81648,90.0,7348.32,918.54,1123.2,0.8178,2019-01-22 00:00,2019-01-22 08:00,midnight,1.0,120454,True,True,True,1,1,1,True,1,dup_date_line_sku,,43487,0.817788462,918.54
1029,2019-01-22,2019,4,Tue,P15,False,6785,120436,0.3015625,8.0,30108,90.0,2709.72,338.715,1123.2,0.3016,2019-01-22 00:00,2019-01-22 08:00,midnight,0.0,120436,True,True,True,2,2,1,True,1,mo_multi_sku_keying_error,,43487,0.3015625,338.72
1030,2019-01-22,2019,4,Tue,P15,False,6785,120465,0.599598963,58.63,438728,90.0,39485.52,673.4696,1123.2,0.5996,2019-01-22 08:00,2019-01-24 18:38,chained_from_prev_mo,6.0,120436,True,True,True,2,2,1,True,1,mo_multi_sku_keying_error,,43487,0.599598963,673.47
1052,2019-01-31,2019,5,Thu,P09,False,6799,280052,0.678220152,16.0,135427,90.0,12188.43,761.7769,1123.2,0.6782,2019-01-31 04:18,2019-01-31 20:18,chained_from_prev_mo,0.0,242030,True,True,True,1,1,1,True,1,dup_date_line_sku,,43496,0.678220152,761.78
1053,2019-01-31,2019,5,Thu,P09,False,6884,280052,0.7525,20.0,187824,90.0,16904.16,845.208,1123.2,0.7525,2019-01-31 20:18,2019-02-01 16:18,chained_from_prev_mo,4.0,280052,True,True,True,1,1,1,True,1,dup_date_line_sku,,43496,0.7525,845.21
1054,2019-01-31,2019,5,Thu,P10,False,6802,251200,0.768629808,8.0,76740,90.0,6906.6,863.325,1123.2,0.7686,2019-01-31 12:18,2019-01-31 20:18,chained_from_prev_mo,0.0,280147,True,True,False,1,1,1,True,1,dup_date_line_sku,pair_not_flagged_capable,43496,0.768629808,863.33
1055,2019-01-31,2019,5,Thu,P10,False,6885,251200,0.836661127,20.25,211441,90.0,19029.69,939.7378,1123.2,0.8367,2019-01-31 20:18,2019-02-01 16:33,chained_from_prev_mo,4.0,251200,True,True,False,1,1,1,True,1,dup_date_line_sku,pair_not_flagged_capable,43496,0.836661127,939.74
1067,2019-02-04,2019,6,Mon,P10,False,6853,280130,0.461698718,30.0,172860,90.0,15557.4,518.58,1123.2,0.4617,2019-02-04 00:00,2019-02-05 06:00,midnight,0.0,251200,True,True,False,1,1,1,True,1,hrs_overlaps_next_mo,pair_not_flagged_capable,43500,0.461698718,518.58
1068,2019-02-04,2019,6,Mon,P10,False,6867,280351,0.641025641,12.0,96000,90.0,8640.0,720.0,1123.2,0.641,2019-02-04 00:00,2019-02-04 12:00,midnight,1.0,280130,True,True,True,2,2,2,True,1,mo_multi_sku_keying_error,mo_split_across_lines,43500,0.641025641,720.0
1069,2019-02-04,2019,6,Mon,P11,False,6856,242030,0.889222756,8.0,88780,90.0,7990.2,998.775,1123.2,0.8892,2019-02-04 00:00,2019-02-04 08:00,midnight,0.0,280052,False,False,False,2,2,1,True,1,mo_multi_sku_keying_error,sku_not_in_master|pair_not_in_capability_table,43500,0.889222756,998.78
1070,2019-02-04,2019,6,Mon,P11,False,6856,280040,0.586960189,38.0,278360,90.0,25052.4,659.2737,1123.2,0.587,2019-02-04 08:00,2019-02-05 22:00,chained_from_prev_mo,1.0,242030,False,False,False,2,2,1,True,1,mo_multi_sku_keying_error,sku_not_in_master|pair_not_in_capability_table,43500,0.586960189,659.27
1073,2019-02-04,2019,6,Mon,P14,False,6867,120437,0.784963219,125.17,1226208,90.0,110358.72,881.6707,1123.2,0.785,2019-02-04 00:00,2019-02-09 05:10,midnight,7.0,120437,True,True,True,2,2,2,True,1,mo_multi_sku_keying_error,mo_split_across_lines,43500,0.784963219,881.67
1079,2019-02-05,2019,6,Tue,P12,False,6862,120430,1.196025641,2.5,37316,90.0,3358.44,1343.376,1123.2,1.196,2019-02-05 08:00,2019-02-05 10:30,chained_from_prev_mo,0.0,120453,False,False,False,1,1,1,False,1,oee_gt_1,sku_not_in_master|pair_not_in_capability_table,43501,1.196025641,1343.38
1080,2019-02-05,2019,6,Tue,P12,False,6863,120431,0.688621795,8.0,68752,90.0,6187.68,773.46,1123.2,0.6886,2019-02-05 10:30,2019-02-05 18:30,chained_from_prev_mo,0.0,120430,False,False,False,2,2,1,True,1,mo_multi_sku_keying_error,sku_not_in_master|pair_not_in_capability_table,43501,0.688621795,773.46
1081,2019-02-05,2019,6,Tue,P12,False,6863,120532,0.748116987,48.0,448152,90.0,40333.68,840.285,1123.2,0.7481,2019-02-05 18:30,2019-02-07 18:30,chained_from_prev_mo,0.0,120431,True,True,True,2,2,1,True,2,hrs_overlaps_next_mo|mo_multi_sku_keying_error,,43501,0.748116987,840.29
1086,2019-02-06,2019,6,Wed,P16,False,6871,120437,0.698319384,11.58,100920,90.0,9082.8,784.3523,1123.2,0.6983,2019-02-06 08:00,2019-02-06 19:35,chained_from_prev_mo,0.0,241283,True,True,True,2,2,1,True,1,mo_multi_sku_keying_error,,43502,0.698319384,784.35
1087,2019-02-06,2019,6,Wed,P16,False,6871,120464,0.828557692,40.0,413616,90.0,37225.44,930.636,1123.2,0.8286,2019-02-06 19:35,2019-02-08 11:35,chained_from_prev_mo,5.0,120437,False,False,False,2,2,1,True,1,mo_multi_sku_keying_error,sku_not_in_master|pair_not_in_capability_table,43502,0.828557692,930.64
1089,2019-02-08,2019,6,Fri,P11,False,6859,120451,1.019978632,3.0,38188,90.0,3436.92,1145.64,1123.2,1.02,2019-02-08 06:00,2019-02-08 09:00,chained_from_prev_mo,0.0,242030,True,True,False,1,1,1,False,1,oee_gt_1,pair_not_flagged_capable,43504,1.019978632,1145.64
1143,2019-02-28,2019,9,Thu,P09,False,6974,280105,0.365625,8.0,36504,90.0,3285.36,410.67,1123.2,0.3656,2019-02-28 12:00,2019-02-28 20:00,chained_from_prev_mo,0.0,280147,False,False,False,1,1,1,True,1,dup_date_line_sku,sku_not_in_master|pair_not_in_capability_table,43524,0.365625,410.67
1144,2019-02-28,2019,9,Thu,P09,False,7013,120436,0.473397436,8.0,47264,90.0,4253.76,531.72,1123.2,0.4734,2019-02-28 20:00,2019-03-01 04:00,chained_from_prev_mo,0.0,280105,True,True,True,2,2,2,True,1,mo_multi_sku_keying_error,mo_split_across_lines,43524,0.473397436,531.72
1145,2019-02-28,2019,9,Thu,P09,False,7052,280105,0.77673589,18.15,175940,90.0,15834.6,872.4298,1123.2,0.7767,2019-02-28 00:00,2019-02-28 18:09,midnight,4.0,120436,False,False,False,1,1,1,True,1,dup_date_line_sku,sku_not_in_master|pair_not_in_capability_table,43524,0.77673589,872.43
1150,2019-02-28,2019,9,Thu,P14,False,7013,120431,0.833150556,24.55,255264,90.0,22973.76,935.7947,1123.2,0.8332,2019-02-28 00:00,2019-03-01 00:33,midnight,4.0,120433,False,False,False,2,2,2,True,1,mo_multi_sku_keying_error,mo_split_across_lines|sku_not_in_master|pair_not_in_capability_table,43524,0.833150556,935.79
1155,2019-03-04,2019,10,Mon,P13,False,7028,280052,0.700284326,62.0,541852,90.0,48766.68,786.5594,1123.2,0.7003,2019-03-04 00:00,2019-03-06 14:00,midnight,1.0,241288,True,True,True,1,1,1,True,1,hrs_overlaps_next_mo,,43528,0.700284326,786.56
1166,2019-03-07,2019,10,Thu,P12,False,7025,280095,0.538696809,8.0,48612,110.0,5347.32,668.415,1240.8,0.5387,2019-03-07 00:00,2019-03-07 08:00,midnight,0.0,120437,False,False,False,2,2,1,True,1,mo_multi_sku_keying_error,sku_not_in_master|pair_not_in_capability_table,43531,0.538696809,668.42
1167,2019-03-07,2019,10,Thu,P12,False,7025,280096,0.512322695,8.0,46232,110.0,5085.52,635.69,1240.8,0.5123,2019-03-07 08:00,2019-03-07 16:00,chained_from_prev_mo,1.0,280095,False,False,False,2,2,1,True,1,mo_multi_sku_keying_error,sku_not_in_master|pair_not_in_capability_table,43531,0.512322695,635.69
1192,2019-03-13,2019,11,Wed,P14,False,7082,120430,0.730890179,45.05,410924,90.0,36983.16,820.9358,1123.2,0.7309,2019-03-13 00:00,2019-03-14 21:03,midnight,0.0,120536,False,False,False,1,1,1,True,1,hrs_overlaps_next_mo,sku_not_in_master|pair_not_in_capability_table,43537,0.730890179,820.94
1202,2019-03-18,2019,12,Mon,P14,False,7129,120430,0.687546741,48.0,411868,90.0,37068.12,772.2525,1123.2,0.6875,2019-03-18 00:00,2019-03-20 00:00,midnight,0.0,120532,False,False,False,1,1,1,True,1,hrs_overlaps_next_mo,sku_not_in_master|pair_not_in_capability_table,43542,0.687546741,772.25
1241,2019-04-01,2019,14,Mon,P13,False,7187,241288,0.650693202,86.0,698376,90.0,62853.84,730.8586,1123.2,0.6507,2019-04-01 00:00,2019-04-04 14:00,midnight,2.0,120464,False,False,False,1,1,1,True,1,hrs_overlaps_next_mo,sku_not_in_master|pair_not_in_capability_table,43556,0.650693202,730.86
1254,2019-04-08,2019,15,Mon,P10,False,7207,241283,0.667833868,30.0,250037,90.0,22503.33,750.111,1123.2,0.6678,2019-04-08 00:00,2019-04-09 06:00,midnight,0.0,120464,True,True,False,2,1,2,True,1,hrs_overlaps_next_mo,mo_split_across_lines|pair_not_flagged_capable,43563,0.667833868,750.11
1272,2019-04-11,2019,15,Thu,P10,False,710,120437,0.819350962,24.0,245412,90.0,22087.08,920.295,1123.2,0.8194,2019-04-11 00:00,2019-04-12 00:00,midnight,4.0,120437,True,True,False,1,1,1,True,1,mo_out_of_sequence,pair_not_flagged_capable,43566,0.819350962,920.3
1290,2019-04-17,2019,16,Wed,P12,False,7245,120436,0.592427885,8.0,59148,90.0,5323.32,665.415,1123.2,0.5924,2019-04-17 14:00,2019-04-17 22:00,chained_from_prev_mo,0.0,120437,True,True,True,1,1,1,True,1,dup_date_line_sku,,43572,0.592427885,665.42
1291,2019-04-17,2019,16,Wed,P12,False,7246,120436,0.562620192,24.0,168516,90.0,15166.44,631.935,1123.2,0.5626,2019-04-17 22:00,2019-04-18 22:00,chained_from_prev_mo,1.0,120436,True,True,True,1,1,1,True,1,dup_date_line_sku,,43572,0.562620192,631.94
1313,2019-04-26,2019,17,Fri,P09,False,72941,280105,0.833955688,5.15,53600,90.0,4824.0,936.699,1123.2,0.834,2019-04-26 14:00,2019-04-26 19:09,chained_from_prev_mo,3.0,280105,False,False,False,1,1,1,True,1,mo_out_of_sequence,sku_not_in_master|pair_not_in_capability_table,43581,0.833955688,936.7
1316,2019-04-29,2019,18,Mon,P09,False,7306,242030,0.679428904,55.0,466360,90.0,41972.4,763.1345,1123.2,0.6794,2019-04-29 00:00,2019-05-01 07:00,midnight,1.0,280105,False,False,False,1,1,1,True,1,hrs_overlaps_next_mo,sku_not_in_master|pair_not_in_capability_table,43584,0.679428904,763.13
1317,2019-04-29,2019,18,Mon,P10,False,7310,280052,0.705134369,52.0,457604,90.0,41184.36,792.0069,1123.2,0.7051,2019-04-29 00:00,2019-05-01 04:00,midnight,1.0,120436,True,True,True,1,1,1,True,1,hrs_overlaps_next_mo,,43584,0.705134369,792.01
1318,2019-04-29,2019,18,Mon,P11,False,7311,280052,0.651633383,52.0,422884,90.0,38059.56,731.9146,1123.2,0.6516,2019-04-29 00:00,2019-05-01 04:00,midnight,1.0,280052,True,True,True,1,1,1,True,1,hrs_overlaps_next_mo,,43584,0.651633383,731.91
1325,2019-04-29,2019,18,Mon,P16,False,7348,280052,0.748369565,46.0,429624,90.0,38666.16,840.5687,1123.2,0.7484,2019-04-29 00:00,2019-04-30 22:00,midnight,0.0,120436,True,True,True,2,2,1,True,2,hrs_overlaps_next_mo|mo_multi_sku_keying_error,,43584,0.748369565,840.57
1326,2019-04-29,2019,18,Mon,P16,False,7348,280172,0.483233173,16.0,96492,90.0,8684.28,542.7675,1123.2,0.4832,2019-04-29 00:00,2019-04-29 16:00,midnight,2.0,280052,True,True,True,2,2,1,True,1,mo_multi_sku_keying_error,,43584,0.483233173,542.77
1334,2019-05-01,2019,18,Wed,P13,False,7347,120448,0.740223499,50.33,464948,90.0,41845.32,831.419,1123.2,0.7402,2019-05-01 13:00,2019-05-03 15:20,chained_from_prev_mo,0.0,120436,True,True,True,1,1,1,True,1,hrs_overlaps_next_mo,,43586,0.740223499,831.42
1338,2019-05-01,2019,18,Wed,P16,False,7351,120464,0.767708333,40.0,383240,90.0,34491.6,862.29,1123.2,0.7677,2019-05-01 00:00,2019-05-02 16:00,midnight,0.0,280172,False,False,False,1,1,1,True,1,hrs_overlaps_next_mo,sku_not_in_master|pair_not_in_capability_table,43586,0.767708333,862.29
1368,2019-05-13,2019,20,Mon,P11,False,7409,280206,0.630210572,89.5,703920,90.0,63352.8,707.8525,1123.2,0.6302,2019-05-13 00:00,2019-05-16 17:30,midnight,2.0,242027,False,False,False,1,1,1,True,1,hrs_overlaps_next_mo,sku_not_in_master|pair_not_in_capability_table,43598,0.630210572,707.85
1369,2019-05-13,2019,20,Mon,P12,False,7410,120430,0.611498397,56.0,427364,90.0,38462.76,686.835,1123.2,0.6115,2019-05-13 00:00,2019-05-15 08:00,midnight,0.0,280093,False,False,False,2,2,1,True,2,hrs_overlaps_next_mo|mo_multi_sku_keying_error,sku_not_in_master|pair_not_in_capability_table,43598,0.611498397,686.84
1370,2019-05-13,2019,20,Mon,P12,False,7410,120534,0.58215812,24.0,174368,90.0,15693.12,653.88,1123.2,0.5822,2019-05-13 00:00,2019-05-14 00:00,midnight,3.0,120430,False,False,False,2,2,1,True,1,mo_multi_sku_keying_error,sku_not_in_master|pair_not_in_capability_table,43598,0.58215812,653.88
1390,2019-05-20,2019,21,Mon,P16,False,7449,280206,0.722305258,102.16,920908,90.0,82881.72,811.2933,1123.2,0.7223,2019-05-20 00:00,2019-05-24 06:10,midnight,3.0,280206,False,False,False,1,1,1,True,1,hrs_overlaps_next_mo,sku_not_in_master|pair_not_in_capability_table,43605,0.722305258,811.29
1393,2019-05-22,2019,21,Wed,P10,False,7434,280130,0.58896907,25.45,187066,90.0,16835.94,661.5301,1123.2,0.589,2019-05-22 22:00,2019-05-23 23:27,chained_from_prev_mo,0.0,280206,True,True,False,2,2,1,True,2,hrs_overlaps_next_mo|mo_multi_sku_keying_error,pair_not_flagged_capable,43607,0.58896907,661.53
1394,2019-05-22,2019,21,Wed,P10,False,7434,280206,0.602123397,24.0,180348,90.0,16231.32,676.305,1123.2,0.6021,2019-05-22 00:00,2019-05-23 00:00,midnight,6.0,280130,False,False,False,2,2,1,True,1,mo_multi_sku_keying_error,sku_not_in_master|pair_not_in_capability_table,43607,0.602123397,676.31
1409,2019-05-29,2019,22,Wed,P12,False,7465,280115,0.18681891,8.0,18652,90.0,1678.68,209.835,1123.2,0.1868,2019-05-29 15:00,2019-05-29 23:00,chained_from_prev_mo,0.0,120451,False,False,False,1,1,1,True,1,oee_low,sku_not_in_master|pair_not_in_capability_table,43614,0.18681891,209.84
1432,2019-06-10,2019,24,Mon,P11,False,7527,280052,0.655062915,54.0,441460,90.0,39731.4,735.7667,1123.2,0.6551,2019-06-10 00:00,2019-06-12 06:00,midnight,1.0,280206,True,True,True,1,1,1,True,1,hrs_overlaps_next_mo,,43626,0.655062915,735.77
1445,2019-06-13,2019,24,Thu,P12,False,7556,120436,0.454567308,8.0,45384,90.0,4084.56,510.57,1123.2,0.4546,2019-06-13 15:00,2019-06-13 23:00,chained_from_prev_mo,0.0,120436,True,True,True,1,1,1,True,1,dup_date_line_sku,,43629,0.454567308,510.57
1446,2019-06-13,2019,24,Thu,P12,False,7558,120430,0.476991758,7.0,41670,90.0,3750.3,535.7571,1123.2,0.477,2019-06-13 23:00,2019-06-14 06:00,chained_from_prev_mo,0.0,120436,False,False,False,2,2,1,True,1,mo_multi_sku_keying_error,sku_not_in_master|pair_not_in_capability_table,43629,0.476991758,535.76
1447,2019-06-13,2019,24,Thu,P12,False,7558,120436,0.080408654,16.0,16056,90.0,1445.04,90.315,1123.2,0.0804,2019-06-13 00:00,2019-06-13 16:00,midnight,4.0,120430,True,True,True,2,2,1,True,3,oee_low|mo_multi_sku_keying_error|dup_date_line_sku,,43629,0.080408654,90.32
1450,2019-06-14,2019,24,Fri,P14,False,7599,120436,0.113247863,0.15,212,90.0,19.08,127.2,1123.2,0.1132,2019-06-14 00:00,2019-06-14 00:09,midnight,0.0,120444,True,True,True,2,2,1,True,2,oee_low|mo_multi_sku_keying_error,,43630,0.113247863,127.2
1451,2019-06-14,2019,24,Fri,P14,False,7599,120444,0.706129808,8.0,70500,90.0,6345.0,793.125,1123.2,0.7061,2019-06-14 00:09,2019-06-14 08:09,chained_from_prev_mo,3.0,120436,True,True,True,2,2,1,True,1,mo_multi_sku_keying_error,,43630,0.706129808,793.13
1455,2019-06-17,2019,25,Mon,P12,False,7577,120450,0.167948718,16.0,33536,90.0,3018.24,188.64,1123.2,0.1679,2019-06-17 00:00,2019-06-17 16:00,midnight,0.0,120436,True,True,True,1,1,1,True,1,oee_low,,43633,0.167948718,188.64
1468,2019-06-19,2019,25,Wed,P12,False,7581,120430,0.235376603,8.0,23500,90.0,2115.0,264.375,1123.2,0.2354,2019-06-19 08:00,2019-06-19 16:00,chained_from_prev_mo,0.0,120435,False,False,False,2,2,1,True,1,mo_multi_sku_keying_error,sku_not_in_master|pair_not_in_capability_table,43635,0.235376603,264.38
1469,2019-06-19,2019,25,Wed,P12,False,7581,120465,0.660657051,16.0,131920,90.0,11872.8,742.05,1123.2,0.6607,2019-06-19 16:00,2019-06-20 08:00,chained_from_prev_mo,1.0,120430,True,True,True,2,2,1,True,1,mo_multi_sku_keying_error,,43635,0.660657051,742.05
1477,2019-06-24,2019,26,Mon,P11,False,7661,280172,0.525952112,102.0,669516,90.0,60256.44,590.7494,1123.2,0.526,2019-06-24 00:00,2019-06-28 06:00,midnight,3.0,120436,True,True,True,1,1,1,True,1,hrs_overlaps_next_mo,,43640,0.525952112,590.75
1484,2019-06-25,2019,26,Tue,P10,False,7659,242030,0.760821525,76.0,721624,90.0,64946.16,854.5547,1123.2,0.7608,2019-06-25 06:00,2019-06-28 10:00,chained_from_prev_mo,1.0,280147,False,False,False,1,1,1,True,1,hrs_overlaps_next_mo,sku_not_in_master|pair_not_in_capability_table,43641,0.760821525,854.55
1489,2019-06-26,2019,26,Wed,P10,False,7667,242030,0.85556891,8.0,85420,90.0,7687.8,960.975,1123.2,0.8556,2019-06-26 00:00,2019-06-26 08:00,midnight,3.0,242030,False,False,False,3,3,2,True,1,mo_multi_sku_keying_error,mo_split_across_lines|sku_not_in_master|pair_not_in_capability_table,43642,0.85556891,960.98
1490,2019-06-26,2019,26,Wed,P12,False,7666,280115,0.423998397,8.0,42332,90.0,3809.88,476.235,1123.2,0.424,2019-06-26 00:00,2019-06-26 08:00,midnight,0.0,120453,False,False,False,1,1,1,True,1,dup_date_line_sku,sku_not_in_master|pair_not_in_capability_table,43642,0.423998397,476.24
1491,2019-06-26,2019,26,Wed,P12,False,7667,120532,0.649046474,40.0,324004,90.0,29160.36,729.009,1123.2,0.649,2019-06-26 08:00,2019-06-28 00:00,chained_from_prev_mo,0.0,280115,True,True,True,3,3,2,True,2,hrs_overlaps_next_mo|mo_multi_sku_keying_error,mo_split_across_lines,43642,0.649046474,729.01
1492,2019-06-26,2019,26,Wed,P12,False,7667,280115,0.66963141,8.0,66856,90.0,6017.04,752.13,1123.2,0.6696,2019-06-26 00:00,2019-06-26 08:00,midnight,1.0,120532,False,False,False,3,3,2,True,2,mo_multi_sku_keying_error|dup_date_line_sku,mo_split_across_lines|sku_not_in_master|pair_not_in_capability_table,43642,0.66963141,752.13
1494,2019-06-27,2019,26,Thu,P11,False,7662,120464,0.343269231,4.0,17136,90.0,1542.24,385.56,1123.2,0.3433,2019-06-27 00:00,2019-06-27 04:00,midnight,0.0,280172,False,False,False,2,2,1,True,1,mo_multi_sku_keying_error,sku_not_in_master|pair_not_in_capability_table,43643,0.343269231,385.56
1495,2019-06-27,2019,26,Thu,P11,False,7662,280172,0.582231571,16.0,116260,90.0,10463.4,653.9625,1123.2,0.5822,2019-06-27 04:00,2019-06-27 20:00,chained_from_prev_mo,11.0,120464,True,True,True,2,2,1,True,1,mo_multi_sku_keying_error,,43643,0.582231571,653.96
1502,2019-06-29,2019,26,Sat,P12,False,7669,120531,1.096153846,1.3,17784,90.0,1600.56,1231.2,1123.2,1.0962,2019-06-29 00:00,2019-06-29 01:18,midnight,9.0,120532,True,True,True,1,1,1,False,1,oee_gt_1,,43645,1.096153846,1231.2
1503,2019-06-29,2019,26,Sat,P15,False,7719,120531,0.050014088,2.73,1704,90.0,153.36,56.1758,1123.2,0.05,2019-06-29 00:00,2019-06-29 02:44,midnight,9.0,120436,True,True,False,1,1,1,True,1,oee_low,pair_not_flagged_capable,43645,0.050014088,56.18
1505,2019-07-08,2019,28,Mon,P10,False,7722,280130,0.551691127,38.0,261634,90.0,23547.06,619.6595,1123.2,0.5517,2019-07-08 00:00,2019-07-09 14:00,midnight,0.0,120436,True,True,False,1,1,1,True,1,hrs_overlaps_next_mo,pair_not_flagged_capable,43654,0.551691127,619.66
1506,2019-07-08,2019,28,Mon,P10,False,7727,280206,0.563221154,8.0,56232,90.0,5060.88,632.61,1123.2,0.5632,2019-07-08 00:00,2019-07-08 08:00,midnight,1.0,280130,False,False,False,2,2,2,True,1,mo_multi_sku_keying_error,mo_split_across_lines|sku_not_in_master|pair_not_in_capability_table,43654,0.563221154,632.61
1507,2019-07-08,2019,28,Mon,P11,False,7725,280206,0.581740785,112.0,813134,90.0,73182.06,653.4112,1123.2,0.5817,2019-07-08 00:00,2019-07-12 16:00,midnight,2.0,280172,False,False,False,1,1,1,True,1,hrs_overlaps_next_mo,sku_not_in_master|pair_not_in_capability_table,43654,0.581740785,653.41
1508,2019-07-08,2019,28,Mon,P12,False,7727,280174,0.121154699,56.0,76531,110.0,8418.41,150.3287,1240.8,0.1212,2019-07-08 00:00,2019-07-10 08:00,midnight,2.0,120531,True,True,True,2,2,2,True,2,oee_low|mo_multi_sku_keying_error,mo_split_across_lines,43654,0.121154699,150.33
1519,2019-07-10,2019,28,Wed,P11,False,7728,280206,0.447596154,8.0,44688,90.0,4021.92,502.74,1123.2,0.4476,2019-07-10 00:00,2019-07-10 08:00,midnight,5.0,280206,False,False,False,2,2,2,True,1,mo_multi_sku_keying_error,mo_split_across_lines|sku_not_in_master|pair_not_in_capability_table,43656,0.447596154,502.74
1520,2019-07-10,2019,28,Wed,P12,False,7728,280096,0.452338209,32.0,163276,110.0,17960.36,561.2612,1240.8,0.4523,2019-07-10 08:00,2019-07-11 16:00,chained_from_prev_mo,1.0,280174,False,False,False,2,2,2,True,1,mo_multi_sku_keying_error,mo_split_across_lines|sku_not_in_master|pair_not_in_capability_table,43656,0.452338209,561.26
1522,2019-07-11,2019,28,Thu,P12,False,7729,280095,0.608799002,9.1,62492,110.0,6874.12,755.3978,1240.8,0.6088,2019-07-11 16:00,2019-07-12 01:06,chained_from_prev_mo,0.0,280096,False,False,False,2,2,1,True,1,mo_multi_sku_keying_error,sku_not_in_master|pair_not_in_capability_table,43657,0.608799002,755.4
1523,2019-07-11,2019,28,Thu,P12,False,7729,280096,0.583156028,8.0,52624,110.0,5788.64,723.58,1240.8,0.5832,2019-07-11 00:00,2019-07-11 08:00,midnight,4.0,280095,False,False,False,2,2,1,True,1,mo_multi_sku_keying_error,sku_not_in_master|pair_not_in_capability_table,43657,0.583156028,723.58
1530,2019-07-15,2019,29,Mon,P09,False,7761,280105,0.748047868,88.25,823870,90.0,74148.3,840.2074,1123.2,0.748,2019-07-15 22:00,2019-07-19 14:15,chained_from_prev_mo,0.0,120448,False,False,False,1,1,1,True,2,hrs_overlaps_next_mo|dup_date_line_sku,sku_not_in_master|pair_not_in_capability_table,43661,0.748047868,840.21
1531,2019-07-15,2019,29,Mon,P09,False,7762,280105,0.824719551,8.0,82340,90.0,7410.6,926.325,1123.2,0.8247,2019-07-15 00:00,2019-07-15 08:00,midnight,7.0,280105,False,False,False,2,2,2,True,2,mo_multi_sku_keying_error|dup_date_line_sku,mo_split_across_lines|sku_not_in_master|pair_not_in_capability_table,43661,0.824719551,926.33
1532,2019-07-15,2019,29,Mon,P10,False,7762,280206,0.776348244,46.0,445686,90.0,40111.74,871.9943,1123.2,0.7763,2019-07-15 00:00,2019-07-16 22:00,midnight,1.0,280206,False,False,False,2,2,2,True,1,mo_multi_sku_keying_error,mo_split_across_lines|sku_not_in_master|pair_not_in_capability_table,43661,0.776348244,871.99
1534,2019-07-15,2019,29,Mon,P12,False,7769,120534,0.466746795,8.0,46600,90.0,4194.0,524.25,1123.2,0.4667,2019-07-15 00:00,2019-07-15 08:00,midnight,0.0,280096,False,False,False,1,1,1,True,1,dup_date_line_sku,sku_not_in_master|pair_not_in_capability_table,43661,0.466746795,524.25
1535,2019-07-15,2019,29,Mon,P12,False,7771,120532,0.684081197,48.0,409792,90.0,36881.28,768.36,1123.2,0.6841,2019-07-15 08:00,2019-07-17 08:00,chained_from_prev_mo,0.0,120534,True,True,True,2,2,1,True,2,hrs_overlaps_next_mo|mo_multi_sku_keying_error,,43661,0.684081197,768.36
1536,2019-07-15,2019,29,Mon,P12,False,7771,120534,0.652564103,8.0,65152,90.0,5863.68,732.96,1123.2,0.6526,2019-07-15 00:00,2019-07-15 08:00,midnight,0.0,120532,False,False,False,2,2,1,True,2,mo_multi_sku_keying_error|dup_date_line_sku,sku_not_in_master|pair_not_in_capability_table,43661,0.652564103,732.96
1538,2019-07-15,2019,29,Mon,P13,False,7773,120436,0.597297839,23.03,171672,90.0,15450.48,670.8849,1123.2,0.5973,2019-07-15 00:00,2019-07-15 23:02,midnight,0.0,251200,True,True,True,2,2,1,True,1,mo_multi_sku_keying_error,,43661,0.597297839,670.88
1539,2019-07-15,2019,29,Mon,P13,False,7773,241288,0.798647201,96.95,966312,90.0,86968.08,897.0405,1123.2,0.7986,2019-07-15 23:02,2019-07-19 23:59,chained_from_prev_mo,7.0,120436,False,False,False,2,2,1,True,1,mo_multi_sku_keying_error,sku_not_in_master|pair_not_in_capability_table,43661,0.798647201,897.04
1541,2019-07-15,2019,29,Mon,P15,False,7777,280142,0.699007092,30.0,236544,110.0,26019.84,867.328,1240.8,0.699,2019-07-15 00:00,2019-07-16 06:00,midnight,0.0,280175,False,False,False,1,1,1,True,1,hrs_overlaps_next_mo,sku_not_in_master|pair_not_in_capability_table,43661,0.699007092,867.33
1542,2019-07-15,2019,29,Mon,P15,False,7778,280166,0.644491186,64.0,514768,90.0,46329.12,723.8925,1123.2,0.6445,2019-07-15 00:00,2019-07-17 16:00,midnight,0.0,280142,False,False,False,1,1,1,True,2,hrs_overlaps_next_mo|dup_date_line_sku,sku_not_in_master|pair_not_in_capability_table,43661,0.644491186,723.89
1543,2019-07-15,2019,29,Mon,P15,False,7779,280166,0.723557692,8.0,72240,90.0,6501.6,812.7,1123.2,0.7236,2019-07-15 00:00,2019-07-15 08:00,midnight,3.0,280166,False,False,False,2,2,2,True,2,mo_multi_sku_keying_error|dup_date_line_sku,mo_split_across_lines|sku_not_in_master|pair_not_in_capability_table,43661,0.723557692,812.7
1544,2019-07-15,2019,29,Mon,P16,False,7779,120436,0.655351919,22.35,182796,90.0,16451.64,736.0913,1123.2,0.6554,2019-07-15 00:00,2019-07-15 22:21,midnight,0.0,280147,True,True,True,2,2,2,True,1,mo_multi_sku_keying_error,mo_split_across_lines,43661,0.655351919,736.09
1546,2019-07-16,2019,29,Tue,P10,False,7763,120464,0.692158873,58.15,502308,90.0,45207.72,777.4328,1123.2,0.6922,2019-07-16 22:00,2019-07-19 08:09,chained_from_prev_mo,0.0,280206,False,False,False,2,2,1,True,2,hrs_overlaps_next_mo|mo_multi_sku_keying_error,sku_not_in_master|pair_not_in_capability_table,43662,0.692158873,777.43
1547,2019-07-16,2019,29,Tue,P10,False,7763,280206,0.596153846,16.0,119040,90.0,10713.6,669.6,1123.2,0.5962,2019-07-16 00:00,2019-07-16 16:00,midnight,6.0,120464,False,False,False,2,2,1,True,1,mo_multi_sku_keying_error,sku_not_in_master|pair_not_in_capability_table,43662,0.596153846,669.6
1550,2019-07-17,2019,29,Wed,P11,False,7765,242027,0.680869391,32.0,271912,90.0,24472.08,764.7525,1123.2,0.6809,2019-07-17 14:00,2019-07-18 22:00,chained_from_prev_mo,0.0,280052,False,False,False,2,2,1,True,2,hrs_overlaps_next_mo|mo_multi_sku_keying_error,sku_not_in_master|pair_not_in_capability_table,43663,0.680869391,764.75
1551,2019-07-17,2019,29,Wed,P11,False,7765,280052,0.3828125,16.0,76440,90.0,6879.6,429.975,1123.2,0.3828,2019-07-17 00:00,2019-07-17 16:00,midnight,2.0,242027,True,True,True,2,2,1,True,1,mo_multi_sku_keying_error,,43663,0.3828125,429.98
1554,2019-07-18,2019,29,Thu,P15,False,7830,120464,0.697680729,10.63,92556,90.0,8330.04,783.635,1123.2,0.6977,2019-07-18 00:00,2019-07-18 10:38,midnight,0.0,280166,False,False,False,2,2,1,True,1,mo_multi_sku_keying_error,sku_not_in_master|pair_not_in_capability_table,43664,0.697680729,783.63
1555,2019-07-18,2019,29,Thu,P15,False,7830,280166,0.609294872,8.0,60832,90.0,5474.88,684.36,1123.2,0.6093,2019-07-18 10:38,2019-07-18 18:38,chained_from_prev_mo,4.0,120464,False,False,False,2,2,1,True,1,mo_multi_sku_keying_error,sku_not_in_master|pair_not_in_capability_table,43664,0.609294872,684.36
1561,2019-07-22,2019,30,Mon,P12,False,7823,280095,0.309604019,24.0,83816,110.0,9219.76,384.1567,1240.8,0.3096,2019-07-22 00:00,2019-07-23 00:00,midnight,0.0,120430,False,False,False,1,1,1,True,1,dup_date_line_sku,sku_not_in_master|pair_not_in_capability_table,43668,0.309604019,384.16
1562,2019-07-22,2019,30,Mon,P12,False,7824,280093,0.653885934,24.0,177020,110.0,19472.2,811.3417,1240.8,0.6539,2019-07-22 00:00,2019-07-23 00:00,midnight,0.0,280095,False,False,False,2,2,1,True,1,mo_multi_sku_keying_error,sku_not_in_master|pair_not_in_capability_table,43668,0.653885934,811.34
1563,2019-07-22,2019,30,Mon,P12,False,7824,280095,0.61768617,8.0,55740,110.0,6131.4,766.425,1240.8,0.6177,2019-07-22 00:00,2019-07-22 08:00,midnight,2.0,280093,False,False,False,2,2,1,True,2,mo_multi_sku_keying_error|dup_date_line_sku,sku_not_in_master|pair_not_in_capability_table,43668,0.61768617,766.43
1564,2019-07-22,2019,30,Mon,P13,False,7809,120436,0.750973866,78.0,731028,90.0,65792.52,843.4938,1123.2,0.751,2019-07-22 00:00,2019-07-25 06:00,midnight,0.0,241288,True,True,True,2,2,1,True,2,hrs_overlaps_next_mo|mo_multi_sku_keying_error,,43668,0.750973866,843.49
1565,2019-07-22,2019,30,Mon,P13,False,7809,120464,0.739242788,16.0,147612,90.0,13285.08,830.3175,1123.2,0.7392,2019-07-22 00:00,2019-07-22 16:00,midnight,3.0,120436,False,False,False,2,2,1,True,1,mo_multi_sku_keying_error,sku_not_in_master|pair_not_in_capability_table,43668,0.739242788,830.32
1572,2019-07-23,2019,30,Tue,P14,False,7828,120451,0.700320513,16.0,139840,90.0,12585.6,786.6,1123.2,0.7003,2019-07-23 08:00,2019-07-24 00:00,chained_from_prev_mo,0.0,280114,True,True,True,2,2,1,True,1,mo_multi_sku_keying_error,,43669,0.700320513,786.6
1573,2019-07-23,2019,30,Tue,P14,False,7828,280115,0.607491987,8.0,60652,90.0,5458.68,682.335,1123.2,0.6075,2019-07-23 00:00,2019-07-23 08:00,midnight,1.0,120451,False,False,False,2,2,1,True,1,mo_multi_sku_keying_error,sku_not_in_master|pair_not_in_capability_table,43669,0.607491987,682.34
1579,2019-07-25,2019,30,Thu,P10,False,7801,120464,0.84068361,28.3,296916,90.0,26722.44,944.2558,1123.2,0.8407,2019-07-25 06:00,2019-07-26 10:18,chained_from_prev_mo,0.0,251200,False,False,False,2,2,1,True,2,hrs_overlaps_next_mo|mo_multi_sku_keying_error,sku_not_in_master|pair_not_in_capability_table,43671,0.84068361,944.26
1580,2019-07-25,2019,30,Thu,P10,False,7801,251200,0.712740385,8.0,71160,90.0,6404.4,800.55,1123.2,0.7127,2019-07-25 00:00,2019-07-25 08:00,midnight,4.0,120464,True,True,False,2,2,1,True,1,mo_multi_sku_keying_error,pair_not_flagged_capable,43671,0.712740385,800.55
1582,2019-07-25,2019,30,Thu,P15,False,7815,120436,0.515444015,12.95,83304,90.0,7497.36,578.9467,1123.2,0.5154,2019-07-25 17:00,2019-07-26 05:57,chained_from_prev_mo,0.0,280206,True,True,True,2,2,1,True,1,mo_multi_sku_keying_error,,43671,0.515444015,578.95
1583,2019-07-25,2019,30,Thu,P15,False,7815,280206,0.553365385,8.0,55248,90.0,4972.32,621.54,1123.2,0.5534,2019-07-25 00:00,2019-07-25 08:00,midnight,4.0,120436,False,False,False,2,2,1,True,1,mo_multi_sku_keying_error,sku_not_in_master|pair_not_in_capability_table,43671,0.553365385,621.54
1596,2019-07-30,2019,31,Tue,P12,False,7846,120532,0.717407853,32.0,286504,90.0,25785.36,805.7925,1123.2,0.7174,2019-07-30 08:00,2019-07-31 16:00,chained_from_prev_mo,0.0,120465,True,True,True,1,1,1,True,2,hrs_overlaps_next_mo|dup_date_line_sku,,43676,0.717407853,805.79
1597,2019-07-30,2019,31,Tue,P12,False,7850,120532,0.812580128,8.0,81128,90.0,7301.52,912.69,1123.2,0.8126,2019-07-30 00:00,2019-07-30 08:00,midnight,1.0,120532,True,True,True,3,3,2,True,2,mo_multi_sku_keying_error|dup_date_line_sku,mo_split_across_lines,43676,0.812580128,912.69
1598,2019-07-30,2019,31,Tue,P13,False,7850,120436,0.788341346,8.0,78708,90.0,7083.72,885.465,1123.2,0.7883,2019-07-30 20:00,2019-07-31 04:00,chained_from_prev_mo,0.0,241283,True,True,True,3,3,2,True,1,mo_multi_sku_keying_error,mo_split_across_lines,43676,0.788341346,885.47
1599,2019-07-30,2019,31,Tue,P13,False,7850,241283,0.699559295,8.0,69844,90.0,6285.96,785.745,1123.2,0.6996,2019-07-30 00:00,2019-07-30 08:00,midnight,1.0,120436,True,True,True,3,3,2,True,1,mo_multi_sku_keying_error,mo_split_across_lines,43676,0.699559295,785.75
1601,2019-07-31,2019,31,Wed,P11,False,7842,280206,0.523317308,8.0,52248,90.0,4702.32,587.79,1123.2,0.5233,2019-07-31 14:00,2019-07-31 22:00,chained_from_prev_mo,0.0,280206,False,False,False,1,1,1,True,1,dup_date_line_sku,sku_not_in_master|pair_not_in_capability_table,43677,0.523317308,587.79
1602,2019-07-31,2019,31,Wed,P11,False,7898,280147,0.580093864,28.0,202708,90.0,18243.72,651.5614,1123.2,0.5801,2019-07-31 22:00,2019-08-02 02:00,chained_from_prev_mo,0.0,280206,False,False,False,2,2,1,True,2,hrs_overlaps_next_mo|mo_multi_sku_keying_error,sku_not_in_master|pair_not_in_capability_table,43677,0.580093864,651.56
1603,2019-07-31,2019,31,Wed,P11,False,7898,280206,0.782692308,8.0,78144,90.0,7032.96,879.12,1123.2,0.7827,2019-07-31 00:00,2019-07-31 08:00,midnight,2.0,280147,False,False,False,2,2,1,True,2,mo_multi_sku_keying_error|dup_date_line_sku,sku_not_in_master|pair_not_in_capability_table,43677,0.782692308,879.12
1604,2019-07-31,2019,31,Wed,P12,False,7900,120430,0.744386694,37.0,343728,90.0,30935.52,836.0951,1123.2,0.7444,2019-07-31 00:00,2019-08-01 13:00,midnight,0.0,120532,False,False,False,2,2,1,True,2,hrs_overlaps_next_mo|mo_multi_sku_keying_error,sku_not_in_master|pair_not_in_capability_table,43677,0.744386694,836.1
1605,2019-07-31,2019,31,Wed,P12,False,7900,120532,0.730488782,8.0,72932,90.0,6563.88,820.485,1123.2,0.7305,2019-07-31 00:00,2019-07-31 08:00,midnight,5.0,120430,True,True,True,2,2,1,True,1,mo_multi_sku_keying_error,,43677,0.730488782,820.49
1606,2019-07-31,2019,31,Wed,P13,False,7851,120448,0.769230769,8.0,76800,90.0,6912.0,864.0,1123.2,0.7692,2019-07-31 00:00,2019-07-31 08:00,midnight,0.0,241283,True,True,True,1,1,1,True,1,dup_date_line_sku,,43677,0.769230769,864.0
1607,2019-07-31,2019,31,Wed,P13,False,7902,120448,0.811860341,44.57,451584,90.0,40642.56,911.8815,1123.2,0.8119,2019-07-31 08:00,2019-08-02 04:34,chained_from_prev_mo,5.0,120448,True,True,True,1,1,1,True,1,dup_date_line_sku,,43677,0.811860341,911.88
1608,2019-07-31,2019,31,Wed,P14,False,7854,120536,0.834735577,8.0,83340,90.0,7500.6,937.575,1123.2,0.8347,2019-07-31 00:00,2019-07-31 08:00,midnight,0.0,120435,True,True,True,1,1,1,True,1,dup_date_line_sku,,43677,0.834735577,937.58
1609,2019-07-31,2019,31,Wed,P14,False,7904,120536,0.732977241,43.78,400480,90.0,36043.2,823.28,1123.2,0.733,2019-07-31 08:00,2019-08-02 03:47,chained_from_prev_mo,5.0,120536,True,True,True,1,1,1,True,1,dup_date_line_sku,,43677,0.732977241,823.28
1617,2019-08-05,2019,32,Mon,P10,False,7873,280206,0.629451873,58.1,456408,90.0,41076.72,707.0003,1123.2,0.6295,2019-08-05 00:00,2019-08-07 10:06,midnight,0.0,280206,False,False,False,1,1,1,True,1,hrs_overlaps_next_mo,sku_not_in_master|pair_not_in_capability_table,43682,0.629451873,707.0
1619,2019-08-05,2019,32,Mon,P11,False,7877,120437,0.699278846,56.0,488712,90.0,43984.08,785.43,1123.2,0.6993,2019-08-05 00:00,2019-08-07 08:00,midnight,0.0,280147,True,True,True,1,1,1,True,2,hrs_overlaps_next_mo|dup_date_line_sku,,43682,0.699278846,785.43
1620,2019-08-05,2019,32,Mon,P11,False,7921,120437,0.609778286,45.45,345876,90.0,31128.84,684.903,1123.2,0.6098,2019-08-05 00:00,2019-08-06 21:27,midnight,0.0,120437,True,True,True,2,2,1,True,3,hrs_overlaps_next_mo|mo_multi_sku_keying_error|dup_date_line_sku,,43682,0.609778286,684.9
1621,2019-08-05,2019,32,Mon,P11,False,7921,120442,0.174278846,8.0,17400,90.0,1566.0,195.75,1123.2,0.1743,2019-08-05 00:00,2019-08-05 08:00,midnight,7.0,120437,False,False,False,2,2,1,True,2,oee_low|mo_multi_sku_keying_error,sku_not_in_master|pair_not_in_capability_table,43682,0.174278846,195.75
1622,2019-08-05,2019,32,Mon,P12,False,7879,280095,0.512511082,24.0,138747,110.0,15262.17,635.9238,1240.8,0.5125,2019-08-05 00:00,2019-08-06 00:00,midnight,0.0,120532,False,False,False,1,1,1,True,1,dup_date_line_sku,sku_not_in_master|pair_not_in_capability_table,43682,0.512511082,635.92
1623,2019-08-05,2019,32,Mon,P12,False,7979,280095,0.53643617,8.0,48408,110.0,5324.88,665.61,1240.8,0.5364,2019-08-05 00:00,2019-08-05 08:00,midnight,1.0,280095,False,False,False,1,1,1,True,1,dup_date_line_sku,sku_not_in_master|pair_not_in_capability_table,43682,0.53643617,665.61
1624,2019-08-05,2019,32,Mon,P13,False,7882,251200,0.842540793,22.0,231328,90.0,20819.52,946.3418,1123.2,0.8425,2019-08-05 00:00,2019-08-05 22:00,midnight,0.0,120448,True,True,True,1,1,1,True,1,dup_date_line_sku,,43682,0.842540793,946.34
1625,2019-08-05,2019,32,Mon,P13,False,7883,120464,0.723914575,76.45,690684,90.0,62161.56,813.1009,1123.2,0.7239,2019-08-05 22:00,2019-08-09 02:27,chained_from_prev_mo,0.0,251200,False,False,False,2,2,1,True,2,hrs_overlaps_next_mo|mo_multi_sku_keying_error,sku_not_in_master|pair_not_in_capability_table,43682,0.723914575,813.1
1626,2019-08-05,2019,32,Mon,P13,False,7883,251200,0.644591346,16.0,128712,90.0,11584.08,724.005,1123.2,0.6446,2019-08-05 00:00,2019-08-05 16:00,midnight,7.0,120464,True,True,True,2,2,1,True,2,mo_multi_sku_keying_error|dup_date_line_sku,,43682,0.644591346,724.01
1627,2019-08-05,2019,32,Mon,P14,False,7885,280115,0.634114583,16.0,126620,90.0,11395.8,712.2375,1123.2,0.6341,2019-08-05 00:00,2019-08-05 16:00,midnight,0.0,120536,False,False,False,1,1,1,True,1,dup_date_line_sku,sku_not_in_master|pair_not_in_capability_table,43682,0.634114583,712.24
1628,2019-08-05,2019,32,Mon,P14,False,7886,280013,0.669591346,8.0,66852,90.0,6016.68,752.085,1123.2,0.6696,2019-08-05 16:00,2019-08-06 00:00,chained_from_prev_mo,0.0,280115,False,False,False,2,2,1,True,1,mo_multi_sku_keying_error,sku_not_in_master|pair_not_in_capability_table,43682,0.669591346,752.09
1629,2019-08-05,2019,32,Mon,P14,False,7886,280115,0.606209936,8.0,60524,90.0,5447.16,680.895,1123.2,0.6062,2019-08-05 00:00,2019-08-05 08:00,midnight,1.0,280013,False,False,False,2,2,1,True,2,mo_multi_sku_keying_error|dup_date_line_sku,sku_not_in_master|pair_not_in_capability_table,43682,0.606209936,680.9
1630,2019-08-05,2019,32,Mon,P15,False,7889,280175,0.487715299,14.0,77020,110.0,8472.2,605.1571,1240.8,0.4877,2019-08-05 00:00,2019-08-05 14:00,midnight,0.0,280142,False,False,False,1,1,1,True,1,dup_date_line_sku,sku_not_in_master|pair_not_in_capability_table,43682,0.487715299,605.16
1631,2019-08-05,2019,32,Mon,P15,False,7890,280172,0.721935096,16.0,144156,90.0,12974.04,810.8775,1123.2,0.7219,2019-08-05 14:00,2019-08-06 06:00,chained_from_prev_mo,0.0,280175,True,True,True,2,2,1,True,1,mo_multi_sku_keying_error,,43682,0.721935096,810.88
1632,2019-08-05,2019,32,Mon,P15,False,7890,280175,0.608322252,16.0,109790,110.0,12076.9,754.8062,1240.8,0.6083,2019-08-05 00:00,2019-08-05 16:00,midnight,1.0,280172,False,False,False,2,2,1,True,2,mo_multi_sku_keying_error|dup_date_line_sku,sku_not_in_master|pair_not_in_capability_table,43682,0.608322252,754.81
1634,2019-08-06,2019,32,Tue,P10,False,7875,280130,0.417487981,32.0,166728,90.0,15005.52,468.9225,1123.2,0.4175,2019-08-06 00:00,2019-08-07 08:00,midnight,0.0,280129,True,True,False,2,2,1,True,2,hrs_overlaps_next_mo|mo_multi_sku_keying_error,pair_not_flagged_capable,43683,0.417487981,468.92
1635,2019-08-06,2019,32,Tue,P10,False,7875,280206,0.574399038,8.0,57348,90.0,5161.32,645.165,1123.2,0.5744,2019-08-06 00:00,2019-08-06 08:00,midnight,6.0,280130,False,False,False,2,2,1,True,1,mo_multi_sku_keying_error,sku_not_in_master|pair_not_in_capability_table,43683,0.574399038,645.17
1636,2019-08-06,2019,32,Tue,P12,False,7880,280096,0.622916667,8.0,56212,110.0,6183.32,772.915,1240.8,0.6229,2019-08-06 00:00,2019-08-06 08:00,midnight,0.0,280095,False,False,False,1,1,1,True,1,dup_date_line_sku,sku_not_in_master|pair_not_in_capability_table,43683,0.622916667,772.92
1637,2019-08-06,2019,32,Tue,P12,False,7881,280096,0.527039007,8.0,47560,110.0,5231.6,653.95,1240.8,0.527,2019-08-06 08:00,2019-08-06 16:00,chained_from_prev_mo,0.0,280096,False,False,False,1,1,1,True,1,dup_date_line_sku,sku_not_in_master|pair_not_in_capability_table,43683,0.527039007,653.95
1638,2019-08-06,2019,32,Tue,P12,False,7978,280096,0.61214539,8.0,55240,110.0,6076.4,759.55,1240.8,0.6121,2019-08-06 16:00,2019-08-07 00:00,chained_from_prev_mo,1.0,280096,False,False,False,1,1,1,True,1,dup_date_line_sku,sku_not_in_master|pair_not_in_capability_table,43683,0.61214539,759.55
1639,2019-08-06,2019,32,Tue,P14,False,7887,280013,0.560737179,8.0,55984,90.0,5038.56,629.82,1123.2,0.5607,2019-08-06 00:00,2019-08-06 08:00,midnight,0.0,280115,False,False,False,1,1,1,True,1,dup_date_line_sku,sku_not_in_master|pair_not_in_capability_table,43683,0.560737179,629.82
1640,2019-08-06,2019,32,Tue,P14,False,7888,120436,0.78311788,60.1,587376,90.0,52863.84,879.598,1123.2,0.7831,2019-08-06 08:00,2019-08-08 20:06,chained_from_prev_mo,0.0,280013,True,True,True,3,3,1,True,2,hrs_overlaps_next_mo|mo_multi_sku_keying_error,,43683,0.78311788,879.6
1641,2019-08-06,2019,32,Tue,P14,False,7888,120531,0.713741987,8.0,71260,90.0,6413.4,801.675,1123.2,0.7137,2019-08-06 00:00,2019-08-06 08:00,midnight,0.0,120436,True,True,True,3,3,1,True,1,mo_multi_sku_keying_error,,43683,0.713741987,801.68
1642,2019-08-06,2019,32,Tue,P14,False,7888,280013,0.825240385,8.0,82392,90.0,7415.28,926.91,1123.2,0.8252,2019-08-06 08:00,2019-08-06 16:00,chained_from_prev_mo,6.0,120531,False,False,False,3,3,1,True,2,mo_multi_sku_keying_error|dup_date_line_sku,sku_not_in_master|pair_not_in_capability_table,43683,0.825240385,926.91
1643,2019-08-06,2019,32,Tue,P15,False,7891,120436,0.795853365,16.0,158916,90.0,14302.44,893.9025,1123.2,0.7959,2019-08-06 00:00,2019-08-06 16:00,midnight,0.0,280175,True,True,True,2,2,1,True,1,mo_multi_sku_keying_error,,43683,0.795853365,893.9
1644,2019-08-06,2019,32,Tue,P15,False,7891,280172,0.610637019,16.0,121932,90.0,10973.88,685.8675,1123.2,0.6106,2019-08-06 16:00,2019-08-07 08:00,chained_from_prev_mo,2.0,120436,True,True,True,2,2,1,True,1,mo_multi_sku_keying_error,,43683,0.610637019,685.87
1647,2019-08-07,2019,32,Wed,P16,False,7895,120437,0.751547091,13.0,121931,90.0,10973.79,844.1377,1123.2,0.7515,2019-08-07 22:00,2019-08-08 11:00,chained_from_prev_mo,0.0,241288,True,True,True,2,2,1,True,1,mo_multi_sku_keying_error,,43684,0.751547091,844.14
1648,2019-08-07,2019,32,Wed,P16,False,7895,241288,0.457211538,8.0,45648,90.0,4108.32,513.54,1123.2,0.4572,2019-08-07 00:00,2019-08-07 08:00,midnight,1.0,120437,False,False,False,2,2,1,True,1,mo_multi_sku_keying_error,sku_not_in_master|pair_not_in_capability_table,43684,0.457211538,513.54
1653,2019-08-12,2019,33,Mon,P10,False,7942,280206,0.676991758,56.0,473136,90.0,42582.24,760.3971,1123.2,0.677,2019-08-12 14:00,2019-08-14 22:00,chained_from_prev_mo,0.0,280052,False,False,False,1,1,1,True,2,hrs_overlaps_next_mo|dup_date_line_sku,sku_not_in_master|pair_not_in_capability_table,43689,0.676991758,760.4
1654,2019-08-12,2019,33,Mon,P10,False,7946,280206,0.772616186,8.0,77138,90.0,6942.42,867.8025,1123.2,0.7726,2019-08-12 00:00,2019-08-12 08:00,midnight,3.0,280206,False,False,False,1,1,1,True,1,dup_date_line_sku,sku_not_in_master|pair_not_in_capability_table,43689,0.772616186,867.8
1658,2019-08-12,2019,33,Mon,P12,False,120451,280115,0.544871795,8.0,54400,90.0,4896.0,612.0,1123.2,0.5449,2019-08-12 00:00,2019-08-12 08:00,midnight,1.0,120451,False,False,False,1,1,1,True,1,mo_out_of_sequence,sku_not_in_master|pair_not_in_capability_table,43689,0.544871795,612.0
1659,2019-08-12,2019,33,Mon,P13,False,7933,120464,0.739205857,105.5,973268,90.0,87594.12,830.276,1123.2,0.7392,2019-08-12 00:00,2019-08-16 09:30,midnight,0.0,251200,False,False,False,1,1,1,True,1,hrs_overlaps_next_mo,sku_not_in_master|pair_not_in_capability_table,43689,0.739205857,830.28
1663,2019-08-12,2019,33,Mon,P15,False,7949,242027,0.669041375,22.0,183692,90.0,16532.28,751.4673,1123.2,0.669,2019-08-12 00:00,2019-08-12 22:00,midnight,0.0,120448,False,False,False,2,2,1,True,1,mo_multi_sku_keying_error,sku_not_in_master|pair_not_in_capability_table,43689,0.669041375,751.47
1664,2019-08-12,2019,33,Mon,P15,False,7949,280052,0.777483974,8.0,77624,90.0,6986.16,873.27,1123.2,0.7775,2019-08-12 22:00,2019-08-13 06:00,chained_from_prev_mo,1.0,242027,True,True,True,2,2,1,True,1,mo_multi_sku_keying_error,,43689,0.777483974,873.27
1669,2019-08-13,2019,33,Tue,P16,False,7940,120448,0.724654007,59.75,540360,90.0,48632.4,813.9314,1123.2,0.7247,2019-08-13 22:00,2019-08-16 09:45,chained_from_prev_mo,0.0,120436,True,True,True,2,2,1,True,2,hrs_overlaps_next_mo|mo_multi_sku_keying_error,,43690,0.724654007,813.93
1670,2019-08-13,2019,33,Tue,P16,False,7940,120465,0.831370192,8.0,83004,90.0,7470.36,933.795,1123.2,0.8314,2019-08-13 00:00,2019-08-13 08:00,midnight,6.0,120448,True,True,False,2,2,1,True,1,mo_multi_sku_keying_error,pair_not_flagged_capable,43690,0.831370192,933.8
1676,2019-08-16,2019,33,Fri,P14,False,7971,120430,1.009259259,4.5,56680,90.0,5101.2,1133.6,1123.2,1.0093,2019-08-16 07:00,2019-08-16 11:30,chained_from_prev_mo,0.0,120465,False,False,False,2,2,1,False,2,oee_gt_1|mo_multi_sku_keying_error,sku_not_in_master|pair_not_in_capability_table,43693,1.009259259,1133.6
1677,2019-08-16,2019,33,Fri,P14,False,7971,120465,0.682291667,8.0,68120,90.0,6130.8,766.35,1123.2,0.6823,2019-08-16 11:30,2019-08-16 19:30,chained_from_prev_mo,3.0,120430,True,True,True,2,2,1,True,1,mo_multi_sku_keying_error,,43693,0.682291667,766.35
1679,2019-08-19,2019,34,Mon,P10,False,7953,280052,0.635012128,92.5,733058,90.0,65975.22,713.2456,1123.2,0.635,2019-08-19 00:00,2019-08-22 20:30,midnight,0.0,280052,True,True,True,1,1,1,True,1,hrs_overlaps_next_mo,,43696,0.635012128,713.25
1682,2019-08-19,2019,34,Mon,P12,False,7986,120436,0.677317995,56.0,473364,90.0,42602.76,760.7636,1123.2,0.6773,2019-08-19 00:00,2019-08-21 08:00,midnight,0.0,120430,True,True,True,2,2,1,True,2,hrs_overlaps_next_mo|mo_multi_sku_keying_error,,43696,0.677317995,760.76
1683,2019-08-19,2019,34,Mon,P12,False,7986,280095,0.629920213,8.0,56844,110.0,6252.84,781.605,1240.8,0.6299,2019-08-19 00:00,2019-08-19 08:00,midnight,2.0,120436,False,False,False,2,2,1,True,1,mo_multi_sku_keying_error,sku_not_in_master|pair_not_in_capability_table,43696,0.629920213,781.61
1687,2019-08-19,2019,34,Mon,P15,False,7966,280172,0.525699301,22.0,144336,90.0,12990.24,590.4655,1123.2,0.5257,2019-08-19 00:00,2019-08-19 22:00,midnight,0.0,280052,True,True,True,1,1,1,True,1,dup_date_line_sku,,43696,0.525699301,590.47
1688,2019-08-19,2019,34,Mon,P15,False,7967,120436,0.799771742,84.25,840912,90.0,75682.08,898.3036,1123.2,0.7998,2019-08-19 22:00,2019-08-23 10:15,chained_from_prev_mo,0.0,280172,True,True,True,2,2,1,True,2,hrs_overlaps_next_mo|mo_multi_sku_keying_error,,43696,0.799771742,898.3
1689,2019-08-19,2019,34,Mon,P15,False,7967,280172,0.607932692,8.0,60696,90.0,5462.64,682.83,1123.2,0.6079,2019-08-19 00:00,2019-08-19 08:00,midnight,7.0,120436,True,True,True,2,2,1,True,2,mo_multi_sku_keying_error|dup_date_line_sku,,43696,0.607932692,682.83
1692,2019-08-21,2019,34,Wed,P09,False,7951,242030,0.678018162,24.0,203080,90.0,18277.2,761.55,1123.2,0.678,2019-08-21 06:00,2019-08-22 06:00,chained_from_prev_mo,0.0,280052,False,False,False,2,2,1,True,1,mo_multi_sku_keying_error,sku_not_in_master|pair_not_in_capability_table,43698,0.678018162,761.55
1693,2019-08-21,2019,34,Wed,P09,False,7951,280052,0.439262821,8.0,43856,90.0,3947.04,493.38,1123.2,0.4393,2019-08-21 00:00,2019-08-21 08:00,midnight,1.0,242030,True,True,True,2,2,1,True,1,mo_multi_sku_keying_error,,43698,0.439262821,493.38
1694,2019-08-21,2019,34,Wed,P11,False,7956,120436,0.86459431,36.5,393840,90.0,35445.6,971.1123,1123.2,0.8646,2019-08-21 22:00,2019-08-23 10:30,chained_from_prev_mo,0.0,241288,True,True,True,2,2,1,True,2,hrs_overlaps_next_mo|mo_multi_sku_keying_error,,43698,0.86459431,971.11
1695,2019-08-21,2019,34,Wed,P11,False,7956,241288,0.741947115,8.0,74076,90.0,6666.84,833.355,1123.2,0.7419,2019-08-21 00:00,2019-08-21 08:00,midnight,5.0,120436,False,False,False,2,2,1,True,1,mo_multi_sku_keying_error,sku_not_in_master|pair_not_in_capability_table,43698,0.741947115,833.36
1696,2019-08-21,2019,34,Wed,P12,False,7958,280093,0.627349291,8.0,56612,110.0,6227.32,778.415,1240.8,0.6273,2019-08-21 00:00,2019-08-21 08:00,midnight,0.0,280095,False,False,False,2,2,1,True,1,mo_multi_sku_keying_error,sku_not_in_master|pair_not_in_capability_table,43698,0.627349291,778.42
1697,2019-08-21,2019,34,Wed,P12,False,7958,280095,0.4125,24.0,111672,110.0,12283.92,511.83,1240.8,0.4125,2019-08-21 08:00,2019-08-22 08:00,chained_from_prev_mo,1.0,280093,False,False,False,2,2,1,True,1,mo_multi_sku_keying_error,sku_not_in_master|pair_not_in_capability_table,43698,0.4125,511.83
1699,2019-08-21,2019,34,Wed,P14,False,7965,120448,0.840630342,52.5,550781,90.0,49570.29,944.196,1123.2,0.8406,2019-08-21 00:00,2019-08-23 04:30,midnight,0.0,280164,True,True,True,2,2,1,True,2,hrs_overlaps_next_mo|mo_multi_sku_keying_error,,43698,0.840630342,944.2
1700,2019-08-21,2019,34,Wed,P14,False,7965,120536,0.35556891,8.0,35500,90.0,3195.0,399.375,1123.2,0.3556,2019-08-21 00:00,2019-08-21 08:00,midnight,5.0,120448,True,True,True,2,2,1,True,1,mo_multi_sku_keying_error,,43698,0.35556891,399.38
1703,2019-08-22,2019,34,Thu,P13,False,8009,120437,0.867896389,12.25,132684,90.0,11941.56,974.8212,1123.2,0.8679,2019-08-22 22:00,2019-08-23 10:15,chained_from_prev_mo,0.0,251200,True,True,True,2,2,1,True,1,mo_multi_sku_keying_error,,43699,0.867896389,974.82
1704,2019-08-22,2019,34,Thu,P13,False,8009,251200,0.69931891,8.0,69820,90.0,6283.8,785.475,1123.2,0.6993,2019-08-22 00:00,2019-08-22 08:00,midnight,4.0,120437,True,True,True,2,2,1,True,1,mo_multi_sku_keying_error,,43699,0.69931891,785.48
1705,2019-08-22,2019,34,Thu,P16,False,8003,120437,0.506490385,8.0,50568,90.0,4551.12,568.89,1123.2,0.5065,2019-08-22 14:00,2019-08-22 22:00,chained_from_prev_mo,0.0,120437,True,True,True,2,2,1,True,1,mo_multi_sku_keying_error,,43699,0.506490385,568.89
1706,2019-08-22,2019,34,Thu,P16,False,8003,280206,,0.0,0,90.0,0.0,,1123.2,,2019-08-22 22:00,2019-08-22 22:00,chained_from_prev_mo,4.0,120437,False,False,False,2,2,1,False,4,oee_not_numeric|hrs_zero|mo_multi_sku_keying_error|pouches_zero,sku_not_in_master|pair_not_in_capability_table,43699,#DIV/0!,0.0
1707,2019-08-23,2019,34,Fri,P12,False,280093,280093,0.874940898,4.5,44412,110.0,4885.32,1085.6267,1240.8,0.8749,2019-08-23 01:00,2019-08-23 05:30,chained_from_prev_mo,3.0,280093,False,False,False,1,1,1,True,1,mo_out_of_sequence,sku_not_in_master|pair_not_in_capability_table,43700,0.874940898,1085.63
1708,2019-08-26,2019,35,Mon,P09,False,7988,120464,0.673972014,82.0,689716,90.0,62074.44,757.0054,1123.2,0.674,2019-08-26 00:00,2019-08-29 10:00,midnight,0.0,280166,False,False,False,1,1,1,True,2,hrs_overlaps_next_mo|dup_date_line_sku,sku_not_in_master|pair_not_in_capability_table,43703,0.673972014,757.01
1709,2019-08-26,2019,35,Mon,P09,False,7989,120464,0.741947115,32.0,296304,90.0,26667.36,833.355,1123.2,0.7419,2019-08-26 00:00,2019-08-27 08:00,midnight,8.0,120464,False,False,False,2,2,2,True,2,mo_multi_sku_keying_error|dup_date_line_sku,mo_split_across_lines|sku_not_in_master|pair_not_in_capability_table,43703,0.741947115,833.36
1710,2019-08-26,2019,35,Mon,P10,False,7989,280206,0.692217407,106.5,920040,90.0,82803.6,777.4986,1123.2,0.6922,2019-08-26 00:00,2019-08-30 10:30,midnight,1.0,280206,False,False,False,2,2,2,True,2,hrs_overlaps_next_mo|mo_multi_sku_keying_error,mo_split_across_lines|sku_not_in_master|pair_not_in_capability_table,43703,0.692217407,777.5
1716,2019-08-26,2019,35,Mon,P16,False,8010,120437,0.523507958,29.0,189468,90.0,17052.12,588.0041,1123.2,0.5235,2019-08-26 00:00,2019-08-27 05:00,midnight,0.0,280206,True,True,True,2,2,1,True,2,hrs_overlaps_next_mo|mo_multi_sku_keying_error,,43703,0.523507958,588.0
1717,2019-08-26,2019,35,Mon,P16,False,8010,280206,,0.0,5052,90.0,454.68,,1123.2,,2019-08-26 00:00,2019-08-26 00:00,midnight,1.0,120437,False,False,False,2,2,1,False,3,oee_not_numeric|hrs_zero|mo_multi_sku_keying_error,sku_not_in_master|pair_not_in_capability_table,43703,#DIV/0!,0.0
1718,2019-08-27,2019,35,Tue,P10,False,7990,280206,0.710817308,8.0,70968,90.0,6387.12,798.39,1123.2,0.7108,2019-08-27 00:00,2019-08-27 08:00,midnight,7.0,280206,False,False,False,2,2,2,True,1,mo_multi_sku_keying_error,mo_split_across_lines|sku_not_in_master|pair_not_in_capability_table,43704,0.710817308,798.39
1719,2019-08-27,2019,35,Tue,P11,False,7990,120448,0.757211538,84.0,793800,90.0,71442.0,850.5,1123.2,0.7572,2019-08-27 06:00,2019-08-30 18:00,chained_from_prev_mo,7.0,280172,True,True,True,2,2,2,True,1,mo_multi_sku_keying_error,mo_split_across_lines,43704,0.757211538,850.5
1720,2019-08-27,2019,35,Tue,P12,False,7993,120453,0.653672543,24.0,195788,90.0,17620.92,734.205,1123.2,0.6537,2019-08-27 00:00,2019-08-28 00:00,midnight,0.0,280107,True,True,True,2,2,1,True,1,mo_multi_sku_keying_error,,43704,0.653672543,734.21
1721,2019-08-27,2019,35,Tue,P12,False,7993,280107,0.7296875,8.0,72852,90.0,6556.68,819.585,1123.2,0.7297,2019-08-27 00:00,2019-08-27 08:00,midnight,2.0,120453,True,True,True,2,2,1,True,1,mo_multi_sku_keying_error,,43704,0.7296875,819.59
1722,2019-08-27,2019,35,Tue,P13,False,7998,120464,0.777964744,48.0,466032,90.0,41942.88,873.81,1123.2,0.778,2019-08-27 06:00,2019-08-29 06:00,chained_from_prev_mo,0.0,241283,False,False,False,1,1,1,True,2,hrs_overlaps_next_mo|dup_date_line_sku,sku_not_in_master|pair_not_in_capability_table,43704,0.777964744,873.81
1723,2019-08-27,2019,35,Tue,P13,False,8000,120464,0.80521978,7.0,70344,90.0,6330.96,904.4229,1123.2,0.8052,2019-08-27 00:00,2019-08-27 07:00,midnight,2.0,120464,False,False,False,3,3,2,True,2,mo_multi_sku_keying_error|dup_date_line_sku,mo_split_across_lines|sku_not_in_master|pair_not_in_capability_table,43704,0.80521978,904.42
1724,2019-08-27,2019,35,Tue,P14,False,8000,120436,0.826229507,52.617,542552,90.0,48829.68,928.021,1123.2,0.8262,2019-08-27 00:00,2019-08-29 04:37,midnight,0.0,120437,True,True,True,3,3,2,True,2,hrs_overlaps_next_mo|mo_multi_sku_keying_error,mo_split_across_lines,43704,0.826229507,928.02
1725,2019-08-27,2019,35,Tue,P14,False,8000,120437,0.739543269,16.0,147672,90.0,13290.48,830.655,1123.2,0.7395,2019-08-27 00:00,2019-08-27 16:00,midnight,7.0,120436,True,True,True,3,3,2,True,1,mo_multi_sku_keying_error,mo_split_across_lines,43704,0.739543269,830.66
1726,2019-08-27,2019,35,Tue,P16,False,8011,120464,0.761447563,67.7,643344,90.0,57900.96,855.2579,1123.2,0.7614,2019-08-27 00:00,2019-08-29 19:42,midnight,0.0,280206,False,False,False,2,2,1,True,2,hrs_overlaps_next_mo|mo_multi_sku_keying_error,sku_not_in_master|pair_not_in_capability_table,43704,0.761447563,855.26
1727,2019-08-27,2019,35,Tue,P16,False,8011,280206,0.141346154,4.0,7056,90.0,635.04,158.76,1123.2,0.1413,2019-08-27 00:00,2019-08-27 04:00,midnight,7.0,120464,False,False,False,2,2,1,True,2,oee_low|mo_multi_sku_keying_error,sku_not_in_master|pair_not_in_capability_table,43704,0.141346154,158.76
1728,2019-08-29,2019,35,Thu,P12,False,7994,120534,0.413782051,8.0,41312,90.0,3718.08,464.76,1123.2,0.4138,2019-08-29 00:00,2019-08-29 08:00,midnight,0.0,280107,False,False,False,1,1,1,True,1,dup_date_line_sku,sku_not_in_master|pair_not_in_capability_table,43706,0.413782051,464.76
1729,2019-08-29,2019,35,Thu,P12,False,7995,120534,0.696073718,16.0,138992,90.0,12509.28,781.83,1123.2,0.6961,2019-08-29 08:00,2019-08-30 00:00,chained_from_prev_mo,1.0,120534,False,False,False,1,1,1,True,1,dup_date_line_sku,sku_not_in_master|pair_not_in_capability_table,43706,0.696073718,781.83
1731,2019-08-30,2019,35,Fri,P12,False,7996,120430,0.794586895,4.5,44624,90.0,4016.16,892.48,1123.2,0.7946,2019-08-30 00:00,2019-08-30 04:30,midnight,0.0,120534,False,False,False,2,2,1,True,1,mo_multi_sku_keying_error,sku_not_in_master|pair_not_in_capability_table,43707,0.794586895,892.48
1732,2019-08-30,2019,35,Fri,P12,False,7996,120531,0.721875,8.0,72072,90.0,6486.48,810.81,1123.2,0.7219,2019-08-30 04:30,2019-08-30 12:30,chained_from_prev_mo,4.0,120430,True,True,True,2,2,1,True,1,mo_multi_sku_keying_error,,43707,0.721875,810.81
1734,2019-09-03,2019,36,Tue,P10,False,8015,280206,0.753591288,83.0,780600,90.0,70254.0,846.4337,1123.2,0.7536,2019-09-03 00:00,2019-09-06 11:00,midnight,0.0,280206,False,False,False,1,1,1,True,2,hrs_overlaps_next_mo|dup_date_line_sku,sku_not_in_master|pair_not_in_capability_table,43711,0.753591288,846.43
1735,2019-09-03,2019,36,Tue,P10,False,8032,280206,0.778655849,8.0,77741,90.0,6996.69,874.5862,1123.2,0.7787,2019-09-03 00:00,2019-09-03 08:00,midnight,6.0,280206,False,False,False,2,2,2,True,2,mo_multi_sku_keying_error|dup_date_line_sku,mo_split_across_lines|sku_not_in_master|pair_not_in_capability_table,43711,0.778655849,874.59
1742,2019-09-03,2019,36,Tue,P15,False,8026,241288,0.784544683,68.0,665796,90.0,59921.64,881.2006,1123.2,0.7845,2019-09-03 14:00,2019-09-06 10:00,chained_from_prev_mo,1.0,120436,False,False,False,1,1,1,True,1,hrs_overlaps_next_mo,sku_not_in_master|pair_not_in_capability_table,43711,0.784544683,881.2
1743,2019-09-03,2019,36,Tue,P16,False,8032,120464,0.736648352,70.0,643536,90.0,57918.24,827.4034,1123.2,0.7366,2019-09-03 00:00,2019-09-05 22:00,midnight,2.0,280206,False,False,False,2,2,2,True,1,mo_multi_sku_keying_error,mo_split_across_lines|sku_not_in_master|pair_not_in_capability_table,43711,0.736648352,827.4
1744,2019-09-04,2019,36,Wed,P11,False,8020,280052,0.818349359,8.0,81704,90.0,7353.36,919.17,1123.2,0.8183,2019-09-04 22:00,2019-09-05 06:00,chained_from_prev_mo,1.0,280052,True,True,True,2,2,2,True,1,mo_multi_sku_keying_error,mo_split_across_lines,43712,0.818349359,919.17
1745,2019-09-04,2019,36,Wed,P12,False,8020,120532,0.644074074,45.0,361712,90.0,32554.08,723.424,1123.2,0.6441,2019-09-04 00:00,2019-09-05 21:00,midnight,5.0,120435,True,True,True,2,2,2,True,1,mo_multi_sku_keying_error,mo_split_across_lines,43712,0.644074074,723.42
1750,2019-09-05,2019,36,Thu,P16,False,8033,120436,0.787839744,12.5,122903,90.0,11061.27,884.9016,1123.2,0.7878,2019-09-05 22:00,2019-09-06 10:30,chained_from_prev_mo,0.0,120464,True,True,True,2,2,1,True,1,mo_multi_sku_keying_error,,43713,0.787839744,884.9
1751,2019-09-05,2019,36,Thu,P16,False,8033,120464,0.595673077,8.0,59472,90.0,5352.48,669.06,1123.2,0.5957,2019-09-05 00:00,2019-09-05 08:00,midnight,4.0,120436,False,False,False,2,2,1,True,1,mo_multi_sku_keying_error,sku_not_in_master|pair_not_in_capability_table,43713,0.595673077,669.06
1753,2019-09-09,2019,37,Mon,P10,False,8044,280206,0.768797134,102.0,978648,90.0,88078.32,863.5129,1123.2,0.7688,2019-09-09 00:00,2019-09-13 06:00,midnight,0.0,280206,False,False,False,1,1,1,True,2,hrs_overlaps_next_mo|dup_date_line_sku,sku_not_in_master|pair_not_in_capability_table,43717,0.768797134,863.51
1754,2019-09-09,2019,37,Mon,P10,False,8052,280206,0.976538462,5.0,60936,90.0,5484.24,1096.848,1123.2,0.9765,2019-09-09 00:00,2019-09-09 05:00,midnight,0.0,280206,False,False,False,3,1,3,True,1,dup_date_line_sku,mo_split_across_lines|sku_not_in_master|pair_not_in_capability_table,43717,0.976538462,1096.85
1755,2019-09-09,2019,37,Mon,P10,False,8058,280206,0.857451923,8.0,85608,90.0,7704.72,963.09,1123.2,0.8575,2019-09-09 05:00,2019-09-09 13:00,chained_from_prev_mo,7.0,280206,False,False,False,2,2,2,True,2,mo_multi_sku_keying_error|dup_date_line_sku,mo_split_across_lines|sku_not_in_master|pair_not_in_capability_table,43717,0.857451923,963.09
1757,2019-09-09,2019,37,Mon,P12,False,8047,280114,0.513207799,24.0,153716,90.0,13834.44,576.435,1123.2,0.5132,2019-09-09 00:00,2019-09-10 00:00,midnight,0.0,120532,False,False,False,1,1,1,True,1,dup_date_line_sku,sku_not_in_master|pair_not_in_capability_table,43717,0.513207799,576.44
1758,2019-09-09,2019,37,Mon,P12,False,8051,120430,0.404527244,24.0,121164,90.0,10904.76,454.365,1123.2,0.4045,2019-09-09 00:00,2019-09-10 00:00,midnight,0.0,280114,False,False,False,2,2,1,True,1,mo_multi_sku_keying_error,sku_not_in_master|pair_not_in_capability_table,43717,0.404527244,454.37
1759,2019-09-09,2019,37,Mon,P12,False,8051,280114,0.624519231,8.0,62352,90.0,5611.68,701.46,1123.2,0.6245,2019-09-09 00:00,2019-09-09 08:00,midnight,0.0,120430,False,False,False,2,2,1,True,2,mo_multi_sku_keying_error|dup_date_line_sku,sku_not_in_master|pair_not_in_capability_table,43717,0.624519231,701.46
1761,2019-09-09,2019,37,Mon,P13,False,8052,280206,0.694052233,106.78,924904,90.0,83241.36,779.5595,1123.2,0.6941,2019-09-09 00:00,2019-09-13 10:47,midnight,3.0,280206,False,False,False,3,1,3,True,1,hrs_overlaps_next_mo,mo_split_across_lines|sku_not_in_master|pair_not_in_capability_table,43717,0.694052233,779.56
1764,2019-09-09,2019,37,Mon,P16,False,8058,120464,0.744157239,114.03,1059006,90.0,95310.54,835.8374,1123.2,0.7442,2019-09-09 00:00,2019-09-13 18:02,midnight,7.0,120464,False,False,False,2,2,2,True,1,mo_multi_sku_keying_error,mo_split_across_lines|sku_not_in_master|pair_not_in_capability_table,43717,0.744157239,835.84
1769,2019-09-11,2019,37,Wed,P11,False,8065,280212,0.894519231,40.0,446544,90.0,40188.96,1004.724,1123.2,0.8945,2019-09-11 06:00,2019-09-12 22:00,chained_from_prev_mo,0.0,280213,True,True,True,2,2,1,True,2,hrs_overlaps_next_mo|mo_multi_sku_keying_error,,43719,0.894519231,1004.72
1770,2019-09-11,2019,37,Wed,P11,False,8065,280213,0.526923077,8.0,52608,90.0,4734.72,591.84,1123.2,0.5269,2019-09-11 00:00,2019-09-11 08:00,midnight,2.0,280212,True,True,True,2,2,1,True,1,mo_multi_sku_keying_error,,43719,0.526923077,591.84
1771,2019-09-11,2019,37,Wed,P12,False,8048,120454,0.154407051,8.0,15416,90.0,1387.44,173.43,1123.2,0.1544,2019-09-11 00:00,2019-09-11 08:00,midnight,1.0,251200,False,False,False,1,1,1,True,1,oee_low,sku_not_in_master|pair_not_in_capability_table,43719,0.154407051,173.43
1772,2019-09-12,2019,37,Thu,P09,False,8043,280105,0.743292655,28.05,260200,90.0,23418.0,834.8663,1123.2,0.7433,2019-09-12 06:00,2019-09-13 10:03,chained_from_prev_mo,0.0,280166,False,False,False,2,2,1,True,2,hrs_overlaps_next_mo|mo_multi_sku_keying_error,sku_not_in_master|pair_not_in_capability_table,43720,0.743292655,834.87
1773,2019-09-12,2019,37,Thu,P09,False,8043,280166,0.633613782,8.0,63260,90.0,5693.4,711.675,1123.2,0.6336,2019-09-12 00:00,2019-09-12 08:00,midnight,4.0,280105,False,False,False,2,2,1,True,1,mo_multi_sku_keying_error,sku_not_in_master|pair_not_in_capability_table,43720,0.633613782,711.68
1774,2019-09-12,2019,37,Thu,P12,False,8050,120536,0.62536859,20.0,156092,90.0,14048.28,702.414,1123.2,0.6254,2019-09-12 00:00,2019-09-12 20:00,midnight,0.0,120454,True,True,True,2,2,1,True,1,mo_multi_sku_keying_error,,43720,0.62536859,702.41
1775,2019-09-12,2019,37,Thu,P12,False,8050,280115,0.573782051,5.0,35804,90.0,3222.36,644.472,1123.2,0.5738,2019-09-12 20:00,2019-09-13 01:00,chained_from_prev_mo,4.0,120536,False,False,False,2,2,1,True,1,mo_multi_sku_keying_error,sku_not_in_master|pair_not_in_capability_table,43720,0.573782051,644.47
1776,2019-09-12,2019,37,Thu,P13,False,87052,280206,0.593509615,8.0,59256,90.0,5333.04,666.63,1123.2,0.5935,2019-09-12 00:00,2019-09-12 08:00,midnight,4.0,280206,False,False,False,1,1,1,True,1,mo_out_of_sequence,sku_not_in_master|pair_not_in_capability_table,43720,0.593509615,666.63
1777,2019-09-12,2019,37,Thu,P15,False,8057,120464,0.871442308,20.0,217512,90.0,19576.08,978.804,1123.2,0.8714,2019-09-12 06:00,2019-09-13 02:00,chained_from_prev_mo,0.0,251200,False,False,False,2,2,1,True,1,mo_multi_sku_keying_error,sku_not_in_master|pair_not_in_capability_table,43720,0.871442308,978.8
1778,2019-09-12,2019,37,Thu,P15,False,8057,251200,0.690384615,16.0,137856,90.0,12407.04,775.44,1123.2,0.6904,2019-09-12 00:00,2019-09-12 16:00,midnight,4.0,120464,True,True,False,2,2,1,True,1,mo_multi_sku_keying_error,pair_not_flagged_capable,43720,0.690384615,775.44
1779,2019-09-13,2019,37,Fri,P11,False,8105,120436,1.024898785,4.75,60756,90.0,5468.04,1151.1663,1123.2,1.0249,2019-09-13 00:00,2019-09-13 04:45,midnight,0.0,280213,True,True,True,2,2,1,False,2,oee_gt_1|mo_multi_sku_keying_error,,43721,1.024898785,1151.17
1780,2019-09-13,2019,37,Fri,P11,False,8105,280212,0.583653846,8.0,58272,90.0,5244.48,655.56,1123.2,0.5837,2019-09-13 04:45,2019-09-13 12:45,chained_from_prev_mo,3.0,120436,True,True,True,2,2,1,True,1,mo_multi_sku_keying_error,,43721,0.583653846,655.56
1786,2019-09-16,2019,38,Mon,P12,False,8073,280096,0.288164894,16.0,52008,110.0,5720.88,357.555,1240.8,0.2882,2019-09-16 00:00,2019-09-16 16:00,midnight,0.0,280115,False,False,False,1,1,1,True,1,dup_date_line_sku,sku_not_in_master|pair_not_in_capability_table,43724,0.288164894,357.56
1787,2019-09-16,2019,38,Mon,P12,False,8074,280095,0.549246454,8.0,49564,110.0,5452.04,681.505,1240.8,0.5492,2019-09-16 16:00,2019-09-17 00:00,chained_from_prev_mo,0.0,280096,False,False,False,2,2,1,True,1,mo_multi_sku_keying_error,sku_not_in_master|pair_not_in_capability_table,43724,0.549246454,681.51
1788,2019-09-16,2019,38,Mon,P12,False,8074,280096,0.534219858,8.0,48208,110.0,5302.88,662.86,1240.8,0.5342,2019-09-16 00:00,2019-09-16 08:00,midnight,0.0,280095,False,False,False,2,2,1,True,2,mo_multi_sku_keying_error|dup_date_line_sku,sku_not_in_master|pair_not_in_capability_table,43724,0.534219858,662.86
1789,2019-09-16,2019,38,Mon,P12,False,8087,120430,0.712740385,8.0,71160,90.0,6404.4,800.55,1123.2,0.7127,2019-09-16 08:00,2019-09-16 16:00,chained_from_prev_mo,1.0,280096,False,False,False,2,2,2,True,1,mo_multi_sku_keying_error,mo_split_across_lines|sku_not_in_master|pair_not_in_capability_table,43724,0.712740385,800.55
1791,2019-09-16,2019,38,Mon,P14,False,8081,120451,0.836538462,8.0,83520,90.0,7516.8,939.6,1123.2,0.8365,2019-09-16 00:00,2019-09-16 08:00,midnight,0.0,120454,True,True,True,2,2,1,True,1,mo_multi_sku_keying_error,,43724,0.836538462,939.6
1792,2019-09-16,2019,38,Mon,P14,False,8081,120453,0.590785256,16.0,117968,90.0,10617.12,663.57,1123.2,0.5908,2019-09-16 08:00,2019-09-17 00:00,chained_from_prev_mo,0.0,120451,True,True,True,2,2,1,True,1,mo_multi_sku_keying_error,,43724,0.590785256,663.57
1795,2019-09-16,2019,38,Mon,P16,False,8087,120437,0.378287841,62.0,292704,90.0,26343.36,424.8929,1123.2,0.3783,2019-09-16 00:00,2019-09-18 14:00,midnight,3.0,120464,True,True,True,2,2,2,True,1,mo_multi_sku_keying_error,mo_split_across_lines,43724,0.378287841,424.89
1796,2019-09-17,2019,38,Tue,P09,False,8068,120464,0.790998011,58.0,572556,90.0,51530.04,888.449,1123.2,0.791,2019-09-17 22:00,2019-09-20 08:00,chained_from_prev_mo,0.0,280166,False,False,False,2,2,1,True,2,hrs_overlaps_next_mo|mo_multi_sku_keying_error,sku_not_in_master|pair_not_in_capability_table,43725,0.790998011,888.45
1797,2019-09-17,2019,38,Tue,P09,False,8068,280166,0.742728365,16.0,148308,90.0,13347.72,834.2325,1123.2,0.7427,2019-09-17 00:00,2019-09-17 16:00,midnight,6.0,120464,False,False,False,2,2,1,True,1,mo_multi_sku_keying_error,sku_not_in_master|pair_not_in_capability_table,43725,0.742728365,834.23
1798,2019-09-17,2019,38,Tue,P11,False,8075,280093,0.957180851,8.0,86376,110.0,9501.36,1187.67,1240.8,0.9572,2019-09-17 22:00,2019-09-18 06:00,chained_from_prev_mo,1.0,120436,False,False,False,3,2,2,True,1,mo_multi_sku_keying_error,mo_split_across_lines|sku_not_in_master|pair_not_in_capability_table,43725,0.957180851,1187.67
1799,2019-09-17,2019,38,Tue,P12,False,8075,280093,0.659552305,16.0,119036,110.0,13093.96,818.3725,1240.8,0.6596,2019-09-17 00:00,2019-09-17 16:00,midnight,0.0,120430,False,False,False,3,2,2,True,1,mo_multi_sku_keying_error,mo_split_across_lines|sku_not_in_master|pair_not_in_capability_table,43725,0.659552305,818.37
1800,2019-09-17,2019,38,Tue,P12,False,8075,280095,0.287588652,16.0,51904,110.0,5709.44,356.84,1240.8,0.2876,2019-09-17 16:00,2019-09-18 08:00,chained_from_prev_mo,1.0,280093,False,False,False,3,2,2,True,1,mo_multi_sku_keying_error,mo_split_across_lines|sku_not_in_master|pair_not_in_capability_table,43725,0.287588652,356.84
1802,2019-09-17,2019,38,Tue,P14,False,8083,120465,0.813040865,16.0,162348,90.0,14611.32,913.2075,1123.2,0.813,2019-09-17 00:00,2019-09-17 16:00,midnight,0.0,280013,True,True,True,2,2,1,True,1,mo_multi_sku_keying_error,,43725,0.813040865,913.21
1803,2019-09-17,2019,38,Tue,P14,False,8083,280013,0.662980769,16.0,132384,90.0,11914.56,744.66,1123.2,0.663,2019-09-17 16:00,2019-09-18 08:00,chained_from_prev_mo,1.0,120465,False,False,False,2,2,1,True,1,mo_multi_sku_keying_error,sku_not_in_master|pair_not_in_capability_table,43725,0.662980769,744.66
1805,2019-09-18,2019,38,Wed,P11,False,8071,120448,0.848072659,45.1,477336,90.0,42960.24,952.5552,1123.2,0.8481,2019-09-18 06:00,2019-09-20 03:06,chained_from_prev_mo,0.0,280093,True,True,True,1,1,1,True,1,hrs_overlaps_next_mo,,43726,0.848072659,952.56
1806,2019-09-18,2019,38,Wed,P11,False,8089,280093,0.975398936,8.0,88020,110.0,9682.2,1210.275,1240.8,0.9754,2019-09-18 00:00,2019-09-18 08:00,midnight,5.0,120448,False,False,False,3,2,2,True,1,mo_multi_sku_keying_error,mo_split_across_lines|sku_not_in_master|pair_not_in_capability_table,43726,0.975398936,1210.28
1807,2019-09-18,2019,38,Wed,P12,False,8089,120435,0.506717415,24.0,151772,90.0,13659.48,569.145,1123.2,0.5067,2019-09-18 08:00,2019-09-19 08:00,chained_from_prev_mo,0.0,280095,True,True,True,3,2,2,True,1,mo_multi_sku_keying_error,mo_split_across_lines,43726,0.506717415,569.15
1808,2019-09-18,2019,38,Wed,P12,False,8089,280093,0.375221631,8.0,33860,110.0,3724.6,465.575,1240.8,0.3752,2019-09-18 00:00,2019-09-18 08:00,midnight,1.0,120435,False,False,False,3,2,2,True,1,mo_multi_sku_keying_error,mo_split_across_lines|sku_not_in_master|pair_not_in_capability_table,43726,0.375221631,465.58
1809,2019-09-18,2019,38,Wed,P13,False,8092,120437,0.640895848,41.98,335772,90.0,30219.48,719.8542,1123.2,0.6409,2019-09-18 14:00,2019-09-20 07:59,chained_from_prev_mo,0.0,241288,True,True,True,3,3,1,True,2,hrs_overlaps_next_mo|mo_multi_sku_keying_error,,43726,0.640895848,719.85
1810,2019-09-18,2019,38,Wed,P13,False,8092,120465,0.7296875,8.0,72852,90.0,6556.68,819.585,1123.2,0.7297,2019-09-18 00:00,2019-09-18 08:00,midnight,0.0,120437,True,True,True,3,3,1,True,1,mo_multi_sku_keying_error,,43726,0.7296875,819.59
1811,2019-09-18,2019,38,Wed,P13,False,8092,241288,0.710697115,8.0,70956,90.0,6386.04,798.255,1123.2,0.7107,2019-09-18 08:00,2019-09-18 16:00,chained_from_prev_mo,5.0,120465,False,False,False,3,3,1,True,1,mo_multi_sku_keying_error,sku_not_in_master|pair_not_in_capability_table,43726,0.710697115,798.26
1812,2019-09-18,2019,38,Wed,P14,False,8084,120431,0.79819778,33.15,330224,90.0,29720.16,896.5357,1123.2,0.7982,2019-09-18 08:00,2019-09-19 17:09,chained_from_prev_mo,0.0,280013,False,False,False,2,2,1,True,2,hrs_overlaps_next_mo|mo_multi_sku_keying_error,sku_not_in_master|pair_not_in_capability_table,43726,0.79819778,896.54
1813,2019-09-18,2019,38,Wed,P14,False,8084,120465,0.64619391,8.0,64516,90.0,5806.44,725.805,1123.2,0.6462,2019-09-18 00:00,2019-09-18 08:00,midnight,2.0,120431,True,True,True,2,2,1,True,1,mo_multi_sku_keying_error,,43726,0.64619391,725.81
1816,2019-09-19,2019,38,Thu,P16,False,8093,120436,0.292548077,8.0,29208,90.0,2628.72,328.59,1123.2,0.2925,2019-09-19 00:00,2019-09-19 08:00,midnight,0.0,120437,True,True,True,2,2,1,True,1,mo_multi_sku_keying_error,,43727,0.292548077,328.59
1817,2019-09-19,2019,38,Thu,P16,False,8093,120437,0.666368515,10.75,89400,90.0,8046.0,748.4651,1123.2,0.6664,2019-09-19 08:00,2019-09-19 18:45,chained_from_prev_mo,4.0,120436,True,True,True,2,2,1,True,1,mo_multi_sku_keying_error,,43727,0.666368515,748.47
1818,2019-09-20,2019,38,Fri,P14,False,8123,120532,0.753205128,31.5,296100,90.0,26649.0,846.0,1123.2,0.7532,2019-09-20 00:00,2019-09-21 07:30,midnight,0.0,120465,True,True,True,2,2,1,True,2,hrs_overlaps_next_mo|mo_multi_sku_keying_error,,43728,0.753205128,846.0
1819,2019-09-20,2019,38,Fri,P14,False,8123,280086,0.730929487,8.0,72976,90.0,6567.84,820.98,1123.2,0.7309,2019-09-20 00:00,2019-09-20 08:00,midnight,3.0,120532,False,False,False,2,2,1,True,1,mo_multi_sku_keying_error,sku_not_in_master|pair_not_in_capability_table,43728,0.730929487,820.98
1820,2019-09-20,2019,38,Fri,P15,False,120464,120464,0.644156805,26.0,209016,90.0,18811.44,723.5169,1123.2,0.6442,2019-09-20 15:45,2019-09-21 17:45,chained_from_prev_mo,3.0,120464,False,False,False,1,1,1,True,1,mo_out_of_sequence,sku_not_in_master|pair_not_in_capability_table,43728,0.644156805,723.52
1822,2019-09-23,2019,39,Mon,P10,False,8112,280052,0.784354968,112.0,1096340,90.0,98670.6,880.9875,1123.2,0.7844,2019-09-23 00:00,2019-09-27 16:00,midnight,2.0,280213,True,True,True,1,1,1,True,1,hrs_overlaps_next_mo,,43731,0.784354968,880.99
1828,2019-09-23,2019,39,Mon,P15,False,8125,120464,0.635576923,54.0,428328,90.0,38549.52,713.88,1123.2,0.6356,2019-09-23 00:00,2019-09-25 06:00,midnight,1.0,120464,False,False,False,1,1,1,True,1,hrs_overlaps_next_mo,sku_not_in_master|pair_not_in_capability_table,43731,0.635576923,713.88
1830,2019-09-24,2019,39,Tue,P09,False,8110,280105,0.769881811,32.0,307460,90.0,27671.4,864.7312,1123.2,0.7699,2019-09-24 19:00,2019-09-26 03:00,chained_from_prev_mo,0.0,280172,False,False,False,2,2,1,True,2,hrs_overlaps_next_mo|mo_multi_sku_keying_error,sku_not_in_master|pair_not_in_capability_table,43732,0.769881811,864.73
1831,2019-09-24,2019,39,Tue,P09,False,8110,280172,0.463100962,8.0,46236,90.0,4161.24,520.155,1123.2,0.4631,2019-09-24 00:00,2019-09-24 08:00,midnight,2.0,280105,True,True,True,2,2,1,True,1,mo_multi_sku_keying_error,,43732,0.463100962,520.16
1832,2019-09-24,2019,39,Tue,P11,False,8114,120464,0.816354816,74.0,753920,90.0,67852.8,916.9297,1123.2,0.8164,2019-09-24 14:00,2019-09-27 16:00,chained_from_prev_mo,0.0,241283,False,False,False,2,2,1,True,2,hrs_overlaps_next_mo|mo_multi_sku_keying_error,sku_not_in_master|pair_not_in_capability_table,43732,0.816354816,916.93
1833,2019-09-24,2019,39,Tue,P11,False,8114,241283,0.750274725,7.0,65544,90.0,5898.96,842.7086,1123.2,0.7503,2019-09-24 00:00,2019-09-24 07:00,midnight,3.0,120464,True,True,True,2,2,1,True,1,mo_multi_sku_keying_error,,43732,0.750274725,842.71
1836,2019-09-24,2019,39,Tue,P15,False,8126,120448,0.772096959,42.27,407304,90.0,36657.36,867.2193,1123.2,0.7721,2019-09-24 00:00,2019-09-25 18:16,midnight,0.0,120464,True,True,True,3,3,1,True,2,hrs_overlaps_next_mo|mo_multi_sku_keying_error,,43732,0.772096959,867.22
1837,2019-09-24,2019,39,Tue,P15,False,8126,120464,0.737903226,15.5,142740,90.0,12846.6,828.8129,1123.2,0.7379,2019-09-24 00:00,2019-09-24 15:30,midnight,0.0,120448,False,False,False,3,3,1,True,1,mo_multi_sku_keying_error,sku_not_in_master|pair_not_in_capability_table,43732,0.737903226,828.81
1838,2019-09-24,2019,39,Tue,P15,False,8126,280052,0.738461538,8.0,73728,90.0,6635.52,829.44,1123.2,0.7385,2019-09-24 15:30,2019-09-24 23:30,chained_from_prev_mo,6.0,120464,True,True,True,3,3,1,True,1,mo_multi_sku_keying_error,,43732,0.738461538,829.44
1840,2019-09-25,2019,39,Wed,P14,False,8124,120430,0.855326789,24.92,266008,90.0,23940.72,960.703,1123.2,0.8553,2019-09-25 00:00,2019-09-26 00:55,midnight,0.0,280086,False,False,False,2,2,1,True,2,hrs_overlaps_next_mo|mo_multi_sku_keying_error,sku_not_in_master|pair_not_in_capability_table,43733,0.855326789,960.7
1841,2019-09-25,2019,39,Wed,P14,False,8124,120532,0.743028846,8.0,74184,90.0,6676.56,834.57,1123.2,0.743,2019-09-25 00:00,2019-09-25 08:00,midnight,2.0,120430,True,True,True,2,2,1,True,1,mo_multi_sku_keying_error,,43733,0.743028846,834.57
1843,2019-09-26,2019,39,Thu,P09,False,8111,280052,0.770512821,19.25,185108,90.0,16659.72,865.44,1123.2,0.7705,2019-09-26 00:00,2019-09-26 19:15,midnight,0.0,280172,True,True,True,2,2,1,True,1,mo_multi_sku_keying_error,,43734,0.770512821,865.44
1844,2019-09-26,2019,39,Thu,P09,False,8111,280105,0.610857372,16.0,121976,90.0,10977.84,686.115,1123.2,0.6109,2019-09-26 19:15,2019-09-27 11:15,chained_from_prev_mo,4.0,280052,False,False,False,2,2,1,True,1,mo_multi_sku_keying_error,sku_not_in_master|pair_not_in_capability_table,43734,0.610857372,686.12
1845,2019-09-27,2019,39,Fri,P11,False,8142,120444,0.630889423,8.0,62988,90.0,5668.92,708.615,1123.2,0.6309,2019-09-27 00:00,2019-09-27 08:00,midnight,3.0,241283,True,True,True,2,2,2,True,1,mo_multi_sku_keying_error,mo_split_across_lines,43735,0.630889423,708.62
1846,2019-09-27,2019,39,Fri,P14,False,8142,120430,0.865584936,8.0,86420,90.0,7777.8,972.225,1123.2,0.8656,2019-09-27 00:00,2019-09-27 08:00,midnight,3.0,120532,False,False,False,2,2,2,True,1,mo_multi_sku_keying_error,mo_split_across_lines|sku_not_in_master|pair_not_in_capability_table,43735,0.865584936,972.23
1847,2019-09-30,2019,40,Mon,P09,False,8137,120464,0.7015286,26.0,227632,90.0,20486.88,787.9569,1123.2,0.7015,2019-09-30 00:00,2019-10-01 02:00,midnight,0.0,280105,False,False,False,1,1,1,True,2,hrs_overlaps_next_mo|dup_date_line_sku,sku_not_in_master|pair_not_in_capability_table,43738,0.7015286,787.96
1848,2019-09-30,2019,40,Mon,P09,False,8167,120464,0.858360298,84.87,909156,90.0,81824.04,964.1103,1123.2,0.8584,2019-09-30 00:00,2019-10-03 12:52,midnight,2.0,120464,False,False,False,1,1,1,True,2,hrs_overlaps_next_mo|dup_date_line_sku,sku_not_in_master|pair_not_in_capability_table,43738,0.858360298,964.11
1849,2019-09-30,2019,40,Mon,P10,False,8138,120448,0.599482249,26.0,194520,90.0,17506.8,673.3385,1123.2,0.5995,2019-09-30 00:00,2019-10-01 02:00,midnight,0.0,280052,True,True,False,1,1,1,True,2,hrs_overlaps_next_mo|dup_date_line_sku,pair_not_flagged_capable,43738,0.599482249,673.34
1850,2019-09-30,2019,40,Mon,P10,False,8176,120448,0.814733251,31.0,315204,90.0,28368.36,915.1084,1123.2,0.8147,2019-09-30 00:00,2019-10-01 07:00,midnight,0.0,120448,True,True,False,2,2,1,True,3,hrs_overlaps_next_mo|mo_multi_sku_keying_error|dup_date_line_sku,pair_not_flagged_capable,43738,0.814733251,915.11
1851,2019-09-30,2019,40,Mon,P10,False,8176,120464,0.327283654,8.0,32676,90.0,2940.84,367.605,1123.2,0.3273,2019-09-30 00:00,2019-09-30 08:00,midnight,2.0,120448,False,False,False,2,2,1,True,1,mo_multi_sku_keying_error,sku_not_in_master|pair_not_in_capability_table,43738,0.327283654,367.61
1854,2019-09-30,2019,40,Mon,P12,False,8143,120448,0.591002747,28.0,206520,90.0,18586.8,663.8143,1123.2,0.591,2019-09-30 00:00,2019-10-01 04:00,midnight,0.0,120437,True,True,True,1,1,1,True,2,hrs_overlaps_next_mo|dup_date_line_sku,,43738,0.591002747,663.81
1855,2019-09-30,2019,40,Mon,P12,False,8170,120448,0.895604396,7.0,78240,90.0,7041.6,1005.9429,1123.2,0.8956,2019-09-30 00:00,2019-09-30 07:00,midnight,1.0,120448,True,True,True,1,1,1,True,1,dup_date_line_sku,,43738,0.895604396,1005.94
1856,2019-09-30,2019,40,Mon,P13,False,8161,120464,0.71431213,26.0,231780,90.0,20860.2,802.3154,1123.2,0.7143,2019-09-30 00:00,2019-10-01 02:00,midnight,0.0,280052,False,False,False,1,1,1,True,2,hrs_overlaps_next_mo|dup_date_line_sku,sku_not_in_master|pair_not_in_capability_table,43738,0.71431213,802.32
1857,2019-09-30,2019,40,Mon,P13,False,8171,120464,0.873214286,7.0,76284,90.0,6865.56,980.7943,1123.2,0.8732,2019-09-30 00:00,2019-09-30 07:00,midnight,0.0,120464,False,False,False,2,2,1,True,2,mo_multi_sku_keying_error|dup_date_line_sku,sku_not_in_master|pair_not_in_capability_table,43738,0.873214286,980.79
1858,2019-09-30,2019,40,Mon,P13,False,8171,241288,0.722355769,8.0,72120,90.0,6490.8,811.35,1123.2,0.7224,2019-09-30 07:00,2019-09-30 15:00,chained_from_prev_mo,1.0,120464,False,False,False,2,2,1,True,1,mo_multi_sku_keying_error,sku_not_in_master|pair_not_in_capability_table,43738,0.722355769,811.35
1860,2019-09-30,2019,40,Mon,P14,False,8149,280115,0.811177885,8.0,80988,90.0,7288.92,911.115,1123.2,0.8112,2019-09-30 08:00,2019-09-30 16:00,chained_from_prev_mo,0.0,120450,False,False,False,1,1,1,True,1,dup_date_line_sku,sku_not_in_master|pair_not_in_capability_table,43738,0.811177885,911.12
1861,2019-09-30,2019,40,Mon,P14,False,8172,280115,0.805586081,7.0,70376,90.0,6333.84,904.8343,1123.2,0.8056,2019-09-30 16:00,2019-09-30 23:00,chained_from_prev_mo,1.0,280115,False,False,False,1,1,1,True,1,dup_date_line_sku,sku_not_in_master|pair_not_in_capability_table,43738,0.805586081,904.83
1862,2019-09-30,2019,40,Mon,P15,False,8152,120464,0.754326923,26.0,244764,90.0,22028.76,847.26,1123.2,0.7543,2019-09-30 00:00,2019-10-01 02:00,midnight,0.0,280052,False,False,False,1,1,1,True,2,hrs_overlaps_next_mo|dup_date_line_sku,sku_not_in_master|pair_not_in_capability_table,43738,0.754326923,847.26
1863,2019-09-30,2019,40,Mon,P15,False,8173,120464,0.796871767,92.95,924384,90.0,83194.56,895.0464,1123.2,0.7969,2019-09-30 00:00,2019-10-03 20:57,midnight,7.0,120464,False,False,False,1,1,1,True,1,dup_date_line_sku,sku_not_in_master|pair_not_in_capability_table,43738,0.796871767,895.05
1864,2019-09-30,2019,40,Mon,P16,False,8153,120436,0.662093195,26.0,214836,90.0,19335.24,743.6631,1123.2,0.6621,2019-09-30 00:00,2019-10-01 02:00,midnight,0.0,280052,True,True,True,1,1,1,True,2,hrs_overlaps_next_mo|dup_date_line_sku,,43738,0.662093195,743.66
1865,2019-09-30,2019,40,Mon,P16,False,8174,120436,0.703895464,39.0,342600,90.0,30834.0,790.6154,1123.2,0.7039,2019-09-30 00:00,2019-10-01 15:00,midnight,0.0,120436,True,True,True,2,2,1,True,3,hrs_overlaps_next_mo|mo_multi_sku_keying_error|dup_date_line_sku,,43738,0.703895464,790.62
1866,2019-09-30,2019,40,Mon,P16,False,8174,120464,0.789302885,8.0,78804,90.0,7092.36,886.545,1123.2,0.7893,2019-09-30 00:00,2019-09-30 08:00,midnight,2.0,120436,False,False,False,2,2,1,True,1,mo_multi_sku_keying_error,sku_not_in_master|pair_not_in_capability_table,43738,0.789302885,886.55
1867,2019-10-01,2019,40,Tue,P12,False,8177,120433,0.786153846,40.0,392448,90.0,35320.32,883.008,1123.2,0.7862,2019-10-01 00:00,2019-10-02 16:00,midnight,0.0,120448,False,False,False,2,2,1,True,2,hrs_overlaps_next_mo|mo_multi_sku_keying_error,sku_not_in_master|pair_not_in_capability_table,43739,0.786153846,883.01
1868,2019-10-01,2019,40,Tue,P12,False,8177,120448,0.753725962,8.0,75252,90.0,6772.68,846.585,1123.2,0.7537,2019-10-01 00:00,2019-10-01 08:00,midnight,2.0,120433,True,True,True,2,2,1,True,1,mo_multi_sku_keying_error,,43739,0.753725962,846.59
1870,2019-10-01,2019,40,Tue,P14,False,8150,120451,0.845953526,8.0,84460,90.0,7601.4,950.175,1123.2,0.846,2019-10-01 00:00,2019-10-01 08:00,midnight,0.0,280115,True,True,True,1,1,1,True,1,dup_date_line_sku,,43739,0.845953526,950.18
1871,2019-10-01,2019,40,Tue,P14,False,8151,120430,0.782998484,62.6,611716,90.0,55054.44,879.4639,1123.2,0.783,2019-10-01 08:00,2019-10-03 22:36,chained_from_prev_mo,0.0,120451,False,False,False,2,2,1,True,2,hrs_overlaps_next_mo|mo_multi_sku_keying_error,sku_not_in_master|pair_not_in_capability_table,43739,0.782998484,879.46
1872,2019-10-01,2019,40,Tue,P14,False,8151,120451,0.758373397,16.0,151432,90.0,13628.88,851.805,1123.2,0.7584,2019-10-01 00:00,2019-10-01 16:00,midnight,6.0,120430,True,True,True,2,2,1,True,2,mo_multi_sku_keying_error|dup_date_line_sku,,43739,0.758373397,851.81
1873,2019-10-02,2019,40,Wed,P09,False,8467,120464,0.781730769,8.0,78048,90.0,7024.32,878.04,1123.2,0.7817,2019-10-02 00:00,2019-10-02 08:00,midnight,5.0,120464,False,False,False,2,2,2,True,1,mo_multi_sku_keying_error,mo_split_across_lines|sku_not_in_master|pair_not_in_capability_table,43740,0.781730769,878.04
1874,2019-10-02,2019,40,Wed,P10,False,8140,120464,0.709968025,54.37,481740,90.0,43356.6,797.4361,1123.2,0.71,2019-10-02 00:00,2019-10-04 06:22,midnight,0.0,120464,False,False,False,1,1,1,True,1,hrs_overlaps_next_mo,sku_not_in_master|pair_not_in_capability_table,43740,0.709968025,797.44
1875,2019-10-02,2019,40,Wed,P10,False,8467,280206,0.67434688,53.0,446040,90.0,40143.6,757.4264,1123.2,0.6743,2019-10-02 00:00,2019-10-04 05:00,midnight,5.0,120464,False,False,False,2,2,2,True,1,mo_multi_sku_keying_error,mo_split_across_lines|sku_not_in_master|pair_not_in_capability_table,43740,0.67434688,757.43
1877,2019-10-03,2019,40,Thu,P12,False,8145,120430,0.449312893,29.63,166148,90.0,14953.32,504.6682,1123.2,0.4493,2019-10-03 00:00,2019-10-04 05:38,midnight,0.0,120448,False,False,False,2,2,1,True,2,hrs_overlaps_next_mo|mo_multi_sku_keying_error,sku_not_in_master|pair_not_in_capability_table,43741,0.449312893,504.67
1878,2019-10-03,2019,40,Thu,P12,False,8145,120463,0.745793269,8.0,74460,90.0,6701.4,837.675,1123.2,0.7458,2019-10-03 00:00,2019-10-03 08:00,midnight,11.0,120430,True,True,False,2,2,1,True,1,mo_multi_sku_keying_error,pair_not_flagged_capable,43741,0.745793269,837.68
1879,2019-10-07,2019,41,Mon,P09,False,8179,280105,0.726495726,90.0,816000,90.0,73440.0,816.0,1123.2,0.7265,2019-10-07 00:00,2019-10-10 18:00,midnight,0.0,120464,False,False,False,2,2,1,True,2,hrs_overlaps_next_mo|mo_multi_sku_keying_error,sku_not_in_master|pair_not_in_capability_table,43745,0.726495726,816.0
1880,2019-10-07,2019,41,Mon,P09,False,8179,280166,0.730769231,8.0,72960,90.0,6566.4,820.8,1123.2,0.7308,2019-10-07 00:00,2019-10-07 08:00,midnight,3.0,280105,False,False,False,2,2,1,True,1,mo_multi_sku_keying_error,sku_not_in_master|pair_not_in_capability_table,43745,0.730769231,820.8
1882,2019-10-07,2019,41,Mon,P13,False,8182,280052,0.71894943,90.0,807524,90.0,72677.16,807.524,1123.2,0.7189,2019-10-07 00:00,2019-10-10 18:00,midnight,0.0,241288,True,True,True,2,2,1,True,2,hrs_overlaps_next_mo|mo_multi_sku_keying_error,,43745,0.71894943,807.52
1883,2019-10-07,2019,41,Mon,P13,False,8182,280068,0.491907051,8.0,49112,90.0,4420.08,552.51,1123.2,0.4919,2019-10-07 00:00,2019-10-07 08:00,midnight,3.0,280052,False,False,False,2,2,1,True,1,mo_multi_sku_keying_error,sku_not_in_master|pair_not_in_capability_table,43745,0.491907051,552.51
1884,2019-10-07,2019,41,Mon,P14,False,8201,120431,0.512053571,28.0,178932,90.0,16103.88,575.1386,1123.2,0.5121,2019-10-07 00:00,2019-10-08 04:00,midnight,0.0,120451,False,False,False,1,1,1,True,1,hrs_overlaps_next_mo,sku_not_in_master|pair_not_in_capability_table,43745,0.512053571,575.14
1886,2019-10-07,2019,41,Mon,P15,False,8186,280212,0.606619822,26.0,196836,90.0,17715.24,681.3554,1123.2,0.6066,2019-10-07 00:00,2019-10-08 02:00,midnight,0.0,120464,True,True,True,1,1,1,True,2,hrs_overlaps_next_mo|dup_date_line_sku,,43745,0.606619822,681.36
1887,2019-10-07,2019,41,Mon,P15,False,8187,280052,0.745681272,88.0,818937,90.0,73704.33,837.5492,1123.2,0.7457,2019-10-07 00:00,2019-10-10 16:00,midnight,0.0,280212,True,True,True,2,2,1,True,2,hrs_overlaps_next_mo|mo_multi_sku_keying_error,,43745,0.745681272,837.55
1888,2019-10-07,2019,41,Mon,P15,False,8187,280212,0.311858974,8.0,31136,90.0,2802.24,350.28,1123.2,0.3119,2019-10-07 00:00,2019-10-07 08:00,midnight,7.0,280052,True,True,True,2,2,1,True,2,mo_multi_sku_keying_error|dup_date_line_sku,,43745,0.311858974,350.28
1892,2019-10-14,2019,42,Mon,P09,False,8217,120436,0.596514423,8.0,59556,90.0,5360.04,670.005,1123.2,0.5965,2019-10-14 00:00,2019-10-14 08:00,midnight,0.0,280068,True,True,True,2,2,2,True,1,mo_multi_sku_keying_error,mo_split_across_lines,43752,0.596514423,670.01
1893,2019-10-14,2019,42,Mon,P09,False,8219,242030,0.681980057,18.0,153200,90.0,13788.0,766.0,1123.2,0.682,2019-10-14 08:00,2019-10-15 02:00,chained_from_prev_mo,0.0,120436,False,False,False,3,3,2,True,1,mo_multi_sku_keying_error,mo_split_across_lines|sku_not_in_master|pair_not_in_capability_table,43752,0.681980057,766.0
1895,2019-10-14,2019,42,Mon,P10,False,8217,280130,0.469978632,18.0,105576,90.0,9501.84,527.88,1123.2,0.47,2019-10-14 00:00,2019-10-14 18:00,midnight,0.0,280206,True,True,False,2,2,2,True,2,mo_multi_sku_keying_error|dup_date_line_sku,mo_split_across_lines|pair_not_flagged_capable,43752,0.469978632,527.88
1896,2019-10-14,2019,42,Mon,P10,False,8218,280130,0.714903846,16.0,142752,90.0,12847.68,802.98,1123.2,0.7149,2019-10-14 18:00,2019-10-15 10:00,chained_from_prev_mo,0.0,280130,True,True,False,1,1,1,True,1,dup_date_line_sku,pair_not_flagged_capable,43752,0.714903846,802.98
1897,2019-10-14,2019,42,Mon,P10,False,8219,280206,0.739784946,77.5,715520,90.0,64396.8,830.9265,1123.2,0.7398,2019-10-14 00:00,2019-10-17 05:30,midnight,0.0,280130,False,False,False,3,3,2,True,2,hrs_overlaps_next_mo|mo_multi_sku_keying_error,mo_split_across_lines|sku_not_in_master|pair_not_in_capability_table,43752,0.739784946,830.93
1898,2019-10-14,2019,42,Mon,P10,False,8219,280212,0.792788462,8.0,79152,90.0,7123.68,890.46,1123.2,0.7928,2019-10-14 00:00,2019-10-14 08:00,midnight,7.0,280206,True,True,True,3,3,2,True,1,mo_multi_sku_keying_error,mo_split_across_lines,43752,0.792788462,890.46
1904,2019-10-14,2019,42,Mon,P15,False,8230,280052,0.79768711,74.0,736680,90.0,66301.2,895.9622,1123.2,0.7977,2019-10-14 00:00,2019-10-17 02:00,midnight,2.0,280212,True,True,True,1,1,1,True,1,hrs_overlaps_next_mo,,43752,0.79768711,895.96
1905,2019-10-14,2019,42,Mon,P16,False,8232,120464,0.692418639,26.0,224676,90.0,20220.84,777.7246,1123.2,0.6924,2019-10-14 00:00,2019-10-15 02:00,midnight,0.0,242030,False,False,False,1,1,1,True,2,hrs_overlaps_next_mo|dup_date_line_sku,sku_not_in_master|pair_not_in_capability_table,43752,0.692418639,777.72
1906,2019-10-14,2019,42,Mon,P16,False,8234,120436,0.674669471,32.0,269436,90.0,24249.24,757.7888,1123.2,0.6747,2019-10-14 00:00,2019-10-15 08:00,midnight,0.0,120464,True,True,True,3,3,1,True,2,hrs_overlaps_next_mo|mo_multi_sku_keying_error,,43752,0.674669471,757.79
1907,2019-10-14,2019,42,Mon,P16,False,8234,120448,0.769230769,31.07,298272,90.0,26844.48,864.0,1123.2,0.7692,2019-10-14 00:00,2019-10-15 07:04,midnight,0.0,120436,True,True,True,3,3,1,True,2,hrs_overlaps_next_mo|mo_multi_sku_keying_error,,43752,0.769230769,864.0
1908,2019-10-14,2019,42,Mon,P16,False,8234,120464,0.702043269,8.0,70092,90.0,6308.28,788.535,1123.2,0.702,2019-10-14 00:00,2019-10-14 08:00,midnight,3.0,120448,False,False,False,3,3,1,True,2,mo_multi_sku_keying_error|dup_date_line_sku,sku_not_in_master|pair_not_in_capability_table,43752,0.702043269,788.54
1910,2019-10-16,2019,42,Wed,P12,False,8224,120431,0.66494391,16.0,132776,90.0,11949.84,746.865,1123.2,0.6649,2019-10-16 12:00,2019-10-17 04:00,chained_from_prev_mo,0.0,120465,False,False,False,2,2,1,True,1,mo_multi_sku_keying_error,sku_not_in_master|pair_not_in_capability_table,43754,0.66494391,746.87
1911,2019-10-16,2019,42,Wed,P12,False,8224,120465,0.544070513,8.0,54320,90.0,4888.8,611.1,1123.2,0.5441,2019-10-16 00:00,2019-10-16 08:00,midnight,1.0,120431,True,True,True,2,2,1,True,1,mo_multi_sku_keying_error,,43754,0.544070513,611.1
1912,2019-10-16,2019,42,Wed,P14,False,8228,120444,0.765144231,8.0,76392,90.0,6875.28,859.41,1123.2,0.7651,2019-10-16 20:00,2019-10-17 04:00,chained_from_prev_mo,0.0,120448,True,True,True,2,2,1,True,1,mo_multi_sku_keying_error,,43754,0.765144231,859.41
1913,2019-10-16,2019,42,Wed,P14,False,8228,120448,0.787259615,8.0,78600,90.0,7074.0,884.25,1123.2,0.7873,2019-10-16 00:00,2019-10-16 08:00,midnight,1.0,120444,True,True,True,2,2,1,True,1,mo_multi_sku_keying_error,,43754,0.787259615,884.25
1914,2019-10-16,2019,42,Wed,P15,False,8238,120436,0.794110577,16.0,158568,90.0,14271.12,891.945,1123.2,0.7941,2019-10-16 00:00,2019-10-16 16:00,midnight,0.0,280052,True,True,True,2,2,1,True,1,mo_multi_sku_keying_error,,43754,0.794110577,891.95
1915,2019-10-16,2019,42,Wed,P15,False,8238,280052,0.66260016,16.0,132308,90.0,11907.72,744.2325,1123.2,0.6626,2019-10-16 16:00,2019-10-17 08:00,chained_from_prev_mo,2.0,120436,True,True,True,2,2,1,True,1,mo_multi_sku_keying_error,,43754,0.66260016,744.23
1916,2019-10-17,2019,42,Thu,P11,False,8235,120436,0.886178156,22.15,244968,90.0,22047.12,995.3553,1123.2,0.8862,2019-10-17 10:00,2019-10-18 08:09,chained_from_prev_mo,0.0,241288,True,True,True,2,2,1,True,1,mo_multi_sku_keying_error,,43755,0.886178156,995.36
1917,2019-10-17,2019,42,Thu,P11,False,8235,241288,0.451442308,16.0,90144,90.0,8112.96,507.06,1123.2,0.4514,2019-10-17 00:00,2019-10-17 16:00,midnight,4.0,120436,False,False,False,2,2,1,True,1,mo_multi_sku_keying_error,sku_not_in_master|pair_not_in_capability_table,43755,0.451442308,507.06
1919,2019-10-17,2019,42,Thu,P14,False,8237,120437,0.759457755,30.5,289080,90.0,26017.2,853.023,1123.2,0.7595,2019-10-17 00:00,2019-10-18 06:30,midnight,0.0,120448,True,True,True,2,2,1,True,2,hrs_overlaps_next_mo|mo_multi_sku_keying_error,,43755,0.759457755,853.02
1920,2019-10-17,2019,42,Thu,P14,False,8237,120444,0.695432692,8.0,69432,90.0,6248.88,781.11,1123.2,0.6954,2019-10-17 00:00,2019-10-17 08:00,midnight,4.0,120437,True,True,True,2,2,1,True,1,mo_multi_sku_keying_error,,43755,0.695432692,781.11
1923,2019-10-21,2019,43,Mon,P09,False,8249,280213,0.638819034,26.0,207284,90.0,18655.56,717.5215,1123.2,0.6388,2019-10-21 00:00,2019-10-22 02:00,midnight,0.0,120436,True,True,True,1,1,1,True,2,hrs_overlaps_next_mo|dup_date_line_sku,,43759,0.638819034,717.52
1924,2019-10-21,2019,43,Mon,P09,False,8250,280052,0.628088942,40.0,313542,90.0,28218.78,705.4695,1123.2,0.6281,2019-10-21 00:00,2019-10-22 16:00,midnight,0.0,280213,True,True,True,2,2,1,True,2,hrs_overlaps_next_mo|mo_multi_sku_keying_error,,43759,0.628088942,705.47
1925,2019-10-21,2019,43,Mon,P09,False,8250,280213,0.750200321,8.0,74900,90.0,6741.0,842.625,1123.2,0.7502,2019-10-21 00:00,2019-10-21 08:00,midnight,2.0,280052,True,True,True,2,2,1,True,2,mo_multi_sku_keying_error|dup_date_line_sku,,43759,0.750200321,842.63
1927,2019-10-21,2019,43,Mon,P11,False,8254,241288,0.772807692,50.0,482232,90.0,43400.88,868.0176,1123.2,0.7728,2019-10-21 00:00,2019-10-23 02:00,midnight,1.0,241288,False,False,False,1,1,1,True,1,hrs_overlaps_next_mo,sku_not_in_master|pair_not_in_capability_table,43759,0.772807692,868.02
1928,2019-10-21,2019,43,Mon,P12,False,8256,280096,0.38160461,8.0,34436,110.0,3787.96,473.495,1240.8,0.3816,2019-10-21 00:00,2019-10-21 08:00,midnight,0.0,120435,False,False,False,2,2,1,True,2,mo_multi_sku_keying_error|dup_date_line_sku,sku_not_in_master|pair_not_in_capability_table,43759,0.38160461,473.5
1929,2019-10-21,2019,43,Mon,P12,False,8256,280174,0.397801418,20.0,89744,110.0,9871.84,493.592,1240.8,0.3978,2019-10-21 08:00,2019-10-22 04:00,chained_from_prev_mo,0.0,280096,True,True,True,2,2,1,True,1,mo_multi_sku_keying_error,,43759,0.397801418,493.59
1930,2019-10-21,2019,43,Mon,P12,False,8265,280096,0.517109929,8.0,46664,110.0,5133.04,641.63,1240.8,0.5171,2019-10-21 00:00,2019-10-21 08:00,midnight,1.0,280174,False,False,False,3,3,2,True,2,mo_multi_sku_keying_error|dup_date_line_sku,mo_split_across_lines|sku_not_in_master|pair_not_in_capability_table,43759,0.517109929,641.63
1932,2019-10-21,2019,43,Mon,P14,False,8261,120437,0.663827839,28.0,231968,90.0,20877.12,745.6114,1123.2,0.6638,2019-10-21 00:00,2019-10-22 04:00,midnight,0.0,120444,True,True,True,1,1,1,True,2,hrs_overlaps_next_mo|dup_date_line_sku,,43759,0.663827839,745.61
1933,2019-10-21,2019,43,Mon,P14,False,8262,120431,0.760400641,40.0,379592,90.0,34163.28,854.082,1123.2,0.7604,2019-10-21 00:00,2019-10-22 16:00,midnight,0.0,120437,False,False,False,2,2,1,True,2,hrs_overlaps_next_mo|mo_multi_sku_keying_error,sku_not_in_master|pair_not_in_capability_table,43759,0.760400641,854.08
1934,2019-10-21,2019,43,Mon,P14,False,8262,120437,0.760096154,8.0,75888,90.0,6829.92,853.74,1123.2,0.7601,2019-10-21 00:00,2019-10-21 08:00,midnight,2.0,120431,True,True,True,2,2,1,True,2,mo_multi_sku_keying_error|dup_date_line_sku,,43759,0.760096154,853.74
1935,2019-10-21,2019,43,Mon,P15,False,8264,280175,0.449510301,42.0,212960,110.0,23425.6,557.7524,1240.8,0.4495,2019-10-21 00:00,2019-10-22 18:00,midnight,0.0,120437,False,False,False,1,1,1,True,2,hrs_overlaps_next_mo|dup_date_line_sku,sku_not_in_master|pair_not_in_capability_table,43759,0.449510301,557.75
1936,2019-10-21,2019,43,Mon,P15,False,8265,120436,,0.0,18648,90.0,1678.32,,1123.2,,2019-10-21 00:00,2019-10-21 00:00,midnight,0.0,280175,True,True,True,3,3,2,False,3,oee_not_numeric|hrs_zero|mo_multi_sku_keying_error,mo_split_across_lines,43759,#DIV/0!,0.0
1937,2019-10-21,2019,43,Mon,P15,False,8265,280175,0.521553635,16.0,94130,110.0,10354.3,647.1438,1240.8,0.5216,2019-10-21 00:00,2019-10-21 16:00,midnight,2.0,120436,False,False,False,3,3,2,True,2,mo_multi_sku_keying_error|dup_date_line_sku,mo_split_across_lines|sku_not_in_master|pair_not_in_capability_table,43759,0.521553635,647.14
1938,2019-10-21,2019,43,Mon,P16,False,8267,280107,0.710470085,18.0,159600,90.0,14364.0,798.0,1123.2,0.7105,2019-10-21 00:00,2019-10-21 18:00,midnight,0.0,120448,True,True,False,1,1,1,True,1,dup_date_line_sku,pair_not_flagged_capable,43759,0.710470085,798.0
1939,2019-10-21,2019,43,Mon,P16,False,8268,120436,0.760868819,56.0,531756,90.0,47858.04,854.6079,1123.2,0.7609,2019-10-21 18:00,2019-10-24 02:00,chained_from_prev_mo,0.0,280107,True,True,True,2,2,1,True,2,hrs_overlaps_next_mo|mo_multi_sku_keying_error,,43759,0.760868819,854.61
1940,2019-10-21,2019,43,Mon,P16,False,8268,280107,0.624759615,8.0,62376,90.0,5613.84,701.73,1123.2,0.6248,2019-10-21 00:00,2019-10-21 08:00,midnight,3.0,120436,True,True,False,2,2,1,True,2,mo_multi_sku_keying_error|dup_date_line_sku,pair_not_flagged_capable,43759,0.624759615,701.73
1943,2019-10-22,2019,43,Tue,P12,False,8258,120450,0.460376603,8.0,45964,90.0,4136.76,517.095,1123.2,0.4604,2019-10-22 08:00,2019-10-22 16:00,chained_from_prev_mo,0.0,280096,True,True,True,2,2,1,True,1,mo_multi_sku_keying_error,,43760,0.460376603,517.1
1944,2019-10-22,2019,43,Tue,P12,False,8258,280093,0.308599291,8.0,27848,110.0,3063.28,382.91,1240.8,0.3086,2019-10-22 16:00,2019-10-23 00:00,chained_from_prev_mo,1.0,120450,False,False,False,2,2,1,True,1,mo_multi_sku_keying_error,sku_not_in_master|pair_not_in_capability_table,43760,0.308599291,382.91
1946,2019-10-23,2019,43,Wed,P12,False,8259,120430,0.576161859,16.0,115048,90.0,10354.32,647.145,1123.2,0.5762,2019-10-23 00:00,2019-10-23 16:00,midnight,0.0,280093,False,False,False,2,2,1,True,1,mo_multi_sku_keying_error,sku_not_in_master|pair_not_in_capability_table,43761,0.576161859,647.15
1947,2019-10-23,2019,43,Wed,P12,False,8259,120450,0.694270833,8.0,69316,90.0,6238.44,779.805,1123.2,0.6943,2019-10-23 16:00,2019-10-24 00:00,chained_from_prev_mo,1.0,120430,True,True,True,2,2,1,True,1,mo_multi_sku_keying_error,,43761,0.694270833,779.81
1948,2019-10-23,2019,43,Wed,P14,False,8284,120435,0.641613248,24.0,192176,90.0,17295.84,720.66,1123.2,0.6416,2019-10-23 00:00,2019-10-24 00:00,midnight,0.0,120437,True,True,True,2,2,1,True,1,mo_multi_sku_keying_error,,43761,0.641613248,720.66
1949,2019-10-23,2019,43,Wed,P14,False,8284,120465,0.690625,8.0,68952,90.0,6205.68,775.71,1123.2,0.6906,2019-10-23 00:00,2019-10-23 08:00,midnight,2.0,120435,True,True,True,2,2,1,True,1,mo_multi_sku_keying_error,,43761,0.690625,775.71
1955,2019-10-28,2019,44,Mon,P09,False,8290,280105,0.729826546,34.0,309680,90.0,27871.2,819.7412,1123.2,0.7298,2019-10-28 00:00,2019-10-29 10:00,midnight,0.0,280105,False,False,False,1,1,1,True,1,hrs_overlaps_next_mo,sku_not_in_master|pair_not_in_capability_table,43766,0.729826546,819.74
1956,2019-10-28,2019,44,Mon,P09,False,8293,280166,0.632251603,8.0,63124,90.0,5681.16,710.145,1123.2,0.6323,2019-10-28 00:00,2019-10-28 08:00,midnight,1.0,280105,False,False,False,2,2,2,True,1,mo_multi_sku_keying_error,mo_split_across_lines|sku_not_in_master|pair_not_in_capability_table,43766,0.632251603,710.15
1957,2019-10-28,2019,44,Mon,P10,False,8293,280206,0.75054618,98.0,917948,90.0,82615.32,843.0135,1123.2,0.7505,2019-10-28 00:00,2019-11-01 02:00,midnight,3.0,280206,False,False,False,2,2,2,True,2,hrs_overlaps_next_mo|mo_multi_sku_keying_error,mo_split_across_lines|sku_not_in_master|pair_not_in_capability_table,43766,0.75054618,843.01
1958,2019-10-28,2019,44,Mon,P11,False,8294,280107,0.737232906,18.0,165612,90.0,14905.08,828.06,1123.2,0.7372,2019-10-28 00:00,2019-10-28 18:00,midnight,0.0,120436,True,True,True,1,1,1,True,1,dup_date_line_sku,,43766,0.737232906,828.06
1959,2019-10-28,2019,44,Mon,P11,False,8295,241283,0.808653846,8.0,80736,90.0,7266.24,908.28,1123.2,0.8087,2019-10-28 18:00,2019-10-29 02:00,chained_from_prev_mo,0.0,280107,True,True,True,2,2,1,True,1,mo_multi_sku_keying_error,,43766,0.808653846,908.28
1960,2019-10-28,2019,44,Mon,P11,False,8295,280107,0.613822115,8.0,61284,90.0,5515.56,689.445,1123.2,0.6138,2019-10-28 00:00,2019-10-28 08:00,midnight,1.0,241283,True,True,True,2,2,1,True,2,mo_multi_sku_keying_error|dup_date_line_sku,,43766,0.613822115,689.45
1961,2019-10-28,2019,44,Mon,P12,False,8299,120451,0.583511396,36.0,262160,90.0,23594.4,655.4,1123.2,0.5835,2019-10-28 00:00,2019-10-29 12:00,midnight,0.0,120430,True,True,True,1,1,1,True,1,hrs_overlaps_next_mo,,43766,0.583511396,655.4
1962,2019-10-28,2019,44,Mon,P12,False,8303,120448,0.745713141,8.0,74452,90.0,6700.68,837.585,1123.2,0.7457,2019-10-28 00:00,2019-10-28 08:00,midnight,1.0,120451,True,True,True,2,2,2,True,1,mo_multi_sku_keying_error,mo_split_across_lines,43766,0.745713141,837.59
1963,2019-10-28,2019,44,Mon,P13,False,8303,280206,0.737244898,98.0,901680,90.0,81151.2,828.0735,1123.2,0.7372,2019-10-28 00:00,2019-11-01 02:00,midnight,3.0,280206,False,False,False,2,2,2,True,2,hrs_overlaps_next_mo|mo_multi_sku_keying_error,mo_split_across_lines|sku_not_in_master|pair_not_in_capability_table,43766,0.737244898,828.07
1970,2019-10-29,2019,44,Tue,P12,False,8300,120453,0.751542468,16.0,150068,90.0,13506.12,844.1325,1123.2,0.7515,2019-10-29 00:00,2019-10-29 16:00,midnight,0.0,120448,True,True,True,1,1,1,True,1,dup_date_line_sku,,43767,0.751542468,844.13
1971,2019-10-29,2019,44,Tue,P12,False,8301,120453,0.705288462,8.0,70416,90.0,6337.44,792.18,1123.2,0.7053,2019-10-29 16:00,2019-10-30 00:00,chained_from_prev_mo,1.0,120453,True,True,True,1,1,1,True,1,dup_date_line_sku,,43767,0.705288462,792.18
1973,2019-10-30,2019,44,Wed,P11,False,8297,280052,0.826452324,32.0,330052,90.0,29704.68,928.2712,1123.2,0.8265,2019-10-30 00:00,2019-10-31 08:00,midnight,0.0,280212,True,True,True,2,2,1,True,2,hrs_overlaps_next_mo|mo_multi_sku_keying_error,,43768,0.826452324,928.27
1974,2019-10-30,2019,44,Wed,P11,False,8297,280212,0.604326923,8.0,60336,90.0,5430.24,678.78,1123.2,0.6043,2019-10-30 00:00,2019-10-30 08:00,midnight,1.0,280052,True,True,True,2,2,1,True,1,mo_multi_sku_keying_error,,43768,0.604326923,678.78
1976,2019-10-30,2019,44,Wed,P14,False,8306,120431,0.705048077,8.0,70392,90.0,6335.28,791.91,1123.2,0.705,2019-10-30 12:00,2019-10-30 20:00,chained_from_prev_mo,0.0,120465,False,False,False,2,2,1,True,1,mo_multi_sku_keying_error,sku_not_in_master|pair_not_in_capability_table,43768,0.705048077,791.91
1977,2019-10-30,2019,44,Wed,P14,False,8306,120465,0.791266026,8.0,79000,90.0,7110.0,888.75,1123.2,0.7913,2019-10-30 20:00,2019-10-31 04:00,chained_from_prev_mo,0.0,120431,True,True,True,2,2,1,True,1,mo_multi_sku_keying_error,,43768,0.791266026,888.75
1981,2019-10-31,2019,44,Thu,P09,False,8362,280052,0.817296446,14.25,145348,90.0,13081.32,917.9874,1123.2,0.8173,2019-10-31 08:00,2019-10-31 22:15,chained_from_prev_mo,0.0,280166,True,True,True,2,2,1,True,1,mo_multi_sku_keying_error,,43769,0.817296446,917.99
1982,2019-10-31,2019,44,Thu,P09,False,8362,280206,0.707291667,8.0,70616,90.0,6355.44,794.43,1123.2,0.7073,2019-10-31 22:15,2019-11-01 06:15,chained_from_prev_mo,4.0,280052,False,False,False,2,2,1,True,1,mo_multi_sku_keying_error,sku_not_in_master|pair_not_in_capability_table,43769,0.707291667,794.43
1987,2019-10-31,2019,44,Thu,P14,False,8368,120437,0.740240693,14.03,129612,90.0,11665.08,831.4383,1123.2,0.7402,2019-10-31 00:00,2019-10-31 14:02,midnight,0.0,120437,True,True,True,2,2,1,True,1,mo_multi_sku_keying_error,,43769,0.740240693,831.44
1988,2019-10-31,2019,44,Thu,P14,False,8368,280206,0.811177885,8.0,80988,90.0,7288.92,911.115,1123.2,0.8112,2019-10-31 14:02,2019-10-31 22:02,chained_from_prev_mo,11.0,120437,False,False,False,2,2,1,True,1,mo_multi_sku_keying_error,sku_not_in_master|pair_not_in_capability_table,43769,0.811177885,911.12
1992,2019-11-04,2019,45,Mon,P09,False,8350,242030,0.572204416,18.0,128540,90.0,11568.6,642.7,1123.2,0.5722,2019-11-04 00:00,2019-11-04 18:00,midnight,0.0,280206,False,False,False,2,2,1,True,1,mo_multi_sku_keying_error,sku_not_in_master|pair_not_in_capability_table,43773,0.572204416,642.7
1993,2019-11-04,2019,45,Mon,P09,False,8350,280105,0.581129808,16.0,116040,90.0,10443.6,652.725,1123.2,0.5811,2019-11-04 18:00,2019-11-05 10:00,chained_from_prev_mo,1.0,242030,False,False,False,2,2,1,True,1,mo_multi_sku_keying_error,sku_not_in_master|pair_not_in_capability_table,43773,0.581129808,652.73
1995,2019-11-04,2019,45,Mon,P11,False,8352,280068,0.430325444,26.0,139632,90.0,12566.88,483.3415,1123.2,0.4303,2019-11-04 00:00,2019-11-05 02:00,midnight,0.0,280052,False,False,False,1,1,1,True,2,hrs_overlaps_next_mo|dup_date_line_sku,sku_not_in_master|pair_not_in_capability_table,43773,0.430325444,483.34
1996,2019-11-04,2019,45,Mon,P11,False,8353,280052,0.785187121,80.95,793240,90.0,71391.6,881.9222,1123.2,0.7852,2019-11-04 00:00,2019-11-07 08:57,midnight,0.0,280068,True,True,True,2,2,1,True,2,hrs_overlaps_next_mo|mo_multi_sku_keying_error,,43773,0.785187121,881.92
1997,2019-11-04,2019,45,Mon,P11,False,8353,280068,0.748517628,8.0,74732,90.0,6725.88,840.735,1123.2,0.7485,2019-11-04 00:00,2019-11-04 08:00,midnight,0.0,280052,False,False,False,2,2,1,True,2,mo_multi_sku_keying_error|dup_date_line_sku,sku_not_in_master|pair_not_in_capability_table,43773,0.748517628,840.74
1998,2019-11-04,2019,45,Mon,P11,False,9354,280237,0.520963542,40.0,260065,90.0,23405.85,585.1462,1123.2,0.521,2019-11-04 08:00,2019-11-06 00:00,chained_from_prev_mo,2.0,280068,False,False,False,2,2,2,True,1,mo_multi_sku_keying_error,mo_split_across_lines|sku_not_in_master|pair_not_in_capability_table,43773,0.520963542,585.15
2000,2019-11-04,2019,45,Mon,P12,False,280012,280012,0.457772436,20.0,114260,90.0,10283.4,514.17,1123.2,0.4578,2019-11-04 16:00,2019-11-05 12:00,chained_from_prev_mo,1.0,120536,False,False,False,1,1,1,True,1,mo_out_of_sequence,sku_not_in_master|pair_not_in_capability_table,43773,0.457772436,514.17
2001,2019-11-04,2019,45,Mon,P15,False,8354,280052,0.626766382,90.0,703984,90.0,63358.56,703.984,1123.2,0.6268,2019-11-04 00:00,2019-11-07 18:00,midnight,0.0,280052,True,True,True,1,1,1,True,2,hrs_overlaps_next_mo|dup_date_line_sku,,43773,0.626766382,703.98
2002,2019-11-04,2019,45,Mon,P15,False,9354,280052,0.785536859,8.0,78428,90.0,7058.52,882.315,1123.2,0.7855,2019-11-04 00:00,2019-11-04 08:00,midnight,3.0,280052,True,True,True,2,2,2,True,2,mo_multi_sku_keying_error|dup_date_line_sku,mo_split_across_lines,43773,0.785536859,882.32
2004,2019-11-05,2019,45,Tue,P09,False,8325,280105,0.348557692,8.0,34800,90.0,3132.0,391.5,1123.2,0.3486,2019-11-05 10:00,2019-11-05 18:00,chained_from_prev_mo,0.0,280105,False,False,False,1,1,1,True,1,dup_date_line_sku,sku_not_in_master|pair_not_in_capability_table,43774,0.348557692,391.5
2005,2019-11-05,2019,45,Tue,P09,False,8326,120436,0.741089303,62.63,579252,90.0,52132.68,832.3915,1123.2,0.7411,2019-11-05 18:00,2019-11-08 08:38,chained_from_prev_mo,0.0,280105,True,True,True,2,2,1,True,2,hrs_overlaps_next_mo|mo_multi_sku_keying_error,,43774,0.741089303,832.39
2006,2019-11-05,2019,45,Tue,P09,False,8326,280105,0.308092949,16.0,61520,90.0,5536.8,346.05,1123.2,0.3081,2019-11-05 00:00,2019-11-05 16:00,midnight,6.0,120436,False,False,False,2,2,1,True,2,mo_multi_sku_keying_error|dup_date_line_sku,sku_not_in_master|pair_not_in_capability_table,43774,0.308092949,346.05
2007,2019-11-05,2019,45,Tue,P10,False,8329,280129,0.468509615,8.0,46776,90.0,4209.84,526.23,1123.2,0.4685,2019-11-05 10:00,2019-11-05 18:00,chained_from_prev_mo,0.0,280130,True,True,False,2,2,1,True,1,mo_multi_sku_keying_error,pair_not_flagged_capable,43774,0.468509615,526.23
2008,2019-11-05,2019,45,Tue,P10,False,8329,280130,0.5171875,8.0,51636,90.0,4647.24,580.905,1123.2,0.5172,2019-11-05 18:00,2019-11-06 02:00,chained_from_prev_mo,0.0,280129,True,True,False,2,2,1,True,1,mo_multi_sku_keying_error,pair_not_flagged_capable,43774,0.5171875,580.91
2010,2019-11-05,2019,45,Tue,P12,False,8341,120532,0.612065972,48.0,366652,90.0,32998.68,687.4725,1123.2,0.6121,2019-11-05 12:00,2019-11-07 12:00,chained_from_prev_mo,0.0,280012,True,True,True,2,2,1,True,2,hrs_overlaps_next_mo|mo_multi_sku_keying_error,,43774,0.612065972,687.47
2011,2019-11-05,2019,45,Tue,P12,False,8341,120536,0.695873397,8.0,69476,90.0,6252.84,781.605,1123.2,0.6959,2019-11-05 00:00,2019-11-05 08:00,midnight,2.0,120532,True,True,True,2,2,1,True,1,mo_multi_sku_keying_error,,43774,0.695873397,781.61
2012,2019-11-06,2019,45,Wed,P11,False,8383,280052,0.611658654,8.0,61068,90.0,5496.12,687.015,1123.2,0.6117,2019-11-06 00:00,2019-11-06 08:00,midnight,5.0,280237,True,True,True,2,2,2,True,1,mo_multi_sku_keying_error,mo_split_across_lines,43775,0.611658654,687.02
2013,2019-11-06,2019,45,Wed,P13,False,8383,280212,0.478525641,48.0,286656,90.0,25799.04,537.48,1123.2,0.4785,2019-11-06 00:00,2019-11-08 00:00,midnight,8.0,280206,True,True,True,2,2,2,True,1,mo_multi_sku_keying_error,mo_split_across_lines,43775,0.478525641,537.48
2014,2019-11-06,2019,45,Wed,P16,False,8327,120448,0.740504808,8.0,73932,90.0,6653.88,831.735,1123.2,0.7405,2019-11-06 10:00,2019-11-06 18:00,chained_from_prev_mo,0.0,251200,True,True,True,1,1,1,True,1,dup_date_line_sku,,43775,0.740504808,831.74
2015,2019-11-06,2019,45,Wed,P16,False,8340,120430,0.66491968,46.05,382132,90.0,34391.88,746.8378,1123.2,0.6649,2019-11-06 18:00,2019-11-08 16:03,chained_from_prev_mo,0.0,120448,False,False,False,2,2,1,True,2,hrs_overlaps_next_mo|mo_multi_sku_keying_error,sku_not_in_master|pair_not_in_capability_table,43775,0.66491968,746.84
2016,2019-11-06,2019,45,Wed,P16,False,8340,120448,0.838942308,8.0,83760,90.0,7538.4,942.3,1123.2,0.8389,2019-11-06 00:00,2019-11-06 08:00,midnight,5.0,120430,True,True,True,2,2,1,True,2,mo_multi_sku_keying_error|dup_date_line_sku,,43775,0.838942308,942.3
2019,2019-11-11,2019,46,Mon,P09,False,8373,280213,0.535441321,26.0,173740,90.0,15636.6,601.4077,1123.2,0.5354,2019-11-11 00:00,2019-11-12 02:00,midnight,0.0,280105,True,True,True,1,1,1,True,2,hrs_overlaps_next_mo|dup_date_line_sku,,43780,0.535441321,601.41
2020,2019-11-11,2019,46,Mon,P09,False,9373,280213,0.630448718,8.0,62944,90.0,5664.96,708.12,1123.2,0.6304,2019-11-11 00:00,2019-11-11 08:00,midnight,1.0,280213,True,True,True,1,1,1,True,1,dup_date_line_sku,,43780,0.630448718,708.12
2022,2019-11-11,2019,46,Mon,P11,False,8377,280052,0.774857442,112.73,1090124,90.0,98111.16,870.3199,1123.2,0.7749,2019-11-11 00:00,2019-11-15 16:44,midnight,1.0,280052,True,True,True,1,1,1,True,1,hrs_overlaps_next_mo,,43780,0.774857442,870.32
2023,2019-11-11,2019,46,Mon,P12,False,8379,280095,0.725827423,24.0,196496,110.0,21614.56,900.6067,1240.8,0.7258,2019-11-11 00:00,2019-11-12 00:00,midnight,0.0,120431,False,False,False,2,2,1,True,1,mo_multi_sku_keying_error,sku_not_in_master|pair_not_in_capability_table,43780,0.725827423,900.61
2024,2019-11-11,2019,46,Mon,P12,False,8379,280096,0.578254813,28.0,182636,110.0,20089.96,717.4986,1240.8,0.5783,2019-11-11 00:00,2019-11-12 04:00,midnight,0.0,280095,False,False,False,2,2,1,True,2,hrs_overlaps_next_mo|mo_multi_sku_keying_error,sku_not_in_master|pair_not_in_capability_table,43780,0.578254813,717.5
2030,2019-11-12,2019,46,Tue,P11,False,8380,280093,0.709308511,8.0,64008,110.0,7040.88,880.11,1240.8,0.7093,2019-11-12 00:00,2019-11-12 08:00,midnight,6.0,280052,False,False,False,3,2,2,True,1,mo_multi_sku_keying_error,mo_split_across_lines|sku_not_in_master|pair_not_in_capability_table,43781,0.709308511,880.11
2031,2019-11-12,2019,46,Tue,P12,False,8380,280093,0.749787234,25.0,211440,110.0,23258.4,930.336,1240.8,0.7498,2019-11-12 00:00,2019-11-13 01:00,midnight,0.0,280052,False,False,False,3,2,2,True,2,hrs_overlaps_next_mo|mo_multi_sku_keying_error,mo_split_across_lines|sku_not_in_master|pair_not_in_capability_table,43781,0.749787234,930.34
2032,2019-11-12,2019,46,Tue,P12,False,8380,280095,0.630452128,8.0,56892,110.0,6258.12,782.265,1240.8,0.6305,2019-11-12 00:00,2019-11-12 08:00,midnight,2.0,280093,False,False,False,3,2,2,True,1,mo_multi_sku_keying_error,mo_split_across_lines|sku_not_in_master|pair_not_in_capability_table,43781,0.630452128,782.27
2035,2019-11-14,2019,46,Thu,P13,False,8384,280052,0.708649445,16.02,141680,90.0,12751.2,795.9551,1123.2,0.7086,2019-11-14 00:00,2019-11-14 16:01,midnight,0.0,280212,True,True,True,2,2,1,True,1,mo_multi_sku_keying_error,,43783,0.708649445,795.96
2036,2019-11-14,2019,46,Thu,P13,False,8384,280212,0.687540064,8.0,68644,90.0,6177.96,772.245,1123.2,0.6875,2019-11-14 16:01,2019-11-15 00:01,chained_from_prev_mo,4.0,280052,True,True,True,2,2,1,True,1,mo_multi_sku_keying_error,,43783,0.687540064,772.25
2037,2019-11-14,2019,46,Thu,P14,False,8386,120431,0.752361138,31.52,295956,90.0,26636.04,845.052,1123.2,0.7524,2019-11-14 12:00,2019-11-15 19:31,chained_from_prev_mo,0.0,120444,False,False,False,2,2,1,True,2,hrs_overlaps_next_mo|mo_multi_sku_keying_error,sku_not_in_master|pair_not_in_capability_table,43783,0.752361138,845.05
2038,2019-11-14,2019,46,Thu,P14,False,8386,120444,0.714663462,8.0,71352,90.0,6421.68,802.71,1123.2,0.7147,2019-11-14 00:00,2019-11-14 08:00,midnight,4.0,120431,True,True,True,2,2,1,True,1,mo_multi_sku_keying_error,,43783,0.714663462,802.71
2039,2019-11-18,2019,47,Mon,P09,False,8425,120436,0.683801775,26.0,221880,90.0,19969.2,768.0462,1123.2,0.6838,2019-11-18 00:00,2019-11-19 02:00,midnight,0.0,280166,True,True,True,1,1,1,True,1,hrs_overlaps_next_mo,,43787,0.683801775,768.05
2042,2019-11-18,2019,47,Mon,P11,False,8407,280052,0.791075721,32.0,315924,90.0,28433.16,888.5362,1123.2,0.7911,2019-11-18 00:00,2019-11-19 08:00,midnight,0.0,280093,True,True,True,1,1,1,True,1,hrs_overlaps_next_mo,,43787,0.791075721,888.54
2044,2019-11-18,2019,47,Mon,P12,False,8410,120450,0.500171703,28.0,174780,90.0,15730.2,561.7929,1123.2,0.5002,2019-11-18 00:00,2019-11-19 04:00,midnight,0.0,120454,True,True,True,1,1,1,True,1,hrs_overlaps_next_mo,,43787,0.500171703,561.79
2047,2019-11-18,2019,47,Mon,P14,False,8416,120465,0.662802022,52.0,430132,90.0,38711.88,744.4592,1123.2,0.6628,2019-11-18 00:00,2019-11-20 04:00,midnight,1.0,120444,True,True,True,1,1,1,True,1,hrs_overlaps_next_mo,,43787,0.662802022,744.46
2049,2019-11-19,2019,47,Tue,P09,False,8427,120433,0.553104333,70.02,483330,90.0,43499.7,621.2468,1123.2,0.5531,2019-11-19 00:00,2019-11-21 22:01,midnight,0.0,120448,False,False,False,2,2,1,True,2,hrs_overlaps_next_mo|mo_multi_sku_keying_error,sku_not_in_master|pair_not_in_capability_table,43788,0.553104333,621.25
2050,2019-11-19,2019,47,Tue,P09,False,8427,120448,0.553766026,8.0,55288,90.0,4975.92,621.99,1123.2,0.5538,2019-11-19 00:00,2019-11-19 08:00,midnight,5.0,120433,True,True,True,2,2,1,True,1,mo_multi_sku_keying_error,,43788,0.553766026,621.99
2051,2019-11-19,2019,47,Tue,P12,False,8524,120532,0.696955128,8.0,69584,90.0,6262.56,782.82,1123.2,0.697,2019-11-19 08:00,2019-11-19 16:00,chained_from_prev_mo,1.0,120532,True,True,True,2,2,2,True,1,mo_multi_sku_keying_error,mo_split_across_lines,43788,0.696955128,782.82
2053,2019-11-19,2019,47,Tue,P14,False,8417,120433,0.780435363,24.0,233756,90.0,21038.04,876.585,1123.2,0.7804,2019-11-19 00:00,2019-11-20 00:00,midnight,0.0,120465,False,False,False,2,2,1,True,1,mo_multi_sku_keying_error,sku_not_in_master|pair_not_in_capability_table,43788,0.780435363,876.59
2054,2019-11-19,2019,47,Tue,P14,False,8417,120465,0.711418269,8.0,71028,90.0,6392.52,799.065,1123.2,0.7114,2019-11-19 00:00,2019-11-19 08:00,midnight,2.0,120433,True,True,True,2,2,1,True,1,mo_multi_sku_keying_error,,43788,0.711418269,799.07
2056,2019-11-19,2019,47,Tue,P16,False,8524,120444,0.305700549,28.0,106824,90.0,9614.16,343.3629,1123.2,0.3057,2019-11-19 00:00,2019-11-20 04:00,midnight,5.0,280052,True,True,True,2,2,2,True,1,mo_multi_sku_keying_error,mo_split_across_lines,43788,0.305700549,343.36
2059,2019-11-20,2019,47,Wed,P15,False,8423,120437,0.588341346,24.0,176220,90.0,15859.8,660.825,1123.2,0.5883,2019-11-20 18:00,2019-11-21 18:00,chained_from_prev_mo,0.0,280172,True,True,True,3,3,1,True,1,mo_multi_sku_keying_error,,43789,0.588341346,660.83
2060,2019-11-20,2019,47,Wed,P15,False,8423,251200,0.602524038,8.0,60156,90.0,5414.04,676.755,1123.2,0.6025,2019-11-20 00:00,2019-11-20 08:00,midnight,0.0,120437,True,True,False,3,3,1,True,1,mo_multi_sku_keying_error,pair_not_flagged_capable,43789,0.602524038,676.76
2061,2019-11-20,2019,47,Wed,P15,False,8423,280172,0.613341346,8.0,61236,90.0,5511.24,688.905,1123.2,0.6133,2019-11-20 08:00,2019-11-20 16:00,chained_from_prev_mo,2.0,251200,True,True,True,3,3,1,True,1,mo_multi_sku_keying_error,,43789,0.613341346,688.91
2062,2019-11-21,2019,47,Thu,P11,False,8429,120437,0.742882405,21.75,201648,90.0,18148.32,834.4055,1123.2,0.7429,2019-11-21 00:00,2019-11-21 21:45,midnight,0.0,241283,True,True,True,2,2,1,True,1,mo_multi_sku_keying_error,,43790,0.742882405,834.41
2063,2019-11-21,2019,47,Thu,P11,False,8429,241283,0.667067308,8.0,66600,90.0,5994.0,749.25,1123.2,0.6671,2019-11-21 21:45,2019-11-22 05:45,chained_from_prev_mo,3.0,120437,True,True,True,2,2,1,True,1,mo_multi_sku_keying_error,,43790,0.667067308,749.25
2064,2019-11-21,2019,47,Thu,P12,False,8413,120430,0.649951621,13.25,107476,90.0,9672.84,730.0257,1123.2,0.65,2019-11-21 08:00,2019-11-21 21:15,chained_from_prev_mo,0.0,120435,False,False,False,2,2,1,True,1,mo_multi_sku_keying_error,sku_not_in_master|pair_not_in_capability_table,43790,0.649951621,730.03
2065,2019-11-21,2019,47,Thu,P12,False,8413,120435,0.407331731,8.0,40668,90.0,3660.12,457.515,1123.2,0.4073,2019-11-21 21:15,2019-11-22 05:15,chained_from_prev_mo,3.0,120430,True,True,True,2,2,1,True,1,mo_multi_sku_keying_error,,43790,0.407331731,457.52
2066,2019-11-21,2019,47,Thu,P14,False,8431,120430,0.786065574,30.5,299208,90.0,26928.72,882.9089,1123.2,0.7861,2019-11-21 00:00,2019-11-22 06:30,midnight,0.0,120465,False,False,False,2,2,1,True,2,hrs_overlaps_next_mo|mo_multi_sku_keying_error,sku_not_in_master|pair_not_in_capability_table,43790,0.786065574,882.91
2067,2019-11-21,2019,47,Thu,P14,False,8431,120433,0.739022436,8.0,73784,90.0,6640.56,830.07,1123.2,0.739,2019-11-21 00:00,2019-11-21 08:00,midnight,3.0,120430,False,False,False,2,2,1,True,1,mo_multi_sku_keying_error,sku_not_in_master|pair_not_in_capability_table,43790,0.739022436,830.07
2073,2019-11-24,2019,47,Sun,P14,False,8448,280164,0.422435897,8.0,42176,90.0,3795.84,474.48,1123.2,0.4224,2019-11-24 00:00,2019-11-24 08:00,midnight,0.0,120433,True,True,True,1,1,1,True,1,dup_date_line_sku,,43793,0.422435897,474.48
2074,2019-11-24,2019,47,Sun,P14,False,8449,120431,0.689022436,16.0,137584,90.0,12382.56,773.91,1123.2,0.689,2019-11-24 08:00,2019-11-25 00:00,chained_from_prev_mo,0.0,280164,False,False,False,2,2,1,True,1,mo_multi_sku_keying_error,sku_not_in_master|pair_not_in_capability_table,43793,0.689022436,773.91
2075,2019-11-24,2019,47,Sun,P14,False,8449,280164,0.621073718,8.0,62008,90.0,5580.72,697.59,1123.2,0.6211,2019-11-24 00:00,2019-11-24 08:00,midnight,1.0,120431,True,True,True,2,2,1,True,2,mo_multi_sku_keying_error|dup_date_line_sku,,43793,0.621073718,697.59
2078,2019-11-25,2019,48,Mon,P12,False,8445,120451,0.656650641,16.0,131120,90.0,11800.8,737.55,1123.2,0.6567,2019-11-25 00:00,2019-11-25 16:00,midnight,0.0,120453,True,True,True,2,2,1,True,1,mo_multi_sku_keying_error,,43794,0.656650641,737.55
2079,2019-11-25,2019,48,Mon,P12,False,8445,120453,0.660737179,8.0,65968,90.0,5937.12,742.14,1123.2,0.6607,2019-11-25 16:00,2019-11-26 00:00,chained_from_prev_mo,1.0,120451,True,True,True,2,2,1,True,1,mo_multi_sku_keying_error,,43794,0.660737179,742.14
2080,2019-11-25,2019,48,Mon,P14,False,8450,120430,0.791267943,20.9,206388,90.0,18574.92,888.7522,1123.2,0.7913,2019-11-25 00:00,2019-11-25 20:54,midnight,0.0,280164,False,False,False,2,2,1,True,1,mo_multi_sku_keying_error,sku_not_in_master|pair_not_in_capability_table,43794,0.791267943,888.75
2081,2019-11-25,2019,48,Mon,P14,False,8450,120431,0.724098558,16.0,144588,90.0,13012.92,813.3075,1123.2,0.7241,2019-11-25 20:54,2019-11-26 12:54,chained_from_prev_mo,6.0,120430,False,False,False,2,2,1,True,1,mo_multi_sku_keying_error,sku_not_in_master|pair_not_in_capability_table,43794,0.724098558,813.31
2083,2019-11-26,2019,48,Tue,P12,False,8446,120431,0.781746032,21.0,204880,90.0,18439.2,878.0571,1123.2,0.7817,2019-11-26 00:00,2019-11-26 21:00,midnight,0.0,120453,False,False,False,2,2,1,True,1,mo_multi_sku_keying_error,sku_not_in_master|pair_not_in_capability_table,43795,0.781746032,878.06
2084,2019-11-26,2019,48,Tue,P12,False,8446,120451,0.687059295,8.0,68596,90.0,6173.64,771.705,1123.2,0.6871,2019-11-26 21:00,2019-11-27 05:00,chained_from_prev_mo,5.0,120431,True,True,True,2,2,1,True,1,mo_multi_sku_keying_error,,43795,0.687059295,771.71
2094,2019-12-02,2019,49,Mon,P09,False,8462,241288,0.624278846,32.0,249312,90.0,22438.08,701.19,1123.2,0.6243,2019-12-02 00:00,2019-12-03 08:00,midnight,0.0,242030,False,False,False,2,2,1,True,2,hrs_overlaps_next_mo|mo_multi_sku_keying_error,sku_not_in_master|pair_not_in_capability_table,43801,0.624278846,701.19
2095,2019-12-02,2019,49,Mon,P09,False,8462,242030,0.253004808,8.0,25260,90.0,2273.4,284.175,1123.2,0.253,2019-12-02 00:00,2019-12-02 08:00,midnight,2.0,241288,False,False,False,2,2,1,True,1,mo_multi_sku_keying_error,sku_not_in_master|pair_not_in_capability_table,43801,0.253004808,284.18
2097,2019-12-02,2019,49,Mon,P12,False,8471,120532,0.616856971,32.0,246348,90.0,22171.32,692.8538,1123.2,0.6169,2019-12-02 00:00,2019-12-03 08:00,midnight,0.0,280087,True,True,True,2,2,1,True,2,hrs_overlaps_next_mo|mo_multi_sku_keying_error,,43801,0.616856971,692.85
2098,2019-12-02,2019,49,Mon,P12,False,8471,280087,0.328565705,8.0,32804,90.0,2952.36,369.045,1123.2,0.3286,2019-12-02 00:00,2019-12-02 08:00,midnight,2.0,120532,False,False,False,2,2,1,True,1,mo_multi_sku_keying_error,sku_not_in_master|pair_not_in_capability_table,43801,0.328565705,369.05
2101,2019-12-04,2019,49,Wed,P10,False,8463,251200,0.059134615,8.0,5904,90.0,531.36,66.42,1123.2,0.0591,2019-12-04 00:00,2019-12-04 08:00,midnight,4.0,280130,True,True,False,2,1,2,True,1,oee_low,mo_split_across_lines|pair_not_flagged_capable,43803,0.059134615,66.42
2108,2019-12-06,2019,49,Fri,P15,False,8480,280206,0.183133013,48.0,109704,90.0,9873.36,205.695,1123.2,0.1831,2019-12-06 00:00,2019-12-08 00:00,midnight,2.0,280052,False,False,False,1,1,1,True,1,oee_low,sku_not_in_master|pair_not_in_capability_table,43805,0.183133013,205.7
2113,2019-12-08,2019,49,Sun,P12,False,8522,242030,0.458934295,16.0,91640,90.0,8247.6,515.475,1123.2,0.4589,2019-12-08 00:00,2019-12-08 16:00,midnight,0.0,242030,False,False,False,2,2,1,True,1,mo_multi_sku_keying_error,sku_not_in_master|pair_not_in_capability_table,43807,0.458934295,515.48
2114,2019-12-08,2019,49,Sun,P12,False,8522,280093,0.280120861,13.52,42720,110.0,4699.2,347.574,1240.8,0.2801,2019-12-08 16:00,2019-12-09 05:31,chained_from_prev_mo,2.0,242030,False,False,False,2,2,1,True,1,mo_multi_sku_keying_error,sku_not_in_master|pair_not_in_capability_table,43807,0.280120861,347.57
2119,2019-12-09,2019,50,Mon,P11,False,8494,241283,0.851081731,8.0,84972,90.0,7647.48,955.935,1123.2,0.8511,2019-12-09 00:00,2019-12-09 08:00,midnight,0.0,280107,True,True,True,2,2,1,True,1,mo_multi_sku_keying_error,,43808,0.851081731,955.94
2120,2019-12-09,2019,50,Mon,P11,False,8494,280107,0.75390625,16.0,150540,90.0,13548.6,846.7875,1123.2,0.7539,2019-12-09 08:00,2019-12-10 00:00,chained_from_prev_mo,1.0,241283,True,True,True,2,2,1,True,1,mo_multi_sku_keying_error,,43808,0.75390625,846.79
2121,2019-12-09,2019,50,Mon,P15,False,8510,120464,0.749358974,18.0,168336,90.0,15150.24,841.68,1123.2,0.7494,2019-12-09 00:00,2019-12-09 18:00,midnight,0.0,280213,False,False,False,2,2,1,True,1,mo_multi_sku_keying_error,sku_not_in_master|pair_not_in_capability_table,43808,0.749358974,841.68
2122,2019-12-09,2019,50,Mon,P15,False,8510,280213,0.660069444,24.0,197704,90.0,17793.36,741.39,1123.2,0.6601,2019-12-09 18:00,2019-12-10 18:00,chained_from_prev_mo,2.0,120464,True,True,True,2,2,1,True,1,mo_multi_sku_keying_error,,43808,0.660069444,741.39
2129,2019-12-11,2019,50,Wed,P15,False,8511,120464,0.679716117,84.0,712560,90.0,64130.4,763.4571,1123.2,0.6797,2019-12-11 00:00,2019-12-14 12:00,midnight,2.0,280213,False,False,False,1,1,1,True,1,hrs_overlaps_next_mo,sku_not_in_master|pair_not_in_capability_table,43810,0.679716117,763.46
2137,2019-12-15,2019,50,Sun,P12,False,8537,280096,0.179485816,20.0,40492,110.0,4454.12,222.706,1240.8,0.1795,2019-12-15 00:00,2019-12-15 20:00,midnight,1.0,120431,False,False,False,1,1,1,True,1,oee_low,sku_not_in_master|pair_not_in_capability_table,43814,0.179485816,222.71
2151,2019-12-18,2019,51,Wed,P09,False,8532,280105,0.771982271,43.1,415240,90.0,37371.6,867.0905,1123.2,0.772,2019-12-18 00:00,2019-12-19 19:06,midnight,0.0,280166,False,False,False,2,2,1,True,2,hrs_overlaps_next_mo|mo_multi_sku_keying_error,sku_not_in_master|pair_not_in_capability_table,43817,0.771982271,867.09
2152,2019-12-18,2019,51,Wed,P09,False,8532,280166,0.818910256,8.0,81760,90.0,7358.4,919.8,1123.2,0.8189,2019-12-18 00:00,2019-12-18 08:00,midnight,14.0,280105,False,False,False,2,2,1,True,1,mo_multi_sku_keying_error,sku_not_in_master|pair_not_in_capability_table,43817,0.818910256,919.8
2153,2019-12-18,2019,51,Wed,P12,False,8540,120430,0.657171474,8.0,65612,90.0,5905.08,738.135,1123.2,0.6572,2019-12-18 00:00,2019-12-18 08:00,midnight,0.0,120454,False,False,False,2,2,1,True,1,mo_multi_sku_keying_error,sku_not_in_master|pair_not_in_capability_table,43817,0.657171474,738.14
2154,2019-12-18,2019,51,Wed,P12,False,8540,120534,0.639423077,16.0,127680,90.0,11491.2,718.2,1123.2,0.6394,2019-12-18 08:00,2019-12-19 00:00,chained_from_prev_mo,1.0,120430,False,False,False,2,2,1,True,1,mo_multi_sku_keying_error,sku_not_in_master|pair_not_in_capability_table,43817,0.639423077,718.2
2170,2020-01-03,2020,1,Fri,P14,False,8596,120430,0.650160256,12.0,97368,90.0,8763.12,730.26,1123.2,0.6502,2020-01-03 00:00,2020-01-03 12:00,midnight,0.0,120430,False,False,False,2,2,1,True,1,mo_multi_sku_keying_error,sku_not_in_master|pair_not_in_capability_table,43833,0.650160256,730.26
2171,2020-01-03,2020,1,Fri,P14,False,8596,120435,0.743509615,12.0,111348,90.0,10021.32,835.11,1123.2,0.7435,2020-01-03 12:00,2020-01-04 00:00,chained_from_prev_mo,0.0,120430,True,True,True,2,2,1,True,2,mo_multi_sku_keying_error|dup_date_line_sku,,43833,0.743509615,835.11
2172,2020-01-03,2020,1,Fri,P14,False,85997,120435,0.756810897,12.0,113340,90.0,10200.6,850.05,1123.2,0.7568,2020-01-03 00:00,2020-01-03 12:00,midnight,1.0,120435,True,True,True,1,1,1,True,2,mo_out_of_sequence|dup_date_line_sku,,43833,0.756810897,850.05
2173,2020-01-03,2020,1,Fri,P15,False,8599,120444,0.767107372,24.0,229764,90.0,20678.76,861.615,1123.2,0.7671,2020-01-03 00:00,2020-01-04 00:00,midnight,0.0,120436,True,True,True,1,1,1,True,1,dup_date_line_sku,,43833,0.767107372,861.62
2174,2020-01-03,2020,1,Fri,P15,False,8600,120444,0.468589744,12.0,70176,90.0,6315.84,526.32,1123.2,0.4686,2020-01-03 00:00,2020-01-03 12:00,midnight,0.0,120444,True,True,True,2,2,1,True,2,mo_multi_sku_keying_error|dup_date_line_sku,,43833,0.468589744,526.32
2175,2020-01-03,2020,1,Fri,P15,False,8600,120464,0.680048077,12.0,101844,90.0,9165.96,763.83,1123.2,0.68,2020-01-03 12:00,2020-01-04 00:00,chained_from_prev_mo,2.0,120444,False,False,False,2,2,1,True,1,mo_multi_sku_keying_error,sku_not_in_master|pair_not_in_capability_table,43833,0.680048077,763.83
2178,2020-01-05,2020,1,Sun,P10,False,8609,280222,0.755586359,115.15,1085832,90.0,97724.88,848.6746,1123.2,0.7556,2020-01-05 00:00,2020-01-09 19:09,midnight,1.0,280052,True,True,True,1,1,1,True,1,hrs_overlaps_next_mo,,43835,0.755586359,848.67
2183,2020-01-05,2020,1,Sun,P15,False,8627,120464,0.712095142,19.0,168852,90.0,15196.68,799.8253,1123.2,0.7121,2020-01-05 00:00,2020-01-05 19:00,midnight,0.0,120464,False,False,False,2,2,1,True,1,mo_multi_sku_keying_error,sku_not_in_master|pair_not_in_capability_table,43835,0.712095142,799.83
2184,2020-01-05,2020,1,Sun,P15,False,8627,241288,0.824439103,12.0,123468,90.0,11112.12,926.01,1123.2,0.8244,2020-01-05 19:00,2020-01-06 07:00,chained_from_prev_mo,1.0,120464,False,False,False,2,2,1,True,1,mo_multi_sku_keying_error,sku_not_in_master|pair_not_in_capability_table,43835,0.824439103,926.01
2187,2020-01-06,2020,2,Mon,P10,False,86029,280222,0.874038462,8.0,87264,90.0,7853.76,981.72,1123.2,0.874,2020-01-06 00:00,2020-01-06 08:00,midnight,6.0,280222,True,True,True,1,1,1,True,1,mo_out_of_sequence,,43836,0.874038462,981.72
2190,2020-01-07,2020,2,Tue,P12,False,8638,120430,0.649559295,8.0,64852,90.0,5836.68,729.585,1123.2,0.6496,2020-01-07 00:00,2020-01-07 08:00,midnight,0.0,120430,False,False,False,2,2,1,True,1,mo_multi_sku_keying_error,sku_not_in_master|pair_not_in_capability_table,43837,0.649559295,729.59
2191,2020-01-07,2020,2,Tue,P12,False,8638,120431,0.664650107,48.0,398152,90.0,35833.68,746.535,1123.2,0.6647,2020-01-07 08:00,2020-01-09 08:00,chained_from_prev_mo,2.0,120430,False,False,False,2,2,1,True,1,mo_multi_sku_keying_error,sku_not_in_master|pair_not_in_capability_table,43837,0.664650107,746.54
2205,2020-01-12,2020,2,Sun,P09,False,8654,280205,0.753941373,94.25,886816,90.0,79813.44,846.8269,1123.2,0.7539,2020-01-12 00:00,2020-01-15 22:15,midnight,0.0,280105,False,False,False,2,2,1,True,2,hrs_overlaps_next_mo|mo_multi_sku_keying_error,sku_not_in_master|pair_not_in_capability_table,43842,0.753941373,846.83
2206,2020-01-12,2020,2,Sun,P09,False,8654,280212,0.541185897,12.0,81048,90.0,7294.32,607.86,1123.2,0.5412,2020-01-12 00:00,2020-01-12 12:00,midnight,1.0,280205,True,True,True,2,2,1,True,1,mo_multi_sku_keying_error,,43842,0.541185897,607.86
2222,2020-01-14,2020,3,Tue,P16,False,8683,241288,0.785004869,79.0,773952,90.0,69655.68,881.7175,1123.2,0.785,2020-01-14 00:00,2020-01-17 07:00,midnight,1.0,241288,False,False,False,1,1,1,True,1,hrs_overlaps_next_mo,sku_not_in_master|pair_not_in_capability_table,43844,0.785004869,881.72
2223,2020-01-15,2020,3,Wed,P12,False,8663,120465,0.315705128,8.0,31520,90.0,2836.8,354.6,1123.2,0.3157,2020-01-15 07:00,2020-01-15 15:00,chained_from_prev_mo,0.0,120465,True,True,True,2,2,1,True,1,mo_multi_sku_keying_error,,43845,0.315705128,354.6
2224,2020-01-15,2020,3,Wed,P12,False,8663,280107,0.687680288,16.0,137316,90.0,12358.44,772.4025,1123.2,0.6877,2020-01-15 15:00,2020-01-16 07:00,chained_from_prev_mo,1.0,120465,True,True,True,2,2,1,True,1,mo_multi_sku_keying_error,,43845,0.687680288,772.4
2225,2020-01-15,2020,3,Wed,P13,False,280052,280052,0.857986111,24.0,256984,90.0,23128.56,963.69,1123.2,0.858,2020-01-15 06:00,2020-01-16 06:00,chained_from_prev_mo,1.0,280052,True,True,True,2,1,2,True,1,mo_out_of_sequence,mo_split_across_lines,43845,0.857986111,963.69
2227,2020-01-15,2020,3,Wed,P15,False,8678,280175,0.517124704,36.0,209994,110.0,23099.34,641.6483,1240.8,0.5171,2020-01-15 12:00,2020-01-17 00:00,chained_from_prev_mo,0.0,280205,False,False,False,2,2,1,True,2,hrs_overlaps_next_mo|mo_multi_sku_keying_error,sku_not_in_master|pair_not_in_capability_table,43845,0.517124704,641.65
2228,2020-01-15,2020,3,Wed,P15,False,8678,280205,0.426282051,6.0,31920,90.0,2872.8,478.8,1123.2,0.4263,2020-01-15 00:00,2020-01-15 06:00,midnight,2.0,280175,False,False,False,2,2,1,True,1,mo_multi_sku_keying_error,sku_not_in_master|pair_not_in_capability_table,43845,0.426282051,478.8
2229,2020-01-15,2020,3,Wed,P16,False,280052,280052,0.725988248,12.0,108724,90.0,9785.16,815.43,1123.2,0.726,2020-01-15 00:00,2020-01-15 12:00,midnight,2.0,241288,True,True,True,2,1,2,True,1,mo_out_of_sequence,mo_split_across_lines,43845,0.725988248,815.43
2271,2020-01-28,2020,5,Tue,P14,False,8765,120444,0.744310897,12.0,111468,90.0,10032.12,836.01,1123.2,0.7443,2020-01-28 12:00,2020-01-29 00:00,chained_from_prev_mo,0.0,120436,True,True,True,2,2,1,True,1,mo_multi_sku_keying_error,,43858,0.744310897,836.01
2272,2020-01-28,2020,5,Tue,P14,False,8765,120448,0.776842949,12.0,116340,90.0,10470.6,872.55,1123.2,0.7768,2020-01-28 00:00,2020-01-28 12:00,midnight,1.0,120444,True,True,True,2,2,1,True,1,mo_multi_sku_keying_error,,43858,0.776842949,872.55
2277,2020-01-29,2020,5,Wed,P15,False,8771,120464,0.585496795,12.0,87684,90.0,7891.56,657.63,1123.2,0.5855,2020-01-29 00:00,2020-01-29 12:00,midnight,0.0,280052,False,False,False,3,3,1,True,1,mo_multi_sku_keying_error,sku_not_in_master|pair_not_in_capability_table,43859,0.585496795,657.63
2278,2020-01-29,2020,5,Wed,P15,False,8771,241653,0.954647436,6.0,71484,90.0,6433.56,1072.26,1123.2,0.9546,2020-01-29 12:00,2020-01-29 18:00,chained_from_prev_mo,0.0,120464,False,False,False,3,3,1,True,1,mo_multi_sku_keying_error,sku_not_in_master|pair_not_in_capability_table,43859,0.954647436,1072.26
2279,2020-01-29,2020,5,Wed,P15,False,8771,280243,0.849599359,24.0,254472,90.0,22902.48,954.27,1123.2,0.8496,2020-01-29 18:00,2020-01-30 18:00,chained_from_prev_mo,2.0,241653,False,False,False,3,3,1,True,1,mo_multi_sku_keying_error,sku_not_in_master|pair_not_in_capability_table,43859,0.849599359,954.27
2280,2020-01-30,2020,5,Thu,P09,False,8744,120464,0.782757131,22.25,217356,90.0,19562.04,879.1928,1123.2,0.7828,2020-01-30 00:00,2020-01-30 22:15,midnight,0.0,251200,False,False,False,2,2,1,True,1,mo_multi_sku_keying_error,sku_not_in_master|pair_not_in_capability_table,43860,0.782757131,879.19
2281,2020-01-30,2020,5,Thu,P09,False,8744,251200,0.592908654,8.0,59196,90.0,5327.64,665.955,1123.2,0.5929,2020-01-30 22:15,2020-01-31 06:15,chained_from_prev_mo,3.0,120464,True,True,True,2,2,1,True,1,mo_multi_sku_keying_error,,43860,0.592908654,665.96
2285,2020-01-31,2020,5,Fri,P11,False,8756,280214,0.154583017,14.18,27356,90.0,2462.04,173.6276,1123.2,0.1546,2020-01-31 00:00,2020-01-31 14:11,midnight,2.0,280052,False,False,False,1,1,1,True,1,oee_low,sku_not_in_master|pair_not_in_capability_table,43861,0.154583017,173.63
2288,2020-01-31,2020,5,Fri,P15,False,8773,241653,0.577377137,12.0,86468,90.0,7782.12,648.51,1123.2,0.5774,2020-01-31 00:00,2020-01-31 12:00,midnight,0.0,280243,False,False,False,2,2,1,True,1,mo_multi_sku_keying_error,sku_not_in_master|pair_not_in_capability_table,43861,0.577377137,648.51
2289,2020-01-31,2020,5,Fri,P15,False,8773,280243,0.854108392,11.0,117252,90.0,10552.68,959.3345,1123.2,0.8541,2020-01-31 12:00,2020-01-31 23:00,chained_from_prev_mo,1.0,241653,False,False,False,2,2,1,True,1,mo_multi_sku_keying_error,sku_not_in_master|pair_not_in_capability_table,43861,0.854108392,959.33
2324,2020-02-09,2020,6,Sun,P14,False,8911,280284,0.936217949,6.0,70104,90.0,6309.36,1051.56,1123.2,0.9362,2020-02-09 00:00,2020-02-09 06:00,midnight,0.0,280285,False,False,False,1,1,1,True,1,dup_date_line_sku,sku_not_in_master|pair_not_in_capability_table,43870,0.936217949,1051.56
2325,2020-02-09,2020,6,Sun,P14,False,8913,280284,0.73883547,72.0,663888,90.0,59749.92,829.86,1123.2,0.7388,2020-02-09 06:00,2020-02-12 06:00,chained_from_prev_mo,1.0,280284,False,False,False,1,1,1,True,2,hrs_overlaps_next_mo|dup_date_line_sku,sku_not_in_master|pair_not_in_capability_table,43870,0.73883547,829.86
2338,2020-02-13,2020,7,Thu,P13,False,8908,241288,0.749262821,30.0,280524,90.0,25247.16,841.572,1123.2,0.7493,2020-02-13 00:00,2020-02-14 06:00,midnight,0.0,280214,False,False,False,1,1,1,True,2,hrs_overlaps_next_mo|dup_date_line_sku,sku_not_in_master|pair_not_in_capability_table,43874,0.749262821,841.57
2339,2020-02-13,2020,7,Thu,P13,False,88908,241288,0.66786859,12.0,100020,90.0,9001.8,750.15,1123.2,0.6679,2020-02-13 00:00,2020-02-13 12:00,midnight,2.0,241288,False,False,False,1,1,1,True,2,mo_out_of_sequence|dup_date_line_sku,sku_not_in_master|pair_not_in_capability_table,43874,0.66786859,750.15
2342,2020-02-14,2020,7,Fri,P16,False,8929,120430,0.602644231,12.0,90252,90.0,8122.68,676.89,1123.2,0.6026,2020-02-14 00:00,2020-02-14 12:00,midnight,0.0,280243,False,False,False,2,2,1,True,1,mo_multi_sku_keying_error,sku_not_in_master|pair_not_in_capability_table,43875,0.602644231,676.89
2343,2020-02-14,2020,7,Fri,P16,False,8929,120437,0.769391026,12.0,115224,90.0,10370.16,864.18,1123.2,0.7694,2020-02-14 12:00,2020-02-15 00:00,chained_from_prev_mo,1.0,120430,True,True,True,2,2,1,True,1,mo_multi_sku_keying_error,,43875,0.769391026,864.18
2348,2020-02-16,2020,7,Sun,P09,False,8954,280222,0.518313746,36.0,232868,90.0,20958.12,582.17,1123.2,0.5183,2020-02-16 00:00,2020-02-17 12:00,midnight,1.0,280198,True,True,True,2,2,2,True,1,mo_multi_sku_keying_error,mo_split_across_lines,43877,0.518313746,582.17
2349,2020-02-16,2020,7,Sun,P10,False,8954,280206,0.785096154,8.0,78384,90.0,7054.56,881.82,1123.2,0.7851,2020-02-16 00:00,2020-02-16 08:00,midnight,0.0,280206,False,False,False,2,2,2,True,2,mo_multi_sku_keying_error|dup_date_line_sku,mo_split_across_lines|sku_not_in_master|pair_not_in_capability_table,43877,0.785096154,881.82
2350,2020-02-16,2020,7,Sun,P10,False,8957,280206,0.674512716,123.0,1035404,90.0,93186.36,757.6127,1123.2,0.6745,2020-02-16 08:00,2020-02-21 11:00,chained_from_prev_mo,7.0,280206,False,False,False,1,1,1,True,1,dup_date_line_sku,sku_not_in_master|pair_not_in_capability_table,43877,0.674512716,757.61
2364,2020-02-19,2020,8,Wed,P15,False,8897,120436,0.018189103,12.0,2724,90.0,245.16,20.43,1123.2,0.0182,2020-02-19 06:00,2020-02-19 18:00,chained_from_prev_mo,1.0,280216,True,True,True,1,1,1,True,1,oee_low,,43880,0.018189103,20.43
2368,2020-02-20,2020,8,Thu,P12,False,8965,120437,0.721898263,31.0,279288,90.0,25135.92,810.8361,1123.2,0.7219,2020-02-20 00:00,2020-02-21 07:00,midnight,3.0,120431,True,True,True,2,2,2,True,1,mo_multi_sku_keying_error,mo_split_across_lines,43881,0.721898263,810.84
2369,2020-02-20,2020,8,Thu,P13,False,8965,120436,,0.0,216,90.0,19.44,,1123.2,,2020-02-20 00:00,2020-02-20 00:00,midnight,3.0,120436,True,True,True,2,2,2,False,3,oee_not_numeric|hrs_zero|mo_multi_sku_keying_error,mo_split_across_lines,43881,#DIV/0!,0.0
2375,2020-02-23,2020,8,Sun,P11,False,9051,241287,0.0,4.0,0,90.0,0.0,0.0,1123.2,0.0,2020-02-23 00:00,2020-02-23 04:00,midnight,0.0,241287,False,False,False,1,1,1,False,2,oee_zero|pouches_zero,sku_not_in_master|pair_not_in_capability_table,43884,0,0.0
2377,2020-02-23,2020,8,Sun,P12,False,9056,120437,0.793820701,68.0,673668,90.0,60630.12,891.6194,1123.2,0.7938,2020-02-23 00:00,2020-02-25 20:00,midnight,3.0,120437,True,True,True,2,2,2,True,1,mo_multi_sku_keying_error,mo_split_across_lines,43884,0.793820701,891.62
2378,2020-02-23,2020,8,Sun,P13,False,9056,120464,0.715825321,24.0,214404,90.0,19296.36,804.015,1123.2,0.7158,2020-02-23 00:00,2020-02-24 00:00,midnight,1.0,120436,False,False,False,2,2,2,True,1,mo_multi_sku_keying_error,mo_split_across_lines|sku_not_in_master|pair_not_in_capability_table,43884,0.715825321,804.02
2409,2020-03-03,2020,10,Tue,P14,False,9115,120437,0.760760073,42.0,398760,90.0,35888.4,854.4857,1123.2,0.7608,2020-03-03 00:00,2020-03-04 18:00,midnight,0.0,280090,True,True,True,1,1,1,True,1,hrs_overlaps_next_mo,,43893,0.760760073,854.49
2419,2020-03-08,2020,10,Sun,P10,False,9146,280206,0.6230712,56.0,435452,90.0,39190.68,699.8336,1123.2,0.6231,2020-03-08 00:00,2020-03-10 08:00,midnight,3.0,280206,False,False,False,2,2,2,True,1,mo_multi_sku_keying_error,mo_split_across_lines|sku_not_in_master|pair_not_in_capability_table,43898,0.6230712,699.83
2420,2020-03-08,2020,10,Sun,P11,False,9146,120448,0.640811966,4.5,35988,90.0,3238.92,719.76,1123.2,0.6408,2020-03-08 00:00,2020-03-08 04:30,midnight,0.0,120436,True,True,True,2,2,2,True,1,mo_multi_sku_keying_error,mo_split_across_lines,43898,0.640811966,719.76
2429,2020-03-10,2020,11,Tue,P12,False,9140,280228,0.459884752,8.0,41500,110.0,4565.0,570.625,1240.8,0.4599,2020-03-10 08:00,2020-03-10 16:00,chained_from_prev_mo,0.0,280227,False,False,False,2,2,1,True,1,mo_multi_sku_keying_error,sku_not_in_master|pair_not_in_capability_table,43900,0.459884752,570.63
2430,2020-03-10,2020,11,Tue,P12,False,9140,280229,0.828900709,2.0,18700,110.0,2057.0,1028.5,1240.8,0.8289,2020-03-10 16:00,2020-03-10 18:00,chained_from_prev_mo,0.0,280228,False,False,False,2,2,1,True,2,mo_multi_sku_keying_error|dup_date_line_sku,sku_not_in_master|pair_not_in_capability_table,43900,0.828900709,1028.5
2431,2020-03-10,2020,11,Tue,P12,False,9141,280229,0.359640957,16.0,64908,110.0,7139.88,446.2425,1240.8,0.3596,2020-03-10 18:00,2020-03-11 10:00,chained_from_prev_mo,1.0,280229,False,False,False,1,1,1,True,1,dup_date_line_sku,sku_not_in_master|pair_not_in_capability_table,43900,0.359640957,446.24
2436,2020-03-11,2020,11,Wed,P10,False,9175,280052,0.818287373,53.0,541248,90.0,48712.32,919.1004,1123.2,0.8183,2020-03-11 00:00,2020-03-13 05:00,midnight,0.0,280206,True,True,True,1,1,1,True,2,hrs_overlaps_next_mo|dup_date_line_sku,,43901,0.818287373,919.1
2437,2020-03-11,2020,11,Wed,P10,False,9475,280052,0.813862179,8.0,81256,90.0,7313.04,914.13,1123.2,0.8139,2020-03-11 00:00,2020-03-11 08:00,midnight,4.0,280052,True,True,True,1,1,1,True,1,dup_date_line_sku,,43901,0.813862179,914.13
2455,2020-03-16,2020,12,Mon,P13,False,9185,280233,,0.0,0,120.0,0.0,,1353.6,,2020-03-16 00:00,2020-03-16 00:00,midnight,0.0,280052,False,False,False,1,1,1,False,4,oee_not_numeric|hrs_zero|dup_date_line_sku|pouches_zero,sku_not_in_master|pair_not_in_capability_table,43906,#DIV/0!,0.0
2456,2020-03-16,2020,12,Mon,P13,False,9186,280233,0.491631868,107.0,593380,120.0,71205.6,665.4729,1353.6,0.4916,2020-03-16 00:00,2020-03-20 11:00,midnight,5.0,280233,False,False,False,1,1,1,True,1,dup_date_line_sku,sku_not_in_master|pair_not_in_capability_table,43906,0.491631868,665.47
2483,2020-03-25,2020,13,Wed,P16,False,9237,120430,0.781570513,12.0,117048,90.0,10534.32,877.86,1123.2,0.7816,2020-03-25 00:00,2020-03-25 12:00,midnight,0.0,280222,False,False,False,2,2,1,True,1,mo_multi_sku_keying_error,sku_not_in_master|pair_not_in_capability_table,43915,0.781570513,877.86
2484,2020-03-25,2020,13,Wed,P16,False,9237,280222,0.722547187,72.0,649252,90.0,58432.68,811.565,1123.2,0.7225,2020-03-25 12:00,2020-03-28 12:00,chained_from_prev_mo,3.0,120430,True,True,True,2,2,1,True,1,mo_multi_sku_keying_error,,43915,0.722547187,811.57
2510,2020-04-01,2020,14,Wed,P14,False,9357,120448,0.591816239,60.0,443152,90.0,39883.68,664.728,1123.2,0.5918,2020-04-01 00:00,2020-04-03 12:00,midnight,0.0,120448,True,True,True,1,1,1,True,1,hrs_overlaps_next_mo,,43922,0.591816239,664.73
2519,2020-04-05,2020,14,Sun,P09,False,9308,280103,,0.0,3580,90.0,322.2,,1123.2,,2020-04-05 00:00,2020-04-05 00:00,midnight,3.0,280214,True,True,True,1,1,1,False,2,oee_not_numeric|hrs_zero,,43926,#DIV/0!,0.0
2520,2020-04-05,2020,14,Sun,P10,False,9311,251200,0.564663462,16.0,112752,90.0,10147.68,634.23,1123.2,0.5647,2020-04-05 00:00,2020-04-05 16:00,midnight,0.0,280206,True,True,False,2,2,1,True,1,mo_multi_sku_keying_error,pair_not_flagged_capable,43926,0.564663462,634.23
2521,2020-04-05,2020,14,Sun,P10,False,9311,280214,0.412106643,44.0,226296,90.0,20366.64,462.8782,1123.2,0.4121,2020-04-05 16:00,2020-04-07 12:00,chained_from_prev_mo,2.0,251200,False,False,False,2,2,1,True,1,mo_multi_sku_keying_error,sku_not_in_master|pair_not_in_capability_table,43926,0.412106643,462.88
2524,2020-04-05,2020,14,Sun,P13,False,9364,280206,0.776940496,138.0,1338078,90.0,120427.02,872.6596,1123.2,0.7769,2020-04-05 00:00,2020-04-10 18:00,midnight,4.0,280214,False,False,False,1,1,1,True,1,hrs_overlaps_next_mo,sku_not_in_master|pair_not_in_capability_table,43926,0.776940496,872.66
2525,2020-04-05,2020,14,Sun,P14,False,9361,120437,0.725267094,12.0,108616,90.0,9775.44,814.62,1123.2,0.7253,2020-04-05 00:00,2020-04-05 12:00,midnight,0.0,280166,True,True,True,2,2,1,True,1,mo_multi_sku_keying_error,,43926,0.725267094,814.62
2526,2020-04-05,2020,14,Sun,P14,False,9361,280166,0.73694578,48.0,441460,90.0,39731.4,827.7375,1123.2,0.7369,2020-04-05 12:00,2020-04-07 12:00,chained_from_prev_mo,2.0,120437,False,False,False,2,2,1,True,1,mo_multi_sku_keying_error,sku_not_in_master|pair_not_in_capability_table,43926,0.73694578,827.74
2541,2020-04-11,2020,15,Sat,P15,False,9415,280206,0.0,12.0,0,90.0,0.0,0.0,1123.2,0.0,2020-04-11 00:00,2020-04-11 12:00,midnight,1.0,280216,False,False,False,1,1,1,False,2,oee_zero|pouches_zero,sku_not_in_master|pair_not_in_capability_table,43932,0,0.0
2550,2020-04-12,2020,15,Sun,P16,False,9395,280206,0.764579719,133.0,1269080,90.0,114217.2,858.7759,1123.2,0.7646,2020-04-12 00:00,2020-04-17 13:00,midnight,2.0,280205,False,False,False,1,1,1,True,1,hrs_overlaps_next_mo,sku_not_in_master|pair_not_in_capability_table,43933,0.764579719,858.78
2556,2020-04-14,2020,16,Tue,P16,False,280206,280206,0.723878205,12.0,108408,90.0,9756.72,813.06,1123.2,0.7239,2020-04-14 00:00,2020-04-14 12:00,midnight,4.0,280206,False,False,False,1,1,1,True,1,mo_out_of_sequence,sku_not_in_master|pair_not_in_capability_table,43935,0.723878205,813.06
2561,2020-04-16,2020,16,Thu,P12,False,9382,280223,0.630141844,8.0,56864,110.0,6255.04,781.88,1240.8,0.6301,2020-04-16 00:00,2020-04-16 08:00,midnight,0.0,280230,False,False,False,2,2,1,True,1,mo_multi_sku_keying_error,sku_not_in_master|pair_not_in_capability_table,43937,0.630141844,781.88
2562,2020-04-16,2020,16,Thu,P12,False,9382,280230,0.560505319,24.0,151740,110.0,16691.4,695.475,1240.8,0.5605,2020-04-16 08:00,2020-04-17 08:00,chained_from_prev_mo,1.0,280223,False,False,False,2,2,1,True,1,mo_multi_sku_keying_error,sku_not_in_master|pair_not_in_capability_table,43937,0.560505319,695.48
2585,2020-04-23,2020,17,Thu,P09,False,9510,241287,0.598998188,38.2,285564,90.0,25700.76,672.7948,1123.2,0.599,2020-04-23 00:00,2020-04-24 14:12,midnight,0.0,280198,False,False,False,1,1,1,True,1,hrs_overlaps_next_mo,sku_not_in_master|pair_not_in_capability_table,43944,0.598998188,672.79
2586,2020-04-23,2020,17,Thu,P09,False,9522,241283,0.751201923,8.0,75000,90.0,6750.0,843.75,1123.2,0.7512,2020-04-23 00:00,2020-04-23 08:00,midnight,3.0,241287,True,True,True,2,2,2,True,1,mo_multi_sku_keying_error,mo_split_across_lines,43944,0.751201923,843.75
2589,2020-04-23,2020,17,Thu,P13,False,9522,241288,0.671794872,24.0,201216,90.0,18109.44,754.56,1123.2,0.6718,2020-04-23 00:00,2020-04-24 00:00,midnight,1.0,120464,False,False,False,2,2,2,True,1,mo_multi_sku_keying_error,mo_split_across_lines|sku_not_in_master|pair_not_in_capability_table,43944,0.671794872,754.56
2603,2020-04-27,2020,18,Mon,P11,False,9556,280052,0.773758013,8.0,77252,90.0,6952.68,869.085,1123.2,0.7738,2020-04-27 00:00,2020-04-27 08:00,midnight,0.0,280238,True,True,True,2,2,1,True,1,mo_multi_sku_keying_error,,43948,0.773758013,869.09
2604,2020-04-27,2020,18,Mon,P11,False,9556,280239,0.459222756,40.0,229244,90.0,20631.96,515.799,1123.2,0.4592,2020-04-27 08:00,2020-04-29 00:00,chained_from_prev_mo,2.0,280052,False,False,False,2,2,1,True,1,mo_multi_sku_keying_error,sku_not_in_master|pair_not_in_capability_table,43948,0.459222756,515.8
2645,2020-05-10,2020,19,Sun,P15,False,9668,280052,0.798361589,114.0,1135845,90.0,102226.05,896.7197,1123.2,0.7984,2020-05-10 00:00,2020-05-14 18:00,midnight,0.0,280052,True,True,True,2,2,1,True,2,hrs_overlaps_next_mo|mo_multi_sku_keying_error,,43961,0.798361589,896.72
2646,2020-05-10,2020,19,Sun,P15,False,9668,280222,0.844197382,48.0,505708,90.0,45513.72,948.2025,1123.2,0.8442,2020-05-10 00:00,2020-05-12 00:00,midnight,7.0,280052,True,True,True,2,2,1,True,1,mo_multi_sku_keying_error,,43961,0.844197382,948.2
2682,2020-05-28,2020,22,Thu,P12,False,9737,280012,0.619751603,8.0,61876,90.0,5568.84,696.105,1123.2,0.6198,2020-05-28 06:00,2020-05-28 14:00,chained_from_prev_mo,0.0,120447,False,False,False,2,2,1,True,1,mo_multi_sku_keying_error,sku_not_in_master|pair_not_in_capability_table,43979,0.619751603,696.11
2683,2020-05-28,2020,22,Thu,P12,False,9737,280013,0.451762821,8.0,45104,90.0,4059.36,507.42,1123.2,0.4518,2020-05-28 14:00,2020-05-28 22:00,chained_from_prev_mo,1.0,280012,False,False,False,2,2,1,True,1,mo_multi_sku_keying_error,sku_not_in_master|pair_not_in_capability_table,43979,0.451762821,507.42
2708,2020-06-03,2020,23,Wed,P16,False,9786,280169,0.705476079,82.0,721956,90.0,64976.04,792.3907,1123.2,0.7055,2020-06-03 00:00,2020-06-06 10:00,midnight,0.0,280198,True,True,True,1,1,1,True,1,hrs_overlaps_next_mo,,43985,0.705476079,792.39
2718,2020-06-07,2020,23,Sun,P13,False,9833,280247,0.810057711,102.0,932020,120.0,111842.4,1096.4941,1353.6,0.8101,2020-06-07 00:00,2020-06-11 06:00,midnight,3.0,280247,False,False,False,1,1,1,True,1,hrs_overlaps_next_mo,sku_not_in_master|pair_not_in_capability_table,43989,0.810057711,1096.49
2720,2020-06-07,2020,23,Sun,P15,False,9839,280216,0.829200946,150.0,1403008,110.0,154330.88,1028.8725,1240.8,0.8292,2020-06-07 00:00,2020-06-13 06:00,midnight,2.0,280216,False,False,False,1,1,1,True,1,hrs_overlaps_next_mo,sku_not_in_master|pair_not_in_capability_table,43989,0.829200946,1028.87
2725,2020-06-09,2020,24,Tue,P15,False,280216,280216,0.888888889,12.0,120320,110.0,13235.2,1102.9333,1240.8,0.8889,2020-06-09 00:00,2020-06-09 12:00,midnight,5.0,280216,False,False,False,1,1,1,True,1,mo_out_of_sequence,sku_not_in_master|pair_not_in_capability_table,43991,0.888888889,1102.93
2730,2020-06-10,2020,24,Wed,P14,False,9837,280166,0.782852564,12.0,117240,90.0,10551.6,879.3,1123.2,0.7829,2020-06-10 12:00,2020-06-11 00:00,chained_from_prev_mo,0.0,280166,False,False,False,2,2,1,True,1,mo_multi_sku_keying_error,sku_not_in_master|pair_not_in_capability_table,43992,0.782852564,879.3
2731,2020-06-10,2020,24,Wed,P14,False,9837,280244,0.731196581,66.0,602272,90.0,54204.48,821.28,1123.2,0.7312,2020-06-10 00:00,2020-06-12 18:00,midnight,4.0,280166,False,False,False,2,2,1,True,1,mo_multi_sku_keying_error,sku_not_in_master|pair_not_in_capability_table,43992,0.731196581,821.28
2747,2020-06-16,2020,25,Tue,P09,False,9910,280155,0.490614984,32.0,195932,90.0,17633.88,551.0588,1123.2,0.4906,2020-06-16 00:00,2020-06-17 08:00,midnight,0.0,280103,False,False,False,1,1,1,True,1,hrs_overlaps_next_mo,sku_not_in_master|pair_not_in_capability_table,43998,0.490614984,551.06
2754,2020-06-17,2020,25,Wed,P14,False,9924,120444,0.702532051,60.0,526056,90.0,47345.04,789.084,1123.2,0.7025,2020-06-17 06:00,2020-06-19 18:00,chained_from_prev_mo,1.0,120431,True,True,True,1,1,1,True,1,hrs_overlaps_next_mo,,43999,0.702532051,789.08
2764,2020-06-21,2020,25,Sun,P11,False,9936,251200,0.701420455,44.0,385164,90.0,34664.76,787.8355,1123.2,0.7014,2020-06-21 00:00,2020-06-22 20:00,midnight,2.0,280121,True,True,True,2,2,2,True,1,mo_multi_sku_keying_error,mo_split_across_lines,44003,0.701420455,787.84
2770,2020-06-21,2020,25,Sun,P21,True,9936,280591,0.563862179,12.0,168888,90.0,15199.92,1266.66,2246.4,0.5639,2020-06-21 00:00,2020-06-21 12:00,midnight,1591.0,,True,True,True,2,2,2,True,1,mo_multi_sku_keying_error,mo_split_across_lines,44003,0.563862179,1266.66
2774,2020-06-23,2020,26,Tue,P14,False,9949,120430,0.606748575,36.0,272600,90.0,24534.0,681.5,1123.2,0.6067,2020-06-23 00:00,2020-06-24 12:00,midnight,0.0,120444,False,False,False,1,1,1,True,1,hrs_overlaps_next_mo,sku_not_in_master|pair_not_in_capability_table,44005,0.606748575,681.5
2788,2020-06-28,2020,26,Sun,P09,False,9979,280105,0.509895833,8.0,50908,90.0,4581.72,572.715,1123.2,0.5099,2020-06-28 00:00,2020-06-28 08:00,midnight,0.0,120464,False,False,False,2,2,1,True,1,mo_multi_sku_keying_error,sku_not_in_master|pair_not_in_capability_table,44010,0.509895833,572.72
2789,2020-06-28,2020,26,Sun,P09,False,9979,280169,0.545601852,36.0,245128,90.0,22061.52,612.82,1123.2,0.5456,2020-06-28 08:00,2020-06-29 20:00,chained_from_prev_mo,2.0,280105,True,True,True,2,2,1,True,1,mo_multi_sku_keying_error,,44010,0.545601852,612.82
2807,2020-07-01,2020,27,Wed,P09,False,9981,280172,0.657328183,27.78,227892,90.0,20510.28,738.311,1123.2,0.6573,2020-07-01 00:00,2020-07-02 03:47,midnight,0.0,280105,True,True,True,1,1,1,True,1,hrs_overlaps_next_mo,,44013,0.657328183,738.31
2811,2020-07-01,2020,27,Wed,P11,False,10019,280213,0.794466002,20.22,200480,90.0,18043.2,892.3442,1123.2,0.7945,2020-07-01 00:00,2020-07-01 20:13,midnight,0.0,280213,True,True,True,1,1,1,True,1,dup_date_line_sku,,44013,0.794466002,892.34
2812,2020-07-01,2020,27,Wed,P11,False,10057,280213,0.739683494,16.0,147700,90.0,13293.0,830.8125,1123.2,0.7397,2020-07-01 20:13,2020-07-02 12:13,chained_from_prev_mo,5.0,280213,True,True,True,1,1,1,True,1,dup_date_line_sku,,44013,0.739683494,830.81
2839,2020-07-12,2020,28,Sun,P14,False,10092,280166,0.639409722,24.0,191516,90.0,17236.44,718.185,1123.2,0.6394,2020-07-12 00:00,2020-07-13 00:00,midnight,0.0,120437,False,False,False,1,1,1,True,1,dup_date_line_sku,sku_not_in_master|pair_not_in_capability_table,44024,0.639409722,718.19
2840,2020-07-12,2020,28,Sun,P14,False,10100,280166,0.629807692,12.0,94320,90.0,8488.8,707.4,1123.2,0.6298,2020-07-12 00:00,2020-07-12 12:00,midnight,1.0,280166,False,False,False,2,2,2,True,2,mo_multi_sku_keying_error|dup_date_line_sku,mo_split_across_lines|sku_not_in_master|pair_not_in_capability_table,44024,0.629807692,707.4
2842,2020-07-12,2020,28,Sun,P16,False,10100,280206,0.685281065,104.0,889440,90.0,80049.6,769.7077,1123.2,0.6853,2020-07-12 00:00,2020-07-16 08:00,midnight,4.0,280206,False,False,False,2,2,2,True,1,mo_multi_sku_keying_error,mo_split_across_lines|sku_not_in_master|pair_not_in_capability_table,44024,0.685281065,769.71
2846,2020-07-14,2020,29,Tue,P13,False,10089,280234,0.605325968,78.0,532590,120.0,63910.8,819.3692,1353.6,0.6053,2020-07-14 00:00,2020-07-17 06:00,midnight,1.0,280233,False,False,False,1,1,1,True,1,hrs_overlaps_next_mo,sku_not_in_master|pair_not_in_capability_table,44026,0.605325968,819.37
2851,2020-07-15,2020,29,Wed,P13,False,10096,120464,0.791346154,12.0,118512,90.0,10666.08,888.84,1123.2,0.7913,2020-07-15 00:00,2020-07-15 12:00,midnight,2.0,280234,False,False,False,2,2,2,True,1,mo_multi_sku_keying_error,mo_split_across_lines|sku_not_in_master|pair_not_in_capability_table,44027,0.791346154,888.84
2852,2020-07-15,2020,29,Wed,P14,False,10096,280236,0.595444833,33.0,245228,90.0,22070.52,668.8036,1123.2,0.5954,2020-07-15 00:00,2020-07-16 09:00,midnight,1.0,280098,False,False,False,2,2,2,True,1,mo_multi_sku_keying_error,mo_split_across_lines|sku_not_in_master|pair_not_in_capability_table,44027,0.595444833,668.8
2873,2020-07-19,2020,29,Sun,P16,False,10146,280052,0.752682387,126.0,1183578,90.0,106522.02,845.4129,1123.2,0.7527,2020-07-19 00:00,2020-07-24 06:00,midnight,0.0,280214,True,True,True,2,2,1,True,2,hrs_overlaps_next_mo|mo_multi_sku_keying_error,,44031,0.752682387,845.41
2874,2020-07-19,2020,29,Sun,P16,False,10146,280222,0.575480769,12.0,86184,90.0,7756.56,646.38,1123.2,0.5755,2020-07-19 00:00,2020-07-19 12:00,midnight,6.0,280052,True,True,True,2,2,1,True,1,mo_multi_sku_keying_error,,44031,0.575480769,646.38
2896,2020-07-26,2020,30,Sun,P15,False,10202,280052,0.716566797,138.0,1234100,90.0,111069.0,804.8478,1123.2,0.7166,2020-07-26 00:00,2020-07-31 18:00,midnight,2.0,280052,True,True,True,1,1,1,True,1,hrs_overlaps_next_mo,,44038,0.716566797,804.85
2898,2020-07-28,2020,31,Tue,P09,False,10182,280222,0.735464744,40.0,367144,90.0,33042.96,826.074,1123.2,0.7355,2020-07-28 00:00,2020-07-29 16:00,midnight,2.0,280206,True,True,True,2,2,2,True,1,mo_multi_sku_keying_error,mo_split_across_lines,44040,0.735464744,826.07
2899,2020-07-28,2020,31,Tue,P11,False,10187,280172,0.629038462,40.0,314016,90.0,28261.44,706.536,1123.2,0.629,2020-07-28 00:00,2020-07-29 16:00,midnight,0.0,241288,True,True,True,1,1,1,True,1,hrs_overlaps_next_mo,,44040,0.629038462,706.54
2902,2020-07-28,2020,31,Tue,P15,False,10182,280107,0.556009615,12.0,83268,90.0,7494.12,624.51,1123.2,0.556,2020-07-28 00:00,2020-07-28 12:00,midnight,4.0,280052,True,True,True,2,2,2,True,1,mo_multi_sku_keying_error,mo_split_across_lines,44040,0.556009615,624.51
2932,2020-08-11,2020,33,Tue,P14,False,1282,280166,0.581597222,12.0,87100,90.0,7839.0,653.25,1123.2,0.5816,2020-08-11 11:00,2020-08-11 23:00,chained_from_prev_mo,2.0,280166,False,False,False,1,1,1,True,1,mo_out_of_sequence,sku_not_in_master|pair_not_in_capability_table,44054,0.581597222,653.25
2945,2020-08-15,2020,33,Sat,P14,False,10350,120465,0.093269231,12.0,13968,90.0,1257.12,104.76,1123.2,0.0933,2020-08-15 12:00,2020-08-16 00:00,chained_from_prev_mo,1.0,280239,True,True,True,1,1,1,True,1,oee_low,,44058,0.093269231,104.76
2948,2020-08-16,2020,33,Sun,P10,False,10302,280206,0.566444376,124.0,876584,90.0,78892.56,636.2303,1123.2,0.5664,2020-08-16 00:00,2020-08-21 04:00,midnight,7.0,120464,False,False,False,2,2,2,True,1,mo_multi_sku_keying_error,mo_split_across_lines|sku_not_in_master|pair_not_in_capability_table,44059,0.566444376,636.23
2953,2020-08-16,2020,33,Sun,P15,False,10302,280104,0.514957265,12.0,77120,90.0,6940.8,578.4,1123.2,0.515,2020-08-16 00:00,2020-08-16 12:00,midnight,0.0,280052,True,True,True,2,2,2,True,1,mo_multi_sku_keying_error,mo_split_across_lines,44059,0.514957265,578.4
2965,2020-08-19,2020,34,Wed,P09,False,10352,280106,0.707724359,40.0,353296,90.0,31796.64,794.916,1123.2,0.7077,2020-08-19 00:00,2020-08-20 16:00,midnight,0.0,280206,False,False,False,2,2,1,True,2,hrs_overlaps_next_mo|mo_multi_sku_keying_error,sku_not_in_master|pair_not_in_capability_table,44062,0.707724359,794.92
2966,2020-08-19,2020,34,Wed,P09,False,10352,280206,0.363581731,8.0,36300,90.0,3267.0,408.375,1123.2,0.3636,2020-08-19 00:00,2020-08-19 08:00,midnight,2.0,280106,False,False,False,2,2,1,True,1,mo_multi_sku_keying_error,sku_not_in_master|pair_not_in_capability_table,44062,0.363581731,408.38
2982,2020-08-23,2020,34,Sun,P14,False,10377,120434,0.700309829,30.0,262196,90.0,23597.64,786.588,1123.2,0.7003,2020-08-23 00:00,2020-08-24 06:00,midnight,0.0,120436,False,False,False,1,1,1,True,1,hrs_overlaps_next_mo,sku_not_in_master|pair_not_in_capability_table,44066,0.700309829,786.59
2996,2020-08-28,2020,35,Fri,P12,False,10365,280229,,0.0,14536,110.0,1598.96,,1240.8,,2020-08-28 00:00,2020-08-28 00:00,midnight,0.0,280287,False,False,False,1,1,1,False,2,oee_not_numeric|hrs_zero,sku_not_in_master|pair_not_in_capability_table,44071,#DIV/0!,0.0
2999,2020-08-28,2020,35,Fri,P15,False,280214,280214,0.673637821,12.0,100884,90.0,9079.56,756.63,1123.2,0.6736,2020-08-28 00:00,2020-08-28 12:00,midnight,2.0,280214,False,False,False,1,1,1,True,1,mo_out_of_sequence,sku_not_in_master|pair_not_in_capability_table,44071,0.673637821,756.63
3005,2020-08-30,2020,35,Sun,P09,False,10408,280222,0.416758242,28.0,145632,90.0,13106.88,468.1029,1123.2,0.4168,2020-08-30 00:00,2020-08-31 04:00,midnight,0.0,280013,True,True,True,1,1,1,True,1,hrs_overlaps_next_mo,,44073,0.416758242,468.1
3011,2020-08-30,2020,35,Sun,P14,False,10420,120437,0.687099359,36.0,308700,90.0,27783.0,771.75,1123.2,0.6871,2020-08-30 00:00,2020-08-31 12:00,midnight,0.0,120437,True,True,True,1,1,1,True,1,hrs_overlaps_next_mo,,44073,0.687099359,771.75
3032,2020-09-07,2020,37,Mon,P10,False,10457,280130,0.408226496,36.0,183408,90.0,16506.72,458.52,1123.2,0.4082,2020-09-07 00:00,2020-09-08 12:00,midnight,0.0,280206,True,True,False,2,2,1,True,2,hrs_overlaps_next_mo|mo_multi_sku_keying_error,pair_not_flagged_capable,44081,0.408226496,458.52
3033,2020-09-07,2020,37,Mon,P10,False,10457,280206,0.624939904,64.0,499152,90.0,44923.68,701.9325,1123.2,0.6249,2020-09-07 00:00,2020-09-09 16:00,midnight,6.0,280130,False,False,False,2,2,1,True,1,mo_multi_sku_keying_error,sku_not_in_master|pair_not_in_capability_table,44081,0.624939904,701.93
3043,2020-09-09,2020,37,Wed,P15,False,10481,280222,0.723849068,66.0,596220,90.0,53659.8,813.0273,1123.2,0.7238,2020-09-09 00:00,2020-09-11 18:00,midnight,1.0,280212,True,True,True,1,1,1,True,1,hrs_overlaps_next_mo,,44083,0.723849068,813.03
3047,2020-09-10,2020,37,Thu,P14,False,10474,120433,0.557825855,12.0,83540,90.0,7518.6,626.55,1123.2,0.5578,2020-09-10 00:00,2020-09-10 12:00,midnight,0.0,120465,False,False,False,2,2,1,True,1,mo_multi_sku_keying_error,sku_not_in_master|pair_not_in_capability_table,44084,0.557825855,626.55
3048,2020-09-10,2020,37,Thu,P14,False,10474,280236,0.568255876,24.0,170204,90.0,15318.36,638.265,1123.2,0.5683,2020-09-10 12:00,2020-09-11 12:00,chained_from_prev_mo,0.0,120433,False,False,False,2,2,1,True,1,mo_multi_sku_keying_error,sku_not_in_master|pair_not_in_capability_table,44084,0.568255876,638.27
3050,2020-09-10,2020,37,Thu,P15,False,280222,280222,0.502403846,12.0,75240,90.0,6771.6,564.3,1123.2,0.5024,2020-09-10 00:00,2020-09-10 12:00,midnight,2.0,280222,True,True,True,1,1,1,True,1,mo_out_of_sequence,,44084,0.502403846,564.3
3056,2020-09-13,2020,37,Sun,P10,False,10500,280130,0.539302885,8.0,53844,90.0,4845.96,605.745,1123.2,0.5393,2020-09-13 00:00,2020-09-13 08:00,midnight,0.0,280206,True,True,False,2,2,1,True,1,mo_multi_sku_keying_error,pair_not_flagged_capable,44087,0.539302885,605.75
3057,2020-09-13,2020,37,Sun,P10,False,10500,280206,0.55758547,108.0,751536,90.0,67638.24,626.28,1123.2,0.5576,2020-09-13 08:00,2020-09-17 20:00,chained_from_prev_mo,5.0,280130,False,False,False,2,2,1,True,1,mo_multi_sku_keying_error,sku_not_in_master|pair_not_in_capability_table,44087,0.55758547,626.28
3078,2020-09-19,2020,38,Sat,P16,False,524,280205,0.596296296,9.0,66976,90.0,6027.84,669.76,1123.2,0.5963,2020-09-19 03:00,2020-09-19 12:00,chained_from_prev_mo,1.0,280205,False,False,False,1,1,1,True,1,mo_out_of_sequence,sku_not_in_master|pair_not_in_capability_table,44093,0.596296296,669.76
3083,2020-09-20,2020,38,Sun,P13,False,10549,280214,0.733949055,114.0,1044204,90.0,93978.36,824.3716,1123.2,0.7339,2020-09-20 00:00,2020-09-24 18:00,midnight,0.0,280214,False,False,False,1,1,1,True,2,hrs_overlaps_next_mo|dup_date_line_sku,sku_not_in_master|pair_not_in_capability_table,44094,0.733949055,824.37
3084,2020-09-20,2020,38,Sun,P13,False,105449,280214,0.699626068,12.0,104776,90.0,9429.84,785.82,1123.2,0.6996,2020-09-20 00:00,2020-09-20 12:00,midnight,5.0,280214,False,False,False,1,1,1,True,2,mo_out_of_sequence|dup_date_line_sku,sku_not_in_master|pair_not_in_capability_table,44094,0.699626068,785.82
3093,2020-09-23,2020,39,Wed,P15,False,10559,280206,0.464802632,76.0,440856,90.0,39677.04,522.0663,1123.2,0.4648,2020-09-23 00:00,2020-09-26 04:00,midnight,1.0,280222,False,False,False,1,1,1,True,1,hrs_overlaps_next_mo,sku_not_in_master|pair_not_in_capability_table,44097,0.464802632,522.07
3102,2020-09-27,2020,39,Sun,P10,False,10611,280206,0.630996964,76.0,598488,90.0,53863.92,708.7358,1123.2,0.631,2020-09-27 00:00,2020-09-30 04:00,midnight,1.0,280206,False,False,False,1,1,1,True,1,hrs_overlaps_next_mo,sku_not_in_master|pair_not_in_capability_table,44101,0.630996964,708.74
3109,2020-09-28,2020,40,Mon,P10,False,1061,280206,0.307211538,8.0,30672,90.0,2760.48,345.06,1123.2,0.3072,2020-09-28 00:00,2020-09-28 08:00,midnight,3.0,280206,False,False,False,1,1,1,True,1,mo_out_of_sequence,sku_not_in_master|pair_not_in_capability_table,44102,0.307211538,345.06
3117,2020-10-01,2020,40,Thu,P10,False,10612,280130,0.578877171,31.0,223956,90.0,20156.04,650.1948,1123.2,0.5789,2020-10-01 00:00,2020-10-02 07:00,midnight,0.0,280206,True,True,False,1,1,1,True,1,hrs_overlaps_next_mo,pair_not_flagged_capable,44105,0.578877171,650.19
3167,2020-10-12,2020,42,Mon,P12,False,10736,120431,0.641907051,8.0,64088,90.0,5767.92,720.99,1123.2,0.6419,2020-10-12 00:00,2020-10-12 08:00,midnight,0.0,120431,False,False,False,2,2,1,True,1,mo_multi_sku_keying_error,sku_not_in_master|pair_not_in_capability_table,44116,0.641907051,720.99
3168,2020-10-12,2020,42,Mon,P12,False,10736,120437,0.680716647,64.0,543702,90.0,48933.18,764.5809,1123.2,0.6807,2020-10-12 08:00,2020-10-15 00:00,chained_from_prev_mo,3.0,120431,True,True,True,2,2,1,True,1,mo_multi_sku_keying_error,,44116,0.680716647,764.58
3172,2020-10-13,2020,42,Tue,P09,False,10758,280198,0.759610806,70.0,663596,90.0,59723.64,853.1949,1123.2,0.7596,2020-10-13 00:00,2020-10-15 22:00,midnight,0.0,280169,False,False,False,1,1,1,True,2,hrs_overlaps_next_mo|dup_date_line_sku,sku_not_in_master|pair_not_in_capability_table,44117,0.759610806,853.19
3173,2020-10-13,2020,42,Tue,P09,False,17058,280198,0.618589744,8.0,61760,90.0,5558.4,694.8,1123.2,0.6186,2020-10-13 00:00,2020-10-13 08:00,midnight,5.0,280198,False,False,False,1,1,1,True,2,mo_out_of_sequence|dup_date_line_sku,sku_not_in_master|pair_not_in_capability_table,44117,0.618589744,694.8
3193,2020-10-18,2020,42,Sun,P15,False,10808,280214,0.726643414,102.0,924988,90.0,83248.92,816.1659,1123.2,0.7266,2020-10-18 12:00,2020-10-22 18:00,chained_from_prev_mo,3.0,120437,False,False,False,1,1,1,True,1,hrs_overlaps_next_mo,sku_not_in_master|pair_not_in_capability_table,44122,0.726643414,816.17
3204,2020-10-21,2020,43,Wed,P14,False,10804,120431,0.123904915,12.0,18556,90.0,1670.04,139.17,1123.2,0.1239,2020-10-21 00:00,2020-10-21 12:00,midnight,0.0,120450,False,False,False,2,2,2,True,3,oee_low|mo_multi_sku_keying_error|dup_date_line_sku,mo_split_across_lines|sku_not_in_master|pair_not_in_capability_table,44125,0.123904915,139.17
3205,2020-10-21,2020,43,Wed,P14,False,10826,120431,0.629567308,52.0,408564,90.0,36770.76,707.13,1123.2,0.6296,2020-10-21 12:00,2020-10-23 16:00,chained_from_prev_mo,2.0,120431,False,False,False,1,1,1,True,1,dup_date_line_sku,sku_not_in_master|pair_not_in_capability_table,44125,0.629567308,707.13
3206,2020-10-21,2020,43,Wed,P15,False,10804,280052,0.485288462,10.0,60564,90.0,5450.76,545.076,1123.2,0.4853,2020-10-21 00:00,2020-10-21 10:00,midnight,2.0,280214,True,True,True,2,2,2,True,1,mo_multi_sku_keying_error,mo_split_across_lines,44125,0.485288462,545.08
3240,2020-10-30,2020,44,Fri,P12,False,10926,120430,,0.0,0,90.0,0.0,,1123.2,,2020-10-30 12:00,2020-10-30 12:00,chained_from_prev_mo,2.0,280098,False,False,False,1,1,1,False,3,oee_not_numeric|hrs_zero|pouches_zero,sku_not_in_master|pair_not_in_capability_table,44134,#DIV/0!,0.0
3256,2020-11-02,2020,45,Mon,P15,False,10902,280217,,85.5,410666,,,,1123.2,,2020-11-02 00:00,2020-11-05 13:30,midnight,2.0,280166,False,False,False,1,1,1,False,3,oee_not_numeric|hrs_overlaps_next_mo|pouch_weight_missing,sku_not_in_master|pair_not_in_capability_table,44137,#DIV/0!,0.0
3265,2020-11-05,2020,45,Thu,P09,False,120880,280065,0.605128205,12.0,90624,90.0,8156.16,679.68,1123.2,0.6051,2020-11-05 00:00,2020-11-05 12:00,midnight,1.0,280065,False,False,False,1,1,1,True,1,mo_out_of_sequence,sku_not_in_master|pair_not_in_capability_table,44140,0.605128205,679.68
3321,2020-11-19,2020,47,Thu,P14,False,11007,280238,0.61295406,12.0,91796,90.0,8261.64,688.47,1123.2,0.613,2020-11-19 00:00,2020-11-19 12:00,midnight,0.0,120430,False,False,False,2,2,2,True,1,mo_multi_sku_keying_error,mo_split_across_lines|sku_not_in_master|pair_not_in_capability_table,44154,0.61295406,688.47
3322,2020-11-19,2020,47,Thu,P14,False,11033,120436,0.766257123,54.0,516396,90.0,46475.64,860.66,1123.2,0.7663,2020-11-19 12:00,2020-11-21 18:00,chained_from_prev_mo,0.0,280238,True,True,True,1,1,1,True,1,hrs_overlaps_next_mo,,44154,0.766257123,860.66
3324,2020-11-19,2020,47,Thu,P15,False,11007,280214,0.65045406,24.0,194824,90.0,17534.16,730.59,1123.2,0.6505,2020-11-19 06:00,2020-11-20 06:00,chained_from_prev_mo,1.0,241287,False,False,False,2,2,2,True,1,mo_multi_sku_keying_error,mo_split_across_lines|sku_not_in_master|pair_not_in_capability_table,44154,0.65045406,730.59
3333,2020-11-22,2020,47,Sun,P15,False,11068,280052,0.429125327,62.18,333004,90.0,29970.36,481.9936,1123.2,0.4291,2020-11-22 00:00,2020-11-24 14:11,midnight,0.0,280222,True,True,True,1,1,1,True,1,hrs_overlaps_next_mo,,44157,0.429125327,481.99
3334,2020-11-22,2020,47,Sun,P15,False,11090,280217,,12.0,43620,,,,1123.2,,2020-11-22 00:00,2020-11-22 12:00,midnight,6.0,280052,False,False,False,1,1,1,False,2,oee_not_numeric|pouch_weight_missing,sku_not_in_master|pair_not_in_capability_table,44157,#DIV/0!,0.0
3341,2020-11-24,2020,48,Tue,P09,False,11039,280324,0.589423077,12.0,88272,90.0,7944.48,662.04,1123.2,0.5894,2020-11-24 00:00,2020-11-24 12:00,midnight,0.0,280324,True,True,True,2,2,1,True,2,mo_multi_sku_keying_error|dup_date_line_sku,,44159,0.589423077,662.04
3342,2020-11-24,2020,48,Tue,P09,False,11039,280325,0.832710978,4.12,42816,90.0,3853.44,935.301,1123.2,0.8327,2020-11-24 12:00,2020-11-24 16:07,chained_from_prev_mo,0.0,280324,True,True,True,2,2,1,True,1,mo_multi_sku_keying_error,,44159,0.832710978,935.3
3343,2020-11-24,2020,48,Tue,P09,False,11309,280324,0.545860043,12.0,81748,90.0,7357.32,613.11,1123.2,0.5459,2020-11-24 16:07,2020-11-25 04:07,chained_from_prev_mo,4.0,280325,True,True,True,1,1,1,True,1,dup_date_line_sku,,44159,0.545860043,613.11
3368,2020-12-01,2020,49,Tue,P09,False,11150,120431,0.4875,6.0,36504,90.0,3285.36,547.56,1123.2,0.4875,2020-12-01 00:00,2020-12-01 06:00,midnight,0.0,280324,False,False,False,2,2,1,True,1,mo_multi_sku_keying_error,sku_not_in_master|pair_not_in_capability_table,44166,0.4875,547.56
3369,2020-12-01,2020,49,Tue,P09,False,11150,280324,0.748611111,12.0,112112,90.0,10090.08,840.84,1123.2,0.7486,2020-12-01 06:00,2020-12-01 18:00,chained_from_prev_mo,1.0,120431,True,True,True,2,2,1,True,1,mo_multi_sku_keying_error,,44166,0.748611111,840.84
3373,2020-12-01,2020,49,Tue,P13,False,11107,280214,0.784823718,60.0,587676,90.0,52890.84,881.514,1123.2,0.7848,2020-12-01 00:00,2020-12-03 12:00,midnight,0.0,280052,False,False,False,1,1,1,True,1,hrs_overlaps_next_mo,sku_not_in_master|pair_not_in_capability_table,44166,0.784823718,881.51
3374,2020-12-01,2020,49,Tue,P13,False,11154,280052,1.015224359,6.0,76020,90.0,6841.8,1140.3,1123.2,1.0152,2020-12-01 00:00,2020-12-01 06:00,midnight,3.0,280214,True,True,True,1,1,1,False,1,oee_gt_1,,44166,1.015224359,1140.3
3383,2020-12-03,2020,49,Thu,P14,False,111112,280166,0.464476496,12.0,69560,90.0,6260.4,521.7,1123.2,0.4645,2020-12-03 12:00,2020-12-04 00:00,chained_from_prev_mo,1.0,280166,False,False,False,1,1,1,True,1,mo_out_of_sequence,sku_not_in_master|pair_not_in_capability_table,44168,0.464476496,521.7
3389,2020-12-04,2020,49,Fri,P14,False,1112,280166,0.46025641,12.0,68928,90.0,6203.52,516.96,1123.2,0.4603,2020-12-04 00:00,2020-12-04 12:00,midnight,0.0,280166,False,False,False,1,1,1,True,1,mo_out_of_sequence,sku_not_in_master|pair_not_in_capability_table,44169,0.46025641,516.96
3399,2020-12-06,2020,49,Sun,P16,False,11185,280052,0.729760344,132.0,1202178,90.0,108196.02,819.6668,1123.2,0.7298,2020-12-06 00:00,2020-12-11 12:00,midnight,3.0,280052,True,True,True,1,1,1,True,1,hrs_overlaps_next_mo,,44171,0.729760344,819.67
3408,2020-12-08,2020,50,Tue,P15,False,11182,280052,0.774973291,12.0,116060,90.0,10445.4,870.45,1123.2,0.775,2020-12-08 00:00,2020-12-08 12:00,midnight,0.0,280166,True,True,True,2,2,1,True,1,mo_multi_sku_keying_error,,44173,0.774973291,870.45
3409,2020-12-08,2020,50,Tue,P15,False,11182,280103,0.687945157,36.0,309080,90.0,27817.2,772.7,1123.2,0.6879,2020-12-08 12:00,2020-12-10 00:00,chained_from_prev_mo,2.0,280052,True,True,True,2,2,1,True,1,mo_multi_sku_keying_error,,44173,0.687945157,772.7
3413,2020-12-09,2020,50,Wed,P16,False,1185,280052,0.84142094,30.0,315028,90.0,28352.52,945.084,1123.2,0.8414,2020-12-09 00:00,2020-12-10 06:00,midnight,4.0,280052,True,True,True,1,1,1,True,1,mo_out_of_sequence,,44174,0.84142094,945.08
3417,2020-12-10,2020,50,Thu,P14,False,11179,120437,0.752534965,33.0,309924,90.0,27893.16,845.2473,1123.2,0.7525,2020-12-10 00:00,2020-12-11 09:00,midnight,0.0,280166,True,True,True,1,1,1,True,1,hrs_overlaps_next_mo,,44175,0.752534965,845.25
3423,2020-12-13,2020,50,Sun,P10,False,11211,280205,0.513461538,12.0,76896,90.0,6920.64,576.72,1123.2,0.5135,2020-12-13 00:00,2020-12-13 12:00,midnight,0.0,280206,False,False,False,2,2,1,True,1,mo_multi_sku_keying_error,sku_not_in_master|pair_not_in_capability_table,44178,0.513461538,576.72
3424,2020-12-13,2020,50,Sun,P10,False,11211,280206,0.621875,144.0,1117584,90.0,100582.56,698.49,1123.2,0.6219,2020-12-13 12:00,2020-12-19 12:00,chained_from_prev_mo,7.0,280205,False,False,False,2,2,1,True,1,mo_multi_sku_keying_error,sku_not_in_master|pair_not_in_capability_table,44178,0.621875,698.49
3428,2020-12-13,2020,50,Sun,P14,False,11225,120437,0.815311772,66.0,671556,90.0,60440.04,915.7582,1123.2,0.8153,2020-12-13 00:00,2020-12-15 18:00,midnight,0.0,120448,True,True,True,1,1,1,True,1,hrs_overlaps_next_mo,,44178,0.815311772,915.76
3441,2020-12-18,2020,51,Fri,P12,False,11219,120450,0.648208899,34.0,275048,90.0,24754.32,728.0682,1123.2,0.6482,2020-12-18 00:00,2020-12-19 10:00,midnight,0.0,120454,True,True,True,1,1,1,True,1,hrs_overlaps_next_mo,,44183,0.648208899,728.07
3446,2020-12-19,2020,51,Sat,P09,False,111210,280065,0.633840812,12.0,94924,90.0,8543.16,711.93,1123.2,0.6338,2020-12-19 12:00,2020-12-20 00:00,chained_from_prev_mo,1.0,280198,False,False,False,1,1,1,True,1,mo_out_of_sequence,sku_not_in_master|pair_not_in_capability_table,44184,0.633840812,711.93
3453,2020-12-20,2020,51,Sun,P13,False,11265,251200,0.855929487,18.0,192276,90.0,17304.84,961.38,1123.2,0.8559,2020-12-20 00:00,2020-12-20 18:00,midnight,0.0,280172,True,True,True,2,2,1,True,1,mo_multi_sku_keying_error,,44185,0.855929487,961.38
3454,2020-12-20,2020,51,Sun,P13,False,11265,280002,0.832291667,12.0,124644,90.0,11217.96,934.83,1123.2,0.8323,2020-12-20 18:00,2020-12-21 06:00,chained_from_prev_mo,1.0,251200,False,False,False,2,2,1,True,1,mo_multi_sku_keying_error,sku_not_in_master|pair_not_in_capability_table,44185,0.832291667,934.83
3461,2020-12-21,2020,52,Mon,P14,False,11269,120536,0.764155983,24.0,228880,90.0,20599.2,858.3,1123.2,0.7642,2020-12-21 12:00,2020-12-22 12:00,chained_from_prev_mo,0.0,120445,True,True,True,2,1,2,True,1,dup_date_line_sku,mo_split_across_lines,44186,0.764155983,858.3
3462,2020-12-21,2020,52,Mon,P14,False,112698,120536,0.715144231,12.0,107100,90.0,9639.0,803.25,1123.2,0.7151,2020-12-21 00:00,2020-12-21 12:00,midnight,1.0,120536,True,True,True,1,1,1,True,2,mo_out_of_sequence|dup_date_line_sku,,44186,0.715144231,803.25
3473,2021-01-01,2020,53,Fri,P14,False,11370,120430,0.724278846,12.0,108468,90.0,9762.12,813.51,1123.2,0.7243,2021-01-01 00:00,2021-01-01 12:00,midnight,0.0,120430,False,False,False,2,2,1,True,1,mo_multi_sku_keying_error,sku_not_in_master|pair_not_in_capability_table,44197,0.724278846,813.51
3474,2021-01-01,2020,53,Fri,P14,False,11370,120436,0.552922954,16.72,115376,90.0,10383.84,621.0431,1123.2,0.5529,2021-01-01 12:00,2021-01-02 04:43,chained_from_prev_mo,1.0,120430,True,True,True,2,2,1,True,1,mo_multi_sku_keying_error,,44197,0.552922954,621.04
3528,2021-01-13,2021,2,Wed,P14,False,11485,120453,0.623637821,12.0,93396,90.0,8405.64,700.47,1123.2,0.6236,2021-01-13 12:00,2021-01-14 00:00,chained_from_prev_mo,0.0,120437,True,True,True,2,2,1,True,1,mo_multi_sku_keying_error,,44209,0.623637821,700.47
3529,2021-01-13,2021,2,Wed,P14,False,11485,280166,0.624662005,55.0,428768,90.0,38589.12,701.6204,1123.2,0.6247,2021-01-13 00:00,2021-01-15 07:00,midnight,3.0,120453,False,False,False,2,2,1,True,1,mo_multi_sku_keying_error,sku_not_in_master|pair_not_in_capability_table,44209,0.624662005,701.62
3546,2021-01-18,2021,3,Mon,P09,False,11527,280105,0.766755698,36.0,344488,90.0,31003.92,861.22,1123.2,0.7668,2021-01-18 00:00,2021-01-19 12:00,midnight,1.0,280214,False,False,False,2,2,2,True,1,mo_multi_sku_keying_error,mo_split_across_lines|sku_not_in_master|pair_not_in_capability_table,44214,0.766755698,861.22
3548,2021-01-18,2021,3,Mon,P13,False,11527,280243,0.812660256,12.0,121704,90.0,10953.36,912.78,1123.2,0.8127,2021-01-18 12:00,2021-01-19 00:00,chained_from_prev_mo,0.0,280052,False,False,False,2,2,2,True,1,mo_multi_sku_keying_error,mo_split_across_lines|sku_not_in_master|pair_not_in_capability_table,44214,0.812660256,912.78
3600,2021-02-01,2021,5,Mon,P10,False,11679,280206,0.727434975,139.0,1261896,90.0,113570.64,817.055,1123.2,0.7274,2021-02-01 00:00,2021-02-06 19:00,midnight,1.0,280206,False,False,False,1,1,1,True,1,hrs_overlaps_next_mo,sku_not_in_master|pair_not_in_capability_table,44228,0.727434975,817.05
3603,2021-02-01,2021,5,Mon,P13,False,11639,280235,0.623476554,103.0,724380,120.0,86925.6,843.9379,1353.6,0.6235,2021-02-01 00:00,2021-02-05 07:00,midnight,0.0,280169,False,False,False,1,1,1,True,1,hrs_overlaps_next_mo,sku_not_in_master|pair_not_in_capability_table,44228,0.623476554,843.94
3605,2021-02-01,2021,5,Mon,P13,False,11683,241287,0.759855769,24.0,227592,90.0,20483.28,853.47,1123.2,0.7599,2021-02-01 06:00,2021-02-02 06:00,chained_from_prev_mo,5.0,280169,False,False,False,2,2,2,True,1,mo_multi_sku_keying_error,mo_split_across_lines|sku_not_in_master|pair_not_in_capability_table,44228,0.759855769,853.47
3606,2021-02-01,2021,5,Mon,P14,False,11683,120445,0.780194979,24.0,233684,90.0,21031.56,876.315,1123.2,0.7802,2021-02-01 00:00,2021-02-02 00:00,midnight,1.0,120430,True,True,True,2,2,2,True,1,mo_multi_sku_keying_error,mo_split_across_lines,44228,0.780194979,876.32
3607,2021-02-01,2021,5,Mon,P15,False,11665,241283,0.610746083,36.0,274396,90.0,24695.64,685.99,1123.2,0.6107,2021-02-01 00:00,2021-02-02 12:00,midnight,0.0,280214,True,True,True,1,1,1,True,1,hrs_overlaps_next_mo,,44228,0.610746083,685.99
3610,2021-02-02,2021,5,Tue,P09,False,11623,280286,0.726816239,36.0,326544,90.0,29388.96,816.36,1123.2,0.7268,2021-02-02 00:00,2021-02-03 12:00,midnight,1.0,280172,False,False,False,2,2,2,True,1,mo_multi_sku_keying_error,mo_split_across_lines|sku_not_in_master|pair_not_in_capability_table,44229,0.726816239,816.36
3611,2021-02-02,2021,5,Tue,P10,False,11623,280206,0.581570513,12.0,87096,90.0,7838.64,653.22,1123.2,0.5816,2021-02-02 00:00,2021-02-02 12:00,midnight,5.0,280206,False,False,False,2,2,2,True,1,mo_multi_sku_keying_error,mo_split_across_lines|sku_not_in_master|pair_not_in_capability_table,44229,0.581570513,653.22
3635,2021-02-07,2021,5,Sun,P15,False,11710,120534,0.610844017,12.0,91480,90.0,8233.2,686.1,1123.2,0.6108,2021-02-07 00:00,2021-02-07 12:00,midnight,0.0,280103,False,False,False,2,2,1,True,1,mo_multi_sku_keying_error,sku_not_in_master|pair_not_in_capability_table,44234,0.610844017,686.1
3636,2021-02-07,2021,5,Sun,P15,False,11710,280169,0.757665598,36.0,340404,90.0,30636.36,851.01,1123.2,0.7577,2021-02-07 12:00,2021-02-09 00:00,chained_from_prev_mo,2.0,120534,True,True,True,2,2,1,True,1,mo_multi_sku_keying_error,,44234,0.757665598,851.01
3661,2021-02-15,2021,7,Mon,P09,False,11738,280169,0.088060897,12.0,13188,90.0,1186.92,98.91,1123.2,0.0881,2021-02-15 07:00,2021-02-15 19:00,chained_from_prev_mo,0.0,280315,True,True,True,2,2,1,True,2,oee_low|mo_multi_sku_keying_error,,44242,0.088060897,98.91
3662,2021-02-15,2021,7,Mon,P09,False,11738,280198,0.565535969,72.0,508168,90.0,45735.12,635.21,1123.2,0.5655,2021-02-15 19:00,2021-02-18 19:00,chained_from_prev_mo,3.0,280169,False,False,False,2,2,1,True,1,mo_multi_sku_keying_error,sku_not_in_master|pair_not_in_capability_table,44242,0.565535969,635.21
3673,2021-02-18,2021,7,Thu,P15,False,280103,280103,0.284722222,12.0,42640,90.0,3837.6,319.8,1123.2,0.2847,2021-02-18 00:00,2021-02-18 12:00,midnight,2.0,280103,True,True,True,1,1,1,True,1,mo_out_of_sequence,,44245,0.284722222,319.8
3691,2021-02-22,2021,8,Mon,P12,False,11828,120448,0.789985486,53.0,522528,90.0,47027.52,887.3117,1123.2,0.79,2021-02-22 00:00,2021-02-24 05:00,midnight,1.0,120433,True,True,True,1,1,1,True,1,hrs_overlaps_next_mo,,44249,0.789985486,887.31
3693,2021-02-23,2021,8,Tue,P12,False,118282,120448,0.857692308,12.0,128448,90.0,11560.32,963.36,1123.2,0.8577,2021-02-23 00:00,2021-02-23 12:00,midnight,1.0,120448,True,True,True,1,1,1,True,1,mo_out_of_sequence,,44250,0.857692308,963.36
3697,2021-02-24,2021,8,Wed,P12,False,11829,280169,,0.0,24616,90.0,2215.44,,1123.2,,2021-02-24 00:00,2021-02-24 00:00,midnight,1.0,120448,True,True,False,1,1,1,False,2,oee_not_numeric|hrs_zero,pair_not_flagged_capable,44251,#DIV/0!,0.0
3716,2021-03-01,2021,9,Mon,P13,False,11914,241287,0.728283091,111.0,1008876,90.0,90798.84,818.0076,1123.2,0.7283,2021-03-01 00:00,2021-03-05 15:00,midnight,0.0,280198,False,False,False,1,1,1,True,2,hrs_overlaps_next_mo|dup_date_line_sku,sku_not_in_master|pair_not_in_capability_table,44256,0.728283091,818.01
3717,2021-03-01,2021,9,Mon,P13,False,11941,241287,0.792857143,7.0,69264,90.0,6233.76,890.5371,1123.2,0.7929,2021-03-01 00:00,2021-03-01 07:00,midnight,6.0,241287,False,False,False,2,2,2,True,2,mo_multi_sku_keying_error|dup_date_line_sku,mo_split_across_lines|sku_not_in_master|pair_not_in_capability_table,44256,0.792857143,890.54
3719,2021-03-01,2021,9,Mon,P14,False,11941,280237,0.405729167,24.0,121524,90.0,10937.16,455.715,1123.2,0.4057,2021-03-01 00:00,2021-03-02 00:00,midnight,1.0,120430,False,False,False,2,2,2,True,1,mo_multi_sku_keying_error,mo_split_across_lines|sku_not_in_master|pair_not_in_capability_table,44256,0.405729167,455.72
3720,2021-03-01,2021,9,Mon,P15,False,11916,280214,0.387820513,12.0,58080,90.0,5227.2,435.6,1123.2,0.3878,2021-03-01 00:00,2021-03-01 12:00,midnight,0.0,280222,False,False,False,2,2,1,True,1,mo_multi_sku_keying_error,sku_not_in_master|pair_not_in_capability_table,44256,0.387820513,435.6
3721,2021-03-01,2021,9,Mon,P15,False,11916,280222,0.804527244,48.0,481944,90.0,43374.96,903.645,1123.2,0.8045,2021-03-01 12:00,2021-03-03 12:00,chained_from_prev_mo,2.0,280214,True,True,True,2,2,1,True,1,mo_multi_sku_keying_error,,44256,0.804527244,903.65
3726,2021-03-03,2021,9,Wed,P12,False,11858,280287,0.198463357,24.0,53728,110.0,5910.08,246.2533,1240.8,0.1985,2021-03-03 00:00,2021-03-04 00:00,midnight,1.0,280229,False,False,False,1,1,1,True,1,oee_low,sku_not_in_master|pair_not_in_capability_table,44258,0.198463357,246.25
3731,2021-03-04,2021,9,Thu,P12,False,11859,280225,0.188707038,26.0,55344,110.0,6087.84,234.1477,1240.8,0.1887,2021-03-04 00:00,2021-03-05 02:00,midnight,1.0,280287,False,False,False,1,1,1,True,1,oee_low,sku_not_in_master|pair_not_in_capability_table,44259,0.188707038,234.15
3762,2021-03-14,2021,10,Sun,P10,False,11980,280206,0.551677204,146.0,1005200,90.0,90468.0,619.6438,1123.2,0.5517,2021-03-14 00:00,2021-03-20 02:00,midnight,1.0,280206,False,False,False,1,1,1,True,1,hrs_overlaps_next_mo,sku_not_in_master|pair_not_in_capability_table,44269,0.551677204,619.64
3768,2021-03-14,2021,10,Sun,P16,False,12021,280052,0.758982561,127.0,1202957,90.0,108266.13,852.4892,1123.2,0.759,2021-03-14 00:00,2021-03-19 07:00,midnight,3.0,280052,True,True,True,1,1,1,True,1,hrs_overlaps_next_mo,,44269,0.758982561,852.49
3773,2021-03-16,2021,11,Tue,P14,False,11992,120436,0.689609705,79.0,679900,90.0,61191.0,774.5696,1123.2,0.6896,2021-03-16 00:00,2021-03-19 07:00,midnight,0.0,120445,True,True,True,2,2,1,True,2,hrs_overlaps_next_mo|mo_multi_sku_keying_error,,44271,0.689609705,774.57
3774,2021-03-16,2021,11,Tue,P14,False,11992,280236,0.607879274,12.0,91036,90.0,8193.24,682.77,1123.2,0.6079,2021-03-16 00:00,2021-03-16 12:00,midnight,3.0,120436,False,False,False,2,2,1,True,1,mo_multi_sku_keying_error,sku_not_in_master|pair_not_in_capability_table,44271,0.607879274,682.77
3776,2021-03-17,2021,11,Wed,P16,False,1221,280052,0.792174145,12.0,118636,90.0,10677.24,889.77,1123.2,0.7922,2021-03-17 00:00,2021-03-17 12:00,midnight,1.0,280052,True,True,True,1,1,1,True,1,mo_out_of_sequence,,44272,0.792174145,889.77
3778,2021-03-18,2021,11,Thu,P16,False,120021,280052,0.801235147,20.5,204988,90.0,18448.92,899.9473,1123.2,0.8012,2021-03-18 00:00,2021-03-18 20:30,midnight,3.0,280052,True,True,True,1,1,1,True,1,mo_out_of_sequence,,44273,0.801235147,899.95
3827,2021-04-01,2021,13,Thu,P11,False,12093,280326,0.713194444,36.0,320424,90.0,28838.16,801.06,1123.2,0.7132,2021-04-01 00:00,2021-04-02 12:00,midnight,0.0,120448,False,False,False,1,1,1,True,1,hrs_overlaps_next_mo,sku_not_in_master|pair_not_in_capability_table,44287,0.713194444,801.06
3829,2021-04-01,2021,13,Thu,P12,False,12098,280232,0.175088652,12.0,23700,110.0,2607.0,217.25,1240.8,0.1751,2021-04-01 00:00,2021-04-01 12:00,midnight,0.0,280230,False,False,False,1,1,1,True,1,oee_low,sku_not_in_master|pair_not_in_capability_table,44287,0.175088652,217.25
3833,2021-04-01,2021,13,Thu,P15,False,12149,280222,0.711079219,67.0,594576,90.0,53511.84,798.6842,1123.2,0.7111,2021-04-01 00:00,2021-04-03 19:00,midnight,0.0,280222,True,True,True,2,2,1,True,2,hrs_overlaps_next_mo|mo_multi_sku_keying_error,,44287,0.711079219,798.68
3834,2021-04-01,2021,13,Thu,P15,False,12149,280324,0.808974359,12.0,121152,90.0,10903.68,908.64,1123.2,0.809,2021-04-01 00:00,2021-04-01 12:00,midnight,3.0,280222,True,True,True,2,2,1,True,1,mo_multi_sku_keying_error,,44287,0.808974359,908.64
3838,2021-04-02,2021,13,Fri,P12,False,12100,120465,0.008373397,24.0,2508,90.0,225.72,9.405,1123.2,0.0084,2021-04-02 12:00,2021-04-03 12:00,chained_from_prev_mo,1.0,120436,True,True,True,1,1,1,True,1,oee_low,,44288,0.008373397,9.41
3839,2021-04-02,2021,13,Fri,P13,False,12105,280212,0.617028536,31.0,238716,90.0,21484.44,693.0465,1123.2,0.617,2021-04-02 00:00,2021-04-03 07:00,midnight,0.0,280172,True,True,True,1,1,1,True,2,hrs_overlaps_next_mo|dup_date_line_sku,,44288,0.617028536,693.05
3840,2021-04-02,2021,13,Fri,P13,False,122105,280212,0.844230769,12.0,126432,90.0,11378.88,948.24,1123.2,0.8442,2021-04-02 00:00,2021-04-02 12:00,midnight,2.0,280212,True,True,True,1,1,1,True,2,mo_out_of_sequence|dup_date_line_sku,,44288,0.844230769,948.24
3869,2021-04-09,2021,14,Fri,P12,False,12202,280229,0.179669031,48.0,97280,110.0,10700.8,222.9333,1240.8,0.1797,2021-04-09 12:00,2021-04-11 12:00,chained_from_prev_mo,2.0,280228,False,False,False,1,1,1,True,1,oee_low,sku_not_in_master|pair_not_in_capability_table,44295,0.179669031,222.93
3876,2021-04-11,2021,14,Sun,P11,False,12219,280206,0.401373626,7.0,35064,90.0,3155.76,450.8229,1123.2,0.4014,2021-04-11 00:00,2021-04-11 07:00,midnight,0.0,280264,False,False,False,2,1,2,True,1,dup_date_line_sku,mo_split_across_lines|sku_not_in_master|pair_not_in_capability_table,44297,0.401373626,450.82
3877,2021-04-11,2021,14,Sun,P11,False,12220,280206,0.627111951,112.0,876552,90.0,78889.68,704.3721,1123.2,0.6271,2021-04-11 07:00,2021-04-15 23:00,chained_from_prev_mo,5.0,280206,False,False,False,1,1,1,True,1,dup_date_line_sku,sku_not_in_master|pair_not_in_capability_table,44297,0.627111951,704.37
3895,2021-04-15,2021,15,Thu,P12,False,120453,120453,0.588728632,12.0,88168,90.0,7935.12,661.26,1123.2,0.5887,2021-04-15 12:00,2021-04-16 00:00,chained_from_prev_mo,1.0,280114,True,True,True,1,1,1,True,1,mo_out_of_sequence,,44301,0.588728632,661.26
3904,2021-04-18,2021,15,Sun,P11,False,12283,280206,0.666834099,67.0,557580,90.0,50182.2,748.9881,1123.2,0.6668,2021-04-18 00:00,2021-04-20 19:00,midnight,0.0,280316,False,False,False,1,1,1,True,1,hrs_overlaps_next_mo,sku_not_in_master|pair_not_in_capability_table,44304,0.666834099,748.99
3956,2021-05-01,2021,17,Sat,P16,False,12451,280052,0.70803953,12.0,106036,90.0,9543.24,795.27,1123.2,0.708,2021-05-01 00:00,2021-05-01 12:00,midnight,0.0,280052,True,True,True,1,1,1,True,1,dup_date_line_sku,,44317,0.70803953,795.27
3957,2021-05-01,2021,17,Sat,P16,False,12461,280052,0.608012821,7.0,53116,90.0,4780.44,682.92,1123.2,0.608,2021-05-01 12:00,2021-05-01 19:00,chained_from_prev_mo,1.0,280052,True,True,True,1,1,1,True,1,dup_date_line_sku,,44317,0.608012821,682.92
3961,2021-05-02,2021,17,Sun,P12,False,12472,120436,0.662019231,12.0,99144,90.0,8922.96,743.58,1123.2,0.662,2021-05-02 00:00,2021-05-02 12:00,midnight,0.0,120430,True,True,True,1,1,1,True,1,dup_date_line_sku,,44318,0.662019231,743.58
3962,2021-05-02,2021,17,Sun,P12,False,12486,120436,0.731810897,24.0,219192,90.0,19727.28,821.97,1123.2,0.7318,2021-05-02 12:00,2021-05-03 12:00,chained_from_prev_mo,1.0,120436,True,True,True,1,1,1,True,1,dup_date_line_sku,,44318,0.731810897,821.97
3970,2021-05-04,2021,18,Tue,P09,False,123385,280105,0.720886752,12.0,107960,90.0,9716.4,809.7,1123.2,0.7209,2021-05-04 12:00,2021-05-05 00:00,chained_from_prev_mo,1.0,280105,False,False,False,1,1,1,True,1,mo_out_of_sequence,sku_not_in_master|pair_not_in_capability_table,44320,0.720886752,809.7
3997,2021-05-11,2021,19,Tue,P09,False,125546,241283,0.654487179,12.0,98016,90.0,8821.44,735.12,1123.2,0.6545,2021-05-11 07:00,2021-05-11 19:00,chained_from_prev_mo,1.0,241283,True,True,True,1,1,1,True,1,mo_out_of_sequence,,44327,0.654487179,735.12
4000,2021-05-12,2021,19,Wed,P13,False,12551,280212,0.688111888,55.0,472320,90.0,42508.8,772.8873,1123.2,0.6881,2021-05-12 12:00,2021-05-14 19:00,chained_from_prev_mo,0.0,280213,True,True,True,2,2,1,True,2,hrs_overlaps_next_mo|mo_multi_sku_keying_error,,44328,0.688111888,772.89
4001,2021-05-12,2021,19,Wed,P13,False,12551,280355,0.681209936,24.0,204036,90.0,18363.24,765.135,1123.2,0.6812,2021-05-12 00:00,2021-05-13 00:00,midnight,4.0,280212,True,True,True,2,2,1,True,1,mo_multi_sku_keying_error,,44328,0.681209936,765.14
4012,2021-05-14,2021,19,Fri,P15,False,12578,280103,0.727447411,206.0,1870180,90.0,168316.2,817.0689,1123.2,0.7274,2021-05-14 00:00,2021-05-22 14:00,midnight,9.0,280103,True,True,True,1,1,1,True,1,hrs_long,,44330,0.727447411,817.07
4017,2021-05-16,2021,19,Sun,P14,False,616,120532,0.467788462,12.0,70056,90.0,6305.04,525.42,1123.2,0.4678,2021-05-16 00:00,2021-05-16 12:00,midnight,0.0,280204,True,True,True,1,1,1,True,2,mo_out_of_sequence|dup_date_line_sku,,44332,0.467788462,525.42
4018,2021-05-16,2021,19,Sun,P14,False,12610,120532,0.759157509,84.0,795840,90.0,71625.6,852.6857,1123.2,0.7592,2021-05-16 12:00,2021-05-20 00:00,chained_from_prev_mo,0.0,120532,True,True,True,2,2,1,True,3,hrs_overlaps_next_mo|mo_multi_sku_keying_error|dup_date_line_sku,,44332,0.759157509,852.69
4019,2021-05-16,2021,19,Sun,P14,False,12610,120534,0.691552936,31.0,267548,90.0,24079.32,776.7523,1123.2,0.6916,2021-05-16 00:00,2021-05-17 07:00,midnight,4.0,120532,False,False,False,2,2,1,True,1,mo_multi_sku_keying_error,sku_not_in_master|pair_not_in_capability_table,44332,0.691552936,776.75
4020,2021-05-16,2021,19,Sun,P16,False,12580,280205,0.556510716,67.0,465332,90.0,41879.88,625.0728,1123.2,0.5565,2021-05-16 00:00,2021-05-18 19:00,midnight,0.0,280198,False,False,False,1,1,1,True,2,hrs_overlaps_next_mo|dup_date_line_sku,sku_not_in_master|pair_not_in_capability_table,44332,0.556510716,625.07
4021,2021-05-16,2021,19,Sun,P16,False,280205,280205,0.629326923,12.0,94248,90.0,8482.32,706.86,1123.2,0.6293,2021-05-16 00:00,2021-05-16 12:00,midnight,3.0,280205,False,False,False,1,1,1,True,2,mo_out_of_sequence|dup_date_line_sku,sku_not_in_master|pair_not_in_capability_table,44332,0.629326923,706.86
4056,2021-06-04,2021,22,Fri,P11,False,12706,280236,0.172727273,22.0,47424,90.0,4268.16,194.0073,1123.2,0.1727,2021-06-04 00:00,2021-06-04 22:00,midnight,0.0,280264,False,False,False,2,2,1,True,2,oee_low|mo_multi_sku_keying_error,sku_not_in_master|pair_not_in_capability_table,44351,0.172727273,194.01
4057,2021-06-04,2021,22,Fri,P11,False,12706,280326,0.747115385,21.0,195804,90.0,17622.36,839.16,1123.2,0.7471,2021-06-04 22:00,2021-06-05 19:00,chained_from_prev_mo,2.0,280236,False,False,False,2,2,1,True,1,mo_multi_sku_keying_error,sku_not_in_master|pair_not_in_capability_table,44351,0.747115385,839.16
4063,2021-06-06,2021,22,Sun,P10,False,12718,280172,0.435462113,67.0,364116,90.0,32770.44,489.111,1123.2,0.4355,2021-06-06 00:00,2021-06-08 19:00,midnight,0.0,280222,True,True,False,2,2,1,True,2,hrs_overlaps_next_mo|mo_multi_sku_keying_error,pair_not_flagged_capable,44353,0.435462113,489.11
4064,2021-06-06,2021,22,Sun,P10,False,12718,280222,0.494357566,91.0,561432,90.0,50528.88,555.2624,1123.2,0.4944,2021-06-06 00:00,2021-06-09 19:00,midnight,7.0,280172,True,True,True,2,2,1,True,1,mo_multi_sku_keying_error,,44353,0.494357566,555.26
4069,2021-06-06,2021,22,Sun,P14,False,12709,280245,0.744791667,12.0,111540,90.0,10038.6,836.55,1123.2,0.7448,2021-06-06 00:00,2021-06-06 12:00,midnight,0.0,280244,False,False,False,1,1,1,True,1,dup_date_line_sku,sku_not_in_master|pair_not_in_capability_table,44353,0.744791667,836.55
4070,2021-06-06,2021,22,Sun,P14,False,12738,280245,0.469017094,12.0,70240,90.0,6321.6,526.8,1123.2,0.469,2021-06-06 12:00,2021-06-07 00:00,chained_from_prev_mo,1.0,280245,False,False,False,1,1,1,True,1,dup_date_line_sku,sku_not_in_master|pair_not_in_capability_table,44353,0.469017094,526.8
4071,2021-06-06,2021,22,Sun,P15,False,12746,280104,0.764155983,36.0,343320,90.0,30898.8,858.3,1123.2,0.7642,2021-06-06 00:00,2021-06-07 12:00,midnight,0.0,120464,True,True,True,2,2,1,True,3,hrs_overlaps_next_mo|mo_multi_sku_keying_error|dup_date_line_sku,,44353,0.764155983,858.3
4072,2021-06-06,2021,22,Sun,P15,False,12746,280324,0.596204453,19.0,141372,90.0,12723.48,669.6568,1123.2,0.5962,2021-06-06 00:00,2021-06-06 19:00,midnight,0.0,280104,True,True,True,2,2,1,True,2,mo_multi_sku_keying_error|dup_date_line_sku,,44353,0.596204453,669.66
4073,2021-06-06,2021,22,Sun,P15,False,12747,280104,0.780849359,12.0,116940,90.0,10524.6,877.05,1123.2,0.7808,2021-06-06 19:00,2021-06-07 07:00,chained_from_prev_mo,0.0,280324,True,True,True,2,2,1,True,2,mo_multi_sku_keying_error|dup_date_line_sku,,44353,0.780849359,877.05
4074,2021-06-06,2021,22,Sun,P15,False,12747,280324,0.642658253,96.0,769956,90.0,69296.04,721.8337,1123.2,0.6427,2021-06-06 00:00,2021-06-10 00:00,midnight,7.0,280104,True,True,True,2,2,1,True,2,mo_multi_sku_keying_error|dup_date_line_sku,,44353,0.642658253,721.83
4079,2021-06-07,2021,23,Mon,P12,False,12729,120431,0.536858974,24.0,160800,90.0,14472.0,603.0,1123.2,0.5369,2021-06-07 00:00,2021-06-08 00:00,midnight,0.0,120431,False,False,False,2,2,1,True,1,mo_multi_sku_keying_error,sku_not_in_master|pair_not_in_capability_table,44354,0.536858974,603.0
4080,2021-06-07,2021,23,Mon,P12,False,12729,120435,0.490526237,43.0,263236,90.0,23691.24,550.9591,1123.2,0.4905,2021-06-07 00:00,2021-06-08 19:00,midnight,3.0,120431,True,True,True,2,2,1,True,1,mo_multi_sku_keying_error,,44354,0.490526237,550.96
4084,2021-06-07,2021,23,Mon,P17,True,12750,280105,0.18974359,40.0,189440,90.0,17049.6,426.24,2246.4,0.1897,2021-06-07 00:00,2021-06-08 16:00,midnight,7.0,,False,False,False,1,1,1,True,1,oee_low,sku_not_in_master|pair_not_in_capability_table,44354,0.18974359,426.24
4089,2021-06-11,2021,23,Fri,P12,False,12732,120437,0.469276557,7.0,40996,90.0,3689.64,527.0914,1123.2,0.4693,2021-06-11 00:00,2021-06-11 07:00,midnight,0.0,280223,True,True,True,2,2,1,True,1,mo_multi_sku_keying_error,,44358,0.469276557,527.09
4090,2021-06-11,2021,23,Fri,P12,False,12732,280230,0.629403073,24.0,170392,110.0,18743.12,780.9633,1240.8,0.6294,2021-06-11 07:00,2021-06-12 07:00,chained_from_prev_mo,1.0,120437,False,False,False,2,2,1,True,1,mo_multi_sku_keying_error,sku_not_in_master|pair_not_in_capability_table,44358,0.629403073,780.96
4101,2021-06-14,2021,24,Mon,P16,False,12856,280105,0.165598291,12.0,24800,90.0,2232.0,186.0,1123.2,0.1656,2021-06-14 07:00,2021-06-14 19:00,chained_from_prev_mo,0.0,280325,False,False,False,2,1,2,True,1,oee_low,mo_split_across_lines|sku_not_in_master|pair_not_in_capability_table,44361,0.165598291,186.0
4116,2021-06-20,2021,24,Sun,P14,False,12877,120444,0.640331784,91.0,727212,90.0,65449.08,719.2207,1123.2,0.6403,2021-06-20 12:00,2021-06-24 07:00,chained_from_prev_mo,2.0,120531,True,True,True,1,1,1,True,1,hrs_overlaps_next_mo,,44367,0.640331784,719.22
4118,2021-06-20,2021,24,Sun,P16,False,12884,280323,0.539001431,103.0,692854,90.0,62356.86,605.4064,1123.2,0.539,2021-06-20 00:00,2021-06-24 07:00,midnight,2.0,280324,True,True,True,1,1,1,True,1,hrs_overlaps_next_mo,,44367,0.539001431,605.41
4127,2021-06-27,2021,25,Sun,P10,False,12971,280206,0.665384615,141.5,1175016,90.0,105751.44,747.36,1123.2,0.6654,2021-06-27 00:00,2021-07-02 21:30,midnight,2.0,280206,False,False,False,1,1,1,True,1,hrs_overlaps_next_mo,sku_not_in_master|pair_not_in_capability_table,44374,0.665384615,747.36
4139,2021-06-28,2021,26,Mon,P17,True,12949,280052,0.312118437,84.0,654400,90.0,58896.0,701.1429,2246.4,0.3121,2021-06-28 00:00,2021-07-01 12:00,midnight,2.0,120437,True,True,True,1,1,1,True,1,hrs_overlaps_next_mo,,44375,0.312118437,701.14
4140,2021-06-29,2021,26,Tue,P09,False,12926,280325,0.682453119,67.0,570640,90.0,51357.6,766.5313,1123.2,0.6825,2021-06-29 00:00,2021-07-01 19:00,midnight,1.0,280169,True,True,True,1,1,1,True,1,hrs_overlaps_next_mo,,44376,0.682453119,766.53
4145,2021-06-30,2021,26,Wed,P12,False,12936,120531,0.60476856,43.0,324543,90.0,29208.87,679.276,1123.2,0.6048,2021-06-30 00:00,2021-07-01 19:00,midnight,0.0,280114,True,True,True,1,1,1,True,1,hrs_overlaps_next_mo,,44377,0.60476856,679.28
4149,2021-07-10,2021,27,Sat,P09,False,12994,280315,0.18170406,24.0,54424,90.0,4898.16,204.09,1123.2,0.1817,2021-07-10 00:00,2021-07-11 00:00,midnight,1.0,280065,False,False,False,1,1,1,True,1,oee_low,sku_not_in_master|pair_not_in_capability_table,44387,0.18170406,204.09
4150,2021-07-10,2021,27,Sat,P10,False,13049,280206,0.484138386,170.0,1027148,90.0,92443.32,543.7842,1123.2,0.4841,2021-07-10 00:00,2021-07-17 02:00,midnight,1.0,280206,False,False,False,1,1,1,True,2,hrs_long|hrs_overlaps_next_mo,sku_not_in_master|pair_not_in_capability_table,44387,0.484138386,543.78
4151,2021-07-10,2021,27,Sat,P11,False,12998,241288,0.105328526,24.0,31548,90.0,2839.32,118.305,1123.2,0.1053,2021-07-10 00:00,2021-07-11 00:00,midnight,1.0,120464,False,False,False,1,1,1,True,1,oee_low,sku_not_in_master|pair_not_in_capability_table,44387,0.105328526,118.31
4157,2021-07-10,2021,27,Sat,P17,True,13068,280052,0.232249695,84.0,486944,90.0,43824.96,521.7257,2246.4,0.2322,2021-07-10 00:00,2021-07-13 12:00,midnight,0.0,280052,True,True,True,2,2,1,True,2,hrs_overlaps_next_mo|mo_multi_sku_keying_error,,44387,0.232249695,521.73
4158,2021-07-10,2021,27,Sat,P17,True,13068,280323,0.318161058,40.0,317652,90.0,28588.68,714.717,2246.4,0.3182,2021-07-10 00:00,2021-07-11 16:00,midnight,3.0,280052,True,True,True,2,2,1,True,1,mo_multi_sku_keying_error,,44387,0.318161058,714.72
4159,2021-07-11,2021,27,Sun,P09,False,13046,280315,0.473159636,31.0,183056,90.0,16475.04,531.4529,1123.2,0.4732,2021-07-11 00:00,2021-07-12 07:00,midnight,1.0,280315,False,False,False,2,2,2,True,1,mo_multi_sku_keying_error,mo_split_across_lines|sku_not_in_master|pair_not_in_capability_table,44388,0.473159636,531.45
4160,2021-07-11,2021,27,Sun,P10,False,13046,280206,0.322115385,12.0,48240,90.0,4341.6,361.8,1123.2,0.3221,2021-07-11 00:00,2021-07-11 12:00,midnight,7.0,280206,False,False,False,2,2,2,True,1,mo_multi_sku_keying_error,mo_split_across_lines|sku_not_in_master|pair_not_in_capability_table,44388,0.322115385,361.8
4164,2021-07-12,2021,28,Mon,P09,False,13047,280318,0.160897436,12.0,24096,90.0,2168.64,180.72,1123.2,0.1609,2021-07-12 07:00,2021-07-12 19:00,chained_from_prev_mo,0.0,280315,True,True,True,2,2,1,True,2,oee_low|mo_multi_sku_keying_error,,44389,0.160897436,180.72
4165,2021-07-12,2021,28,Mon,P09,False,13047,280324,0.54622631,115.0,783944,90.0,70554.96,613.5214,1123.2,0.5462,2021-07-12 19:00,2021-07-17 14:00,chained_from_prev_mo,6.0,280318,True,True,True,2,2,1,True,1,mo_multi_sku_keying_error,,44389,0.54622631,613.52
4170,2021-07-13,2021,28,Tue,P11,False,13051,120437,0.633625144,67.0,529812,90.0,47683.08,711.6878,1123.2,0.6336,2021-07-13 00:00,2021-07-15 19:00,midnight,1.0,241288,True,True,True,1,1,1,True,1,hrs_overlaps_next_mo,,44390,0.633625144,711.69
4214,2021-08-01,2021,30,Sun,P14,False,13218,120532,0.518063854,103.0,665940,90.0,59934.6,581.8893,1123.2,0.5181,2021-08-01 00:00,2021-08-05 07:00,midnight,0.0,120430,True,True,True,1,1,1,True,2,hrs_overlaps_next_mo|dup_date_line_sku,,44409,0.518063854,581.89
4215,2021-08-01,2021,30,Sun,P14,False,130218,120532,0.567895299,12.0,85048,90.0,7654.32,637.86,1123.2,0.5679,2021-08-01 00:00,2021-08-01 12:00,midnight,5.0,120532,True,True,True,1,1,1,True,2,mo_out_of_sequence|dup_date_line_sku,,44409,0.567895299,637.86
4222,2021-08-06,2021,31,Fri,P11,False,13220,280264,0.609391771,43.0,327024,90.0,29432.16,684.4688,1123.2,0.6094,2021-08-06 00:00,2021-08-07 19:00,midnight,2.0,280264,True,True,True,2,2,2,True,1,mo_multi_sku_keying_error,mo_split_across_lines,44414,0.609391771,684.47
4225,2021-08-06,2021,31,Fri,P14,False,13220,280164,0.570726496,48.0,341888,90.0,30769.92,641.04,1123.2,0.5707,2021-08-06 00:00,2021-08-08 00:00,midnight,2.0,120532,True,True,True,2,2,2,True,1,mo_multi_sku_keying_error,mo_split_across_lines,44414,0.570726496,641.04
4228,2021-08-08,2021,31,Sun,P09,False,13293,280212,0.574839744,12.0,86088,90.0,7747.92,645.66,1123.2,0.5748,2021-08-08 00:00,2021-08-08 12:00,midnight,0.0,280065,True,True,True,2,2,1,True,1,mo_multi_sku_keying_error,,44416,0.574839744,645.66
4229,2021-08-08,2021,31,Sun,P09,False,13293,280222,0.541153846,55.0,371448,90.0,33430.32,607.824,1123.2,0.5412,2021-08-08 12:00,2021-08-10 19:00,chained_from_prev_mo,2.0,280212,True,True,True,2,2,1,True,1,mo_multi_sku_keying_error,,44416,0.541153846,607.82
4257,2021-08-15,2021,32,Sun,P13,False,13332,280233,0.446217494,24.0,120800,120.0,14496.0,604.0,1353.6,0.4462,2021-08-15 00:00,2021-08-16 00:00,midnight,0.0,280233,False,False,False,2,2,1,True,1,mo_multi_sku_keying_error,sku_not_in_master|pair_not_in_capability_table,44423,0.446217494,604.0
4258,2021-08-15,2021,32,Sun,P13,False,13332,280234,0.796542553,4.0,35940,120.0,4312.8,1078.2,1353.6,0.7965,2021-08-15 00:00,2021-08-15 04:00,midnight,1.0,280233,False,False,False,2,2,1,True,1,mo_multi_sku_keying_error,sku_not_in_master|pair_not_in_capability_table,44423,0.796542553,1078.2
4290,2021-08-23,2021,34,Mon,P11,False,13391,280240,0.464247558,84.0,486680,90.0,43801.2,521.4429,1123.2,0.4642,2021-08-23 00:00,2021-08-26 12:00,midnight,0.0,280264,False,False,False,1,1,1,True,1,hrs_overlaps_next_mo,sku_not_in_master|pair_not_in_capability_table,44431,0.464247558,521.44
4293,2021-08-23,2021,34,Mon,P17,True,13409,280324,0.374194841,124.0,1158148,90.0,104233.32,840.5913,2246.4,0.3742,2021-08-23 00:00,2021-08-28 04:00,midnight,0.0,280324,True,True,True,1,1,1,True,2,hrs_overlaps_next_mo|dup_date_line_sku,,44431,0.374194841,840.59
4294,2021-08-23,2021,34,Mon,P17,True,134409,280324,0.475133547,12.0,142312,90.0,12808.08,1067.34,2246.4,0.4751,2021-08-23 00:00,2021-08-23 12:00,midnight,6.0,280324,True,True,True,1,1,1,True,2,mo_out_of_sequence|dup_date_line_sku,,44431,0.475133547,1067.34
4304,2021-08-29,2021,34,Sun,P11,False,13440,280327,0.485109509,48.0,290600,90.0,26154.0,544.875,1123.2,0.4851,2021-08-29 00:00,2021-08-31 00:00,midnight,0.0,280326,False,False,False,1,1,1,True,1,hrs_overlaps_next_mo,sku_not_in_master|pair_not_in_capability_table,44437,0.485109509,544.88
4334,2021-09-03,2021,35,Fri,P09,False,13438,280065,0.466129032,31.0,180336,90.0,16230.24,523.5561,1123.2,0.4661,2021-09-03 00:00,2021-09-04 07:00,midnight,0.0,280222,False,False,False,1,1,1,True,2,hrs_overlaps_next_mo|dup_date_line_sku,sku_not_in_master|pair_not_in_capability_table,44442,0.466129032,523.56
4335,2021-09-03,2021,35,Fri,P09,False,280065,280065,0.613888889,12.0,91936,90.0,8274.24,689.52,1123.2,0.6139,2021-09-03 00:00,2021-09-03 12:00,midnight,0.0,280065,False,False,False,1,1,1,True,2,mo_out_of_sequence|dup_date_line_sku,sku_not_in_master|pair_not_in_capability_table,44442,0.613888889,689.52
4336,2021-09-03,2021,35,Fri,P09,False,280166,280351,0.695681511,19.0,164960,90.0,14846.4,781.3895,1123.2,0.6957,2021-09-03 12:00,2021-09-04 07:00,chained_from_prev_mo,2.0,280065,True,True,True,2,2,2,True,2,mo_multi_sku_keying_error|mo_out_of_sequence,mo_split_across_lines,44442,0.695681511,781.39
4338,2021-09-03,2021,35,Fri,P14,False,280166,280166,0.660790598,12.0,98960,90.0,8906.4,742.2,1123.2,0.6608,2021-09-03 00:00,2021-09-03 12:00,midnight,2.0,280166,False,False,False,2,2,2,True,2,mo_multi_sku_keying_error|mo_out_of_sequence,mo_split_across_lines|sku_not_in_master|pair_not_in_capability_table,44442,0.660790598,742.2
4342,2021-09-05,2021,35,Sun,P11,False,13518,120464,0.513254625,79.0,506028,90.0,45542.52,576.4876,1123.2,0.5133,2021-09-05 00:00,2021-09-08 07:00,midnight,0.0,280352,False,False,False,1,1,1,True,1,hrs_overlaps_next_mo,sku_not_in_master|pair_not_in_capability_table,44444,0.513254625,576.49
4343,2021-09-05,2021,35,Sun,P11,False,13535,280351,0.244471154,12.0,36612,90.0,3295.08,274.59,1123.2,0.2445,2021-09-05 00:00,2021-09-05 12:00,midnight,3.0,120464,True,True,True,2,2,2,True,1,mo_multi_sku_keying_error,mo_split_across_lines,44444,0.244471154,274.59
4344,2021-09-05,2021,35,Sun,P12,False,13522,280380,0.30570331,72.0,248280,110.0,27310.8,379.3167,1240.8,0.3057,2021-09-05 00:00,2021-09-08 00:00,midnight,0.0,120437,True,True,True,1,1,1,True,1,hrs_overlaps_next_mo,,44444,0.30570331,379.32
4345,2021-09-05,2021,35,Sun,P12,False,13559,120437,0.184134615,12.0,27576,90.0,2481.84,206.82,1123.2,0.1841,2021-09-05 00:00,2021-09-05 12:00,midnight,3.0,280380,True,True,True,1,1,1,True,1,oee_low,,44444,0.184134615,206.82
4346,2021-09-05,2021,35,Sun,P13,False,13525,280169,0.544029851,67.0,454896,90.0,40940.64,611.0543,1123.2,0.544,2021-09-05 00:00,2021-09-07 19:00,midnight,3.0,280169,True,True,True,2,2,2,True,1,mo_multi_sku_keying_error,mo_split_across_lines,44444,0.544029851,611.05
4348,2021-09-05,2021,35,Sun,P15,False,13525,280325,0.681410256,12.0,102048,90.0,9184.32,765.36,1123.2,0.6814,2021-09-05 00:00,2021-09-05 12:00,midnight,0.0,280325,True,True,True,2,2,2,True,2,mo_multi_sku_keying_error|dup_date_line_sku,mo_split_across_lines,44444,0.681410256,765.36
4349,2021-09-05,2021,35,Sun,P15,False,13532,280325,0.667855404,158.0,1316904,90.0,118521.36,750.1352,1123.2,0.6679,2021-09-05 12:00,2021-09-12 02:00,chained_from_prev_mo,7.0,280325,True,True,True,1,1,1,True,1,dup_date_line_sku,,44444,0.667855404,750.14
4351,2021-09-05,2021,35,Sun,P17,True,13535,280324,0.405876068,24.0,243136,90.0,21882.24,911.76,2246.4,0.4059,2021-09-05 00:00,2021-09-06 00:00,midnight,1.0,280324,True,True,True,2,2,2,True,1,mo_multi_sku_keying_error,mo_split_across_lines,44444,0.405876068,911.76
4369,2021-09-12,2021,36,Sun,P09,False,13571,280172,0.429090126,67.0,358788,90.0,32290.92,481.954,1123.2,0.4291,2021-09-12 00:00,2021-09-14 19:00,midnight,0.0,120444,True,True,True,1,1,1,True,1,hrs_overlaps_next_mo,,44451,0.429090126,481.95
4375,2021-09-12,2021,36,Sun,P13,False,13582,120436,0.774719551,24.0,232044,90.0,20883.96,870.165,1123.2,0.7747,2021-09-12 00:00,2021-09-13 00:00,midnight,0.0,120436,True,True,True,2,2,1,True,1,mo_multi_sku_keying_error,,44451,0.774719551,870.17
4376,2021-09-12,2021,36,Sun,P13,False,13582,280234,0.765026596,4.0,34518,120.0,4142.16,1035.54,1353.6,0.765,2021-09-12 00:00,2021-09-12 04:00,midnight,1.0,120436,False,False,False,2,2,1,True,1,mo_multi_sku_keying_error,sku_not_in_master|pair_not_in_capability_table,44451,0.765026596,1035.54
4377,2021-09-12,2021,36,Sun,P14,False,13585,120430,0.546106008,67.0,456632,90.0,41096.88,613.3863,1123.2,0.5461,2021-09-12 00:00,2021-09-14 19:00,midnight,0.0,280098,False,False,False,2,2,1,True,2,hrs_overlaps_next_mo|mo_multi_sku_keying_error,sku_not_in_master|pair_not_in_capability_table,44451,0.546106008,613.39
4378,2021-09-12,2021,36,Sun,P14,False,13585,120431,0.613648504,12.0,91900,90.0,8271.0,689.25,1123.2,0.6136,2021-09-12 00:00,2021-09-12 12:00,midnight,3.0,120430,False,False,False,2,2,1,True,1,mo_multi_sku_keying_error,sku_not_in_master|pair_not_in_capability_table,44451,0.613648504,689.25
4392,2021-09-18,2021,37,Sat,P10,False,268360,280351,0.742467949,12.0,111192,90.0,10007.28,833.94,1123.2,0.7425,2021-09-18 07:00,2021-09-18 19:00,chained_from_prev_mo,1.0,280351,True,True,True,1,1,1,True,1,mo_out_of_sequence,,44457,0.742467949,833.94
4394,2021-09-18,2021,37,Sat,P17,True,13700,280324,0.389091787,171.0,1660706,90.0,149463.54,874.0558,2246.4,0.3891,2021-09-18 00:00,2021-09-25 03:00,midnight,8.0,280052,True,True,True,1,1,1,True,1,hrs_long,,44457,0.389091787,874.06
4397,2021-09-19,2021,37,Sun,P11,False,13678,280264,0.419030449,48.0,251016,90.0,22591.44,470.655,1123.2,0.419,2021-09-19 00:00,2021-09-21 00:00,midnight,2.0,280351,True,True,True,2,2,2,True,1,mo_multi_sku_keying_error,mo_split_across_lines,44458,0.419030449,470.66
4401,2021-09-19,2021,37,Sun,P15,False,13678,280323,0.714316239,12.0,106976,90.0,9627.84,802.32,1123.2,0.7143,2021-09-19 00:00,2021-09-19 12:00,midnight,0.0,280212,True,True,True,2,2,2,True,1,mo_multi_sku_keying_error,mo_split_across_lines,44458,0.714316239,802.32
4413,2021-09-22,2021,38,Wed,P14,False,13695,120536,0.547124288,36.0,245812,90.0,22123.08,614.53,1123.2,0.5471,2021-09-22 07:00,2021-09-23 19:00,chained_from_prev_mo,0.0,120435,True,True,True,1,1,1,True,1,hrs_overlaps_next_mo,,44461,0.547124288,614.53
4448,2021-10-01,2021,39,Fri,P13,False,13827,280107,0.156330128,24.0,46824,90.0,4214.16,175.59,1123.2,0.1563,2021-10-01 00:00,2021-10-02 00:00,midnight,1.0,280233,True,True,False,1,1,1,True,1,oee_low,pair_not_flagged_capable,44470,0.156330128,175.59
4457,2021-10-02,2021,39,Sat,P13,False,13772,120436,0.163862179,24.0,49080,90.0,4417.2,184.05,1123.2,0.1639,2021-10-02 00:00,2021-10-03 00:00,midnight,1.0,280107,True,True,True,1,1,1,True,1,oee_low,,44471,0.163862179,184.05
4468,2021-10-03,2021,39,Sun,P17,True,13808,280324,0.485871448,148.0,1794848,90.0,161536.32,1091.4616,2246.4,0.4859,2021-10-03 00:00,2021-10-09 04:00,midnight,5.0,280324,True,True,True,1,1,1,True,1,hrs_overlaps_next_mo,,44472,0.485871448,1091.46
4473,2021-10-06,2021,40,Wed,P16,False,13805,280052,0.560202991,84.0,587272,90.0,52854.48,629.22,1123.2,0.5602,2021-10-06 00:00,2021-10-09 12:00,midnight,1.0,280222,True,True,True,1,1,1,True,1,hrs_overlaps_next_mo,,44475,0.560202991,629.22
4476,2021-10-07,2021,40,Thu,P16,False,1805,280052,0.191346154,7.0,16716,90.0,1504.44,214.92,1123.2,0.1913,2021-10-07 00:00,2021-10-07 07:00,midnight,3.0,280052,True,True,True,1,1,1,True,2,oee_low|mo_out_of_sequence,,44476,0.191346154,214.92
4521,2021-10-20,2021,42,Wed,P12,False,120448,120448,0.572155449,12.0,85686,90.0,7711.74,642.645,1123.2,0.5722,2021-10-20 07:00,2021-10-20 19:00,chained_from_prev_mo,1.0,120448,True,True,True,1,1,1,True,1,mo_out_of_sequence,,44489,0.572155449,642.65
4525,2021-10-21,2021,42,Thu,P13,False,13940,280222,0.639055944,55.0,438648,90.0,39478.32,717.7876,1123.2,0.6391,2021-10-21 00:00,2021-10-23 07:00,midnight,0.0,280172,True,True,True,1,1,1,True,1,hrs_overlaps_next_mo,,44490,0.639055944,717.79
4526,2021-10-21,2021,42,Thu,P13,False,139021,280172,0.429487179,12.0,64320,90.0,5788.8,482.4,1123.2,0.4295,2021-10-21 00:00,2021-10-21 12:00,midnight,3.0,280222,True,True,True,1,1,1,True,1,mo_out_of_sequence,,44490,0.429487179,482.4
4535,2021-10-24,2021,42,Sun,P13,False,13955,280222,0.737464387,108.0,993984,90.0,89458.56,828.32,1123.2,0.7375,2021-10-24 00:00,2021-10-28 12:00,midnight,2.0,280172,True,True,True,2,2,2,True,2,hrs_overlaps_next_mo|mo_multi_sku_keying_error,mo_split_across_lines,44493,0.737464387,828.32
4536,2021-10-24,2021,42,Sun,P14,False,13956,120430,0.648103632,12.0,97060,90.0,8735.4,727.95,1123.2,0.6481,2021-10-24 00:00,2021-10-24 12:00,midnight,0.0,280166,False,False,False,2,2,1,True,1,mo_multi_sku_keying_error,sku_not_in_master|pair_not_in_capability_table,44493,0.648103632,727.95
4537,2021-10-24,2021,42,Sun,P14,False,13956,280166,0.67356437,48.0,403492,90.0,36314.28,756.5475,1123.2,0.6736,2021-10-24 12:00,2021-10-26 12:00,chained_from_prev_mo,1.0,120430,False,False,False,2,2,1,True,1,mo_multi_sku_keying_error,sku_not_in_master|pair_not_in_capability_table,44493,0.67356437,756.55
4540,2021-10-24,2021,42,Sun,P17,True,13955,280324,0.808974359,12.0,242304,90.0,21807.36,1817.28,2246.4,0.809,2021-10-24 00:00,2021-10-24 12:00,midnight,0.0,280323,True,True,True,2,2,2,True,2,mo_multi_sku_keying_error|dup_date_line_sku,mo_split_across_lines,44493,0.808974359,1817.28
4541,2021-10-24,2021,42,Sun,P17,True,13965,280324,0.611646804,142.0,2167872,90.0,195108.48,1374.0034,2246.4,0.6116,2021-10-24 12:00,2021-10-30 10:00,chained_from_prev_mo,7.0,280324,True,True,True,1,1,1,True,1,dup_date_line_sku,,44493,0.611646804,1374.0
4542,2021-10-25,2021,43,Mon,P11,False,13990,280298,0.590190972,96.0,707096,90.0,63638.64,662.9025,1123.2,0.5902,2021-10-25 12:00,2021-10-29 12:00,chained_from_prev_mo,0.0,280351,True,True,True,2,2,1,True,2,hrs_overlaps_next_mo|mo_multi_sku_keying_error,,44494,0.590190972,662.9
4543,2021-10-25,2021,43,Mon,P11,False,13990,280351,0.367555831,31.0,142200,90.0,12798.0,412.8387,1123.2,0.3676,2021-10-25 00:00,2021-10-26 07:00,midnight,6.0,280298,True,True,True,2,2,1,True,1,mo_multi_sku_keying_error,,44494,0.367555831,412.84
4551,2021-10-26,2021,43,Tue,P15,False,13963,280222,0.675727318,91.0,767410,90.0,69066.9,758.9769,1123.2,0.6757,2021-10-26 00:00,2021-10-29 19:00,midnight,0.0,241283,True,True,True,1,1,1,True,1,hrs_overlaps_next_mo,,44495,0.675727318,758.98
4557,2021-10-29,2021,43,Fri,P12,False,13954,120448,0.59821047,36.0,268764,90.0,24188.76,671.91,1123.2,0.5982,2021-10-29 00:00,2021-10-30 12:00,midnight,0.0,280383,True,True,True,1,1,1,True,1,hrs_overlaps_next_mo,,44498,0.59821047,671.91
4573,2021-11-01,2021,44,Mon,P13,False,14022,241288,0.629342432,31.0,243480,90.0,21913.2,706.8774,1123.2,0.6293,2021-11-01 00:00,2021-11-02 07:00,midnight,0.0,280222,False,False,False,1,1,1,True,1,hrs_overlaps_next_mo,sku_not_in_master|pair_not_in_capability_table,44501,0.629342432,706.88
4586,2021-11-04,2021,44,Thu,P12,False,14020,120431,0.733894231,12.0,109908,90.0,9891.72,824.31,1123.2,0.7339,2021-11-04 00:00,2021-11-04 12:00,midnight,0.0,120444,False,False,False,2,2,1,True,1,mo_multi_sku_keying_error,sku_not_in_master|pair_not_in_capability_table,44504,0.733894231,824.31
4587,2021-11-04,2021,44,Thu,P12,False,14020,120437,0.722211538,60.0,540792,90.0,48671.28,811.188,1123.2,0.7222,2021-11-04 12:00,2021-11-07 00:00,chained_from_prev_mo,3.0,120431,True,True,True,2,2,1,True,1,mo_multi_sku_keying_error,,44504,0.722211538,811.19
4629,2021-11-14,2021,45,Sun,P14,False,14221,280166,0.600019623,98.0,733848,90.0,66046.32,673.942,1123.2,0.6,2021-11-14 00:00,2021-11-18 02:00,midnight,3.0,280204,False,False,False,1,1,1,True,1,hrs_overlaps_next_mo,sku_not_in_master|pair_not_in_capability_table,44514,0.600019623,673.94
4633,2021-11-15,2021,46,Mon,P11,False,14237,280325,0.545936725,31.0,211212,90.0,19009.08,613.1961,1123.2,0.5459,2021-11-15 00:00,2021-11-16 07:00,midnight,1.0,280264,True,True,True,2,2,2,True,1,mo_multi_sku_keying_error,mo_split_across_lines,44515,0.545936725,613.2
4634,2021-11-15,2021,46,Mon,P12,False,14214,280378,0.375339835,24.0,101612,110.0,11177.32,465.7217,1240.8,0.3753,2021-11-15 00:00,2021-11-16 00:00,midnight,0.0,280380,True,True,True,2,2,2,True,1,mo_multi_sku_keying_error,mo_split_across_lines,44515,0.375339835,465.72
4635,2021-11-15,2021,46,Mon,P12,False,14237,120437,0.814423077,12.0,121968,90.0,10977.12,914.76,1123.2,0.8144,2021-11-15 00:00,2021-11-15 12:00,midnight,1.0,280378,True,True,True,2,2,2,True,1,mo_multi_sku_keying_error,mo_split_across_lines,44515,0.814423077,914.76
4637,2021-11-15,2021,46,Mon,P17,True,14214,280324,0.641987179,4.0,64096,90.0,5768.64,1442.16,2246.4,0.642,2021-11-15 00:00,2021-11-15 04:00,midnight,0.0,280323,True,True,True,2,2,2,True,1,mo_multi_sku_keying_error,mo_split_across_lines,44515,0.641987179,1442.16
4687,2021-12-01,2021,48,Wed,P09,False,14399,280324,0.566837066,79.0,558856,90.0,50297.04,636.6714,1123.2,0.5668,2021-12-01 00:00,2021-12-04 07:00,midnight,1.0,280065,True,True,True,1,1,1,True,1,hrs_overlaps_next_mo,,44531,0.566837066,636.67
4688,2021-12-01,2021,48,Wed,P10,False,14400,280351,0.531702654,57.0,378232,90.0,34040.88,597.2084,1123.2,0.5317,2021-12-01 00:00,2021-12-03 09:00,midnight,0.0,280351,True,True,True,1,1,1,True,1,hrs_overlaps_next_mo,,44531,0.531702654,597.21
4711,2021-12-04,2021,48,Sat,P10,False,1400,280351,0.538141026,12.0,80592,90.0,7253.28,604.44,1123.2,0.5381,2021-12-04 00:00,2021-12-04 12:00,midnight,1.0,280213,True,True,True,1,1,1,True,1,mo_out_of_sequence,,44534,0.538141026,604.44
4724,2021-12-06,2021,49,Mon,P12,False,14433,120465,0.715064103,12.0,107088,90.0,9637.92,803.16,1123.2,0.7151,2021-12-06 00:00,2021-12-06 12:00,midnight,0.0,280385,True,True,True,1,1,1,True,1,dup_date_line_sku,,44536,0.715064103,803.16
4725,2021-12-06,2021,49,Mon,P12,False,14460,120435,0.288234509,24.0,86332,90.0,7769.88,323.745,1123.2,0.2882,2021-12-06 12:00,2021-12-07 12:00,chained_from_prev_mo,0.0,120465,True,True,True,2,2,1,True,1,mo_multi_sku_keying_error,,44536,0.288234509,323.75
4726,2021-12-06,2021,49,Mon,P12,False,14460,120465,0.449358974,12.0,67296,90.0,6056.64,504.72,1123.2,0.4494,2021-12-06 00:00,2021-12-06 12:00,midnight,2.0,120435,True,True,True,2,2,1,True,2,mo_multi_sku_keying_error|dup_date_line_sku,,44536,0.449358974,504.72
4741,2021-12-12,2021,49,Sun,P10,False,14563,280351,0.640282731,151.0,1206600,90.0,108594.0,719.1656,1123.2,0.6403,2021-12-12 00:00,2021-12-18 07:00,midnight,0.0,280351,True,True,True,1,1,1,True,2,hrs_overlaps_next_mo|dup_date_line_sku,,44542,0.640282731,719.17
4742,2021-12-12,2021,49,Sun,P10,False,15463,280351,0.735576923,12.0,110160,90.0,9914.4,826.2,1123.2,0.7356,2021-12-12 00:00,2021-12-12 12:00,midnight,7.0,280351,True,True,True,1,1,1,True,1,dup_date_line_sku,,44542,0.735576923,826.2
4767,2021-12-19,2021,50,Sun,P09,False,14583,280103,0.585756258,84.0,614060,90.0,55265.4,657.9214,1123.2,0.5858,2021-12-19 00:00,2021-12-22 12:00,midnight,0.0,280315,True,True,True,1,1,1,True,1,hrs_overlaps_next_mo,,44549,0.585756258,657.92
4768,2021-12-19,2021,50,Sun,P09,False,14595,251200,0.589823718,12.0,88332,90.0,7949.88,662.49,1123.2,0.5898,2021-12-19 00:00,2021-12-19 12:00,midnight,3.0,280103,True,True,True,2,2,2,True,1,mo_multi_sku_keying_error,mo_split_across_lines,44549,0.589823718,662.49
4773,2021-12-19,2021,50,Sun,P14,False,14595,280166,0.716505465,110.15,984960,90.0,88646.4,804.7789,1123.2,0.7165,2021-12-19 00:00,2021-12-23 14:09,midnight,13.0,280166,False,False,False,2,2,2,True,1,mo_multi_sku_keying_error,mo_split_across_lines|sku_not_in_master|pair_not_in_capability_table,44549,0.716505465,804.78
4788,2022-01-01,2021,52,Sat,P14,False,14695,280166,0.571991865,100.55,717772,90.0,64599.48,642.4613,1123.2,0.572,2022-01-01 00:00,2022-01-05 04:33,midnight,3.0,280166,False,False,False,1,1,1,True,1,hrs_overlaps_next_mo,sku_not_in_master|pair_not_in_capability_table,44562,0.571991865,642.46
4808,2022-01-08,2022,1,Sat,P12,False,14639,120436,0.72900641,12.0,109176,90.0,9825.84,818.82,1123.2,0.729,2022-01-08 00:00,2022-01-08 12:00,midnight,0.0,120465,True,True,True,1,1,1,True,1,dup_date_line_sku,,44569,0.72900641,818.82
4809,2022-01-08,2022,1,Sat,P12,False,14693,120436,0.714262821,12.0,106968,90.0,9627.12,802.26,1123.2,0.7143,2022-01-08 12:00,2022-01-09 00:00,chained_from_prev_mo,1.0,120436,True,True,True,1,1,1,True,1,dup_date_line_sku,,44569,0.714262821,802.26
4814,2022-01-09,2022,1,Sun,P13,False,14730,280169,0.544051141,91.0,617868,90.0,55608.12,611.0782,1123.2,0.5441,2022-01-09 00:00,2022-01-12 19:00,midnight,2.0,280351,True,True,True,1,1,1,True,1,hrs_overlaps_next_mo,,44570,0.544051141,611.08
4822,2022-01-11,2022,2,Tue,P09,False,14749,280235,0.52606383,12.0,71208,120.0,8544.96,712.08,1353.6,0.5261,2022-01-11 12:00,2022-01-12 00:00,chained_from_prev_mo,0.0,280106,False,False,False,2,2,1,True,1,mo_multi_sku_keying_error,sku_not_in_master|pair_not_in_capability_table,44572,0.52606383,712.08
4823,2022-01-11,2022,2,Tue,P09,False,14749,280325,0.649859115,91.0,738032,90.0,66422.88,729.9218,1123.2,0.6499,2022-01-11 00:00,2022-01-14 19:00,midnight,5.0,280235,True,True,True,2,2,1,True,1,mo_multi_sku_keying_error,,44572,0.649859115,729.92
4826,2022-01-11,2022,2,Tue,P13,False,1470,280169,0.023637821,12.0,3540,90.0,318.6,26.55,1123.2,0.0236,2022-01-11 00:00,2022-01-11 12:00,midnight,2.0,280169,True,True,True,1,1,1,True,2,oee_low|mo_out_of_sequence,,44572,0.023637821,26.55
4832,2022-01-13,2022,2,Thu,P12,False,17730,280256,0.819348291,60.0,613528,90.0,55217.52,920.292,1123.2,0.8193,2022-01-13 00:00,2022-01-15 12:00,midnight,1.0,280380,True,True,False,2,2,2,True,2,hrs_overlaps_next_mo|mo_multi_sku_keying_error,mo_split_across_lines|pair_not_flagged_capable,44574,0.819348291,920.29
4833,2022-01-13,2022,2,Thu,P13,False,17730,280169,0.720592949,12.0,107916,90.0,9712.44,809.37,1123.2,0.7206,2022-01-13 00:00,2022-01-13 12:00,midnight,1.0,280169,True,True,True,2,2,2,True,1,mo_multi_sku_keying_error,mo_split_across_lines,44574,0.720592949,809.37
4842,2022-01-16,2022,2,Sun,P09,False,14796,251200,0.409294872,7.0,35756,90.0,3218.04,459.72,1123.2,0.4093,2022-01-16 00:00,2022-01-16 07:00,midnight,0.0,280325,True,True,True,2,2,1,True,1,mo_multi_sku_keying_error,,44577,0.409294872,459.72
4843,2022-01-16,2022,2,Sun,P09,False,14796,280222,0.553463452,67.0,462784,90.0,41650.56,621.6501,1123.2,0.5535,2022-01-16 07:00,2022-01-19 02:00,chained_from_prev_mo,0.0,251200,True,True,True,2,2,1,True,2,hrs_overlaps_next_mo|mo_multi_sku_keying_error,,44577,0.553463452,621.65
4859,2022-01-18,2022,3,Tue,P15,False,148815,280166,0.864316239,12.0,129440,90.0,11649.6,970.8,1123.2,0.8643,2022-01-18 00:00,2022-01-18 12:00,midnight,1.0,280105,False,False,False,1,1,1,True,1,mo_out_of_sequence,sku_not_in_master|pair_not_in_capability_table,44579,0.864316239,970.8
4864,2022-01-19,2022,3,Wed,P16,False,14817,280256,0.713834673,67.0,596880,90.0,53719.2,801.7791,1123.2,0.7138,2022-01-19 07:00,2022-01-22 02:00,chained_from_prev_mo,0.0,280351,True,True,False,2,2,1,True,2,hrs_overlaps_next_mo|mo_multi_sku_keying_error,pair_not_flagged_capable,44580,0.713834673,801.78
4865,2022-01-19,2022,3,Wed,P16,False,14817,280351,0.468910256,12.0,70224,90.0,6320.16,526.68,1123.2,0.4689,2022-01-19 00:00,2022-01-19 12:00,midnight,4.0,280256,True,True,True,2,2,1,True,1,mo_multi_sku_keying_error,,44580,0.468910256,526.68
4883,2022-01-23,2022,3,Sun,P17,True,14888,280324,0.694410657,100.0,1733249,90.0,155992.41,1559.9241,2246.4,0.6944,2022-01-23 00:00,2022-01-27 04:00,midnight,0.0,280052,True,True,True,2,2,1,True,2,hrs_overlaps_next_mo|mo_multi_sku_keying_error,,44584,0.694410657,1559.92
4884,2022-01-23,2022,3,Sun,P17,True,14888,280325,0.755662393,12.0,226336,90.0,20370.24,1697.52,2246.4,0.7557,2022-01-23 00:00,2022-01-23 12:00,midnight,5.0,280324,True,True,True,2,2,1,True,1,mo_multi_sku_keying_error,,44584,0.755662393,1697.52
4924,2022-02-03,2022,5,Thu,P15,False,14946,280169,0.71043956,7.0,62064,90.0,5585.76,797.9657,1123.2,0.7104,2022-02-03 12:00,2022-02-03 19:00,chained_from_prev_mo,0.0,280169,True,True,True,2,2,1,True,1,mo_multi_sku_keying_error,,44595,0.71043956,797.97
4925,2022-02-03,2022,5,Thu,P15,False,14946,280325,0.743529647,48.0,445404,90.0,40086.36,835.1325,1123.2,0.7435,2022-02-03 19:00,2022-02-05 19:00,chained_from_prev_mo,3.0,280169,True,True,True,2,2,1,True,1,mo_multi_sku_keying_error,,44595,0.743529647,835.13
4935,2022-02-06,2022,5,Sun,P14,False,15007,280166,0.665422454,144.0,1195844,90.0,107625.96,747.4025,1123.2,0.6654,2022-02-06 00:00,2022-02-12 00:00,midnight,4.0,280204,False,False,False,1,1,1,True,1,hrs_overlaps_next_mo,sku_not_in_master|pair_not_in_capability_table,44598,0.665422454,747.4
4965,2022-02-15,2022,7,Tue,P15,False,15104,251200,0.824519231,12.0,123480,90.0,11113.2,926.1,1123.2,0.8245,2022-02-15 07:00,2022-02-15 19:00,chained_from_prev_mo,0.0,280213,True,True,False,2,2,1,True,1,mo_multi_sku_keying_error,pair_not_flagged_capable,44607,0.824519231,926.1
4966,2022-02-15,2022,7,Tue,P15,False,15104,280052,0.734855769,36.0,330156,90.0,29714.04,825.39,1123.2,0.7349,2022-02-15 19:00,2022-02-17 07:00,chained_from_prev_mo,2.0,251200,True,True,True,2,2,1,True,1,mo_multi_sku_keying_error,,44607,0.734855769,825.39
4972,2022-02-17,2022,7,Thu,P14,False,1501,120532,0.438969017,12.0,65740,90.0,5916.6,493.05,1123.2,0.439,2022-02-17 07:00,2022-02-17 19:00,chained_from_prev_mo,1.0,120430,True,True,True,1,1,1,True,1,mo_out_of_sequence,,44609,0.438969017,493.05
4979,2022-02-18,2022,7,Fri,P14,False,120536,120536,0.616319444,12.0,92300,90.0,8307.0,692.25,1123.2,0.6163,2022-02-18 12:00,2022-02-19 00:00,chained_from_prev_mo,1.0,120532,True,True,True,1,1,1,True,1,mo_out_of_sequence,,44610,0.616319444,692.25
4984,2022-02-20,2022,7,Sun,P09,False,15143,280065,0.729582146,54.0,491680,90.0,44251.2,819.4667,1123.2,0.7296,2022-02-20 00:00,2022-02-22 06:00,midnight,1.0,280065,False,False,False,1,1,1,True,1,hrs_overlaps_next_mo,sku_not_in_master|pair_not_in_capability_table,44612,0.729582146,819.47
5004,2022-02-25,2022,8,Fri,P14,False,15123,280239,0.564093137,34.0,239356,90.0,21542.04,633.5894,1123.2,0.5641,2022-02-25 00:00,2022-02-26 10:00,midnight,0.0,280238,False,False,False,1,1,1,True,1,hrs_overlaps_next_mo,sku_not_in_master|pair_not_in_capability_table,44617,0.564093137,633.59
5006,2022-02-26,2022,8,Sat,P09,False,15198,280316,0.7875,20.0,196560,90.0,17690.4,884.52,1123.2,0.7875,2022-02-26 00:00,2022-02-26 20:00,midnight,0.0,280315,False,False,False,1,1,1,True,1,dup_date_line_sku,sku_not_in_master|pair_not_in_capability_table,44618,0.7875,884.52
5007,2022-02-26,2022,8,Sat,P09,False,15216,280316,0.258119658,12.0,38656,90.0,3479.04,289.92,1123.2,0.2581,2022-02-26 20:00,2022-02-27 08:00,chained_from_prev_mo,1.0,280316,False,False,False,1,1,1,True,1,dup_date_line_sku,sku_not_in_master|pair_not_in_capability_table,44618,0.258119658,289.92
5024,2022-03-01,2022,9,Tue,P12,False,15227,120448,0.663141026,12.0,99312,90.0,8938.08,744.84,1123.2,0.6631,2022-03-01 00:00,2022-03-01 12:00,midnight,0.0,120448,True,True,True,2,2,1,True,1,mo_multi_sku_keying_error,,44621,0.663141026,744.84
5025,2022-03-01,2022,9,Tue,P12,False,15227,120532,0.443589744,12.0,66432,90.0,5978.88,498.24,1123.2,0.4436,2022-03-01 12:00,2022-03-02 00:00,chained_from_prev_mo,1.0,120448,True,True,True,2,2,1,True,1,mo_multi_sku_keying_error,,44621,0.443589744,498.24
5029,2022-03-01,2022,9,Tue,P16,False,15187,280405,0.758682984,99.0,937368,90.0,84363.12,852.1527,1123.2,0.7587,2022-03-01 00:00,2022-03-05 03:00,midnight,0.0,280052,True,True,True,1,1,1,True,1,hrs_overlaps_next_mo,,44621,0.758682984,852.15
5031,2022-03-02,2022,9,Wed,P09,False,15170,280316,0.590659341,7.0,51600,90.0,4644.0,663.4286,1123.2,0.5907,2022-03-02 00:00,2022-03-02 07:00,midnight,0.0,280052,False,False,False,2,2,1,True,1,mo_multi_sku_keying_error,sku_not_in_master|pair_not_in_capability_table,44622,0.590659341,663.43
5032,2022-03-02,2022,9,Wed,P09,False,15170,280317,0.718742369,84.0,753472,90.0,67812.48,807.2914,1123.2,0.7187,2022-03-02 07:00,2022-03-05 19:00,chained_from_prev_mo,4.0,280316,False,False,False,2,2,1,True,1,mo_multi_sku_keying_error,sku_not_in_master|pair_not_in_capability_table,44622,0.718742369,807.29
5044,2022-03-06,2022,9,Sun,P09,False,15237,280052,0.764068602,151.0,1439872,90.0,129588.48,858.2019,1123.2,0.7641,2022-03-06 00:00,2022-03-12 07:00,midnight,2.0,280317,True,True,True,1,1,1,True,1,hrs_overlaps_next_mo,,44626,0.764068602,858.2
5050,2022-03-06,2022,9,Sun,P15,False,15251,280395,0.689696252,325.0,2797408,90.0,251766.72,774.6668,1123.2,0.6897,2022-03-06 00:00,2022-03-19 13:00,midnight,3.0,280405,False,False,False,1,1,1,True,2,hrs_long|hrs_overlaps_next_mo,sku_not_in_master|pair_not_in_capability_table,44626,0.689696252,774.67
5056,2022-03-08,2022,10,Tue,P09,False,25137,280052,0.817601496,12.0,122444,90.0,11019.96,918.33,1123.2,0.8176,2022-03-08 00:00,2022-03-08 12:00,midnight,5.0,280052,True,True,True,1,1,1,True,1,mo_out_of_sequence,,44628,0.817601496,918.33
5069,2022-03-12,2022,10,Sat,P16,False,15301,280351,0.779875566,170.0,1654584,90.0,148912.56,875.9562,1123.2,0.7799,2022-03-12 07:00,2022-03-19 09:00,chained_from_prev_mo,8.0,280052,True,True,True,1,1,1,True,1,hrs_long,,44632,0.779875566,875.96
5077,2022-03-13,2022,10,Sun,P14,False,15298,280166,0.783906513,137.0,1340292,90.0,120626.28,880.4838,1123.2,0.7839,2022-03-13 00:00,2022-03-18 17:00,midnight,1.0,280166,False,False,False,1,1,1,True,1,hrs_overlaps_next_mo,sku_not_in_master|pair_not_in_capability_table,44633,0.783906513,880.48
5101,2022-03-21,2022,12,Mon,P11,False,15343,280264,0.617254792,103.0,793444,90.0,71409.96,693.3006,1123.2,0.6173,2022-03-21 00:00,2022-03-25 07:00,midnight,3.0,280256,True,True,True,1,1,1,True,1,hrs_overlaps_next_mo,,44641,0.617254792,693.3
5102,2022-03-21,2022,12,Mon,P12,False,15351,280107,0.657611299,91.0,746836,90.0,67215.24,738.629,1123.2,0.6576,2022-03-21 00:00,2022-03-24 19:00,midnight,1.0,120444,True,True,True,1,1,1,True,1,hrs_overlaps_next_mo,,44641,0.657611299,738.63
5110,2022-03-24,2022,12,Thu,P11,False,115343,280264,0.817548077,12.0,122436,90.0,11019.24,918.27,1123.2,0.8175,2022-03-24 00:00,2022-03-24 12:00,midnight,2.0,280264,True,True,True,1,1,1,True,1,mo_out_of_sequence,,44644,0.817548077,918.27
5151,2022-04-03,2022,13,Sun,P12,False,15444,120434,0.695533499,31.0,269088,90.0,24217.92,781.2232,1123.2,0.6955,2022-04-03 00:00,2022-04-04 07:00,midnight,0.0,280013,False,False,False,1,1,1,True,1,hrs_overlaps_next_mo,sku_not_in_master|pair_not_in_capability_table,44654,0.695533499,781.22
5181,2022-04-10,2022,14,Sun,P15,False,15531,280105,0.718571937,36.0,322840,90.0,29055.6,807.1,1123.2,0.7186,2022-04-10 00:00,2022-04-11 12:00,midnight,0.0,280169,False,False,False,1,1,1,True,1,hrs_overlaps_next_mo,sku_not_in_master|pair_not_in_capability_table,44661,0.718571937,807.1
5183,2022-04-10,2022,14,Sun,P16,False,15535,280052,0.831928008,91.0,944804,90.0,85032.36,934.4215,1123.2,0.8319,2022-04-10 00:00,2022-04-13 19:00,midnight,0.0,280256,True,True,True,1,1,1,True,2,hrs_overlaps_next_mo|dup_date_line_sku,,44661,0.831928008,934.42
5184,2022-04-10,2022,14,Sun,P16,False,15537,280052,0.679620726,12.0,101780,90.0,9160.2,763.35,1123.2,0.6796,2022-04-10 00:00,2022-04-10 12:00,midnight,4.0,280052,True,True,True,2,1,2,True,1,dup_date_line_sku,mo_split_across_lines,44661,0.679620726,763.35
5188,2022-04-11,2022,15,Mon,P11,False,15517,280352,0.70401419,103.0,904968,90.0,81447.12,790.7487,1123.2,0.704,2022-04-11 00:00,2022-04-15 07:00,midnight,0.0,280130,False,False,False,1,1,1,True,1,hrs_overlaps_next_mo,sku_not_in_master|pair_not_in_capability_table,44662,0.70401419,790.75
5205,2022-04-17,2022,15,Sun,P10,False,15585,280256,0.667147436,12.0,99912,90.0,8992.08,749.34,1123.2,0.6671,2022-04-17 00:00,2022-04-17 12:00,midnight,0.0,280351,True,True,True,2,2,1,True,2,mo_multi_sku_keying_error|dup_date_line_sku,,44668,0.667147436,749.34
5206,2022-04-17,2022,15,Sun,P10,False,15585,280351,0.528685897,12.0,79176,90.0,7125.84,593.82,1123.2,0.5287,2022-04-17 12:00,2022-04-18 00:00,chained_from_prev_mo,0.0,280256,True,True,True,2,2,1,True,1,mo_multi_sku_keying_error,,44668,0.528685897,593.82
5207,2022-04-17,2022,15,Sun,P10,False,15586,280256,0.717526013,138.0,1235752,90.0,111217.68,805.9252,1123.2,0.7175,2022-04-17 00:00,2022-04-22 18:00,midnight,7.0,280351,True,True,True,1,1,1,True,1,dup_date_line_sku,,44668,0.717526013,805.93
5215,2022-04-17,2022,15,Sun,P17,True,15607,280323,0.763856016,52.0,991424,90.0,89228.16,1715.9262,2246.4,0.7639,2022-04-17 00:00,2022-04-19 04:00,midnight,1.0,280324,True,True,True,1,1,1,True,1,hrs_overlaps_next_mo,,44668,0.763856016,1715.93
5216,2022-04-18,2022,16,Mon,P09,False,15582,280065,0.772354312,55.0,530144,90.0,47712.96,867.5084,1123.2,0.7724,2022-04-18 00:00,2022-04-20 07:00,midnight,1.0,280052,False,False,False,1,1,1,True,1,hrs_overlaps_next_mo,sku_not_in_master|pair_not_in_capability_table,44669,0.772354312,867.51
5226,2022-04-21,2022,16,Thu,P12,False,15591,120448,0.65,55.0,446160,90.0,40154.4,730.08,1123.2,0.65,2022-04-21 02:00,2022-04-23 09:00,chained_from_prev_mo,3.0,120437,True,True,True,2,2,2,True,1,mo_multi_sku_keying_error,mo_split_across_lines,44672,0.65,730.08
5227,2022-04-21,2022,16,Thu,P13,False,15591,280362,0.334201389,12.0,50050,90.0,4504.5,375.375,1123.2,0.3342,2022-04-21 19:00,2022-04-22 07:00,chained_from_prev_mo,1.0,280172,False,False,False,2,2,2,True,1,mo_multi_sku_keying_error,mo_split_across_lines|sku_not_in_master|pair_not_in_capability_table,44672,0.334201389,375.38
5276,2022-05-04,2022,18,Wed,P09,False,15736,280315,0.400961538,12.0,60048,90.0,5404.32,450.36,1123.2,0.401,2022-05-04 00:00,2022-05-04 12:00,midnight,0.0,251200,False,False,False,2,2,1,True,1,mo_multi_sku_keying_error,sku_not_in_master|pair_not_in_capability_table,44685,0.400961538,450.36
5277,2022-05-04,2022,18,Wed,P09,False,15736,280351,0.328908189,31.0,127248,90.0,11452.32,369.4297,1123.2,0.3289,2022-05-04 12:00,2022-05-05 19:00,chained_from_prev_mo,1.0,280315,True,True,True,2,2,1,True,1,mo_multi_sku_keying_error,,44685,0.328908189,369.43
5280,2022-05-05,2022,18,Thu,P09,False,15737,280315,0.483440171,36.0,217200,90.0,19548.0,543.0,1123.2,0.4834,2022-05-05 19:00,2022-05-07 07:00,chained_from_prev_mo,0.0,280351,False,False,False,2,2,1,True,2,hrs_overlaps_next_mo|mo_multi_sku_keying_error,sku_not_in_master|pair_not_in_capability_table,44686,0.483440171,543.0
5281,2022-05-05,2022,18,Thu,P09,False,15737,280351,0.466987179,12.0,69936,90.0,6294.24,524.52,1123.2,0.467,2022-05-05 00:00,2022-05-05 12:00,midnight,8.0,280315,True,True,True,2,2,1,True,1,mo_multi_sku_keying_error,,44686,0.466987179,524.52
5284,2022-05-06,2022,18,Fri,P15,False,157115,280351,0.397275641,12.0,59496,90.0,5354.64,446.22,1123.2,0.3973,2022-05-06 19:00,2022-05-07 07:00,chained_from_prev_mo,2.0,280351,True,True,True,1,1,1,True,1,mo_out_of_sequence,,44687,0.397275641,446.22
5288,2022-05-08,2022,18,Sun,P10,False,15759,280351,0.719546891,146.0,1311072,90.0,117996.48,808.1951,1123.2,0.7195,2022-05-08 00:00,2022-05-14 02:00,midnight,3.0,280351,True,True,True,1,1,1,True,1,hrs_overlaps_next_mo,,44689,0.719546891,808.2
5291,2022-05-08,2022,18,Sun,P14,False,15814,120448,0.752937063,13.75,129204,90.0,11628.36,845.6989,1123.2,0.7529,2022-05-08 00:00,2022-05-08 13:45,midnight,0.0,120448,True,True,True,1,1,1,True,1,dup_date_line_sku,,44689,0.752937063,845.7
5292,2022-05-08,2022,18,Sun,P14,False,15874,120448,0.664342949,12.0,99492,90.0,8954.28,746.19,1123.2,0.6643,2022-05-08 13:45,2022-05-09 01:45,chained_from_prev_mo,8.0,120448,True,True,True,1,1,1,True,1,dup_date_line_sku,,44689,0.664342949,746.19
5308,2022-05-11,2022,19,Wed,P15,False,1577,241287,0.910096154,12.0,136296,90.0,12266.64,1022.22,1123.2,0.9101,2022-05-11 00:00,2022-05-11 12:00,midnight,2.0,241287,False,False,False,1,1,1,True,1,mo_out_of_sequence,sku_not_in_master|pair_not_in_capability_table,44692,0.910096154,1022.22
5334,2022-05-18,2022,20,Wed,P12,False,15876,280426,0.157801418,12.0,21360,110.0,2349.6,195.8,1240.8,0.1578,2022-05-18 06:00,2022-05-18 18:00,chained_from_prev_mo,1.0,280256,True,True,True,1,1,1,True,1,oee_low,,44699,0.157801418,195.8
5448,2022-06-20,2022,25,Mon,P09,False,16129,280318,0.582291667,12.0,87204,90.0,7848.36,654.03,1123.2,0.5823,2022-06-20 00:00,2022-06-20 12:00,midnight,0.0,280107,True,True,True,1,1,1,True,1,dup_date_line_sku,,44732,0.582291667,654.03
5449,2022-06-20,2022,25,Mon,P09,False,280318,280318,0.731810897,24.0,219192,90.0,19727.28,821.97,1123.2,0.7318,2022-06-20 12:00,2022-06-21 12:00,chained_from_prev_mo,1.0,280318,True,True,True,1,1,1,True,2,mo_out_of_sequence|dup_date_line_sku,,44732,0.731810897,821.97
5462,2022-06-25,2022,25,Sat,P14,False,16182,120450,0.680582265,12.0,101924,90.0,9173.16,764.43,1123.2,0.6806,2022-06-25 00:00,2022-06-25 12:00,midnight,0.0,120465,True,True,True,2,2,1,True,1,mo_multi_sku_keying_error,,44737,0.680582265,764.43
5463,2022-06-25,2022,25,Sat,P14,False,16182,280090,0.539556624,12.0,80804,90.0,7272.36,606.03,1123.2,0.5396,2022-06-25 12:00,2022-06-26 00:00,chained_from_prev_mo,1.0,120450,True,True,True,2,2,1,True,1,mo_multi_sku_keying_error,,44737,0.539556624,606.03
5476,2022-06-27,2022,26,Mon,P18,True,16181,280166,1.281650641,4.0,127960,90.0,11516.4,2879.1,2246.4,1.2817,2022-06-27 00:00,2022-06-27 04:00,midnight,0.0,280222,False,False,False,1,1,1,False,1,oee_gt_1,sku_not_in_master|pair_not_in_capability_table,44739,1.281650641,2879.1
5499,2022-07-16,2022,28,Sat,P14,False,16288,280383,0.54909188,12.0,82232,90.0,7400.88,616.74,1123.2,0.5491,2022-07-16 00:00,2022-07-16 12:00,midnight,0.0,280365,True,True,True,1,1,1,True,1,dup_date_line_sku,,44758,0.54909188,616.74
5500,2022-07-16,2022,28,Sat,P14,False,16289,280383,0.713354701,12.0,106832,90.0,9614.88,801.24,1123.2,0.7134,2022-07-16 12:00,2022-07-17 00:00,chained_from_prev_mo,1.0,280383,True,True,True,1,1,1,True,1,dup_date_line_sku,,44758,0.713354701,801.24
5517,2022-07-19,2022,29,Tue,P15,False,16274,280169,0.742793129,103.0,954816,90.0,85933.44,834.3052,1123.2,0.7428,2022-07-19 00:00,2022-07-23 07:00,midnight,2.0,251200,True,True,True,1,1,1,True,1,hrs_overlaps_next_mo,,44761,0.742793129,834.31
5524,2022-07-22,2022,29,Fri,P14,False,16283,280362,0.796407585,12.0,119270,90.0,10734.3,894.525,1123.2,0.7964,2022-07-22 00:00,2022-07-22 12:00,midnight,0.0,120437,False,False,False,1,1,1,True,1,dup_date_line_sku,sku_not_in_master|pair_not_in_capability_table,44764,0.796407585,894.53
5525,2022-07-22,2022,29,Fri,P14,False,16294,280362,0.562099359,12.0,84180,90.0,7576.2,631.35,1123.2,0.5621,2022-07-22 12:00,2022-07-23 00:00,chained_from_prev_mo,1.0,280362,False,False,False,1,1,1,True,1,dup_date_line_sku,sku_not_in_master|pair_not_in_capability_table,44764,0.562099359,631.35
5571,2022-07-31,2022,30,Sun,P17,True,16466,280405,0.517427885,24.0,309960,90.0,27896.4,1162.35,2246.4,0.5174,2022-07-31 00:00,2022-08-01 00:00,midnight,0.0,280052,True,True,True,1,1,1,True,1,dup_date_line_sku,,44773,0.517427885,1162.35
5572,2022-07-31,2022,30,Sun,P17,True,16485,280405,0.386955282,52.0,502237,90.0,45201.33,869.2563,2246.4,0.387,2022-07-31 00:00,2022-08-02 04:00,midnight,4.0,280405,True,True,True,1,1,1,True,1,dup_date_line_sku,,44773,0.386955282,869.26
5573,2022-07-31,2022,30,Sun,P18,True,16460,280052,0.653739316,12.0,195808,90.0,17622.72,1468.56,2246.4,0.6537,2022-07-31 00:00,2022-07-31 12:00,midnight,0.0,280212,True,True,True,1,1,1,True,1,dup_date_line_sku,,44773,0.653739316,1468.56
5574,2022-07-31,2022,30,Sun,P18,True,16486,280052,0.579882948,148.0,2142134,90.0,192792.06,1302.6491,2246.4,0.5799,2022-07-31 12:00,2022-08-06 16:00,chained_from_prev_mo,7.0,280052,True,True,True,1,1,1,True,1,dup_date_line_sku,,44773,0.579882948,1302.65
5587,2022-08-03,2022,31,Wed,P14,False,16433,120445,1.1625,2.0,29016,90.0,2611.44,1305.72,1123.2,1.1625,2022-08-03 00:00,2022-08-03 02:00,midnight,0.0,280164,True,True,True,1,1,1,False,1,oee_gt_1,,44776,1.1625,1305.72
5588,2022-08-03,2022,31,Wed,P14,False,16434,280136,0.531009615,12.0,79524,90.0,7157.16,596.43,1123.2,0.531,2022-08-03 02:00,2022-08-03 14:00,chained_from_prev_mo,0.0,120445,False,False,False,2,2,1,True,1,mo_multi_sku_keying_error,sku_not_in_master|pair_not_in_capability_table,44776,0.531009615,596.43
5589,2022-08-03,2022,31,Wed,P14,False,16434,280236,0.501976496,12.0,75176,90.0,6765.84,563.82,1123.2,0.502,2022-08-03 14:00,2022-08-04 02:00,chained_from_prev_mo,1.0,280136,False,False,False,2,2,1,True,1,mo_multi_sku_keying_error,sku_not_in_master|pair_not_in_capability_table,44776,0.501976496,563.82
5598,2022-08-05,2022,31,Fri,P17,True,16462,280105,0.187920673,40.0,187620,90.0,16885.8,422.145,2246.4,0.1879,2022-08-05 00:00,2022-08-06 16:00,midnight,2.0,280213,False,False,False,1,1,1,True,1,oee_low,sku_not_in_master|pair_not_in_capability_table,44778,0.187920673,422.15
5605,2022-08-07,2022,31,Sun,P11,False,16494,280256,0.33455335,31.0,129432,90.0,11648.88,375.7703,1123.2,0.3346,2022-08-07 00:00,2022-08-08 07:00,midnight,0.0,280352,True,True,False,1,1,1,True,1,hrs_overlaps_next_mo,pair_not_flagged_capable,44780,0.33455335,375.77
5615,2022-08-08,2022,32,Mon,P12,False,16498,280256,0.707734114,115.0,1015740,90.0,91416.6,794.927,1123.2,0.7077,2022-08-08 00:00,2022-08-12 19:00,midnight,0.0,120437,True,True,False,1,1,1,True,1,hrs_overlaps_next_mo,pair_not_flagged_capable,44781,0.707734114,794.93
5619,2022-08-08,2022,32,Mon,P15,False,16509,280013,0.596821581,12.0,89380,90.0,8044.2,670.35,1123.2,0.5968,2022-08-08 00:00,2022-08-08 12:00,midnight,0.0,280103,False,False,False,2,2,1,True,1,mo_multi_sku_keying_error,sku_not_in_master|pair_not_in_capability_table,44781,0.596821581,670.35
5620,2022-08-08,2022,32,Mon,P15,False,16509,280391,0.66053818,91.0,750160,90.0,67514.4,741.9165,1123.2,0.6605,2022-08-08 12:00,2022-08-12 07:00,chained_from_prev_mo,5.0,280013,False,False,False,2,2,1,True,1,mo_multi_sku_keying_error,sku_not_in_master|pair_not_in_capability_table,44781,0.66053818,741.92
5631,2022-08-12,2022,32,Fri,P14,False,16506,120436,0.728979701,36.0,327516,90.0,29476.44,818.79,1123.2,0.729,2022-08-12 00:00,2022-08-13 12:00,midnight,0.0,120534,True,True,True,1,1,1,True,1,hrs_overlaps_next_mo,,44785,0.728979701,818.79
5636,2022-08-13,2022,32,Sat,P18,True,16575,280052,0.56260027,183.0,2569778,90.0,231280.02,1263.8252,2246.4,0.5626,2022-08-13 00:00,2022-08-20 15:00,midnight,8.0,280324,True,True,True,1,1,1,True,1,hrs_long,,44786,0.56260027,1263.83
5654,2022-08-17,2022,33,Wed,P15,False,165668,280105,0.738344988,11.0,101360,90.0,9122.4,829.3091,1123.2,0.7383,2022-08-17 00:00,2022-08-17 11:00,midnight,1.0,280105,False,False,False,1,1,1,True,1,mo_out_of_sequence,sku_not_in_master|pair_not_in_capability_table,44790,0.738344988,829.31
5664,2022-08-21,2022,33,Sun,P11,False,1667,280352,0.458814103,12.0,68712,90.0,6184.08,515.34,1123.2,0.4588,2022-08-21 00:00,2022-08-21 12:00,midnight,0.0,280352,False,False,False,1,1,1,True,2,mo_out_of_sequence|dup_date_line_sku,sku_not_in_master|pair_not_in_capability_table,44794,0.458814103,515.34
5665,2022-08-21,2022,33,Sun,P11,False,16667,280352,0.406490385,12.0,60876,90.0,5478.84,456.57,1123.2,0.4065,2022-08-21 12:00,2022-08-22 00:00,chained_from_prev_mo,1.0,280352,False,False,False,1,1,1,True,1,dup_date_line_sku,sku_not_in_master|pair_not_in_capability_table,44794,0.406490385,456.57
5674,2022-08-22,2022,34,Mon,P12,False,16611,120436,0.707291667,12.0,105924,90.0,9533.16,794.43,1123.2,0.7073,2022-08-22 00:00,2022-08-22 12:00,midnight,0.0,120436,True,True,True,2,2,1,True,1,mo_multi_sku_keying_error,,44795,0.707291667,794.43
5675,2022-08-22,2022,34,Mon,P12,False,16611,120448,0.671394231,36.0,301644,90.0,27147.96,754.11,1123.2,0.6714,2022-08-22 12:00,2022-08-24 00:00,chained_from_prev_mo,2.0,120436,True,True,True,2,2,1,True,1,mo_multi_sku_keying_error,,44795,0.671394231,754.11
5676,2022-08-22,2022,34,Mon,P15,False,16630,280103,0.679309117,36.0,305200,90.0,27468.0,763.0,1123.2,0.6793,2022-08-22 00:00,2022-08-23 12:00,midnight,0.0,280106,True,True,True,2,2,1,True,2,hrs_overlaps_next_mo|mo_multi_sku_keying_error,,44795,0.679309117,763.0
5677,2022-08-22,2022,34,Mon,P15,False,16630,280104,0.586084402,12.0,87772,90.0,7899.48,658.29,1123.2,0.5861,2022-08-22 00:00,2022-08-22 12:00,midnight,1.0,280103,True,True,True,2,2,1,True,1,mo_multi_sku_keying_error,,44795,0.586084402,658.29
5696,2022-08-27,2022,34,Sat,P12,False,16737,120431,0.723717949,12.0,108384,90.0,9754.56,812.88,1123.2,0.7237,2022-08-27 12:00,2022-08-28 00:00,chained_from_prev_mo,1.0,120532,False,False,False,2,2,2,True,1,mo_multi_sku_keying_error,mo_split_across_lines|sku_not_in_master|pair_not_in_capability_table,44800,0.723717949,812.88
5700,2022-08-27,2022,34,Sat,P15,False,16737,280169,0.670913462,12.0,100476,90.0,9042.84,753.57,1123.2,0.6709,2022-08-27 12:00,2022-08-28 00:00,chained_from_prev_mo,1.0,280107,True,True,True,2,2,2,True,1,mo_multi_sku_keying_error,mo_split_across_lines,44800,0.670913462,753.57
5733,2022-09-01,2022,35,Thu,P15,False,16788,280166,0.795878056,43.0,427100,90.0,38439.0,893.9302,1123.2,0.7959,2022-09-01 00:00,2022-09-02 19:00,midnight,0.0,280166,False,False,False,1,1,1,True,2,hrs_overlaps_next_mo|dup_date_line_sku,sku_not_in_master|pair_not_in_capability_table,44805,0.795878056,893.93
5734,2022-09-01,2022,35,Thu,P15,False,167788,280166,0.620459402,12.0,92920,90.0,8362.8,696.9,1123.2,0.6205,2022-09-01 00:00,2022-09-01 12:00,midnight,2.0,280166,False,False,False,1,1,1,True,2,mo_out_of_sequence|dup_date_line_sku,sku_not_in_master|pair_not_in_capability_table,44805,0.620459402,696.9
5758,2022-09-07,2022,36,Wed,P14,False,1664,120436,0.787259615,12.0,117900,90.0,10611.0,884.25,1123.2,0.7873,2022-09-07 00:00,2022-09-07 12:00,midnight,0.0,120437,True,True,True,1,1,1,True,2,mo_out_of_sequence|dup_date_line_sku,,44811,0.787259615,884.25
5759,2022-09-07,2022,36,Wed,P14,False,16764,120436,0.694938879,43.0,372932,90.0,33563.88,780.5553,1123.2,0.6949,2022-09-07 12:00,2022-09-09 07:00,chained_from_prev_mo,2.0,120436,True,True,True,1,1,1,True,1,dup_date_line_sku,,44811,0.694938879,780.56
5802,2022-09-18,2022,37,Sun,P16,False,16882,280351,0.762701348,156.0,1484888,90.0,133639.92,856.6662,1123.2,0.7627,2022-09-18 00:00,2022-09-24 12:00,midnight,4.0,280351,True,True,True,1,1,1,True,1,hrs_overlaps_next_mo,,44822,0.762701348,856.67
5811,2022-09-20,2022,38,Tue,P18,True,16889,280323,0.720137675,88.0,1581768,90.0,142359.12,1617.7173,2246.4,0.7201,2022-09-20 00:00,2022-09-23 16:00,midnight,2.0,280324,True,True,True,1,1,1,True,1,hrs_overlaps_next_mo,,44824,0.720137675,1617.72
5818,2022-09-23,2022,38,Fri,P14,False,16879,120430,0.498076923,7.0,43512,90.0,3916.08,559.44,1123.2,0.4981,2022-09-23 07:00,2022-09-23 14:00,chained_from_prev_mo,0.0,120534,False,False,False,2,2,1,True,1,mo_multi_sku_keying_error,sku_not_in_master|pair_not_in_capability_table,44827,0.498076923,559.44
5819,2022-09-23,2022,38,Fri,P14,False,16879,120436,0.63193109,24.0,189276,90.0,17034.84,709.785,1123.2,0.6319,2022-09-23 14:00,2022-09-24 14:00,chained_from_prev_mo,2.0,120430,True,True,True,2,2,1,True,1,mo_multi_sku_keying_error,,44827,0.63193109,709.79
5852,2022-09-30,2022,39,Fri,P10,False,19627,280351,0.721314103,12.0,108024,90.0,9722.16,810.18,1123.2,0.7213,2022-09-30 07:00,2022-09-30 19:00,chained_from_prev_mo,1.0,280351,True,True,True,2,2,2,True,1,mo_multi_sku_keying_error,mo_split_across_lines,44834,0.721314103,810.18
5855,2022-09-30,2022,39,Fri,P17,True,17089,280052,0.662075154,48.0,793219,90.0,71389.71,1487.2856,2246.4,0.6621,2022-09-30 00:00,2022-10-02 00:00,midnight,0.0,280222,True,True,True,1,1,1,True,1,hrs_overlaps_next_mo,,44834,0.662075154,1487.29
5856,2022-09-30,2022,39,Fri,P17,True,19627,280222,0.67628673,137.0,2312576,90.0,208131.84,1519.2105,2246.4,0.6763,2022-09-30 00:00,2022-10-05 17:00,midnight,2.0,280052,True,True,True,2,2,2,True,2,hrs_overlaps_next_mo|mo_multi_sku_keying_error,mo_split_across_lines,44834,0.67628673,1519.21
5873,2022-10-02,2022,39,Sun,P14,False,17017,120436,0.746113782,48.0,446952,90.0,40225.68,838.035,1123.2,0.7461,2022-10-02 00:00,2022-10-04 00:00,midnight,0.0,280365,True,True,True,1,1,1,True,1,hrs_overlaps_next_mo,,44836,0.746113782,838.04
5899,2022-10-08,2022,40,Sat,P12,False,17012,120436,0.525988248,12.0,78772,90.0,7089.48,590.79,1123.2,0.526,2022-10-08 00:00,2022-10-08 12:00,midnight,0.0,120532,True,True,True,1,1,1,True,1,dup_date_line_sku,,44842,0.525988248,590.79
5900,2022-10-08,2022,40,Sat,P12,False,17049,120436,0.659375,12.0,98748,90.0,8887.32,740.61,1123.2,0.6594,2022-10-08 12:00,2022-10-09 00:00,chained_from_prev_mo,1.0,120436,True,True,True,1,1,1,True,1,dup_date_line_sku,,44842,0.659375,740.61
5904,2022-10-08,2022,40,Sat,P17,True,17121,280104,0.521430288,40.0,520596,90.0,46853.64,1171.341,2246.4,0.5214,2022-10-08 12:00,2022-10-10 04:00,chained_from_prev_mo,0.0,280166,True,True,True,2,2,1,True,2,hrs_overlaps_next_mo|mo_multi_sku_keying_error,,44842,0.521430288,1171.34
5905,2022-10-08,2022,40,Sat,P17,True,17121,280324,0.705074786,24.0,422368,90.0,38013.12,1583.88,2246.4,0.7051,2022-10-08 00:00,2022-10-09 00:00,midnight,2.0,280104,True,True,True,2,2,1,True,1,mo_multi_sku_keying_error,,44842,0.705074786,1583.88
5906,2022-10-08,2022,40,Sat,P18,True,17125,280323,0.712464387,36.0,640192,90.0,57617.28,1600.48,2246.4,0.7125,2022-10-08 00:00,2022-10-09 12:00,midnight,0.0,280213,True,True,True,1,1,1,True,2,hrs_overlaps_next_mo|dup_date_line_sku,,44842,0.712464387,1600.48
5907,2022-10-08,2022,40,Sat,P18,True,17155,280323,0.719955262,12.0,215641,90.0,19407.69,1617.3075,2246.4,0.72,2022-10-08 00:00,2022-10-08 12:00,midnight,2.0,280323,True,True,True,1,1,1,True,1,dup_date_line_sku,,44842,0.719955262,1617.31
5908,2022-10-09,2022,40,Sun,P09,False,17096,280065,0.68792735,84.0,721168,90.0,64905.12,772.68,1123.2,0.6879,2022-10-09 00:00,2022-10-12 12:00,midnight,1.0,280065,False,False,False,1,1,1,True,1,hrs_overlaps_next_mo,sku_not_in_master|pair_not_in_capability_table,44843,0.68792735,772.68
5909,2022-10-09,2022,40,Sun,P10,False,17100,280351,0.761516174,151.0,1435062,90.0,129155.58,855.335,1123.2,0.7615,2022-10-09 00:00,2022-10-15 07:00,midnight,5.0,280351,True,True,True,1,1,1,True,1,hrs_overlaps_next_mo,,44843,0.761516174,855.33
5916,2022-10-10,2022,41,Mon,P09,False,170065,280065,0.563141026,12.0,84336,90.0,7590.24,632.52,1123.2,0.5631,2022-10-10 00:00,2022-10-10 12:00,midnight,3.0,280065,False,False,False,1,1,1,True,1,mo_out_of_sequence,sku_not_in_master|pair_not_in_capability_table,44844,0.563141026,632.52
5917,2022-10-10,2022,41,Mon,P11,False,17102,280256,0.786987684,127.0,1247344,90.0,112260.96,883.9446,1123.2,0.787,2022-10-10 00:00,2022-10-15 07:00,midnight,0.0,280351,True,True,False,1,1,1,True,1,hrs_overlaps_next_mo,pair_not_flagged_capable,44844,0.786987684,883.94
5920,2022-10-10,2022,41,Mon,P17,True,17122,280105,0.55423344,36.0,498012,90.0,44821.08,1245.03,2246.4,0.5542,2022-10-10 00:00,2022-10-11 12:00,midnight,2.0,280324,False,False,False,2,2,2,True,1,mo_multi_sku_keying_error,mo_split_across_lines|sku_not_in_master|pair_not_in_capability_table,44844,0.55423344,1245.03
5921,2022-10-10,2022,41,Mon,P18,True,17122,280222,0.786312217,17.0,333648,90.0,30028.32,1766.3718,2246.4,0.7863,2022-10-10 00:00,2022-10-10 17:00,midnight,0.0,280323,True,True,True,2,2,2,True,1,mo_multi_sku_keying_error,mo_split_across_lines,44844,0.786312217,1766.37
5925,2022-10-12,2022,41,Wed,P17,True,17123,280234,0.502733452,12.0,136100,120.0,16332.0,1361.0,2707.2,0.5027,2022-10-12 00:00,2022-10-12 12:00,midnight,0.0,280105,False,False,False,2,2,1,True,1,mo_multi_sku_keying_error,sku_not_in_master|pair_not_in_capability_table,44846,0.502733452,1361.0
5926,2022-10-12,2022,41,Wed,P17,True,17123,280324,0.647781065,52.0,840768,90.0,75669.12,1455.1754,2246.4,0.6478,2022-10-12 12:00,2022-10-14 16:00,chained_from_prev_mo,4.0,280234,True,True,True,2,2,1,True,1,mo_multi_sku_keying_error,,44846,0.647781065,1455.18
5930,2022-10-13,2022,41,Thu,P12,False,17137,280376,,0.0,0,110.0,0.0,,1240.8,,2022-10-13 19:00,2022-10-13 19:00,chained_from_prev_mo,0.0,280380,True,True,True,1,1,1,False,3,oee_not_numeric|hrs_zero|pouches_zero,,44847,#DIV/0!,0.0
5940,2022-10-16,2022,41,Sun,P09,False,17158,120436,0.680608974,12.0,101928,90.0,9173.52,764.46,1123.2,0.6806,2022-10-16 00:00,2022-10-16 12:00,midnight,0.0,120464,True,True,True,1,1,1,True,1,dup_date_line_sku,,44850,0.680608974,764.46
5941,2022-10-16,2022,41,Sun,P09,False,120436,120436,0.725400641,12.0,108636,90.0,9777.24,814.77,1123.2,0.7254,2022-10-16 12:00,2022-10-17 00:00,chained_from_prev_mo,1.0,120436,True,True,True,3,1,3,True,2,mo_out_of_sequence|dup_date_line_sku,mo_split_across_lines,44850,0.725400641,814.77
5944,2022-10-16,2022,41,Sun,P12,False,17170,120436,0.78839726,91.0,895367,90.0,80583.03,885.5278,1123.2,0.7884,2022-10-16 00:00,2022-10-19 19:00,midnight,0.0,120450,True,True,True,1,1,1,True,2,hrs_overlaps_next_mo|dup_date_line_sku,,44850,0.78839726,885.53
5945,2022-10-16,2022,41,Sun,P12,False,120436,120436,0.366880342,9.0,41208,90.0,3708.72,412.08,1123.2,0.3669,2022-10-16 00:00,2022-10-16 09:00,midnight,4.0,120436,True,True,True,3,1,3,True,2,mo_out_of_sequence|dup_date_line_sku,mo_split_across_lines,44850,0.366880342,412.08
5947,2022-10-16,2022,41,Sun,P14,False,17173,120448,0.733028551,163.0,1491156,90.0,134204.04,823.3377,1123.2,0.733,2022-10-16 00:00,2022-10-22 19:00,midnight,0.0,120448,True,True,True,1,1,1,True,1,hrs_overlaps_next_mo,,44850,0.733028551,823.34
5948,2022-10-16,2022,41,Sun,P14,False,120436,120436,0.952115385,5.0,59412,90.0,5347.08,1069.416,1123.2,0.9521,2022-10-16 00:00,2022-10-16 05:00,midnight,7.0,120448,True,True,True,3,1,3,True,1,mo_out_of_sequence,mo_split_across_lines,44850,0.952115385,1069.42
5951,2022-10-16,2022,41,Sun,P18,True,17185,280324,0.732980115,98.0,1792928,90.0,161363.52,1646.5665,2246.4,0.733,2022-10-16 00:00,2022-10-20 02:00,midnight,0.0,280222,True,True,True,1,1,1,True,1,hrs_overlaps_next_mo,,44850,0.732980115,1646.57
5963,2022-10-20,2022,42,Thu,P12,False,17168,120430,0.653952991,36.0,293808,90.0,26442.72,734.52,1123.2,0.654,2022-10-20 00:00,2022-10-21 12:00,midnight,0.0,120436,False,False,False,1,1,1,True,1,hrs_overlaps_next_mo,sku_not_in_master|pair_not_in_capability_table,44854,0.653952991,734.52
5986,2022-10-24,2022,43,Mon,P15,False,17234,120464,0.693768928,127.0,1099596,90.0,98963.64,779.2413,1123.2,0.6938,2022-10-24 00:00,2022-10-29 07:00,midnight,1.0,251200,False,False,False,1,1,1,True,1,hrs_overlaps_next_mo,sku_not_in_master|pair_not_in_capability_table,44858,0.693768928,779.24
5992,2022-10-25,2022,43,Tue,P15,False,17421,280405,0.769797141,161.0,1546738,90.0,139206.42,864.6361,1123.2,0.7698,2022-10-25 00:00,2022-10-31 17:00,midnight,4.0,120464,True,True,True,2,2,2,True,2,hrs_overlaps_next_mo|mo_multi_sku_keying_error,mo_split_across_lines,44859,0.769797141,864.64
5994,2022-10-25,2022,43,Tue,P17,True,17421,280166,0.598290598,12.0,179200,90.0,16128.0,1344.0,2246.4,0.5983,2022-10-25 04:00,2022-10-25 16:00,chained_from_prev_mo,3.0,280166,False,False,False,2,2,2,True,1,mo_multi_sku_keying_error,mo_split_across_lines|sku_not_in_master|pair_not_in_capability_table,44859,0.598290598,1344.0
6027,2022-11-02,2022,44,Wed,P12,False,17282,120435,0.42032967,7.0,36720,90.0,3304.8,472.1143,1123.2,0.4203,2022-11-02 00:00,2022-11-02 07:00,midnight,0.0,120465,True,True,True,2,2,1,True,1,mo_multi_sku_keying_error,,44867,0.42032967,472.11
6028,2022-11-02,2022,44,Wed,P12,False,17282,120453,0.866666667,12.0,129792,90.0,11681.28,973.44,1123.2,0.8667,2022-11-02 07:00,2022-11-02 19:00,chained_from_prev_mo,1.0,120435,True,True,True,2,2,1,True,1,mo_multi_sku_keying_error,,44867,0.866666667,973.44
6037,2022-11-06,2022,44,Sun,P09,False,17348,280065,0.68134448,67.0,569713,90.0,51274.17,765.2861,1123.2,0.6813,2022-11-06 00:00,2022-11-08 19:00,midnight,1.0,120437,False,False,False,1,1,1,True,1,hrs_overlaps_next_mo,sku_not_in_master|pair_not_in_capability_table,44871,0.68134448,765.29
6042,2022-11-06,2022,44,Sun,P13,False,17357,120448,0.65453125,120.0,980226,90.0,88220.34,735.1695,1123.2,0.6545,2022-11-06 00:00,2022-11-11 00:00,midnight,2.0,120436,True,True,True,1,1,1,True,1,hrs_overlaps_next_mo,,44871,0.65453125,735.17
6054,2022-11-11,2022,45,Fri,P15,False,17448,241281,1.004395604,7.0,87744,90.0,7896.96,1128.1371,1123.2,1.0044,2022-11-11 00:00,2022-11-11 07:00,midnight,9.0,120464,False,False,False,1,1,1,False,1,oee_gt_1,sku_not_in_master|pair_not_in_capability_table,44876,1.004395604,1128.14
6073,2022-11-15,2022,46,Tue,P14,False,17417,280237,0.69298433,9.0,77836,90.0,7005.24,778.36,1123.2,0.693,2022-11-15 02:00,2022-11-15 11:00,chained_from_prev_mo,0.0,280236,False,False,False,2,2,1,True,1,mo_multi_sku_keying_error,sku_not_in_master|pair_not_in_capability_table,44880,0.69298433,778.36
6074,2022-11-15,2022,46,Tue,P14,False,17417,280238,0.667307692,12.0,99936,90.0,8994.24,749.52,1123.2,0.6673,2022-11-15 11:00,2022-11-15 23:00,chained_from_prev_mo,1.0,280237,False,False,False,2,2,1,True,1,mo_multi_sku_keying_error,sku_not_in_master|pair_not_in_capability_table,44880,0.667307692,749.52
6077,2022-11-16,2022,46,Wed,P12,False,17410,280256,0.743101799,67.0,621352,90.0,55921.68,834.6519,1123.2,0.7431,2022-11-16 09:00,2022-11-19 04:00,chained_from_prev_mo,1.0,120448,True,True,False,1,1,1,True,1,hrs_overlaps_next_mo,pair_not_flagged_capable,44881,0.743101799,834.65
6080,2022-11-17,2022,46,Thu,P12,False,1741,280256,0.852884615,12.0,127728,90.0,11495.52,957.96,1123.2,0.8529,2022-11-17 00:00,2022-11-17 12:00,midnight,3.0,280256,True,True,False,1,1,1,True,1,mo_out_of_sequence,pair_not_flagged_capable,44882,0.852884615,957.96
6091,2022-11-20,2022,46,Sun,P13,False,17466,280169,0.634409623,81.0,641312,90.0,57718.08,712.5689,1123.2,0.6344,2022-11-20 00:00,2022-11-23 09:00,midnight,7.0,280169,True,True,True,2,2,2,True,1,mo_multi_sku_keying_error,mo_split_across_lines,44885,0.634409623,712.57
6092,2022-11-20,2022,46,Sun,P14,False,17466,280166,0.461538462,12.0,69120,90.0,6220.8,518.4,1123.2,0.4615,2022-11-20 00:00,2022-11-20 12:00,midnight,0.0,120437,False,False,False,2,2,2,True,2,mo_multi_sku_keying_error|dup_date_line_sku,mo_split_across_lines|sku_not_in_master|pair_not_in_capability_table,44885,0.461538462,518.4
6094,2022-11-20,2022,46,Sun,P14,False,17468,280166,0.62813059,43.0,337080,90.0,30337.2,705.5163,1123.2,0.6281,2022-11-20 00:00,2022-11-21 19:00,midnight,3.0,120437,False,False,False,1,1,1,True,1,dup_date_line_sku,sku_not_in_master|pair_not_in_capability_table,44885,0.62813059,705.52
6097,2022-11-21,2022,47,Mon,P09,False,17458,280065,0.78579132,37.0,362847,90.0,32656.23,882.6008,1123.2,0.7858,2022-11-21 12:00,2022-11-23 01:00,chained_from_prev_mo,0.0,280315,False,False,False,1,1,1,True,2,hrs_overlaps_next_mo|dup_date_line_sku,sku_not_in_master|pair_not_in_capability_table,44886,0.78579132,882.6
6098,2022-11-21,2022,47,Mon,P09,False,17506,280065,0.758547009,12.0,113600,90.0,10224.0,852.0,1123.2,0.7585,2022-11-21 00:00,2022-11-21 12:00,midnight,5.0,280065,False,False,False,2,2,2,True,2,mo_multi_sku_keying_error|dup_date_line_sku,mo_split_across_lines|sku_not_in_master|pair_not_in_capability_table,44886,0.758547009,852.0
6100,2022-11-21,2022,47,Mon,P16,False,17506,280405,0.824782404,54.5,560984,90.0,50488.56,926.3956,1123.2,0.8248,2022-11-21 00:00,2022-11-23 06:30,midnight,5.0,280351,True,True,True,2,2,2,True,1,mo_multi_sku_keying_error,mo_split_across_lines,44886,0.824782404,926.4
6119,2022-11-30,2022,48,Wed,P09,False,17510,280317,0.866773504,12.0,129808,90.0,11682.72,973.56,1123.2,0.8668,2022-11-30 00:00,2022-11-30 12:00,midnight,0.0,280065,False,False,False,2,2,1,True,1,mo_multi_sku_keying_error,sku_not_in_master|pair_not_in_capability_table,44895,0.866773504,973.56
6120,2022-11-30,2022,48,Wed,P09,False,17510,280318,0.559081197,12.0,83728,90.0,7535.52,627.96,1123.2,0.5591,2022-11-30 12:00,2022-12-01 00:00,chained_from_prev_mo,1.0,280317,True,True,True,2,2,1,True,1,mo_multi_sku_keying_error,,44895,0.559081197,627.96
6145,2022-12-04,2022,48,Sun,P13,False,17590,280324,0.532692308,12.0,79776,90.0,7179.84,598.32,1123.2,0.5327,2022-12-04 00:00,2022-12-04 12:00,midnight,0.0,280325,True,True,True,2,2,1,True,1,mo_multi_sku_keying_error,,44899,0.532692308,598.32
6146,2022-12-04,2022,48,Sun,P13,False,17590,280325,0.73420182,31.0,284048,90.0,25564.32,824.6555,1123.2,0.7342,2022-12-04 12:00,2022-12-05 19:00,chained_from_prev_mo,2.0,280324,True,True,True,2,2,1,True,1,mo_multi_sku_keying_error,,44899,0.73420182,824.66
6167,2022-12-11,2022,49,Sun,P09,False,17656,280315,0.72026862,84.0,755072,90.0,67956.48,809.0057,1123.2,0.7203,2022-12-11 00:00,2022-12-14 12:00,midnight,1.0,120437,False,False,False,1,1,1,True,1,hrs_overlaps_next_mo,sku_not_in_master|pair_not_in_capability_table,44906,0.72026862,809.01
6178,2022-12-12,2022,50,Mon,P12,False,17666,280090,0.545886752,12.0,81752,90.0,7357.68,613.14,1123.2,0.5459,2022-12-12 04:00,2022-12-12 16:00,chained_from_prev_mo,0.0,280401,True,True,True,2,2,1,True,1,mo_multi_sku_keying_error,,44907,0.545886752,613.14
6179,2022-12-12,2022,50,Mon,P12,False,17666,280401,0.726153846,10.0,90624,90.0,8156.16,815.616,1123.2,0.7262,2022-12-12 16:00,2022-12-13 02:00,chained_from_prev_mo,1.0,280090,False,False,False,2,2,1,True,1,mo_multi_sku_keying_error,sku_not_in_master|pair_not_in_capability_table,44907,0.726153846,815.62
6191,2022-12-15,2022,50,Thu,P17,True,17684,280324,1.103739316,1.5,41324,90.0,3719.16,2479.44,2246.4,1.1037,2022-12-15 00:00,2022-12-15 01:30,midnight,36.0,280222,True,True,True,1,1,1,False,1,oee_gt_1,,44910,1.103739316,2479.44
6212,2022-12-22,2022,51,Thu,P09,False,17812,280169,0.761396011,2.25,21380,90.0,1924.2,855.2,1123.2,0.7614,2022-12-22 07:00,2022-12-22 09:15,chained_from_prev_mo,0.0,280169,True,True,True,2,2,1,True,1,mo_multi_sku_keying_error,,44917,0.761396011,855.2
6213,2022-12-22,2022,51,Thu,P09,False,17812,280391,0.712339744,12.0,106680,90.0,9601.2,800.1,1123.2,0.7123,2022-12-22 09:15,2022-12-22 21:15,chained_from_prev_mo,11.0,280169,False,False,False,2,2,1,True,1,mo_multi_sku_keying_error,sku_not_in_master|pair_not_in_capability_table,44917,0.712339744,800.1
6228,2023-01-03,2023,1,Tue,P11,False,17817,280352,0.727516026,60.0,544764,90.0,49028.76,817.146,1123.2,0.7275,2023-01-03 00:00,2023-01-05 12:00,midnight,1.0,280130,False,False,False,1,1,1,True,1,hrs_overlaps_next_mo,sku_not_in_master|pair_not_in_capability_table,44929,0.727516026,817.15
6231,2023-01-04,2023,1,Wed,P11,False,17818,280240,0.699385684,12.0,104740,90.0,9426.6,785.55,1123.2,0.6994,2023-01-04 00:00,2023-01-04 12:00,midnight,2.0,280352,False,False,False,2,2,2,True,1,mo_multi_sku_keying_error,mo_split_across_lines|sku_not_in_master|pair_not_in_capability_table,44930,0.699385684,785.55
6232,2023-01-04,2023,1,Wed,P12,False,17818,120532,0.709294872,12.0,106224,90.0,9560.16,796.68,1123.2,0.7093,2023-01-04 13:00,2023-01-05 01:00,chained_from_prev_mo,1.0,280256,True,True,True,2,2,2,True,1,mo_multi_sku_keying_error,mo_split_across_lines,44930,0.709294872,796.68
6247,2023-01-07,2023,1,Sat,P12,False,17842,280256,0.681576087,115.0,978198,90.0,88037.82,765.5463,1123.2,0.6816,2023-01-07 01:00,2023-01-11 20:00,chained_from_prev_mo,2.0,280107,True,True,False,1,1,1,True,1,hrs_overlaps_next_mo,pair_not_flagged_capable,44933,0.681576087,765.55
6255,2023-01-08,2023,1,Sun,P16,False,17858,280351,0.748282967,98.0,915180,90.0,82366.2,840.4714,1123.2,0.7483,2023-01-08 00:00,2023-01-12 02:00,midnight,1.0,280256,True,True,True,1,1,1,True,1,hrs_overlaps_next_mo,,44934,0.748282967,840.47
6280,2023-01-17,2023,3,Tue,P09,False,17919,280104,0.775774573,12.0,116180,90.0,10456.2,871.35,1123.2,0.7758,2023-01-17 07:00,2023-01-17 19:00,chained_from_prev_mo,0.0,280391,True,True,True,2,2,1,True,1,mo_multi_sku_keying_error,,44943,0.775774573,871.35
6281,2023-01-17,2023,3,Tue,P09,False,17919,280391,0.483974359,12.0,72480,90.0,6523.2,543.6,1123.2,0.484,2023-01-17 19:00,2023-01-18 07:00,chained_from_prev_mo,1.0,280104,False,False,False,2,2,1,True,1,mo_multi_sku_keying_error,sku_not_in_master|pair_not_in_capability_table,44943,0.483974359,543.6
6293,2023-01-21,2023,3,Sat,P09,False,178,280166,0.726896368,12.0,108860,90.0,9797.4,816.45,1123.2,0.7269,2023-01-21 02:00,2023-01-21 14:00,chained_from_prev_mo,1.0,280166,False,False,False,1,1,1,True,1,mo_out_of_sequence,sku_not_in_master|pair_not_in_capability_table,44947,0.726896368,816.45
6302,2023-01-23,2023,4,Mon,P09,False,1622144,280103,0.671607906,12.0,100580,90.0,9052.2,754.35,1123.2,0.6716,2023-01-23 00:00,2023-01-23 12:00,midnight,1.0,280103,True,True,True,1,1,1,True,1,mo_out_of_sequence,,44949,0.671607906,754.35
6315,2023-01-28,2023,4,Sat,P09,False,179,280317,0.644798344,12.0,96565,90.0,8690.85,724.2375,1123.2,0.6448,2023-01-28 00:00,2023-01-28 12:00,midnight,0.0,280065,False,False,False,1,1,1,True,2,mo_out_of_sequence|dup_date_line_sku,sku_not_in_master|pair_not_in_capability_table,44954,0.644798344,724.24
6316,2023-01-28,2023,4,Sat,P09,False,17941,280317,0.471187233,12.0,70565,90.0,6350.85,529.2375,1123.2,0.4712,2023-01-28 12:00,2023-01-29 00:00,chained_from_prev_mo,1.0,280317,False,False,False,1,1,1,True,1,dup_date_line_sku,sku_not_in_master|pair_not_in_capability_table,44954,0.471187233,529.24
6329,2023-01-30,2023,5,Mon,P09,False,17992,280318,0.835657051,24.0,250296,90.0,22526.64,938.61,1123.2,0.8357,2023-01-30 07:00,2023-01-31 07:00,chained_from_prev_mo,1.0,280065,True,True,True,2,2,2,True,1,mo_multi_sku_keying_error,mo_split_across_lines,44956,0.835657051,938.61
6331,2023-01-30,2023,5,Mon,P12,False,17992,280256,0.720352564,12.0,107880,90.0,9709.2,809.1,1123.2,0.7204,2023-01-30 00:00,2023-01-30 12:00,midnight,0.0,280377,True,True,False,2,2,2,True,1,mo_multi_sku_keying_error,mo_split_across_lines|pair_not_flagged_capable,44956,0.720352564,809.1
6335,2023-01-31,2023,5,Tue,P12,False,18003,120437,0.689536592,12.0,103265,90.0,9293.85,774.4875,1123.2,0.6895,2023-01-31 09:00,2023-01-31 21:00,chained_from_prev_mo,0.0,280379,True,True,True,1,1,1,True,1,dup_date_line_sku,,44957,0.689536592,774.49
6336,2023-01-31,2023,5,Tue,P12,False,18004,120437,0.629380342,12.0,94256,90.0,8483.04,706.92,1123.2,0.6294,2023-01-31 21:00,2023-02-01 09:00,chained_from_prev_mo,1.0,120437,True,True,True,1,1,1,True,1,dup_date_line_sku,,44957,0.629380342,706.92
6343,2023-02-01,2023,5,Wed,P14,False,18076,280365,0.592965888,28.0,207206,90.0,18648.54,666.0193,1123.2,0.593,2023-02-01 00:00,2023-02-02 04:00,midnight,1.0,120437,True,True,True,2,2,2,True,1,mo_multi_sku_keying_error,mo_split_across_lines,44958,0.592965888,666.02
6346,2023-02-01,2023,5,Wed,P16,False,18076,280351,0.743269231,12.0,111312,90.0,10018.08,834.84,1123.2,0.7433,2023-02-01 00:00,2023-02-01 12:00,midnight,0.0,280351,True,True,True,2,2,2,True,2,mo_multi_sku_keying_error|dup_date_line_sku,mo_split_across_lines,44958,0.743269231,834.84
6347,2023-02-01,2023,5,Wed,P16,False,18078,280351,0.656735553,67.0,549136,90.0,49422.24,737.6454,1123.2,0.6567,2023-02-01 12:00,2023-02-04 07:00,chained_from_prev_mo,4.0,280351,True,True,True,2,1,2,True,1,dup_date_line_sku,mo_split_across_lines,44958,0.656735553,737.65
6394,2023-02-12,2023,6,Sun,P14,False,18146,280166,0.715886159,108.0,964900,90.0,86841.0,804.0833,1123.2,0.7159,2023-02-12 00:00,2023-02-16 12:00,midnight,1.0,280239,False,False,False,1,1,1,True,1,hrs_overlaps_next_mo,sku_not_in_master|pair_not_in_capability_table,44969,0.715886159,804.08
6397,2023-02-13,2023,7,Mon,P13,False,18145,280325,0.667807833,91.0,758416,90.0,68257.44,750.0818,1123.2,0.6678,2023-02-13 00:00,2023-02-16 19:00,midnight,4.0,280169,True,True,True,2,2,2,True,1,mo_multi_sku_keying_error,mo_split_across_lines,44970,0.667807833,750.08
6398,2023-02-13,2023,7,Mon,P14,False,18145,280166,0.661172161,7.0,57760,90.0,5198.4,742.6286,1123.2,0.6612,2023-02-13 00:00,2023-02-13 07:00,midnight,4.0,280166,False,False,False,2,2,2,True,1,mo_multi_sku_keying_error,mo_split_across_lines|sku_not_in_master|pair_not_in_capability_table,44970,0.661172161,742.63
6405,2023-02-17,2023,7,Fri,P14,False,17147,120437,0.553766026,12.0,82932,90.0,7463.88,621.99,1123.2,0.5538,2023-02-17 00:00,2023-02-17 12:00,midnight,0.0,280166,True,True,True,1,1,1,True,1,dup_date_line_sku,,44974,0.553766026,621.99
6406,2023-02-17,2023,7,Fri,P14,False,18147,120437,0.805849359,36.0,362052,90.0,32584.68,905.13,1123.2,0.8058,2023-02-17 12:00,2023-02-19 00:00,chained_from_prev_mo,2.0,120437,True,True,True,1,1,1,True,1,dup_date_line_sku,,44974,0.805849359,905.13
6419,2023-02-19,2023,7,Sun,P16,False,18197,280325,0.766499126,88.0,841800,90.0,75762.0,860.9318,1123.2,0.7665,2023-02-19 00:00,2023-02-22 16:00,midnight,2.0,280325,True,True,True,1,1,1,True,1,hrs_overlaps_next_mo,,44976,0.766499126,860.93
6456,2023-03-01,2023,9,Wed,P11,False,18296,280264,0.771976981,55.0,529885,90.0,47689.65,867.0845,1123.2,0.772,2023-03-01 00:00,2023-03-03 07:00,midnight,1.0,280264,True,True,True,1,1,1,True,1,hrs_overlaps_next_mo,,44986,0.771976981,867.08
6457,2023-03-01,2023,9,Wed,P12,False,18236,280256,0.562104143,67.0,470009,90.0,42300.81,631.3554,1123.2,0.5621,2023-03-01 00:00,2023-03-03 19:00,midnight,0.0,120448,True,True,False,1,1,1,True,1,hrs_overlaps_next_mo,pair_not_flagged_capable,44986,0.562104143,631.36
6467,2023-03-03,2023,9,Fri,P09,False,18228,280317,0.565847578,36.0,254224,90.0,22880.16,635.56,1123.2,0.5658,2023-03-03 00:00,2023-03-04 12:00,midnight,0.0,280315,False,False,False,2,2,1,True,2,hrs_overlaps_next_mo|mo_multi_sku_keying_error,sku_not_in_master|pair_not_in_capability_table,44988,0.565847578,635.56
6468,2023-03-03,2023,9,Fri,P09,False,18228,280324,0.707371795,12.0,105936,90.0,9534.24,794.52,1123.2,0.7074,2023-03-03 00:00,2023-03-03 12:00,midnight,2.0,280317,True,True,True,2,2,1,True,1,mo_multi_sku_keying_error,,44988,0.707371795,794.52
6470,2023-03-03,2023,9,Fri,P17,True,18302,280323,,0.0,0,90.0,0.0,,2246.4,,2023-03-03 00:00,2023-03-03 00:00,midnight,7.0,280405,True,True,True,1,1,1,False,3,oee_not_numeric|hrs_zero|pouches_zero,,44988,#DIV/0!,0.0
6491,2023-03-10,2023,10,Fri,P09,False,18307,280315,0.424866453,12.0,63628,90.0,5726.52,477.21,1123.2,0.4249,2023-03-10 07:00,2023-03-10 19:00,chained_from_prev_mo,0.0,251200,False,False,False,2,2,1,True,1,mo_multi_sku_keying_error,sku_not_in_master|pair_not_in_capability_table,44995,0.424866453,477.21
6492,2023-03-10,2023,10,Fri,P09,False,18307,280318,0.79104251,19.0,187572,90.0,16881.48,888.4989,1123.2,0.791,2023-03-10 19:00,2023-03-11 14:00,chained_from_prev_mo,2.0,280315,True,True,True,2,2,1,True,1,mo_multi_sku_keying_error,,44995,0.79104251,888.5
6536,2023-03-22,2023,12,Wed,P11,False,18413,280240,0.568643162,36.0,255480,90.0,22993.2,638.7,1123.2,0.5686,2023-03-22 00:00,2023-03-23 12:00,midnight,1.0,280052,False,False,False,2,2,2,True,1,mo_multi_sku_keying_error,mo_split_across_lines|sku_not_in_master|pair_not_in_capability_table,45007,0.568643162,638.7
6539,2023-03-22,2023,12,Wed,P14,False,18413,280166,0.857371795,12.0,128400,90.0,11556.0,963.0,1123.2,0.8574,2023-03-22 00:00,2023-03-22 12:00,midnight,0.0,280365,False,False,False,2,2,2,True,1,mo_multi_sku_keying_error,mo_split_across_lines|sku_not_in_master|pair_not_in_capability_table,45007,0.857371795,963.0
6544,2023-03-24,2023,12,Fri,P09,False,18410,280169,0.73974359,12.0,110784,90.0,9970.56,830.88,1123.2,0.7397,2023-03-24 00:00,2023-03-24 12:00,midnight,0.0,280169,True,True,True,2,2,1,True,1,mo_multi_sku_keying_error,,45009,0.73974359,830.88
6545,2023-03-24,2023,12,Fri,P09,False,18410,280324,0.626949786,36.0,281676,90.0,25350.84,704.19,1123.2,0.6269,2023-03-24 12:00,2023-03-26 00:00,chained_from_prev_mo,2.0,280169,True,True,True,2,2,1,True,1,mo_multi_sku_keying_error,,45009,0.626949786,704.19
6569,2023-03-31,2023,13,Fri,P17,True,18483,280324,0.488721955,8.0,97588,90.0,8782.92,1097.865,2246.4,0.4887,2023-03-31 00:00,2023-03-31 08:00,midnight,0.0,280104,True,True,True,1,1,1,True,1,dup_date_line_sku,,45016,0.488721955,1097.87
6570,2023-03-31,2023,13,Fri,P17,True,18560,280324,0.785977564,48.0,941664,90.0,84749.76,1765.62,2246.4,0.786,2023-03-31 08:00,2023-04-02 08:00,chained_from_prev_mo,9.0,280324,True,True,True,1,1,1,True,1,dup_date_line_sku,,45016,0.785977564,1765.62
6571,2023-03-31,2023,13,Fri,P18,True,18484,280052,0.658333333,20.0,328640,90.0,29577.6,1478.88,2246.4,0.6583,2023-03-31 00:00,2023-03-31 20:00,midnight,0.0,280324,True,True,True,2,2,1,True,1,mo_multi_sku_keying_error,,45016,0.658333333,1478.88
6572,2023-03-31,2023,13,Fri,P18,True,18484,280213,0.657093455,19.0,311620,90.0,28045.8,1476.0947,2246.4,0.6571,2023-03-31 20:00,2023-04-01 15:00,chained_from_prev_mo,9.0,280052,True,True,True,2,2,1,True,1,mo_multi_sku_keying_error,,45016,0.657093455,1476.09
6605,2023-04-09,2023,14,Sun,P13,False,18580,280237,0.597773104,24.0,179045,90.0,16114.05,671.4187,1123.2,0.5978,2023-04-09 00:00,2023-04-10 00:00,midnight,0.0,280327,False,False,False,2,2,1,True,1,mo_multi_sku_keying_error,sku_not_in_master|pair_not_in_capability_table,45025,0.597773104,671.42
6606,2023-04-09,2023,14,Sun,P13,False,18580,280327,0.6980836,12.0,104545,90.0,9409.05,784.0875,1123.2,0.6981,2023-04-09 00:00,2023-04-09 12:00,midnight,1.0,280237,False,False,False,2,2,1,True,1,mo_multi_sku_keying_error,sku_not_in_master|pair_not_in_capability_table,45025,0.6980836,784.09
6613,2023-04-10,2023,15,Mon,P12,False,18584,280378,0.266084093,7.0,21010,110.0,2311.1,330.1571,1240.8,0.2661,2023-04-10 00:00,2023-04-10 07:00,midnight,0.0,280403,True,True,True,3,3,2,True,1,mo_multi_sku_keying_error,mo_split_across_lines,45026,0.266084093,330.16
6614,2023-04-10,2023,15,Mon,P12,False,18584,280379,0.582779255,12.0,78885,110.0,8677.35,723.1125,1240.8,0.5828,2023-04-10 07:00,2023-04-10 19:00,chained_from_prev_mo,1.0,280378,True,True,True,3,3,2,True,1,mo_multi_sku_keying_error,mo_split_across_lines,45026,0.582779255,723.11
6616,2023-04-10,2023,15,Mon,P14,False,18584,280166,0.585383673,136.0,993560,90.0,89420.4,657.5029,1123.2,0.5854,2023-04-10 00:00,2023-04-15 16:00,midnight,6.0,280090,False,False,False,3,3,2,True,1,mo_multi_sku_keying_error,mo_split_across_lines|sku_not_in_master|pair_not_in_capability_table,45026,0.585383673,657.5
6626,2023-04-15,2023,15,Sat,P12,False,18678,280375,1.159270517,7.0,91536,110.0,10068.96,1438.4229,1240.8,1.1593,2023-04-15 12:00,2023-04-15 19:00,chained_from_prev_mo,1.0,280379,True,True,True,1,1,1,False,1,oee_gt_1,,45031,1.159270517,1438.42
6632,2023-04-16,2023,15,Sun,P12,False,280377,280380,0.533089539,12.0,72159,110.0,7937.49,661.4575,1240.8,0.5331,2023-04-16 12:00,2023-04-17 00:00,chained_from_prev_mo,1.0,280377,True,True,True,1,1,1,True,1,mo_out_of_sequence,,45032,0.533089539,661.46
6666,2023-04-23,2023,16,Sun,P15,False,18693,280103,0.556071937,36.0,249832,90.0,22484.88,624.58,1123.2,0.5561,2023-04-23 00:00,2023-04-24 12:00,midnight,0.0,280103,True,True,True,1,1,1,True,1,hrs_overlaps_next_mo,,45039,0.556071937,624.58
6697,2023-05-01,2023,18,Mon,P18,True,18803,280351,0.718397098,616.0,11045614,90.0,994105.26,1613.8072,2246.4,0.7184,2023-05-01 00:00,2023-05-26 16:00,midnight,44.0,280052,True,True,False,2,1,2,True,1,hrs_long,mo_split_across_lines|pair_not_flagged_capable,45047,0.718397098,1613.81
6702,2023-05-04,2023,18,Thu,P12,False,18741,120450,0.557264957,24.0,166912,90.0,15022.08,625.92,1123.2,0.5573,2023-05-04 00:00,2023-05-05 00:00,midnight,0.0,280256,True,True,True,1,1,1,True,1,dup_date_line_sku,,45050,0.557264957,625.92
6703,2023-05-04,2023,18,Thu,P12,False,19741,120450,0.764529915,12.0,114496,90.0,10304.64,858.72,1123.2,0.7645,2023-05-04 00:00,2023-05-04 12:00,midnight,1.0,120450,True,True,True,1,1,1,True,1,dup_date_line_sku,,45050,0.764529915,858.72
6720,2023-05-07,2023,18,Sun,P14,False,18820,280362,0.724472756,100.0,904142,90.0,81372.78,813.7278,1123.2,0.7245,2023-05-07 12:00,2023-05-11 16:00,chained_from_prev_mo,2.0,280013,False,False,False,1,1,1,True,1,hrs_overlaps_next_mo,sku_not_in_master|pair_not_in_capability_table,45053,0.724472756,813.73
6730,2023-05-10,2023,19,Wed,P09,False,18809,280169,0.684341613,48.0,409948,90.0,36895.32,768.6525,1123.2,0.6843,2023-05-10 00:00,2023-05-12 00:00,midnight,0.0,280169,True,True,True,2,2,1,True,2,hrs_overlaps_next_mo|mo_multi_sku_keying_error,,45056,0.684341613,768.65
6731,2023-05-10,2023,19,Wed,P09,False,18809,280451,0.568309295,24.0,170220,90.0,15319.8,638.325,1123.2,0.5683,2023-05-10 00:00,2023-05-11 00:00,midnight,3.0,280169,True,True,True,2,2,1,True,1,mo_multi_sku_keying_error,,45056,0.568309295,638.33
6734,2023-05-10,2023,19,Wed,P15,False,18826,280105,0.773616734,19.0,183440,90.0,16509.6,868.9263,1123.2,0.7736,2023-05-10 12:00,2023-05-11 07:00,chained_from_prev_mo,0.0,280104,False,False,False,2,2,1,True,1,mo_multi_sku_keying_error,sku_not_in_master|pair_not_in_capability_table,45056,0.773616734,868.93
6735,2023-05-10,2023,19,Wed,P15,False,18826,280106,0.867120726,12.0,129860,90.0,11687.4,973.95,1123.2,0.8671,2023-05-10 00:00,2023-05-10 12:00,midnight,2.0,280105,False,False,False,2,2,1,True,1,mo_multi_sku_keying_error,sku_not_in_master|pair_not_in_capability_table,45056,0.867120726,973.95
6737,2023-05-12,2023,19,Fri,P15,False,18827,280106,0.920957403,31.0,356300,90.0,32067.0,1034.4194,1123.2,0.921,2023-05-12 00:00,2023-05-13 07:00,midnight,0.0,280106,False,False,False,1,1,1,True,2,hrs_overlaps_next_mo|dup_date_line_sku,sku_not_in_master|pair_not_in_capability_table,45058,0.920957403,1034.42
6738,2023-05-12,2023,19,Fri,P15,False,280106,280106,0.771501068,12.0,115540,90.0,10398.6,866.55,1123.2,0.7715,2023-05-12 00:00,2023-05-12 12:00,midnight,2.0,280106,False,False,False,1,1,1,True,2,mo_out_of_sequence|dup_date_line_sku,sku_not_in_master|pair_not_in_capability_table,45058,0.771501068,866.55
6744,2023-05-14,2023,19,Sun,P12,False,18868,280256,0.819728744,163.0,1667525,90.0,150077.25,920.7193,1123.2,0.8197,2023-05-14 00:00,2023-05-20 19:00,midnight,4.0,280256,True,True,False,1,1,1,True,1,hrs_overlaps_next_mo,pair_not_flagged_capable,45060,0.819728744,920.72
6755,2023-05-17,2023,20,Wed,P09,False,18863,280065,0.805689103,12.0,120660,90.0,10859.4,904.95,1123.2,0.8057,2023-05-17 12:00,2023-05-18 00:00,chained_from_prev_mo,0.0,280166,False,False,False,2,2,1,True,1,mo_multi_sku_keying_error,sku_not_in_master|pair_not_in_capability_table,45063,0.805689103,904.95
6756,2023-05-17,2023,20,Wed,P09,False,18863,280166,0.700186966,12.0,104860,90.0,9437.4,786.45,1123.2,0.7002,2023-05-17 00:00,2023-05-17 12:00,midnight,2.0,280065,False,False,False,2,2,1,True,1,mo_multi_sku_keying_error,sku_not_in_master|pair_not_in_capability_table,45063,0.700186966,786.45
6761,2023-05-18,2023,20,Thu,P12,False,120532,120532,0.729166667,12.0,109200,90.0,9828.0,819.0,1123.2,0.7292,2023-05-18 00:00,2023-05-18 12:00,midnight,3.0,280256,True,True,True,2,1,2,True,1,mo_out_of_sequence,mo_split_across_lines,45064,0.729166667,819.0
6764,2023-05-18,2023,20,Thu,P14,False,18879,120532,0.742347756,24.0,222348,90.0,20011.32,833.805,1123.2,0.7423,2023-05-18 00:00,2023-05-19 00:00,midnight,0.0,120451,True,True,True,1,1,1,True,1,dup_date_line_sku,,45064,0.742347756,833.81
6765,2023-05-18,2023,20,Thu,P14,False,120532,120532,0.562633547,12.0,84260,90.0,7583.4,631.95,1123.2,0.5626,2023-05-18 00:00,2023-05-18 12:00,midnight,1.0,120532,True,True,True,2,1,2,True,2,mo_out_of_sequence|dup_date_line_sku,mo_split_across_lines,45064,0.562633547,631.95
6772,2023-05-21,2023,20,Sun,P09,False,18916,280065,0.711502849,36.0,319664,90.0,28769.76,799.16,1123.2,0.7115,2023-05-21 00:00,2023-05-22 12:00,midnight,0.0,280065,False,False,False,2,2,1,True,2,hrs_overlaps_next_mo|mo_multi_sku_keying_error,sku_not_in_master|pair_not_in_capability_table,45067,0.711502849,799.16
6773,2023-05-21,2023,20,Sun,P09,False,18916,280324,0.091575092,7.0,8000,90.0,720.0,102.8571,1123.2,0.0916,2023-05-21 00:00,2023-05-21 07:00,midnight,1.0,280065,True,True,True,2,2,1,True,2,oee_low|mo_multi_sku_keying_error,,45067,0.091575092,102.86
6777,2023-05-21,2023,20,Sun,P12,False,18923,280256,0.773031477,67.0,646378,90.0,58174.02,868.269,1123.2,0.773,2023-05-21 00:00,2023-05-23 19:00,midnight,1.0,120532,True,True,False,1,1,1,True,1,hrs_overlaps_next_mo,pair_not_flagged_capable,45067,0.773031477,868.27
6780,2023-05-21,2023,20,Sun,P15,False,18938,280324,0.79336803,103.0,1019827,90.0,91784.43,891.111,1123.2,0.7934,2023-05-21 00:00,2023-05-25 07:00,midnight,0.0,280324,True,True,True,1,1,1,True,2,hrs_overlaps_next_mo|dup_date_line_sku,,45067,0.79336803,891.11
6781,2023-05-21,2023,20,Sun,P15,False,18939,280324,0.742207532,12.0,111153,90.0,10003.77,833.6475,1123.2,0.7422,2023-05-21 00:00,2023-05-21 12:00,midnight,0.0,280324,True,True,True,3,2,2,True,2,mo_multi_sku_keying_error|dup_date_line_sku,mo_split_across_lines,45067,0.742207532,833.65
6782,2023-05-21,2023,20,Sun,P15,False,18939,280351,0.564903846,12.0,84600,90.0,7614.0,634.5,1123.2,0.5649,2023-05-21 12:00,2023-05-22 00:00,chained_from_prev_mo,5.0,280324,True,True,True,3,2,2,True,1,mo_multi_sku_keying_error,mo_split_across_lines,45067,0.564903846,634.5
6783,2023-05-21,2023,20,Sun,P16,False,18939,280351,0.810532348,151.0,1527432,90.0,137468.88,910.3899,1123.2,0.8105,2023-05-21 00:00,2023-05-27 07:00,midnight,6.0,280256,True,True,True,3,2,2,True,1,mo_multi_sku_keying_error,mo_split_across_lines,45067,0.810532348,910.39
6812,2023-06-01,2023,22,Thu,P09,False,18954,280315,0.653443649,43.0,350664,90.0,31559.76,733.9479,1123.2,0.6534,2023-06-01 00:00,2023-06-02 19:00,midnight,0.0,280324,False,False,False,1,1,1,True,1,hrs_overlaps_next_mo,sku_not_in_master|pair_not_in_capability_table,45078,0.653443649,733.95
6821,2023-06-02,2023,22,Fri,P12,False,18950,280380,0.545330969,24.0,147632,110.0,16239.52,676.6467,1240.8,0.5453,2023-06-02 00:00,2023-06-03 00:00,midnight,0.0,280426,True,True,True,1,1,1,True,1,dup_date_line_sku,,45079,0.545330969,676.65
6822,2023-06-02,2023,22,Fri,P12,False,18960,280380,0.699202128,12.0,94644,110.0,10410.84,867.57,1240.8,0.6992,2023-06-02 00:00,2023-06-02 12:00,midnight,1.0,280380,True,True,True,1,1,1,True,1,dup_date_line_sku,,45079,0.699202128,867.57
6827,2023-06-04,2023,22,Sun,P10,False,19035,280351,0.654348829,139.0,1135112,90.0,102160.08,734.9646,1123.2,0.6543,2023-06-04 00:00,2023-06-09 19:00,midnight,3.0,280351,True,True,True,1,1,1,True,1,hrs_overlaps_next_mo,,45081,0.654348829,734.96
6828,2023-06-04,2023,22,Sun,P11,False,19037,280264,0.697963308,67.0,583609,90.0,52524.81,783.9524,1123.2,0.698,2023-06-04 00:00,2023-06-06 19:00,midnight,1.0,280264,True,True,True,1,1,1,True,1,hrs_overlaps_next_mo,,45081,0.697963308,783.95
6835,2023-06-05,2023,23,Mon,P09,False,19031,241287,0.682816142,55.0,468685,90.0,42181.65,766.9391,1123.2,0.6828,2023-06-05 00:00,2023-06-07 07:00,midnight,1.0,251200,False,False,False,1,1,1,True,1,hrs_overlaps_next_mo,sku_not_in_master|pair_not_in_capability_table,45082,0.682816142,766.94
6838,2023-06-05,2023,23,Mon,P15,False,19053,280169,0.782305807,170.0,1659740,90.0,149376.6,878.6859,1123.2,0.7823,2023-06-05 00:00,2023-06-12 02:00,midnight,7.0,280324,True,True,True,1,1,1,True,1,hrs_long,,45082,0.782305807,878.69
6841,2023-06-06,2023,23,Tue,P13,False,19047,241283,0.754943294,91.0,857374,90.0,77163.66,847.9523,1123.2,0.7549,2023-06-06 07:00,2023-06-10 02:00,chained_from_prev_mo,1.0,280213,True,True,True,1,1,1,True,1,hrs_overlaps_next_mo,,45083,0.754943294,847.95
6844,2023-06-07,2023,23,Wed,P10,False,280351,280351,0.594209402,90.0,667416,90.0,60067.44,667.416,1123.2,0.5942,2023-06-07 00:00,2023-06-10 18:00,midnight,4.0,280351,True,True,True,2,1,2,True,1,mo_out_of_sequence,mo_split_across_lines,45084,0.594209402,667.42
6846,2023-06-07,2023,23,Wed,P13,False,280351,280351,0.654487179,12.0,98016,90.0,8821.44,735.12,1123.2,0.6545,2023-06-07 00:00,2023-06-07 12:00,midnight,3.0,241283,True,True,True,2,1,2,True,1,mo_out_of_sequence,mo_split_across_lines,45084,0.654487179,735.12
6861,2023-06-11,2023,23,Sun,P14,False,19121,120532,0.673798077,36.0,302724,90.0,27245.16,756.81,1123.2,0.6738,2023-06-11 00:00,2023-06-12 12:00,midnight,0.0,120431,True,True,True,1,1,1,True,1,hrs_overlaps_next_mo,,45088,0.673798077,756.81
6869,2023-06-14,2023,24,Wed,P12,False,19114,280383,0.490758547,12.0,73496,90.0,6614.64,551.22,1123.2,0.4908,2023-06-14 07:00,2023-06-14 19:00,chained_from_prev_mo,0.0,280256,True,True,True,2,2,1,True,1,mo_multi_sku_keying_error,,45091,0.490758547,551.22
6870,2023-06-14,2023,24,Wed,P12,False,19114,280384,0.530662393,12.0,79472,90.0,7152.48,596.04,1123.2,0.5307,2023-06-14 19:00,2023-06-15 07:00,chained_from_prev_mo,1.0,280383,True,True,True,2,2,1,True,1,mo_multi_sku_keying_error,,45091,0.530662393,596.04
6873,2023-06-14,2023,24,Wed,P17,True,19133,280421,0.640491453,48.0,767360,90.0,69062.4,1438.8,2246.4,0.6405,2023-06-14 00:00,2023-06-16 00:00,midnight,0.0,280052,True,True,True,1,1,1,True,1,hrs_overlaps_next_mo,,45091,0.640491453,1438.8
6885,2023-06-18,2023,24,Sun,P10,False,19216,280222,0.675641026,12.0,101184,90.0,9106.56,758.88,1123.2,0.6756,2023-06-18 00:00,2023-06-18 12:00,midnight,0.0,280351,True,True,True,2,2,1,True,1,mo_multi_sku_keying_error,,45095,0.675641026,758.88
6886,2023-06-18,2023,24,Sun,P10,False,19216,280351,0.473076923,7.0,41328,90.0,3719.52,531.36,1123.2,0.4731,2023-06-18 12:00,2023-06-18 19:00,chained_from_prev_mo,1.0,280222,True,True,True,2,2,1,True,1,mo_multi_sku_keying_error,,45095,0.473076923,531.36
6887,2023-06-18,2023,24,Sun,P11,False,19169,280264,0.604668736,79.0,596155,90.0,53653.95,679.1639,1123.2,0.6047,2023-06-18 00:00,2023-06-21 07:00,midnight,2.0,280264,True,True,True,1,1,1,True,1,hrs_overlaps_next_mo,,45095,0.604668736,679.16
6896,2023-06-20,2023,25,Tue,P11,False,19170,280264,0.578846154,7.0,50568,90.0,4551.12,650.16,1123.2,0.5788,2023-06-20 00:00,2023-06-20 07:00,midnight,0.0,280264,True,True,True,2,2,1,True,1,mo_multi_sku_keying_error,,45097,0.578846154,650.16
6897,2023-06-20,2023,25,Tue,P11,False,19170,280352,0.760594729,72.0,683440,90.0,61509.6,854.3,1123.2,0.7606,2023-06-20 07:00,2023-06-23 07:00,chained_from_prev_mo,5.0,280264,False,False,False,2,2,1,True,1,mo_multi_sku_keying_error,sku_not_in_master|pair_not_in_capability_table,45097,0.760594729,854.3
6944,2023-07-11,2023,28,Tue,P16,False,19287,280351,0.593413462,80.0,592464,90.0,53321.76,666.522,1123.2,0.5934,2023-07-11 00:00,2023-07-14 08:00,midnight,2.0,280351,True,True,True,1,1,1,True,1,hrs_overlaps_next_mo,,45118,0.593413462,666.52
6945,2023-07-11,2023,28,Tue,P17,True,19289,280106,0.534728065,48.0,640647,90.0,57658.23,1201.2131,2246.4,0.5347,2023-07-11 00:00,2023-07-13 00:00,midnight,0.0,280106,False,False,False,2,2,1,True,2,hrs_overlaps_next_mo|mo_multi_sku_keying_error,sku_not_in_master|pair_not_in_capability_table,45118,0.534728065,1201.21
6946,2023-07-11,2023,28,Tue,P17,True,19289,280391,0.491623613,67.0,822152,90.0,73993.68,1104.3833,2246.4,0.4916,2023-07-11 00:00,2023-07-13 19:00,midnight,5.0,280106,False,False,False,2,2,1,True,1,mo_multi_sku_keying_error,sku_not_in_master|pair_not_in_capability_table,45118,0.491623613,1104.38
6947,2023-07-11,2023,28,Tue,P18,True,19291,280106,0.407978584,55.0,560073,90.0,50406.57,916.4831,2246.4,0.408,2023-07-11 00:00,2023-07-13 07:00,midnight,0.0,280052,False,False,False,2,2,1,True,2,hrs_overlaps_next_mo|mo_multi_sku_keying_error,sku_not_in_master|pair_not_in_capability_table,45118,0.407978584,916.48
6948,2023-07-11,2023,28,Tue,P18,True,19291,280324,0.563237847,36.0,506103,90.0,45549.27,1265.2575,2246.4,0.5632,2023-07-11 00:00,2023-07-12 12:00,midnight,2.0,280106,True,True,True,2,2,1,True,1,mo_multi_sku_keying_error,,45118,0.563237847,1265.26
6962,2023-07-16,2023,28,Sun,P09,False,19352,241288,0.721671598,91.0,819588,90.0,73762.92,810.5815,1123.2,0.7217,2023-07-16 12:00,2023-07-20 07:00,chained_from_prev_mo,0.0,280324,False,False,False,1,1,1,True,1,hrs_overlaps_next_mo,sku_not_in_master|pair_not_in_capability_table,45123,0.721671598,810.58
6964,2023-07-16,2023,28,Sun,P10,False,19354,280351,0.604547578,199.0,1501406,90.0,135126.54,679.0278,1123.2,0.6045,2023-07-16 00:00,2023-07-24 07:00,midnight,9.0,280351,True,True,True,3,1,3,True,1,hrs_long,mo_split_across_lines,45123,0.604547578,679.03
6965,2023-07-16,2023,28,Sun,P11,False,19354,280351,0.791499733,60.0,592675,90.0,53340.75,889.0125,1123.2,0.7915,2023-07-16 00:00,2023-07-18 12:00,midnight,0.0,280351,True,True,True,3,1,3,True,1,hrs_overlaps_next_mo,mo_split_across_lines,45123,0.791499733,889.01
6972,2023-07-16,2023,28,Sun,P17,True,19376,280104,0.649287648,264.0,4278442,90.0,385059.78,1458.5598,2246.4,0.6493,2023-07-16 00:00,2023-07-27 00:00,midnight,12.0,280391,True,True,True,1,1,1,True,1,hrs_long,,45123,0.649287648,1458.56
6979,2023-07-19,2023,29,Wed,P14,False,19366,120430,0.797596154,12.0,119448,90.0,10750.32,895.86,1123.2,0.7976,2023-07-19 00:00,2023-07-19 12:00,midnight,0.0,280239,False,False,False,2,2,1,True,1,mo_multi_sku_keying_error,sku_not_in_master|pair_not_in_capability_table,45126,0.797596154,895.86
6980,2023-07-19,2023,29,Wed,P14,False,19366,120448,0.762329601,79.0,751596,90.0,67643.64,856.2486,1123.2,0.7623,2023-07-19 12:00,2023-07-22 19:00,chained_from_prev_mo,4.0,120430,True,True,True,2,2,1,True,1,mo_multi_sku_keying_error,,45126,0.762329601,856.25
6995,2023-07-25,2023,30,Tue,P09,False,19384,280450,0.565438034,12.0,84680,90.0,7621.2,635.1,1123.2,0.5654,2023-07-25 07:00,2023-07-25 19:00,chained_from_prev_mo,0.0,280450,True,True,True,2,2,1,True,1,mo_multi_sku_keying_error,,45132,0.565438034,635.1
6996,2023-07-25,2023,30,Tue,P09,False,19384,280451,0.605591168,36.0,272080,90.0,24487.2,680.2,1123.2,0.6056,2023-07-25 19:00,2023-07-27 07:00,chained_from_prev_mo,2.0,280450,True,True,True,2,2,1,True,1,mo_multi_sku_keying_error,,45132,0.605591168,680.2
7003,2023-07-28,2023,30,Fri,P17,True,19400,280052,0.631071142,28.0,441043,90.0,39693.87,1417.6382,2246.4,0.6311,2023-07-28 00:00,2023-07-29 04:00,midnight,0.0,280104,True,True,True,2,2,1,True,3,hrs_overlaps_next_mo|mo_multi_sku_keying_error|dup_date_line_sku,,45135,0.631071142,1417.64
7004,2023-07-28,2023,30,Fri,P17,True,19400,280222,0.55088141,12.0,165000,90.0,14850.0,1237.5,2246.4,0.5509,2023-07-28 00:00,2023-07-28 12:00,midnight,0.0,280052,True,True,True,2,2,1,True,1,mo_multi_sku_keying_error,,45135,0.55088141,1237.5
7005,2023-07-28,2023,30,Fri,P17,True,19401,280052,0.505832781,29.0,366142,90.0,32952.78,1136.3028,2246.4,0.5058,2023-07-28 12:00,2023-07-29 17:00,chained_from_prev_mo,0.0,280222,True,True,True,2,2,1,True,3,hrs_overlaps_next_mo|mo_multi_sku_keying_error|dup_date_line_sku,,45135,0.505832781,1136.3
7006,2023-07-28,2023,30,Fri,P17,True,19401,280405,0.787326389,12.0,235820,90.0,21223.8,1768.65,2246.4,0.7873,2023-07-28 00:00,2023-07-28 12:00,midnight,4.0,280052,True,True,True,2,2,1,True,1,mo_multi_sku_keying_error,,45135,0.787326389,1768.65
7007,2023-07-28,2023,30,Fri,P18,True,19403,280052,0.732288132,34.0,621449,90.0,55930.41,1645.0121,2246.4,0.7323,2023-07-28 00:00,2023-07-29 10:00,midnight,0.0,280166,True,True,True,1,1,1,True,2,hrs_overlaps_next_mo|dup_date_line_sku,,45135,0.732288132,1645.01
7008,2023-07-28,2023,30,Fri,P18,True,19404,280052,0.712393162,12.0,213376,90.0,19203.84,1600.32,2246.4,0.7124,2023-07-28 00:00,2023-07-28 12:00,midnight,0.0,280052,True,True,True,2,2,1,True,2,mo_multi_sku_keying_error|dup_date_line_sku,,45135,0.712393162,1600.32
7009,2023-07-28,2023,30,Fri,P18,True,19404,280324,0.794444444,12.0,237952,90.0,21415.68,1784.64,2246.4,0.7944,2023-07-28 12:00,2023-07-29 00:00,chained_from_prev_mo,10.0,280052,True,True,True,2,2,1,True,1,mo_multi_sku_keying_error,,45135,0.794444444,1784.64
7012,2023-07-30,2023,30,Sun,P12,False,19437,280256,0.819312567,48.0,490801,90.0,44172.09,920.2519,1123.2,0.8193,2023-07-30 00:00,2023-08-01 00:00,midnight,0.0,280256,True,True,False,1,1,1,True,1,hrs_overlaps_next_mo,pair_not_flagged_capable,45137,0.819312567,920.25
7013,2023-07-30,2023,30,Sun,P12,False,19949,280375,0.58125,26.0,170469,110.0,18751.59,721.215,1240.8,0.5812,2023-07-30 00:00,2023-07-31 02:00,midnight,2.0,280256,True,True,True,2,2,2,True,1,mo_multi_sku_keying_error,mo_split_across_lines,45137,0.58125,721.22
7016,2023-07-30,2023,30,Sun,P15,False,19449,280351,0.70828214,36.0,318217,90.0,28639.53,795.5425,1123.2,0.7083,2023-07-30 00:00,2023-07-31 12:00,midnight,0.0,280351,True,True,True,1,1,1,True,2,hrs_overlaps_next_mo|dup_date_line_sku,,45137,0.70828214,795.54
7017,2023-07-30,2023,30,Sun,P15,False,19949,280351,0.823551015,12.0,123335,90.0,11100.15,925.0125,1123.2,0.8236,2023-07-30 00:00,2023-07-30 12:00,midnight,2.0,280351,True,True,True,2,2,2,True,2,mo_multi_sku_keying_error|dup_date_line_sku,mo_split_across_lines,45137,0.823551015,925.01
7021,2023-08-01,2023,31,Tue,P10,False,19499,280351,0.701865672,67.0,586872,90.0,52818.48,788.3355,1123.2,0.7019,2023-08-01 00:00,2023-08-03 19:00,midnight,1.0,280351,True,True,True,1,1,1,True,1,hrs_overlaps_next_mo,,45139,0.701865672,788.34
7026,2023-08-01,2023,31,Tue,P14,False,19445,120536,1.011263736,7.0,88344,90.0,7950.96,1135.8514,1123.2,1.0113,2023-08-01 00:00,2023-08-01 07:00,midnight,0.0,120431,True,True,True,1,1,1,False,1,oee_gt_1,,45139,1.011263736,1135.85
7045,2023-08-06,2023,31,Sun,P10,False,19510,280351,0.674006623,151.0,1270152,90.0,114313.68,757.0442,1123.2,0.674,2023-08-06 00:00,2023-08-12 07:00,midnight,3.0,280107,True,True,True,1,1,1,True,1,hrs_overlaps_next_mo,,45144,0.674006623,757.04
7051,2023-08-07,2023,32,Mon,P16,False,19520,280351,0.411378205,12.0,61608,90.0,5544.72,462.06,1123.2,0.4114,2023-08-07 00:00,2023-08-07 12:00,midnight,0.0,280351,True,True,True,2,1,2,True,1,dup_date_line_sku,mo_split_across_lines,45145,0.411378205,462.06
7052,2023-08-07,2023,32,Mon,P16,False,19521,280351,0.710599637,127.0,1126272,90.0,101364.48,798.1455,1123.2,0.7106,2023-08-07 12:00,2023-08-12 19:00,chained_from_prev_mo,6.0,280351,True,True,True,2,1,2,True,1,dup_date_line_sku,mo_split_across_lines,45145,0.710599637,798.15
7055,2023-08-07,2023,32,Mon,P18,True,19524,280052,1.32119391,4.0,131908,90.0,11871.72,2967.93,2246.4,1.3212,2023-08-07 00:00,2023-08-07 04:00,midnight,1.0,280324,True,True,True,2,1,2,False,1,oee_gt_1,mo_split_across_lines,45145,1.32119391,2967.93
7059,2023-08-09,2023,32,Wed,P10,False,19519,280351,0.784294872,12.0,117456,90.0,10571.04,880.92,1123.2,0.7843,2023-08-09 00:00,2023-08-09 12:00,midnight,4.0,280351,True,True,True,2,2,2,True,1,mo_multi_sku_keying_error,mo_split_across_lines,45147,0.784294872,880.92
7062,2023-08-09,2023,32,Wed,P14,False,19519,280365,0.636300303,72.0,571754,90.0,51457.86,714.6925,1123.2,0.6363,2023-08-09 19:00,2023-08-12 19:00,chained_from_prev_mo,4.0,280238,True,True,True,2,2,2,True,1,mo_multi_sku_keying_error,mo_split_across_lines,45147,0.636300303,714.69
7065,2023-08-10,2023,32,Thu,P18,True,19526,280052,0.767598157,16.0,306548,90.0,27589.32,1724.3325,2246.4,0.7676,2023-08-10 12:00,2023-08-11 04:00,chained_from_prev_mo,0.0,280391,True,True,True,2,2,1,True,1,mo_multi_sku_keying_error,,45148,0.767598157,1724.33
7066,2023-08-10,2023,32,Thu,P18,True,19526,280351,0.71727208,36.0,644512,90.0,58006.08,1611.28,2246.4,0.7173,2023-08-10 00:00,2023-08-11 12:00,midnight,3.0,280052,True,True,False,2,2,1,True,1,mo_multi_sku_keying_error,pair_not_flagged_capable,45148,0.71727208,1611.28
7067,2023-08-13,2023,32,Sun,P10,False,19557,280351,0.616350427,225.0,1730712,90.0,155764.08,692.2848,1123.2,0.6164,2023-08-13 00:00,2023-08-22 09:00,midnight,10.0,280351,True,True,True,1,1,1,True,1,hrs_long,,45151,0.616350427,692.28
7073,2023-08-13,2023,32,Sun,P16,False,19578,280351,0.714954076,134.0,1195632,90.0,107606.88,803.0364,1123.2,0.715,2023-08-13 00:00,2023-08-18 14:00,midnight,6.0,280351,True,True,True,2,2,2,True,1,mo_multi_sku_keying_error,mo_split_across_lines,45151,0.714954076,803.04
7074,2023-08-13,2023,32,Sun,P17,True,19578,280052,0.71744312,71.0,1271424,90.0,114428.16,1611.6642,2246.4,0.7174,2023-08-13 00:00,2023-08-15 23:00,midnight,0.0,280391,True,True,True,2,2,2,True,3,hrs_overlaps_next_mo|mo_multi_sku_keying_error|dup_date_line_sku,mo_split_across_lines,45151,0.71744312,1611.66
7075,2023-08-13,2023,32,Sun,P17,True,19579,280052,0.752535306,32.0,601065,90.0,54095.85,1690.4953,2246.4,0.7525,2023-08-13 00:00,2023-08-14 08:00,midnight,24.0,280052,True,True,True,1,1,1,True,1,dup_date_line_sku,,45151,0.752535306,1690.5
7090,2023-08-18,2023,33,Fri,P13,False,19562,280375,,0.0,0,110.0,0.0,,1240.8,,2023-08-18 00:00,2023-08-18 00:00,midnight,1.0,280264,True,True,False,2,1,2,False,3,oee_not_numeric|hrs_zero|pouches_zero,mo_split_across_lines|pair_not_flagged_capable,45156,#DIV/0!,0.0
7094,2023-08-19,2023,33,Sat,P13,False,19614,280379,,0.0,0,110.0,0.0,,1240.8,,2023-08-19 00:00,2023-08-19 00:00,midnight,2.0,280375,True,True,False,2,1,2,False,3,oee_not_numeric|hrs_zero|pouches_zero,mo_split_across_lines|pair_not_flagged_capable,45157,#DIV/0!,0.0
7098,2023-08-20,2023,33,Sun,P11,False,19612,280264,0.694241495,127.0,1100345,90.0,99031.05,779.772,1123.2,0.6942,2023-08-20 00:00,2023-08-25 07:00,midnight,3.0,280264,True,True,True,1,1,1,True,1,hrs_overlaps_next_mo,,45158,0.694241495,779.77
7107,2023-08-22,2023,34,Tue,P09,False,19609,280451,0.6938689,31.0,268444,90.0,24159.96,779.3535,1123.2,0.6939,2023-08-22 00:00,2023-08-23 07:00,midnight,0.0,280450,True,True,True,1,1,1,True,1,hrs_overlaps_next_mo,,45160,0.6938689,779.35
7108,2023-08-22,2023,34,Tue,P09,False,190607,280450,0.840384615,12.0,125856,90.0,11327.04,943.92,1123.2,0.8404,2023-08-22 00:00,2023-08-22 12:00,midnight,1.0,280451,True,True,True,1,1,1,True,1,mo_out_of_sequence,,45160,0.840384615,943.92
7110,2023-08-23,2023,34,Wed,P09,False,190609,280451,0.677483974,12.0,101460,90.0,9131.4,760.95,1123.2,0.6775,2023-08-23 00:00,2023-08-23 12:00,midnight,1.0,280450,True,True,True,1,1,1,True,1,mo_out_of_sequence,,45161,0.677483974,760.95
7118,2023-08-25,2023,34,Fri,P11,False,1916,280264,0.453365385,12.0,67896,90.0,6110.64,509.22,1123.2,0.4534,2023-08-25 00:00,2023-08-25 12:00,midnight,1.0,280351,True,True,True,1,1,1,True,1,mo_out_of_sequence,,45163,0.453365385,509.22
7120,2023-08-25,2023,34,Fri,P15,False,9649,280323,0.843803419,12.0,126368,90.0,11373.12,947.76,1123.2,0.8438,2023-08-25 18:00,2023-08-26 06:00,chained_from_prev_mo,1.0,280323,True,True,True,1,1,1,True,1,mo_out_of_sequence,,45163,0.843803419,947.76
7144,2023-09-06,2023,36,Wed,P16,False,19698,280351,0.61258268,78.5,600135,90.0,54012.15,688.0529,1123.2,0.6126,2023-09-06 00:00,2023-09-09 06:30,midnight,4.0,280052,True,True,True,3,3,3,True,1,mo_multi_sku_keying_error,mo_split_across_lines,45175,0.61258268,688.05
7146,2023-09-06,2023,36,Wed,P17,True,19698,280324,0.714529915,24.0,428032,90.0,38522.88,1605.12,2246.4,0.7145,2023-09-06 13:00,2023-09-07 13:00,chained_from_prev_mo,2.0,120448,True,True,True,3,3,3,True,1,mo_multi_sku_keying_error,mo_split_across_lines,45175,0.714529915,1605.12
7148,2023-09-06,2023,36,Wed,P18,True,19698,280052,0.722262286,24.0,432664,90.0,38939.76,1622.49,2246.4,0.7223,2023-09-06 02:00,2023-09-07 02:00,chained_from_prev_mo,3.0,120448,True,True,True,3,3,3,True,1,mo_multi_sku_keying_error,mo_split_across_lines,45175,0.722262286,1622.49
7154,2023-09-08,2023,36,Fri,P17,True,19699,280324,0.703918998,88.0,1546144,90.0,139152.96,1581.2836,2246.4,0.7039,2023-09-08 00:00,2023-09-11 16:00,midnight,1.0,280324,True,True,True,1,1,1,True,1,hrs_overlaps_next_mo,,45177,0.703918998,1581.28
7160,2023-09-09,2023,36,Sat,P18,True,19700,280052,0.700794605,72.0,1259412,90.0,113347.08,1574.265,2246.4,0.7008,2023-09-09 00:00,2023-09-12 00:00,midnight,0.0,280052,True,True,True,1,1,1,True,2,hrs_overlaps_next_mo|dup_date_line_sku,,45178,0.700794605,1574.27
7161,2023-09-09,2023,36,Sat,P18,True,19734,280052,0.789663462,64.0,1261440,90.0,113529.6,1773.9,2246.4,0.7897,2023-09-09 00:00,2023-09-11 16:00,midnight,7.0,280052,True,True,True,1,1,1,True,1,dup_date_line_sku,,45178,0.789663462,1773.9
7164,2023-09-10,2023,36,Sun,P12,False,19716,120433,0.668589744,12.0,100128,90.0,9011.52,750.96,1123.2,0.6686,2023-09-10 12:00,2023-09-11 00:00,chained_from_prev_mo,0.0,120531,False,False,False,2,2,1,True,1,mo_multi_sku_keying_error,sku_not_in_master|pair_not_in_capability_table,45179,0.668589744,750.96
7165,2023-09-10,2023,36,Sun,P12,False,19716,280383,0.697863248,9.0,78384,90.0,7054.56,783.84,1123.2,0.6979,2023-09-10 00:00,2023-09-10 09:00,midnight,1.0,120433,True,True,True,2,2,1,True,1,mo_multi_sku_keying_error,,45179,0.697863248,783.84
7167,2023-09-10,2023,36,Sun,P16,False,19730,280351,0.800244568,249.0,2486776,90.0,223809.84,898.8347,1123.2,0.8002,2023-09-10 00:00,2023-09-20 09:00,midnight,5.0,280351,True,True,True,1,1,1,True,2,hrs_long|hrs_overlaps_next_mo,,45179,0.800244568,898.83
7174,2023-09-13,2023,37,Wed,P11,False,19712,280352,0.547626582,79.0,539916,90.0,48592.44,615.0942,1123.2,0.5476,2023-09-13 00:00,2023-09-16 07:00,midnight,0.0,280130,False,False,False,1,1,1,True,1,hrs_overlaps_next_mo,sku_not_in_master|pair_not_in_capability_table,45182,0.547626582,615.09
7183,2023-09-15,2023,37,Fri,P17,True,19733,280324,0.563314637,12.0,168724,90.0,15185.16,1265.43,2246.4,0.5633,2023-09-15 00:00,2023-09-15 12:00,midnight,0.0,280405,True,True,True,2,2,1,True,1,mo_multi_sku_keying_error,,45184,0.563314637,1265.43
7184,2023-09-15,2023,37,Fri,P17,True,19733,280451,0.573654604,148.0,2119126,90.0,190721.34,1288.6577,2246.4,0.5737,2023-09-15 12:00,2023-09-21 16:00,chained_from_prev_mo,7.0,280324,True,True,True,2,2,1,True,1,mo_multi_sku_keying_error,,45184,0.573654604,1288.66
7189,2023-09-17,2023,37,Sun,P09,False,19766,241287,0.635275545,67.0,531192,90.0,47807.28,713.5415,1123.2,0.6353,2023-09-17 00:00,2023-09-19 19:00,midnight,0.0,280105,False,False,False,1,1,1,True,1,hrs_overlaps_next_mo,sku_not_in_master|pair_not_in_capability_table,45186,0.635275545,713.54
7207,2023-09-24,2023,38,Sun,P10,False,19813,280351,0.438461538,141.0,771552,90.0,69439.68,492.48,1123.2,0.4385,2023-09-24 00:00,2023-09-29 21:00,midnight,1.0,280351,True,True,True,1,1,1,True,1,hrs_overlaps_next_mo,,45193,0.438461538,492.48
7213,2023-09-25,2023,39,Mon,P10,False,19815,280264,,0.0,0,90.0,0.0,,1123.2,,2023-09-25 00:00,2023-09-25 00:00,midnight,6.0,280351,True,True,False,2,1,2,False,3,oee_not_numeric|hrs_zero|pouches_zero,mo_split_across_lines|pair_not_flagged_capable,45194,#DIV/0!,0.0
7214,2023-09-25,2023,39,Mon,P11,False,19815,280264,0.493619008,115.0,708442,90.0,63759.78,554.4329,1123.2,0.4936,2023-09-25 02:00,2023-09-29 21:00,chained_from_prev_mo,3.0,280130,True,True,True,2,1,2,True,1,hrs_overlaps_next_mo,mo_split_across_lines,45194,0.493619008,554.43
7220,2023-09-27,2023,39,Wed,P09,False,19845,120464,0.568264061,62.0,439700,90.0,39573.0,638.2742,1123.2,0.5683,2023-09-27 12:00,2023-09-30 02:00,chained_from_prev_mo,1.0,241288,False,False,False,1,1,1,True,1,hrs_overlaps_next_mo,sku_not_in_master|pair_not_in_capability_table,45196,0.568264061,638.27
7223,2023-09-28,2023,39,Thu,P09,False,198845,120464,0.678285256,12.0,101580,90.0,9142.2,761.85,1123.2,0.6783,2023-09-28 00:00,2023-09-28 12:00,midnight,3.0,120464,False,False,False,1,1,1,True,1,mo_out_of_sequence,sku_not_in_master|pair_not_in_capability_table,45197,0.678285256,761.85
7224,2023-09-28,2023,39,Thu,P11,False,198115,280264,0.638828793,12.0,95671,90.0,8610.39,717.5325,1123.2,0.6388,2023-09-28 00:00,2023-09-28 12:00,midnight,3.0,280264,True,True,True,1,1,1,True,1,mo_out_of_sequence,,45197,0.638828793,717.53
7234,2023-10-01,2023,39,Sun,P10,False,19875,280264,,0.0,0,90.0,0.0,,1123.2,,2023-10-01 09:00,2023-10-01 09:00,chained_from_prev_mo,1.0,241288,True,True,False,2,1,2,False,3,oee_not_numeric|hrs_zero|pouches_zero,mo_split_across_lines|pair_not_flagged_capable,45200,#DIV/0!,0.0
7275,2023-10-08,2023,40,Sun,P16,False,19959,280351,0.797911383,182.0,1812344,90.0,163110.96,896.2141,1123.2,0.7979,2023-10-08 00:00,2023-10-15 14:00,midnight,8.0,120444,True,True,True,1,1,1,True,1,hrs_long,,45207,0.797911383,896.21
7294,2023-10-15,2023,41,Sun,P10,False,19999,280351,0.796649944,115.0,1143352,90.0,102901.68,894.7972,1123.2,0.7966,2023-10-15 00:00,2023-10-19 19:00,midnight,0.0,280351,True,True,True,4,2,3,True,2,hrs_overlaps_next_mo|mo_multi_sku_keying_error,mo_split_across_lines,45214,0.796649944,894.8
7295,2023-10-15,2023,41,Sun,P10,False,19999,280452,0.804757085,19.0,190824,90.0,17174.16,903.9032,1123.2,0.8048,2023-10-15 00:00,2023-10-15 19:00,midnight,1.0,280351,True,True,False,4,2,3,True,1,mo_multi_sku_keying_error,mo_split_across_lines|pair_not_flagged_capable,45214,0.804757085,903.9
7296,2023-10-15,2023,41,Sun,P11,False,19999,280351,0.765562678,18.0,171976,90.0,15477.84,859.88,1123.2,0.7656,2023-10-15 00:00,2023-10-15 18:00,midnight,1.0,280130,True,True,True,4,2,3,True,1,mo_multi_sku_keying_error,mo_split_across_lines,45214,0.765562678,859.88
7297,2023-10-15,2023,41,Sun,P12,False,19999,280351,0.517394498,12.0,77485,90.0,6973.65,581.1375,1123.2,0.5174,2023-10-15 00:00,2023-10-15 12:00,midnight,0.0,280380,True,True,False,4,2,3,True,1,mo_multi_sku_keying_error,mo_split_across_lines|pair_not_flagged_capable,45214,0.517394498,581.14
7302,2023-10-16,2023,42,Mon,P11,False,20001,280240,0.667377137,60.0,499732,90.0,44975.88,749.598,1123.2,0.6674,2023-10-16 00:00,2023-10-18 12:00,midnight,0.0,280351,False,False,False,2,1,2,True,1,hrs_overlaps_next_mo,mo_split_across_lines|sku_not_in_master|pair_not_in_capability_table,45215,0.667377137,749.6
7303,2023-10-16,2023,42,Mon,P11,False,20005,120437,0.719791667,24.0,215592,90.0,19403.28,808.47,1123.2,0.7198,2023-10-16 00:00,2023-10-17 00:00,midnight,1.0,280240,True,True,True,2,2,2,True,1,mo_multi_sku_keying_error,mo_split_across_lines,45215,0.719791667,808.47
7304,2023-10-16,2023,42,Mon,P12,False,20005,280379,0.986288416,3.0,33376,110.0,3671.36,1223.7867,1240.8,0.9863,2023-10-16 00:00,2023-10-16 03:00,midnight,0.0,280380,True,True,True,2,2,2,True,1,mo_multi_sku_keying_error,mo_split_across_lines,45215,0.986288416,1223.79
7307,2023-10-16,2023,42,Mon,P13,False,20008,120436,0.679527244,120.0,1017660,90.0,91589.4,763.245,1123.2,0.6795,2023-10-16 00:00,2023-10-21 00:00,midnight,0.0,280264,True,True,True,2,1,2,True,1,hrs_overlaps_next_mo,mo_split_across_lines,45215,0.679527244,763.25
7309,2023-10-16,2023,42,Mon,P15,False,20010,280256,0.781722408,115.0,1121928,90.0,100973.52,878.0306,1123.2,0.7817,2023-10-16 00:00,2023-10-20 19:00,midnight,0.0,280351,True,True,False,2,1,2,True,1,hrs_overlaps_next_mo,mo_split_across_lines|pair_not_flagged_capable,45215,0.781722408,878.03
7313,2023-10-16,2023,42,Mon,P17,True,2016,280323,0.654963942,20.0,326958,90.0,29426.22,1471.311,2246.4,0.655,2023-10-16 00:00,2023-10-16 20:00,midnight,0.0,280391,True,True,True,2,1,2,True,1,mo_out_of_sequence,mo_split_across_lines,45215,0.654963942,1471.31
7315,2023-10-16,2023,42,Mon,P18,True,2016,280323,0.656343483,84.0,1376116,90.0,123850.44,1474.41,2246.4,0.6563,2023-10-16 00:00,2023-10-19 12:00,midnight,4.0,280324,True,True,True,2,1,2,True,1,mo_out_of_sequence,mo_split_across_lines,45215,0.656343483,1474.41
7326,2023-10-22,2023,42,Sun,P10,False,20054,280351,0.769111722,210.0,2015688,90.0,181411.92,863.8663,1123.2,0.7691,2023-10-22 00:00,2023-10-30 18:00,midnight,39.0,280240,True,True,True,1,1,1,True,1,hrs_long,,45221,0.769111722,863.87
7333,2023-10-22,2023,42,Sun,P17,True,20070,280451,0.568076033,180.0,2552252,90.0,229702.68,1276.126,2246.4,0.5681,2023-10-22 00:00,2023-10-29 12:00,midnight,4.0,280451,True,True,True,1,1,1,True,2,hrs_long|hrs_overlaps_next_mo,,45221,0.568076033,1276.13
7334,2023-10-22,2023,42,Sun,P18,True,20101,280324,0.6654644,233.0,3870128,90.0,348311.52,1494.8992,2246.4,0.6655,2023-10-22 00:00,2023-10-31 17:00,midnight,12.0,280324,True,True,True,1,1,1,True,1,hrs_long,,45221,0.6654644,1494.9
7369,2023-11-05,2023,44,Sun,P15,False,20222,280351,0.735918803,60.0,551056,90.0,49595.04,826.584,1123.2,0.7359,2023-11-05 00:00,2023-11-07 12:00,midnight,0.0,280351,True,True,True,1,1,1,True,2,hrs_overlaps_next_mo|dup_date_line_sku,,45235,0.735918803,826.58
7370,2023-11-05,2023,44,Sun,P15,False,20223,280351,0.687334574,31.0,265916,90.0,23932.44,772.0142,1123.2,0.6873,2023-11-05 00:00,2023-11-06 07:00,midnight,4.0,280351,True,True,True,2,1,2,True,1,dup_date_line_sku,mo_split_across_lines,45235,0.687334574,772.01
7386,2023-11-12,2023,45,Sun,P09,False,20232,280106,0.715243509,79.5,709636,90.0,63867.24,803.3615,1123.2,0.7152,2023-11-12 00:00,2023-11-15 07:30,midnight,2.0,280106,False,False,False,1,1,1,True,1,hrs_overlaps_next_mo,sku_not_in_master|pair_not_in_capability_table,45242,0.715243509,803.36
7409,2023-11-17,2023,46,Fri,P14,False,202447,120453,0.541794872,10.0,67616,90.0,6085.44,608.544,1123.2,0.5418,2023-11-17 00:00,2023-11-17 10:00,midnight,10.0,120453,True,True,True,1,1,1,True,1,mo_out_of_sequence,,45247,0.541794872,608.54
7416,2023-11-27,2023,48,Mon,P15,False,20346,280323,0.53664363,48.0,321471,90.0,28932.39,602.7581,1123.2,0.5366,2023-11-27 00:00,2023-11-29 00:00,midnight,2.0,280323,True,True,True,5,4,5,True,1,mo_multi_sku_keying_error,mo_split_across_lines,45257,0.53664363,602.76
7417,2023-11-27,2023,48,Mon,P16,False,20346,280351,0.833814103,24.0,249744,90.0,22476.96,936.54,1123.2,0.8338,2023-11-27 00:00,2023-11-28 00:00,midnight,1.0,280351,True,True,True,5,4,5,True,1,mo_multi_sku_keying_error,mo_split_across_lines,45257,0.833814103,936.54
7418,2023-11-27,2023,48,Mon,P17,True,20346,280222,0.531709402,75.0,995360,90.0,89582.4,1194.432,2246.4,0.5317,2023-11-27 00:00,2023-11-30 03:00,midnight,4.0,280052,True,True,True,5,4,5,True,1,mo_multi_sku_keying_error,mo_split_across_lines,45257,0.531709402,1194.43
7419,2023-11-27,2023,48,Mon,P18,True,20346,280323,0.583046559,76.0,1106016,90.0,99541.44,1309.7558,2246.4,0.583,2023-11-27 00:00,2023-11-30 04:00,midnight,4.0,280052,True,True,True,5,4,5,True,1,mo_multi_sku_keying_error,mo_split_across_lines,45257,0.583046559,1309.76
7420,2023-11-27,2023,48,Mon,P19,True,20346,280324,0.600701357,85.0,1274448,90.0,114700.32,1349.4155,2246.4,0.6007,2023-11-27 00:00,2023-11-30 13:00,midnight,4.0,280324,True,True,True,5,4,5,True,1,mo_multi_sku_keying_error,mo_split_across_lines,45257,0.600701357,1349.42
7433,2023-11-30,2023,48,Thu,P15,False,20348,280169,0.676415598,12.0,101300,90.0,9117.0,759.75,1123.2,0.6764,2023-11-30 00:00,2023-11-30 12:00,midnight,0.0,280318,True,True,True,1,1,1,True,1,dup_date_line_sku,,45260,0.676415598,759.75
7434,2023-11-30,2023,48,Thu,P15,False,20425,280169,0.791649184,55.0,543388,90.0,48904.92,889.1804,1123.2,0.7916,2023-11-30 12:00,2023-12-02 19:00,chained_from_prev_mo,3.0,280169,True,True,True,1,1,1,True,1,dup_date_line_sku,,45260,0.791649184,889.18
7435,2023-12-01,2023,48,Fri,P09,False,20357,280450,0.326602564,10.0,40760,90.0,3668.4,366.84,1123.2,0.3266,2023-12-01 00:00,2023-12-01 10:00,midnight,0.0,280391,True,True,True,2,2,1,True,1,mo_multi_sku_keying_error,,45261,0.326602564,366.84
7436,2023-12-01,2023,48,Fri,P09,False,20357,280451,0.715611645,24.0,214340,90.0,19290.6,803.775,1123.2,0.7156,2023-12-01 10:00,2023-12-02 10:00,chained_from_prev_mo,0.0,280450,True,True,True,2,2,1,True,1,mo_multi_sku_keying_error,,45261,0.715611645,803.78
7452,2023-12-02,2023,48,Sat,P17,True,20398,280405,0.699611414,113.0,1973240,90.0,177591.6,1571.6071,2246.4,0.6996,2023-12-02 12:00,2023-12-07 05:00,chained_from_prev_mo,0.0,280213,True,True,True,1,1,1,True,1,hrs_overlaps_next_mo,,45262,0.699611414,1571.61
7456,2023-12-02,2023,48,Sat,P19,True,20401,280324,0.617497764,172.0,2650992,90.0,238589.28,1387.147,2246.4,0.6175,2023-12-02 04:00,2023-12-09 08:00,chained_from_prev_mo,8.0,280324,True,True,True,2,1,2,True,1,hrs_long,mo_split_across_lines,45262,0.617497764,1387.15
7458,2023-12-03,2023,48,Sun,P11,False,20375,280256,0.646324786,120.0,967936,90.0,87114.24,725.952,1123.2,0.6463,2023-12-03 00:00,2023-12-08 00:00,midnight,0.0,280240,True,True,False,1,1,1,True,1,hrs_overlaps_next_mo,pair_not_flagged_capable,45263,0.646324786,725.95
7464,2023-12-03,2023,48,Sun,P16,False,20397,280351,0.763398487,122.0,1162320,90.0,104608.8,857.4492,1123.2,0.7634,2023-12-03 00:00,2023-12-08 02:00,midnight,3.0,280351,True,True,True,1,1,1,True,1,hrs_overlaps_next_mo,,45263,0.763398487,857.45
7467,2023-12-04,2023,49,Mon,P13,False,20384,241287,0.619965278,24.0,185692,90.0,16712.28,696.345,1123.2,0.62,2023-12-04 00:00,2023-12-05 00:00,midnight,1.0,120464,False,False,False,2,2,2,True,1,mo_multi_sku_keying_error,mo_split_across_lines|sku_not_in_master|pair_not_in_capability_table,45264,0.619965278,696.35
7468,2023-12-04,2023,49,Mon,P14,False,20384,280384,0.620352564,12.0,92904,90.0,8361.36,696.78,1123.2,0.6204,2023-12-04 00:00,2023-12-04 12:00,midnight,0.0,120430,True,True,True,2,2,2,True,1,mo_multi_sku_keying_error,mo_split_across_lines,45264,0.620352564,696.78
7478,2023-12-06,2023,49,Wed,P16,False,28397,280351,0.797435897,12.0,119424,90.0,10748.16,895.68,1123.2,0.7974,2023-12-06 00:00,2023-12-06 12:00,midnight,3.0,280351,True,True,True,2,2,2,True,2,mo_multi_sku_keying_error|mo_out_of_sequence,mo_split_across_lines,45266,0.797435897,895.68
7479,2023-12-06,2023,49,Wed,P20,True,28397,280323,0.83392586,76.0,1581924,90.0,142373.16,1873.3311,2246.4,0.8339,2023-12-06 00:00,2023-12-09 04:00,midnight,124.0,,True,True,True,2,2,2,True,2,mo_multi_sku_keying_error|mo_out_of_sequence,mo_split_across_lines,45266,0.83392586,1873.33
7496,2023-12-10,2023,49,Sun,P14,False,20463,120436,0.768376068,12.0,115072,90.0,10356.48,863.04,1123.2,0.7684,2023-12-10 00:00,2023-12-10 12:00,midnight,0.0,120436,True,True,True,1,1,1,True,1,dup_date_line_sku,,45270,0.768376068,863.04
7497,2023-12-10,2023,49,Sun,P14,False,20464,120436,0.833611111,60.0,624208,90.0,56178.72,936.312,1123.2,0.8336,2023-12-10 12:00,2023-12-13 00:00,chained_from_prev_mo,3.0,120436,True,True,True,1,1,1,True,1,dup_date_line_sku,,45270,0.833611111,936.31
7503,2023-12-12,2023,50,Tue,P11,False,20457,120430,0.807161458,24.0,241761,90.0,21758.49,906.6038,1123.2,0.8072,2023-12-12 00:00,2023-12-13 00:00,midnight,0.0,280130,False,False,False,2,2,1,True,1,mo_multi_sku_keying_error,sku_not_in_master|pair_not_in_capability_table,45272,0.807161458,906.6
7504,2023-12-12,2023,50,Tue,P11,False,20457,120436,0.742206886,31.0,287145,90.0,25843.05,833.6468,1123.2,0.7422,2023-12-12 00:00,2023-12-13 07:00,midnight,2.0,120430,True,True,True,2,2,1,True,1,mo_multi_sku_keying_error,,45272,0.742206886,833.65
7529,2023-12-17,2023,50,Sun,P16,False,20518,280327,0.73125,12.0,109512,90.0,9856.08,821.34,1123.2,0.7312,2023-12-17 00:00,2023-12-17 12:00,midnight,0.0,280351,False,False,False,2,2,1,True,1,mo_multi_sku_keying_error,sku_not_in_master|pair_not_in_capability_table,45277,0.73125,821.34
7530,2023-12-17,2023,50,Sun,P16,False,20518,280351,0.764080834,118.0,1125216,90.0,101269.44,858.2156,1123.2,0.7641,2023-12-17 12:00,2023-12-22 10:00,chained_from_prev_mo,16.0,280327,True,True,True,2,2,1,True,1,mo_multi_sku_keying_error,,45277,0.764080834,858.22
7535,2023-12-19,2023,51,Tue,P11,False,20500,280264,0.717081998,60.0,536951,90.0,48325.59,805.4265,1123.2,0.7171,2023-12-19 00:00,2023-12-21 12:00,midnight,0.0,280318,True,True,True,1,1,1,True,2,hrs_overlaps_next_mo|dup_date_line_sku,,45279,0.717081998,805.43
7536,2023-12-19,2023,51,Tue,P11,False,20513,280264,0.718830128,12.0,107652,90.0,9688.68,807.39,1123.2,0.7188,2023-12-19 00:00,2023-12-19 12:00,midnight,2.0,280264,True,True,True,3,3,2,True,2,mo_multi_sku_keying_error|dup_date_line_sku,mo_split_across_lines,45279,0.718830128,807.39
7538,2023-12-19,2023,51,Tue,P14,False,20513,120430,0.569297543,12.0,85258,90.0,7673.22,639.435,1123.2,0.5693,2023-12-19 00:00,2023-12-19 12:00,midnight,0.0,280107,False,False,False,3,3,2,True,1,mo_multi_sku_keying_error,mo_split_across_lines|sku_not_in_master|pair_not_in_capability_table,45279,0.569297543,639.44
7539,2023-12-19,2023,51,Tue,P14,False,20513,120448,0.846233974,24.0,253464,90.0,22811.76,950.49,1123.2,0.8462,2023-12-19 12:00,2023-12-20 12:00,chained_from_prev_mo,1.0,120430,True,True,True,3,3,2,True,1,mo_multi_sku_keying_error,mo_split_across_lines,45279,0.846233974,950.49
7546,2024-01-02,2024,1,Tue,P10,False,20536,280315,0.50849359,12.0,76152,90.0,6853.68,571.14,1123.2,0.5085,2024-01-02 00:00,2024-01-02 12:00,midnight,0.0,280351,False,False,False,2,2,1,True,1,mo_multi_sku_keying_error,sku_not_in_master|pair_not_in_capability_table,45293,0.50849359,571.14
7547,2024-01-02,2024,1,Tue,P10,False,20536,280351,0.650377685,92.5,750796,90.0,67571.64,730.5042,1123.2,0.6504,2024-01-02 12:00,2024-01-06 08:30,chained_from_prev_mo,5.0,280315,True,True,True,2,2,1,True,1,mo_multi_sku_keying_error,,45293,0.650377685,730.5
7574,2024-01-07,2024,1,Sun,P10,False,20572,280351,0.67264843,187.0,1569800,90.0,141282.0,755.5187,1123.2,0.6726,2024-01-07 00:00,2024-01-14 19:00,midnight,7.0,280351,True,True,True,1,1,1,True,1,hrs_long,,45298,0.67264843,755.52
7575,2024-01-07,2024,1,Sun,P11,False,20573,280264,0.746213942,160.0,1490040,90.0,134103.6,838.1475,1123.2,0.7462,2024-01-07 00:00,2024-01-13 16:00,midnight,0.0,241283,True,True,True,1,1,1,True,1,hrs_overlaps_next_mo,,45298,0.746213942,838.15
7600,2024-01-13,2024,2,Sat,P15,False,20987,280212,0.196794872,12.0,29472,90.0,2652.48,221.04,1123.2,0.1968,2024-01-13 21:00,2024-01-14 09:00,chained_from_prev_mo,1.0,280351,True,True,True,1,1,1,True,1,oee_low,,45304,0.196794872,221.04
7625,2024-01-20,2024,3,Sat,P18,True,20707,280480,0.691674421,62.0,1070380,90.0,96334.2,1553.7774,2246.4,0.6917,2024-01-20 00:00,2024-01-22 14:00,midnight,1.0,280480,True,True,True,1,1,1,True,1,hrs_overlaps_next_mo,,45311,0.691674421,1553.78
7634,2024-01-21,2024,3,Sun,P19,True,20711,280324,0.7377849,72.0,1325888,90.0,119329.92,1657.36,2246.4,0.7378,2024-01-21 00:00,2024-01-24 00:00,midnight,1.0,280324,True,True,True,1,1,1,True,1,hrs_overlaps_next_mo,,45312,0.7377849,1657.36
7641,2024-01-23,2024,4,Tue,P14,False,520695,120430,0.728846154,12.0,109152,90.0,9823.68,818.64,1123.2,0.7288,2024-01-23 00:00,2024-01-23 12:00,midnight,1.0,120430,False,False,False,1,1,1,True,1,mo_out_of_sequence,sku_not_in_master|pair_not_in_capability_table,45314,0.728846154,818.64
7650,2024-01-26,2024,4,Fri,P14,False,1220431,120431,0.629220085,12.0,94232,90.0,8480.88,706.74,1123.2,0.6292,2024-01-26 00:00,2024-01-26 12:00,midnight,1.0,120431,False,False,False,1,1,1,True,1,mo_out_of_sequence,sku_not_in_master|pair_not_in_capability_table,45317,0.629220085,706.74
7659,2024-01-28,2024,4,Sun,P12,False,20758,120430,0.740678419,12.0,110924,90.0,9983.16,831.93,1123.2,0.7407,2024-01-28 00:00,2024-01-28 12:00,midnight,0.0,120436,False,False,False,2,2,1,True,1,mo_multi_sku_keying_error,sku_not_in_master|pair_not_in_capability_table,45319,0.740678419,831.93
7660,2024-01-28,2024,4,Sun,P12,False,20758,120436,0.82697582,79.0,815332,90.0,73379.88,928.8592,1123.2,0.827,2024-01-28 12:00,2024-01-31 19:00,chained_from_prev_mo,4.0,120430,True,True,True,2,2,1,True,1,mo_multi_sku_keying_error,,45319,0.82697582,928.86
7667,2024-01-28,2024,4,Sun,P17,True,20773,280421,0.694295317,72.0,1247732,90.0,112295.88,1559.665,2246.4,0.6943,2024-01-28 00:00,2024-01-31 00:00,midnight,1.0,280453,True,True,True,1,1,1,True,1,hrs_overlaps_next_mo,,45319,0.694295317,1559.67
7684,2024-02-01,2024,5,Thu,P14,False,20822,120430,0.809615385,12.0,121248,90.0,10912.32,909.36,1123.2,0.8096,2024-02-01 00:00,2024-02-01 12:00,midnight,0.0,120430,False,False,False,2,2,1,True,1,mo_multi_sku_keying_error,sku_not_in_master|pair_not_in_capability_table,45323,0.809615385,909.36
7685,2024-02-01,2024,5,Thu,P14,False,20822,120436,0.6975,55.0,478764,90.0,43088.76,783.432,1123.2,0.6975,2024-02-01 12:00,2024-02-03 19:00,chained_from_prev_mo,3.0,120430,True,True,True,2,2,1,True,1,mo_multi_sku_keying_error,,45323,0.6975,783.43
7692,2024-02-03,2024,5,Sat,P09,False,208169,280169,0.787820513,12.0,117984,90.0,10618.56,884.88,1123.2,0.7878,2024-02-03 08:00,2024-02-03 20:00,chained_from_prev_mo,1.0,280169,True,True,True,1,1,1,True,1,mo_out_of_sequence,,45325,0.787820513,884.88
7696,2024-02-04,2024,5,Sun,P09,False,20834,280169,0.790987371,67.0,661392,90.0,59525.28,888.437,1123.2,0.791,2024-02-04 00:00,2024-02-06 19:00,midnight,0.0,280169,True,True,True,1,1,1,True,1,hrs_overlaps_next_mo,,45326,0.790987371,888.44
7704,2024-02-04,2024,5,Sun,P15,False,20859,120464,0.49367677,151.0,930324,90.0,83729.16,554.4977,1123.2,0.4937,2024-02-04 00:00,2024-02-10 07:00,midnight,0.0,241287,False,False,False,1,1,1,True,1,hrs_overlaps_next_mo,sku_not_in_master|pair_not_in_capability_table,45326,0.49367677,554.5
7712,2024-02-05,2024,6,Mon,P14,False,20853,120444,0.178846154,12.0,26784,90.0,2410.56,200.88,1123.2,0.1788,2024-02-05 12:00,2024-02-06 00:00,chained_from_prev_mo,1.0,120436,True,True,True,1,1,1,True,1,oee_low,,45327,0.178846154,200.88
7732,2024-02-10,2024,6,Sat,P18,True,20936,280454,0.515560159,76.0,977997,90.0,88019.73,1158.1543,2246.4,0.5156,2024-02-10 07:00,2024-02-13 11:00,chained_from_prev_mo,1.0,280454,True,True,True,1,1,1,True,1,hrs_overlaps_next_mo,,45332,0.515560159,1158.15
7734,2024-02-11,2024,6,Sun,P09,False,20912,280451,0.696637007,134.0,1165000,90.0,104850.0,782.4627,1123.2,0.6966,2024-02-11 00:00,2024-02-16 14:00,midnight,0.0,280451,True,True,True,1,1,1,True,1,hrs_overlaps_next_mo,,45333,0.696637007,782.46
7740,2024-02-11,2024,6,Sun,P13,False,20968,120430,0.63213141,12.0,94668,90.0,8520.12,710.01,1123.2,0.6321,2024-02-11 00:00,2024-02-11 12:00,midnight,0.0,241287,False,False,False,2,2,1,True,1,mo_multi_sku_keying_error,sku_not_in_master|pair_not_in_capability_table,45333,0.63213141,710.01
7741,2024-02-11,2024,6,Sun,P13,False,20968,241288,0.756850962,24.0,226692,90.0,20402.28,850.095,1123.2,0.7569,2024-02-11 12:00,2024-02-12 12:00,chained_from_prev_mo,1.0,120430,False,False,False,2,2,1,True,1,mo_multi_sku_keying_error,sku_not_in_master|pair_not_in_capability_table,45333,0.756850962,850.1
7744,2024-02-11,2024,6,Sun,P15,False,20934,280169,0.607524038,80.0,606552,90.0,54589.68,682.371,1123.2,0.6075,2024-02-11 00:00,2024-02-14 08:00,midnight,0.0,241287,True,True,True,1,1,1,True,1,hrs_overlaps_next_mo,,45333,0.607524038,682.37
7753,2024-02-14,2024,7,Wed,P12,False,20926,280256,0.65400641,12.0,97944,90.0,8814.96,734.58,1123.2,0.654,2024-02-14 00:00,2024-02-14 12:00,midnight,0.0,280401,True,True,False,1,1,1,True,1,dup_date_line_sku,pair_not_flagged_capable,45336,0.65400641,734.58
7754,2024-02-14,2024,7,Wed,P12,False,20927,280256,0.668823631,74.0,617672,90.0,55590.48,751.2227,1123.2,0.6688,2024-02-14 12:00,2024-02-17 14:00,chained_from_prev_mo,4.0,280256,True,True,False,1,1,1,True,1,dup_date_line_sku,pair_not_flagged_capable,45336,0.668823631,751.22
7764,2024-02-18,2024,7,Sun,P11,False,20980,241288,0.585856865,79.0,577608,90.0,51984.72,658.0344,1123.2,0.5859,2024-02-18 00:00,2024-02-21 07:00,midnight,0.0,241288,False,False,False,1,1,1,True,1,hrs_overlaps_next_mo,sku_not_in_master|pair_not_in_capability_table,45340,0.585856865,658.03
7765,2024-02-18,2024,7,Sun,P11,False,20981,280169,0.637860577,24.0,191052,90.0,17194.68,716.445,1123.2,0.6379,2024-02-18 00:00,2024-02-19 00:00,midnight,4.0,241288,True,True,True,2,2,2,True,1,mo_multi_sku_keying_error,mo_split_across_lines,45340,0.637860577,716.45
7767,2024-02-18,2024,7,Sun,P13,False,20981,280264,0.618910256,12.0,92688,90.0,8341.92,695.16,1123.2,0.6189,2024-02-18 00:00,2024-02-18 12:00,midnight,0.0,280264,True,True,True,2,2,2,True,2,mo_multi_sku_keying_error|dup_date_line_sku,mo_split_across_lines,45340,0.618910256,695.16
7768,2024-02-18,2024,7,Sun,P13,False,20991,280264,0.570895522,67.0,477360,90.0,42962.4,641.2299,1123.2,0.5709,2024-02-18 12:00,2024-02-21 07:00,chained_from_prev_mo,3.0,280264,True,True,True,1,1,1,True,1,dup_date_line_sku,,45340,0.570895522,641.23
7789,2024-02-24,2024,8,Sat,P17,True,21081,280324,1.027884615,4.0,102624,90.0,9236.16,2309.04,2246.4,1.0279,2024-02-24 12:00,2024-02-24 16:00,chained_from_prev_mo,1.0,280391,True,True,True,1,1,1,False,1,oee_gt_1,,45346,1.027884615,2309.04
7809,2024-02-29,2024,9,Thu,P12,False,21038,120450,0.602777778,12.0,90272,90.0,8124.48,677.04,1123.2,0.6028,2024-02-29 00:00,2024-02-29 12:00,midnight,0.0,280256,True,True,True,2,1,2,True,1,dup_date_line_sku,mo_split_across_lines,45351,0.602777778,677.04
7810,2024-02-29,2024,9,Thu,P12,False,210450,120450,0.733516484,7.0,64080,90.0,5767.2,823.8857,1123.2,0.7335,2024-02-29 12:00,2024-02-29 19:00,chained_from_prev_mo,1.0,120450,True,True,True,1,1,1,True,2,mo_out_of_sequence|dup_date_line_sku,,45351,0.733516484,823.89
7811,2024-02-29,2024,9,Thu,P13,False,21038,120450,0.006730769,2.0,168,90.0,15.12,7.56,1123.2,0.0067,2024-02-29 08:00,2024-02-29 10:00,chained_from_prev_mo,1.0,280264,True,True,True,2,1,2,True,1,oee_low,mo_split_across_lines,45351,0.006730769,7.56
7856,2024-03-09,2024,10,Sat,P13,False,21222,241283,0.084965035,11.0,11664,90.0,1049.76,95.4327,1123.2,0.085,2024-03-09 07:00,2024-03-09 18:00,chained_from_prev_mo,1.0,280327,True,True,True,1,1,1,True,1,oee_low,,45360,0.084965035,95.43
7857,2024-03-09,2024,10,Sat,P15,False,21120,280348,0.170735786,23.0,49008,90.0,4410.72,191.7704,1123.2,0.1707,2024-03-09 00:00,2024-03-09 23:00,midnight,1.0,120463,True,True,True,1,1,1,True,1,oee_low,,45360,0.170735786,191.77
7867,2024-03-10,2024,10,Sun,P19,True,21193,280454,0.742597531,64.0,1186255,90.0,106762.95,1668.1711,2246.4,0.7426,2024-03-10 00:00,2024-03-12 16:00,midnight,0.0,280480,True,True,True,2,1,2,True,1,hrs_overlaps_next_mo,mo_split_across_lines,45361,0.742597531,1668.17
7889,2024-03-17,2024,11,Sun,P16,False,21256,280351,0.764964633,87.0,830568,90.0,74751.12,859.2083,1123.2,0.765,2024-03-17 00:00,2024-03-20 15:00,midnight,2.0,280351,True,True,True,1,1,1,True,1,hrs_overlaps_next_mo,,45368,0.764964633,859.21
7921,2024-03-24,2024,12,Sun,P12,False,21309,120436,0.738490676,55.0,506900,90.0,45621.0,829.4727,1123.2,0.7385,2024-03-24 00:00,2024-03-26 07:00,midnight,0.0,120448,True,True,True,1,1,1,True,1,hrs_overlaps_next_mo,,45375,0.738490676,829.47
7949,2024-03-31,2024,13,Sun,P18,True,21377,280480,0.917628205,4.0,91616,90.0,8245.44,2061.36,2246.4,0.9176,2024-03-31 00:00,2024-03-31 04:00,midnight,0.0,280222,True,True,True,1,1,1,True,1,dup_date_line_sku,,45382,0.917628205,2061.36
7950,2024-03-31,2024,13,Sun,P18,True,21422,280480,0.507799145,12.0,152096,90.0,13688.64,1140.72,2246.4,0.5078,2024-03-31 04:00,2024-03-31 16:00,chained_from_prev_mo,1.0,280480,True,True,True,1,1,1,True,1,dup_date_line_sku,,45382,0.507799145,1140.72
7951,2024-03-31,2024,13,Sun,P19,True,21380,280480,0.750574252,12.0,224812,90.0,20233.08,1686.09,2246.4,0.7506,2024-03-31 00:00,2024-03-31 12:00,midnight,0.0,280480,True,True,True,1,1,1,True,1,dup_date_line_sku,,45382,0.750574252,1686.09
7952,2024-03-31,2024,13,Sun,P19,True,21423,280480,0.69420406,12.0,207928,90.0,18713.52,1559.46,2246.4,0.6942,2024-03-31 12:00,2024-04-01 00:00,chained_from_prev_mo,1.0,280480,True,True,True,1,1,1,True,1,dup_date_line_sku,,45382,0.69420406,1559.46
7953,2024-04-01,2024,14,Mon,P09,False,21357,280453,0.700673077,40.0,349776,90.0,31479.84,786.996,1123.2,0.7007,2024-04-01 00:00,2024-04-02 16:00,midnight,0.0,280391,True,True,True,1,1,1,True,1,hrs_overlaps_next_mo,,45383,0.700673077,787.0
7956,2024-04-01,2024,14,Mon,P11,False,21365,280264,0.68657127,127.0,1088188,90.0,97936.92,771.1569,1123.2,0.6866,2024-04-01 00:00,2024-04-06 07:00,midnight,0.0,280130,True,True,True,1,1,1,True,1,hrs_overlaps_next_mo,,45383,0.68657127,771.16
7987,2024-04-08,2024,15,Mon,P20,True,21458,280166,0.662594872,62.5,1033648,90.0,93028.32,1488.4531,2246.4,0.6626,2024-04-08 00:00,2024-04-10 14:30,midnight,1.0,280323,False,False,False,1,1,1,True,1,hrs_overlaps_next_mo,sku_not_in_master|pair_not_in_capability_table,45390,0.662594872,1488.45
8005,2024-04-13,2024,15,Sat,P11,False,21542,280365,0.0,10.0,0,90.0,0.0,0.0,1123.2,0.0,2024-04-13 09:00,2024-04-13 19:00,chained_from_prev_mo,1.0,280365,True,True,True,1,1,1,False,2,oee_zero|pouches_zero,,45395,0,0.0
8048,2024-04-21,2024,16,Sun,P20,True,21571,280323,0.583728056,88.0,1282147,90.0,115393.23,1311.2867,2246.4,0.5837,2024-04-21 00:00,2024-04-24 16:00,midnight,0.0,280323,True,True,True,2,2,1,True,2,hrs_overlaps_next_mo|mo_multi_sku_keying_error,,45403,0.583728056,1311.29
8049,2024-04-21,2024,16,Sun,P20,True,21571,280324,0.650160256,24.0,389472,90.0,35052.48,1460.52,2246.4,0.6502,2024-04-21 00:00,2024-04-22 00:00,midnight,5.0,280323,True,True,True,2,2,1,True,1,mo_multi_sku_keying_error,,45403,0.650160256,1460.52
8085,2024-05-01,2024,18,Wed,P11,False,21666,280264,0.554977965,96.0,664908,90.0,59841.72,623.3513,1123.2,0.555,2024-05-01 00:00,2024-05-05 00:00,midnight,1.0,280264,True,True,True,1,1,1,True,1,hrs_overlaps_next_mo,,45413,0.554977965,623.35
8087,2024-05-01,2024,18,Wed,P15,False,21613,120463,0.782247151,36.0,351448,90.0,31630.32,878.62,1123.2,0.7822,2024-05-01 00:00,2024-05-02 12:00,midnight,0.0,280348,True,True,True,1,1,1,True,1,hrs_overlaps_next_mo,,45413,0.782247151,878.62
8124,2024-05-08,2024,19,Wed,P20,True,21709,120437,0.65147951,84.0,1365918,90.0,122932.62,1463.4836,2246.4,0.6515,2024-05-08 00:00,2024-05-11 12:00,midnight,0.0,280169,True,True,True,1,1,1,True,1,hrs_overlaps_next_mo,,45420,0.65147951,1463.48
8137,2024-05-12,2024,19,Sun,P12,False,21479,120436,0.687847222,12.0,103012,90.0,9271.08,772.59,1123.2,0.6878,2024-05-12 00:00,2024-05-12 12:00,midnight,0.0,120431,True,True,True,1,1,1,True,1,dup_date_line_sku,,45424,0.687847222,772.59
8138,2024-05-12,2024,19,Sun,P12,False,21749,120436,0.855092593,36.0,384176,90.0,34575.84,960.44,1123.2,0.8551,2024-05-12 12:00,2024-05-14 00:00,chained_from_prev_mo,2.0,120436,True,True,True,1,1,1,True,1,dup_date_line_sku,,45424,0.855092593,960.44
8142,2024-05-12,2024,19,Sun,P16,False,21758,280351,0.753279768,146.0,1372536,90.0,123528.24,846.0838,1123.2,0.7533,2024-05-12 12:00,2024-05-18 14:00,chained_from_prev_mo,7.0,280256,True,True,True,2,2,2,True,1,mo_multi_sku_keying_error,mo_split_across_lines,45424,0.753279768,846.08
8143,2024-05-12,2024,19,Sun,P17,True,21758,280323,0.759722222,12.0,227552,90.0,20479.68,1706.64,2246.4,0.7597,2024-05-12 00:00,2024-05-12 12:00,midnight,4.0,280103,True,True,True,2,2,2,True,1,mo_multi_sku_keying_error,mo_split_across_lines,45424,0.759722222,1706.64
8211,2024-05-29,2024,22,Wed,P18,True,21868,280166,0.80982906,24.0,485120,90.0,43660.8,1819.2,2246.4,0.8098,2024-05-29 16:00,2024-05-30 16:00,chained_from_prev_mo,0.0,280166,False,False,False,2,2,1,True,1,mo_multi_sku_keying_error,sku_not_in_master|pair_not_in_capability_table,45441,0.80982906,1819.2
8212,2024-05-29,2024,22,Wed,P18,True,21868,280421,0.617988782,40.0,617000,90.0,55530.0,1388.25,2246.4,0.618,2024-05-29 00:00,2024-05-30 16:00,midnight,4.0,280166,True,True,True,2,2,1,True,1,mo_multi_sku_keying_error,,45441,0.617988782,1388.25
8218,2024-06-01,2024,22,Sat,P11,False,21900,280264,0.669620253,79.0,660192,90.0,59417.28,752.1175,1123.2,0.6696,2024-06-01 00:00,2024-06-04 07:00,midnight,0.0,280351,True,True,True,1,1,1,True,1,hrs_overlaps_next_mo,,45444,0.669620253,752.12
8238,2024-06-04,2024,23,Tue,P18,True,21917,280232,0.800262264,24.0,433294,110.0,47662.34,1985.9308,2481.6,0.8003,2024-06-04 00:00,2024-06-05 00:00,midnight,0.0,280103,False,False,False,2,2,1,True,1,mo_multi_sku_keying_error,sku_not_in_master|pair_not_in_capability_table,45447,0.800262264,1985.93
8239,2024-06-04,2024,23,Tue,P18,True,21917,280323,0.774969475,42.0,812416,90.0,73117.44,1740.8914,2246.4,0.775,2024-06-04 00:00,2024-06-05 18:00,midnight,3.0,280232,True,True,True,2,2,1,True,1,mo_multi_sku_keying_error,,45447,0.774969475,1740.89
8259,2024-06-09,2024,23,Sun,P12,False,21978,280256,0.652279566,98.0,797764,90.0,71798.76,732.6404,1123.2,0.6523,2024-06-09 00:00,2024-06-13 02:00,midnight,2.0,120536,True,True,False,1,1,1,True,1,hrs_overlaps_next_mo,pair_not_flagged_capable,45452,0.652279566,732.64
8262,2024-06-09,2024,23,Sun,P16,False,21985,280351,0.750547631,151.0,1414392,90.0,127295.28,843.0151,1123.2,0.7505,2024-06-09 00:00,2024-06-15 07:00,midnight,5.0,280256,True,True,True,1,1,1,True,1,hrs_overlaps_next_mo,,45452,0.750547631,843.02
8288,2024-06-16,2024,24,Sun,P14,False,22097,280245,0.385880478,94.5,455092,90.0,40958.28,433.421,1123.2,0.3859,2024-06-16 00:00,2024-06-19 22:30,midnight,0.0,280107,False,False,False,1,1,1,True,1,hrs_overlaps_next_mo,sku_not_in_master|pair_not_in_capability_table,45459,0.385880478,433.42
8334,2024-06-25,2024,26,Tue,P09,False,22114,280246,0.597061966,12.0,89416,90.0,8047.44,670.62,1123.2,0.5971,2024-06-25 00:00,2024-06-25 12:00,midnight,1.0,280478,False,False,False,2,2,2,True,1,mo_multi_sku_keying_error,mo_split_across_lines|sku_not_in_master|pair_not_in_capability_table,45468,0.597061966,670.62
8335,2024-06-25,2024,26,Tue,P11,False,22114,280351,0.695238984,103.0,893688,90.0,80431.92,780.8924,1123.2,0.6952,2024-06-25 07:00,2024-06-29 14:00,chained_from_prev_mo,5.0,280256,True,True,True,2,2,2,True,1,mo_multi_sku_keying_error,mo_split_across_lines,45468,0.695238984,780.89
8347,2024-06-28,2024,26,Fri,P17,True,221129,280222,0.582999182,47.0,683928,90.0,61553.52,1309.6494,2246.4,0.583,2024-06-28 00:00,2024-06-29 23:00,midnight,2.0,280244,True,True,True,1,1,1,True,1,mo_out_of_sequence,,45471,0.582999182,1309.65
8359,2024-06-30,2024,26,Sun,P19,True,22204,280323,0.825320513,12.0,247200,90.0,22248.0,1854.0,2246.4,0.8253,2024-06-30 00:00,2024-06-30 12:00,midnight,0.0,280323,True,True,True,1,1,1,True,1,dup_date_line_sku,,45473,0.825320513,1854.0
8360,2024-06-30,2024,26,Sun,P19,True,22247,280323,0.828388278,28.0,578944,90.0,52104.96,1860.8914,2246.4,0.8284,2024-06-30 12:00,2024-07-01 16:00,chained_from_prev_mo,2.0,280323,True,True,True,1,1,1,True,1,dup_date_line_sku,,45473,0.828388278,1860.89
8368,2024-07-01,2024,27,Mon,P15,False,22194,280348,0.730454545,55.0,501384,90.0,45124.56,820.4465,1123.2,0.7305,2024-07-01 00:00,2024-07-03 07:00,midnight,0.0,120463,True,True,True,1,1,1,True,1,hrs_overlaps_next_mo,,45474,0.730454545,820.45
8374,2024-07-02,2024,27,Tue,P13,False,22301,280351,0.95,7.0,82992,90.0,7469.28,1067.04,1123.2,0.95,2024-07-02 02:00,2024-07-02 09:00,chained_from_prev_mo,0.0,280264,True,True,True,2,2,1,True,1,mo_multi_sku_keying_error,,45475,0.95,1067.04
8375,2024-07-02,2024,27,Tue,P13,False,22301,280362,0.596267577,31.0,230684,90.0,20761.56,669.7277,1123.2,0.5963,2024-07-02 09:00,2024-07-03 16:00,chained_from_prev_mo,2.0,280351,False,False,False,2,2,1,True,1,mo_multi_sku_keying_error,sku_not_in_master|pair_not_in_capability_table,45475,0.596267577,669.73
8394,2024-07-07,2024,27,Sun,P14,False,22259,280244,0.688194444,36.0,309192,90.0,27827.28,772.98,1123.2,0.6882,2024-07-07 00:00,2024-07-08 12:00,midnight,0.0,280107,False,False,False,1,1,1,True,1,hrs_overlaps_next_mo,sku_not_in_master|pair_not_in_capability_table,45480,0.688194444,772.98
8396,2024-07-07,2024,27,Sun,P15,False,22262,280256,0.77826087,138.0,1340352,90.0,120631.68,874.1426,1123.2,0.7783,2024-07-07 00:00,2024-07-12 18:00,midnight,4.0,280480,True,True,False,1,1,1,True,1,hrs_overlaps_next_mo,pair_not_flagged_capable,45480,0.77826087,874.14
8452,2024-07-21,2024,29,Sun,P13,False,22420,280318,0.730552109,31.0,282636,90.0,25437.24,820.5561,1123.2,0.7306,2024-07-21 00:00,2024-07-22 07:00,midnight,0.0,280246,True,True,True,1,1,1,True,2,hrs_overlaps_next_mo|dup_date_line_sku,,45494,0.730552109,820.56
8453,2024-07-21,2024,29,Sun,P13,False,22422,280318,0.671153846,12.0,100512,90.0,9046.08,753.84,1123.2,0.6712,2024-07-21 00:00,2024-07-21 12:00,midnight,0.0,280318,True,True,True,2,2,1,True,2,mo_multi_sku_keying_error|dup_date_line_sku,,45494,0.671153846,753.84
8454,2024-07-21,2024,29,Sun,P13,False,22422,280351,0.703808813,103.0,904704,90.0,81423.36,790.5181,1123.2,0.7038,2024-07-21 12:00,2024-07-25 19:00,chained_from_prev_mo,2.0,280318,True,True,True,2,2,1,True,2,hrs_overlaps_next_mo|mo_multi_sku_keying_error,,45494,0.703808813,790.52
8521,2024-08-04,2024,31,Sun,P11,False,22511,280264,0.750537553,127.0,1189572,90.0,107061.48,843.0038,1123.2,0.7505,2024-08-04 00:00,2024-08-09 07:00,midnight,0.0,280362,True,True,True,1,1,1,True,1,hrs_overlaps_next_mo,,45508,0.750537553,843.0
8537,2024-08-05,2024,32,Mon,P14,False,22518,120430,0.71593661,36.0,321656,90.0,28949.04,804.14,1123.2,0.7159,2024-08-05 00:00,2024-08-06 12:00,midnight,0.0,280090,False,False,False,1,1,1,True,2,hrs_overlaps_next_mo|dup_date_line_sku,sku_not_in_master|pair_not_in_capability_table,45509,0.71593661,804.14
8538,2024-08-05,2024,32,Mon,P14,False,120430,120430,0.53855057,36.0,241960,90.0,21776.4,604.9,1123.2,0.5386,2024-08-05 00:00,2024-08-06 12:00,midnight,2.0,120430,False,False,False,1,1,1,True,2,mo_out_of_sequence|dup_date_line_sku,sku_not_in_master|pair_not_in_capability_table,45509,0.53855057,604.9
8540,2024-08-05,2024,32,Mon,P20,True,22536,280103,0.607476636,107.0,1622400,90.0,146016.0,1364.6355,2246.4,0.6075,2024-08-05 00:00,2024-08-09 11:00,midnight,3.0,280318,True,True,True,1,1,1,True,1,hrs_overlaps_next_mo,,45509,0.607476636,1364.64
8555,2024-08-11,2024,32,Sun,P09,False,22584,280103,0.83707265,12.0,125360,90.0,11282.4,940.2,1123.2,0.8371,2024-08-11 00:00,2024-08-11 12:00,midnight,0.0,280103,True,True,True,1,1,1,True,1,dup_date_line_sku,,45515,0.83707265,940.2
8556,2024-08-11,2024,32,Sun,P09,False,22585,280103,0.791933761,12.0,118600,90.0,10674.0,889.5,1123.2,0.7919,2024-08-11 12:00,2024-08-12 00:00,chained_from_prev_mo,0.0,280103,True,True,True,2,2,1,True,2,mo_multi_sku_keying_error|dup_date_line_sku,,45515,0.791933761,889.5
8557,2024-08-11,2024,32,Sun,P09,False,22585,280451,0.789930556,24.0,236600,90.0,21294.0,887.25,1123.2,0.7899,2024-08-11 00:00,2024-08-12 00:00,midnight,2.0,280103,True,True,True,2,2,1,True,1,mo_multi_sku_keying_error,,45515,0.789930556,887.25
8585,2024-08-18,2024,33,Sun,P13,False,22641,280256,0.635416667,12.0,95160,90.0,8564.4,713.7,1123.2,0.6354,2024-08-18 00:00,2024-08-18 12:00,midnight,0.0,280351,True,True,True,2,2,1,True,1,mo_multi_sku_keying_error,,45522,0.635416667,713.7
8586,2024-08-18,2024,33,Sun,P13,False,22641,280351,0.764663462,24.0,229032,90.0,20612.88,858.87,1123.2,0.7647,2024-08-18 12:00,2024-08-19 12:00,chained_from_prev_mo,1.0,280256,True,True,True,2,2,1,True,1,mo_multi_sku_keying_error,,45522,0.764663462,858.87
8587,2024-08-18,2024,33,Sun,P14,False,22643,120431,0.573624466,48.0,343624,90.0,30926.16,644.295,1123.2,0.5736,2024-08-18 00:00,2024-08-20 00:00,midnight,0.0,120536,False,False,False,1,1,1,True,1,hrs_overlaps_next_mo,sku_not_in_master|pair_not_in_capability_table,45522,0.573624466,644.3
8593,2024-08-18,2024,33,Sun,P20,True,22663,280344,0.542237071,59.0,798520,90.0,71866.8,1218.0814,2246.4,0.5422,2024-08-18 00:00,2024-08-20 11:00,midnight,0.0,280106,True,True,True,1,1,1,True,1,hrs_overlaps_next_mo,,45522,0.542237071,1218.08
8620,2024-08-25,2024,34,Sun,P18,True,22715,280222,0.591145833,120.0,1770600,90.0,159354.0,1327.95,2246.4,0.5911,2024-08-25 00:00,2024-08-30 00:00,midnight,1.0,280222,True,True,True,1,1,1,True,1,hrs_overlaps_next_mo,,45529,0.591145833,1327.95
8647,2024-09-01,2024,35,Sun,P16,False,22772,280351,0.806993007,110.0,1107840,90.0,99705.6,906.4145,1123.2,0.807,2024-09-01 00:00,2024-09-05 14:00,midnight,3.0,280351,True,True,True,1,1,1,True,1,hrs_overlaps_next_mo,,45536,0.806993007,906.41
8651,2024-09-02,2024,36,Mon,P09,False,22792,280103,0.777844551,24.0,232980,90.0,20968.2,873.675,1123.2,0.7778,2024-09-02 12:00,2024-09-03 12:00,chained_from_prev_mo,0.0,280104,True,True,True,2,2,1,True,1,mo_multi_sku_keying_error,,45537,0.777844551,873.68
8652,2024-09-02,2024,36,Mon,P09,False,22792,280104,0.769097222,12.0,115180,90.0,10366.2,863.85,1123.2,0.7691,2024-09-02 00:00,2024-09-02 12:00,midnight,3.0,280103,True,True,True,2,2,1,True,1,mo_multi_sku_keying_error,,45537,0.769097222,863.85
8656,2024-09-03,2024,36,Tue,P17,True,22782,280323,0.074871795,1.25,2336,90.0,210.24,168.192,2246.4,0.0749,2024-09-03 00:00,2024-09-03 01:15,midnight,4.0,280324,True,True,True,2,2,2,True,2,oee_low|mo_multi_sku_keying_error,mo_split_across_lines,45538,0.074871795,168.19
8659,2024-09-03,2024,36,Tue,P20,True,22782,120448,0.666387363,35.0,582156,90.0,52394.04,1496.9726,2246.4,0.6664,2024-09-03 00:00,2024-09-04 11:00,midnight,2.0,120436,True,True,True,2,2,2,True,1,mo_multi_sku_keying_error,mo_split_across_lines,45538,0.666387363,1496.97
8677,2024-09-07,2024,36,Sat,P17,True,22872,280323,0.17991453,24.0,107776,90.0,9699.84,404.16,2246.4,0.1799,2024-09-07 00:00,2024-09-08 00:00,midnight,1.0,280323,True,True,True,1,1,1,True,1,oee_low,,45542,0.17991453,404.16
8702,2024-09-12,2024,37,Thu,P14,False,2282,120431,0.632638889,12.0,94744,90.0,8526.96,710.58,1123.2,0.6326,2024-09-12 12:00,2024-09-13 00:00,chained_from_prev_mo,1.0,120431,False,False,False,1,1,1,True,1,mo_out_of_sequence,sku_not_in_master|pair_not_in_capability_table,45547,0.632638889,710.58
8703,2024-09-13,2024,37,Fri,P12,False,228822,280376,0.488416076,12.0,66112,110.0,7272.32,606.0267,1240.8,0.4884,2024-09-13 12:00,2024-09-14 00:00,chained_from_prev_mo,1.0,280376,True,True,True,1,1,1,True,1,mo_out_of_sequence,,45548,0.488416076,606.03
8707,2024-09-14,2024,37,Sat,P11,False,22884,280130,0.63513715,25.8,204504,90.0,18405.36,713.386,1123.2,0.6351,2024-09-14 00:00,2024-09-15 01:48,midnight,0.0,280264,True,True,True,1,1,1,True,2,hrs_overlaps_next_mo|dup_date_line_sku,,45549,0.63513715,713.39
8708,2024-09-14,2024,37,Sat,P11,False,22943,280130,0.613701923,12.0,91908,90.0,8271.72,689.31,1123.2,0.6137,2024-09-14 00:00,2024-09-14 12:00,midnight,6.0,280130,True,True,True,1,1,1,True,1,dup_date_line_sku,,45549,0.613701923,689.31
8712,2024-09-14,2024,37,Sat,P14,False,22831,280164,0.124265491,24.0,37220,90.0,3349.8,139.575,1123.2,0.1243,2024-09-14 00:00,2024-09-15 00:00,midnight,1.0,280383,True,True,True,1,1,1,True,1,oee_low,,45549,0.124265491,139.58
8713,2024-09-14,2024,37,Sat,P16,False,22899,280351,0.724587069,163.0,1473984,90.0,132658.56,813.8562,1123.2,0.7246,2024-09-14 07:00,2024-09-21 02:00,chained_from_prev_mo,1.0,280256,True,True,True,1,1,1,True,1,hrs_overlaps_next_mo,,45549,0.724587069,813.86
8716,2024-09-15,2024,37,Sun,P15,False,22897,120436,0.649038462,55.0,445500,90.0,40095.0,729.0,1123.2,0.649,2024-09-15 00:00,2024-09-17 07:00,midnight,0.0,280351,True,True,True,1,1,1,True,1,hrs_overlaps_next_mo,,45550,0.649038462,729.0
8718,2024-09-15,2024,37,Sun,P16,False,22900,280352,0.000160256,12.0,24,90.0,2.16,0.18,1123.2,0.0002,2024-09-15 00:00,2024-09-15 12:00,midnight,7.0,280351,False,False,False,2,2,2,True,2,oee_low|mo_multi_sku_keying_error,mo_split_across_lines|sku_not_in_master|pair_not_in_capability_table,45550,0.000160256,0.18
8719,2024-09-15,2024,37,Sun,P17,True,22900,280480,0.218843483,24.0,131096,90.0,11798.64,491.61,2246.4,0.2188,2024-09-15 00:00,2024-09-16 00:00,midnight,1.0,280480,True,True,True,2,2,2,True,1,mo_multi_sku_keying_error,mo_split_across_lines,45550,0.218843483,491.61
8734,2024-09-18,2024,38,Wed,P15,False,22896,280169,0.446520147,84.0,468096,90.0,42128.64,501.5314,1123.2,0.4465,2024-09-18 00:00,2024-09-21 12:00,midnight,0.0,280351,True,True,True,1,1,1,True,1,hrs_overlaps_next_mo,,45553,0.446520147,501.53
8752,2024-09-22,2024,38,Sun,P17,True,22972,280169,0.427893861,52.0,555372,90.0,49983.48,961.2208,2246.4,0.4279,2024-09-22 00:00,2024-09-24 04:00,midnight,0.0,120448,True,True,True,1,1,1,True,1,hrs_overlaps_next_mo,,45557,0.427893861,961.22
8772,2024-09-25,2024,39,Wed,P18,True,22976,280222,0.657265261,88.0,1443670,90.0,129930.3,1476.4807,2246.4,0.6573,2024-09-25 00:00,2024-09-28 16:00,midnight,1.0,280323,True,True,True,1,1,1,True,1,hrs_overlaps_next_mo,,45560,0.657265261,1476.48
8773,2024-09-26,2024,39,Thu,P17,True,23017,120464,0.350638522,64.0,560124,90.0,50411.16,787.6744,2246.4,0.3506,2024-09-26 00:00,2024-09-28 16:00,midnight,3.0,280318,False,False,False,2,2,2,True,1,mo_multi_sku_keying_error,mo_split_across_lines|sku_not_in_master|pair_not_in_capability_table,45561,0.350638522,787.67
8774,2024-09-26,2024,39,Thu,P18,True,23017,280212,0.737439904,24.0,441756,90.0,39758.04,1656.585,2246.4,0.7374,2024-09-26 00:00,2024-09-27 00:00,midnight,3.0,280222,True,True,True,2,2,2,True,1,mo_multi_sku_keying_error,mo_split_across_lines,45561,0.737439904,1656.59
8782,2024-09-29,2024,39,Sun,P09,False,23081,280104,0.620058761,12.0,92860,90.0,8357.4,696.45,1123.2,0.6201,2024-09-29 00:00,2024-09-29 12:00,midnight,0.0,280453,True,True,True,2,2,1,True,1,mo_multi_sku_keying_error,,45564,0.620058761,696.45
8783,2024-09-29,2024,39,Sun,P09,False,23081,280451,0.688034188,22.5,193200,90.0,17388.0,772.8,1123.2,0.688,2024-09-29 12:00,2024-09-30 10:30,chained_from_prev_mo,16.0,280104,True,True,True,2,2,1,True,1,mo_multi_sku_keying_error,,45564,0.688034188,772.8
8796,2024-10-01,2024,40,Tue,P13,False,23025,120437,0.732478632,36.0,329088,90.0,29617.92,822.72,1123.2,0.7325,2024-10-01 00:00,2024-10-02 12:00,midnight,0.0,241283,True,True,True,1,1,1,True,1,hrs_overlaps_next_mo,,45566,0.732478632,822.72
8800,2024-10-01,2024,40,Tue,P16,False,23097,280351,0.84626587,103.0,1087824,90.0,97904.16,950.5258,1123.2,0.8463,2024-10-01 00:00,2024-10-05 07:00,midnight,2.0,280351,True,True,True,1,1,1,True,1,hrs_overlaps_next_mo,,45566,0.84626587,950.53
8805,2024-10-02,2024,40,Wed,P11,False,23020,280169,0.718120421,84.0,752820,90.0,67753.8,806.5929,1123.2,0.7181,2024-10-02 00:00,2024-10-05 12:00,midnight,0.0,280517,True,True,True,1,1,1,True,1,hrs_overlaps_next_mo,,45567,0.718120421,806.59
8812,2024-10-03,2024,40,Thu,P16,False,28097,280351,0.833173077,12.0,124776,90.0,11229.84,935.82,1123.2,0.8332,2024-10-03 00:00,2024-10-03 12:00,midnight,3.0,280351,True,True,True,1,1,1,True,1,mo_out_of_sequence,,45568,0.833173077,935.82
8818,2024-10-05,2024,40,Sat,P14,False,23030,280107,0.645806624,12.0,96716,90.0,8704.44,725.37,1123.2,0.6458,2024-10-05 00:00,2024-10-05 12:00,midnight,0.0,120450,True,True,True,1,1,1,True,1,dup_date_line_sku,,45570,0.645806624,725.37
8819,2024-10-05,2024,40,Sat,P14,False,23154,280107,0.624639423,24.0,187092,90.0,16838.28,701.595,1123.2,0.6246,2024-10-05 12:00,2024-10-06 12:00,chained_from_prev_mo,1.0,280107,True,True,True,1,1,1,True,1,dup_date_line_sku,,45570,0.624639423,701.6
8825,2024-10-06,2024,40,Sun,P15,False,23117,120436,0.599439103,12.0,89772,90.0,8079.48,673.29,1123.2,0.5994,2024-10-06 00:00,2024-10-06 12:00,midnight,0.0,120436,True,True,True,1,1,1,True,1,dup_date_line_sku,,45571,0.599439103,673.29
8826,2024-10-06,2024,40,Sun,P15,False,23118,120436,0.620833333,12.0,92976,90.0,8367.84,697.32,1123.2,0.6208,2024-10-06 12:00,2024-10-07 00:00,chained_from_prev_mo,0.0,120436,True,True,True,2,2,1,True,2,mo_multi_sku_keying_error|dup_date_line_sku,,45571,0.620833333,697.32
8827,2024-10-06,2024,40,Sun,P15,False,23118,120463,0.650507268,127.0,1031028,90.0,92792.52,730.6498,1123.2,0.6505,2024-10-06 00:00,2024-10-11 07:00,midnight,6.0,120436,True,True,True,2,2,1,True,1,mo_multi_sku_keying_error,,45571,0.650507268,730.65
8842,2024-10-11,2024,41,Fri,P18,True,23126,280166,0.539779202,36.0,485024,90.0,43652.16,1212.56,2246.4,0.5398,2024-10-11 00:00,2024-10-12 12:00,midnight,0.0,280323,False,False,False,2,2,1,True,2,hrs_overlaps_next_mo|mo_multi_sku_keying_error,sku_not_in_master|pair_not_in_capability_table,45576,0.539779202,1212.56
8843,2024-10-11,2024,41,Fri,P18,True,23126,280323,0.484308226,12.0,145060,90.0,13055.4,1087.95,2246.4,0.4843,2024-10-11 00:00,2024-10-11 12:00,midnight,2.0,280166,True,True,True,2,2,1,True,1,mo_multi_sku_keying_error,,45576,0.484308226,1087.95
8844,2024-10-12,2024,41,Sat,P11,False,23161,280365,0.636798878,48.0,381468,90.0,34332.12,715.2525,1123.2,0.6368,2024-10-12 00:00,2024-10-14 00:00,midnight,0.0,280213,True,True,True,1,1,1,True,2,hrs_overlaps_next_mo|dup_date_line_sku,,45577,0.636798878,715.25
8845,2024-10-12,2024,41,Sat,P11,False,23215,280365,0.088942308,12.0,13320,90.0,1198.8,99.9,1123.2,0.0889,2024-10-12 00:00,2024-10-12 12:00,midnight,2.0,280365,True,True,True,1,1,1,True,2,oee_low|dup_date_line_sku,,45577,0.088942308,99.9
8848,2024-10-12,2024,41,Sat,P16,False,23176,280351,0.799219457,170.0,1695624,90.0,152606.16,897.6833,1123.2,0.7992,2024-10-12 07:00,2024-10-19 09:00,chained_from_prev_mo,8.0,280351,True,True,True,1,1,1,True,1,hrs_long,,45577,0.799219457,897.68
8854,2024-10-13,2024,41,Sun,P17,True,23179,280324,0.60789627,88.0,1335232,90.0,120170.88,1365.5782,2246.4,0.6079,2024-10-13 00:00,2024-10-16 16:00,midnight,0.0,280421,True,True,True,2,2,1,True,2,hrs_overlaps_next_mo|mo_multi_sku_keying_error,,45578,0.60789627,1365.58
8855,2024-10-13,2024,41,Sun,P17,True,23179,280421,0.371901709,12.0,111392,90.0,10025.28,835.44,2246.4,0.3719,2024-10-13 00:00,2024-10-13 12:00,midnight,4.0,280324,True,True,True,2,2,1,True,1,mo_multi_sku_keying_error,,45578,0.371901709,835.44
8883,2024-10-20,2024,42,Sun,P13,False,23231,280351,0.739903846,12.0,110808,90.0,9972.72,831.06,1123.2,0.7399,2024-10-20 00:00,2024-10-20 12:00,midnight,0.0,280351,True,True,True,1,1,1,True,1,dup_date_line_sku,,45585,0.739903846,831.06
8884,2024-10-20,2024,42,Sun,P13,False,23278,280351,0.684020476,139.0,1186584,90.0,106792.56,768.2918,1123.2,0.684,2024-10-20 12:00,2024-10-26 07:00,chained_from_prev_mo,5.0,280351,True,True,True,1,1,1,True,1,dup_date_line_sku,,45585,0.684020476,768.29
8893,2024-10-21,2024,43,Mon,P17,True,23240,280323,0.643269231,12.0,192672,90.0,17340.48,1445.04,2246.4,0.6433,2024-10-21 00:00,2024-10-21 12:00,midnight,0.0,280103,True,True,True,2,2,1,True,1,mo_multi_sku_keying_error,,45586,0.643269231,1445.04
8894,2024-10-21,2024,43,Mon,P17,True,23240,280324,0.654476496,60.0,980144,90.0,88212.96,1470.216,2246.4,0.6545,2024-10-21 12:00,2024-10-24 00:00,chained_from_prev_mo,3.0,280323,True,True,True,2,2,1,True,1,mo_multi_sku_keying_error,,45586,0.654476496,1470.22
8924,2024-10-29,2024,44,Tue,P14,False,23293,120532,1.095054945,7.0,95664,90.0,8609.76,1229.9657,1123.2,1.0951,2024-10-29 12:00,2024-10-29 19:00,chained_from_prev_mo,1.0,280090,True,True,True,1,1,1,False,1,oee_gt_1,,45594,1.095054945,1229.97
8948,2024-11-03,2024,44,Sun,P13,False,23341,280264,0.668512908,146.0,1218084,90.0,109627.56,750.8737,1123.2,0.6685,2024-11-03 01:00,2024-11-09 03:00,chained_from_prev_mo,0.0,280264,True,True,True,2,2,1,True,2,hrs_overlaps_next_mo|mo_multi_sku_keying_error,,45599,0.668512908,750.87
8949,2024-11-03,2024,44,Sun,P13,False,23341,280351,0.686217949,12.0,102768,90.0,9249.12,770.76,1123.2,0.6862,2024-11-03 00:00,2024-11-03 12:00,midnight,7.0,280264,True,True,True,2,2,1,True,1,mo_multi_sku_keying_error,,45599,0.686217949,770.76
8953,2024-11-03,2024,44,Sun,P16,False,23350,280351,0.636599318,158.0,1255272,90.0,112974.48,715.0284,1123.2,0.6366,2024-11-03 01:00,2024-11-09 15:00,chained_from_prev_mo,7.0,280351,True,True,True,2,2,2,True,1,mo_multi_sku_keying_error,mo_split_across_lines,45599,0.636599318,715.03
8956,2024-11-03,2024,44,Sun,P18,True,23354,280103,0.643993868,69.0,1109112,90.0,99820.08,1446.6678,2246.4,0.644,2024-11-03 00:00,2024-11-05 21:00,midnight,1.0,280103,True,True,True,1,1,1,True,1,hrs_overlaps_next_mo,,45599,0.643993868,1446.67
8957,2024-11-03,2024,44,Sun,P20,True,23350,280323,0.730395299,24.0,437536,90.0,39378.24,1640.76,2246.4,0.7304,2024-11-03 01:00,2024-11-04 01:00,chained_from_prev_mo,0.0,120464,True,True,True,2,2,2,True,1,mo_multi_sku_keying_error,mo_split_across_lines,45599,0.730395299,1640.76
8962,2024-11-04,2024,45,Mon,P12,False,23340,280256,0.676220736,115.0,970512,90.0,87346.08,759.5311,1123.2,0.6762,2024-11-04 13:00,2024-11-09 08:00,chained_from_prev_mo,3.0,120436,True,True,False,1,1,1,True,1,hrs_overlaps_next_mo,pair_not_flagged_capable,45600,0.676220736,759.53
8972,2024-11-07,2024,45,Thu,P12,False,23346,280256,0.598237179,12.0,89592,90.0,8063.28,671.94,1123.2,0.5982,2024-11-07 00:00,2024-11-07 12:00,midnight,3.0,280256,True,True,False,2,2,2,True,1,mo_multi_sku_keying_error,mo_split_across_lines|pair_not_flagged_capable,45603,0.598237179,671.94
8973,2024-11-07,2024,45,Thu,P14,False,23346,120534,0.619244124,24.0,185476,90.0,16692.84,695.535,1123.2,0.6192,2024-11-07 12:00,2024-11-08 12:00,chained_from_prev_mo,1.0,280384,False,False,False,2,2,2,True,1,mo_multi_sku_keying_error,mo_split_across_lines|sku_not_in_master|pair_not_in_capability_table,45603,0.619244124,695.54
8975,2024-11-09,2024,45,Sat,P11,False,2336,280212,0.414102564,12.0,62016,90.0,5581.44,465.12,1123.2,0.4141,2024-11-09 07:00,2024-11-09 19:00,chained_from_prev_mo,1.0,280212,True,True,True,1,1,1,True,1,mo_out_of_sequence,,45605,0.414102564,465.12
8977,2024-11-10,2024,45,Sun,P11,False,23427,280169,0.668333333,60.0,500448,90.0,45040.32,750.672,1123.2,0.6683,2024-11-10 00:00,2024-11-12 12:00,midnight,1.0,280212,True,True,True,1,1,1,True,1,hrs_overlaps_next_mo,,45606,0.668333333,750.67
8979,2024-11-10,2024,45,Sun,P13,False,23486,280013,0.278044872,12.0,41640,90.0,3747.6,312.3,1123.2,0.278,2024-11-10 00:00,2024-11-10 12:00,midnight,0.0,280351,False,False,False,2,2,1,True,1,mo_multi_sku_keying_error,sku_not_in_master|pair_not_in_capability_table,45606,0.278044872,312.3
8980,2024-11-10,2024,45,Sun,P13,False,23486,280351,0.570419443,127.0,904092,90.0,81368.28,640.6951,1123.2,0.5704,2024-11-10 12:00,2024-11-15 19:00,chained_from_prev_mo,1.0,280013,True,True,True,2,2,1,True,2,hrs_overlaps_next_mo|mo_multi_sku_keying_error,,45606,0.570419443,640.7
8988,2024-11-10,2024,45,Sun,P21,True,23454,280480,0.363558925,130.0,1179676,90.0,106170.84,816.6988,2246.4,0.3636,2024-11-10 00:00,2024-11-15 10:00,midnight,4.0,280480,True,True,True,1,1,1,True,1,hrs_overlaps_next_mo,,45606,0.363558925,816.7
8990,2024-11-11,2024,46,Mon,P11,False,23440,280212,0.637019231,12.0,95400,90.0,8586.0,715.5,1123.2,0.637,2024-11-11 00:00,2024-11-11 12:00,midnight,1.0,280169,True,True,True,2,2,2,True,1,mo_multi_sku_keying_error,mo_split_across_lines,45607,0.637019231,715.5
8994,2024-11-11,2024,46,Mon,P15,False,23440,120463,0.790881234,91.0,898188,90.0,80836.92,888.3178,1123.2,0.7909,2024-11-11 07:00,2024-11-15 02:00,chained_from_prev_mo,4.0,280351,True,True,True,2,2,2,True,1,mo_multi_sku_keying_error,mo_split_across_lines,45607,0.790881234,888.32
8999,2024-11-12,2024,46,Tue,P20,True,23453,280453,0.596821581,24.0,357520,90.0,32176.8,1340.7,2246.4,0.5968,2024-11-12 12:00,2024-11-13 12:00,chained_from_prev_mo,0.0,280421,True,True,True,2,2,1,True,1,mo_multi_sku_keying_error,,45608,0.596821581,1340.7
9000,2024-11-12,2024,46,Tue,P20,True,23453,280454,0.661925748,12.0,198260,90.0,17843.4,1486.95,2246.4,0.6619,2024-11-12 00:00,2024-11-12 12:00,midnight,2.0,280453,True,True,True,2,2,1,True,1,mo_multi_sku_keying_error,,45608,0.661925748,1486.95
9018,2024-11-17,2024,46,Sun,P12,False,23497,120437,0.807164882,79.0,795800,90.0,71622.0,906.6076,1123.2,0.8072,2024-11-17 00:00,2024-11-20 07:00,midnight,0.0,120437,True,True,True,2,2,1,True,2,hrs_overlaps_next_mo|mo_multi_sku_keying_error,,45613,0.807164882,906.61
9019,2024-11-17,2024,46,Sun,P12,False,23497,120444,0.488461538,12.0,73152,90.0,6583.68,548.64,1123.2,0.4885,2024-11-17 00:00,2024-11-17 12:00,midnight,4.0,120437,True,True,True,2,2,1,True,1,mo_multi_sku_keying_error,,45613,0.488461538,548.64
9020,2024-11-17,2024,46,Sun,P13,False,23501,280013,0.756730769,12.0,113328,90.0,10199.52,849.96,1123.2,0.7567,2024-11-17 00:00,2024-11-17 12:00,midnight,0.0,280351,False,False,False,2,2,1,True,1,mo_multi_sku_keying_error,sku_not_in_master|pair_not_in_capability_table,45613,0.756730769,849.96
9021,2024-11-17,2024,46,Sun,P13,False,23501,280351,0.694211012,146.0,1264908,90.0,113841.72,779.7378,1123.2,0.6942,2024-11-17 12:00,2024-11-23 14:00,chained_from_prev_mo,7.0,280013,True,True,True,2,2,1,True,1,mo_multi_sku_keying_error,,45613,0.694211012,779.74
9024,2024-11-17,2024,46,Sun,P16,False,23059,280323,0.733760684,12.0,109888,90.0,9889.92,824.16,1123.2,0.7338,2024-11-17 00:00,2024-11-17 12:00,midnight,0.0,280323,True,True,True,1,1,1,True,1,dup_date_line_sku,,45613,0.733760684,824.16
9025,2024-11-17,2024,46,Sun,P16,False,23509,280323,0.89851552,19.0,213056,90.0,19175.04,1009.2126,1123.2,0.8985,2024-11-17 12:00,2024-11-18 07:00,chained_from_prev_mo,1.0,280323,True,True,True,1,1,1,True,1,dup_date_line_sku,,45613,0.89851552,1009.21
9036,2024-11-20,2024,47,Wed,P11,False,23495,241287,0.800400641,12.0,119868,90.0,10788.12,899.01,1123.2,0.8004,2024-11-20 00:00,2024-11-20 12:00,midnight,0.0,280169,False,False,False,1,1,1,True,1,dup_date_line_sku,sku_not_in_master|pair_not_in_capability_table,45616,0.800400641,899.01
9037,2024-11-20,2024,47,Wed,P11,False,241287,241287,0.847195513,12.0,126876,90.0,11418.84,951.57,1123.2,0.8472,2024-11-20 12:00,2024-11-21 00:00,chained_from_prev_mo,1.0,241287,False,False,False,1,1,1,True,2,mo_out_of_sequence|dup_date_line_sku,sku_not_in_master|pair_not_in_capability_table,45616,0.847195513,951.57
9050,2024-11-24,2024,47,Sun,P09,False,23651,280324,0.745801911,51.0,474688,90.0,42721.92,837.6847,1123.2,0.7458,2024-11-24 00:00,2024-11-26 03:00,midnight,7.0,280324,True,True,True,2,2,2,True,1,mo_multi_sku_keying_error,mo_split_across_lines,45620,0.745801911,837.68
9052,2024-11-24,2024,47,Sun,P12,False,23555,280256,0.766730769,50.0,478440,90.0,43059.6,861.192,1123.2,0.7667,2024-11-24 00:00,2024-11-26 02:00,midnight,0.0,280256,True,True,False,1,1,1,True,1,hrs_overlaps_next_mo,pair_not_flagged_capable,45620,0.766730769,861.19
9053,2024-11-24,2024,47,Sun,P12,False,23651,280376,0.405437352,12.0,54880,110.0,6036.8,503.0667,1240.8,0.4054,2024-11-24 00:00,2024-11-24 12:00,midnight,7.0,280256,True,True,True,2,2,2,True,1,mo_multi_sku_keying_error,mo_split_across_lines,45620,0.405437352,503.07
9075,2024-12-02,2024,49,Mon,P19,True,23657,280405,0.194871795,6.0,29184,90.0,2626.56,437.76,2246.4,0.1949,2024-12-02 00:00,2024-12-02 06:00,midnight,2.0,280222,True,True,True,1,1,1,True,1,oee_low,,45628,0.194871795,437.76
9101,2024-12-08,2024,49,Sun,P14,False,23677,120450,0.565411325,60.0,423380,90.0,38104.2,635.07,1123.2,0.5654,2024-12-08 00:00,2024-12-10 12:00,midnight,0.0,280164,True,True,True,1,1,1,True,1,hrs_overlaps_next_mo,,45634,0.565411325,635.07
9129,2024-12-15,2024,50,Sun,P09,False,23755,280421,0.804086538,24.0,240840,90.0,21675.6,903.15,1123.2,0.8041,2024-12-15 00:00,2024-12-16 00:00,midnight,1.0,280421,True,True,True,2,2,2,True,1,mo_multi_sku_keying_error,mo_split_across_lines,45641,0.804086538,903.15
9132,2024-12-15,2024,50,Sun,P14,False,23765,120431,0.600133547,12.0,89876,90.0,8088.84,674.07,1123.2,0.6001,2024-12-15 00:00,2024-12-15 12:00,midnight,0.0,120448,False,False,False,2,2,1,True,1,mo_multi_sku_keying_error,sku_not_in_master|pair_not_in_capability_table,45641,0.600133547,674.07
9133,2024-12-15,2024,50,Sun,P14,False,23765,280107,0.672355769,12.0,100692,90.0,9062.28,755.19,1123.2,0.6724,2024-12-15 12:00,2024-12-16 00:00,chained_from_prev_mo,0.0,120431,True,True,True,2,2,1,True,2,mo_multi_sku_keying_error|dup_date_line_sku,,45641,0.672355769,755.19
9134,2024-12-15,2024,50,Sun,P14,False,23865,280107,0.813782051,12.0,121872,90.0,10968.48,914.04,1123.2,0.8138,2024-12-15 00:00,2024-12-15 12:00,midnight,1.0,280107,True,True,True,2,2,2,True,2,mo_multi_sku_keying_error|dup_date_line_sku,mo_split_across_lines,45641,0.813782051,914.04
9138,2024-12-15,2024,50,Sun,P18,True,23755,280344,0.71111278,64.0,1135960,90.0,102236.4,1597.4438,2246.4,0.7111,2024-12-15 00:00,2024-12-17 16:00,midnight,0.0,280103,True,True,True,2,2,2,True,2,hrs_overlaps_next_mo|mo_multi_sku_keying_error,mo_split_across_lines,45641,0.71111278,1597.44
9141,2024-12-15,2024,50,Sun,P20,True,23777,120464,0.560616987,12.0,167916,90.0,15112.44,1259.37,2246.4,0.5606,2024-12-15 00:00,2024-12-15 12:00,midnight,0.0,120464,False,False,False,1,1,1,True,1,dup_date_line_sku,sku_not_in_master|pair_not_in_capability_table,45641,0.560616987,1259.37
9142,2024-12-15,2024,50,Sun,P20,True,23778,280169,0.777339127,52.0,1008924,90.0,90803.16,1746.2146,2246.4,0.7773,2024-12-15 12:00,2024-12-17 16:00,chained_from_prev_mo,0.0,120464,True,True,True,1,1,1,True,1,hrs_overlaps_next_mo,,45641,0.777339127,1746.21
9143,2024-12-15,2024,50,Sun,P20,True,23865,120464,0.172686298,96.0,413784,90.0,37240.56,387.9225,2246.4,0.1727,2024-12-15 00:00,2024-12-19 00:00,midnight,3.0,280169,False,False,False,2,2,2,True,3,oee_low|mo_multi_sku_keying_error|dup_date_line_sku,mo_split_across_lines|sku_not_in_master|pair_not_in_capability_table,45641,0.172686298,387.92
9144,2024-12-16,2024,51,Mon,P09,False,23756,280452,0.719599845,33.0,296360,90.0,26672.4,808.2545,1123.2,0.7196,2024-12-16 00:00,2024-12-17 09:00,midnight,0.0,280421,True,True,True,1,1,1,True,1,hrs_overlaps_next_mo,,45642,0.719599845,808.25
9173,2025-01-02,2025,1,Thu,P12,False,23616,280256,0.097435897,3.0,3648,90.0,328.32,109.44,1123.2,0.0974,2025-01-02 00:00,2025-01-02 03:00,midnight,0.0,120437,True,True,False,1,1,1,True,2,oee_low|dup_date_line_sku,pair_not_flagged_capable,45659,0.097435897,109.44
9174,2025-01-02,2025,1,Thu,P12,False,23816,280256,0.514369658,36.0,231096,90.0,20798.64,577.74,1123.2,0.5144,2025-01-02 03:00,2025-01-03 15:00,chained_from_prev_mo,2.0,280256,True,True,False,2,2,2,True,2,mo_multi_sku_keying_error|dup_date_line_sku,mo_split_across_lines|pair_not_flagged_capable,45659,0.514369658,577.74
9175,2025-01-02,2025,1,Thu,P13,False,23819,280264,0.020843195,65.0,16908,90.0,1521.72,23.4111,1123.2,0.0208,2025-01-02 00:00,2025-01-04 17:00,midnight,3.0,280264,True,True,True,1,1,1,True,1,oee_low,,45659,0.020843195,23.41
9179,2025-01-02,2025,1,Thu,P18,True,23816,280104,0.791466346,12.0,237060,90.0,21335.4,1777.95,2246.4,0.7915,2025-01-02 00:00,2025-01-02 12:00,midnight,0.0,280344,True,True,True,2,2,2,True,1,mo_multi_sku_keying_error,mo_split_across_lines,45659,0.791466346,1777.95
9190,2025-01-04,2025,1,Sat,P20,True,23828,120464,0.019350962,24.0,11592,90.0,1043.28,43.47,2246.4,0.0194,2025-01-04 00:00,2025-01-05 00:00,midnight,5.0,280103,False,False,False,1,1,1,True,1,oee_low,sku_not_in_master|pair_not_in_capability_table,45661,0.019350962,43.47
9213,2025-01-12,2025,2,Sun,P09,False,23894,280391,0.675309066,28.0,235980,90.0,21238.2,758.5071,1123.2,0.6753,2025-01-12 00:00,2025-01-13 04:00,midnight,0.0,280166,False,False,False,1,1,1,True,1,hrs_overlaps_next_mo,sku_not_in_master|pair_not_in_capability_table,45669,0.675309066,758.51
9216,2025-01-12,2025,2,Sun,P12,False,23904,280256,0.698779586,104.0,906960,90.0,81626.4,784.8692,1123.2,0.6988,2025-01-12 00:00,2025-01-16 08:00,midnight,0.0,280256,True,True,False,1,1,1,True,1,hrs_overlaps_next_mo,pair_not_flagged_capable,45669,0.698779586,784.87
9232,2025-01-16,2025,3,Thu,P09,False,23897,280421,0.803619124,24.0,240700,90.0,21663.0,902.625,1123.2,0.8036,2025-01-16 12:00,2025-01-17 12:00,chained_from_prev_mo,0.0,280451,True,True,True,2,2,1,True,1,mo_multi_sku_keying_error,,45673,0.803619124,902.63
9233,2025-01-16,2025,3,Thu,P09,False,23897,280451,0.689102564,12.0,103200,90.0,9288.0,774.0,1123.2,0.6891,2025-01-16 00:00,2025-01-16 12:00,midnight,2.0,280421,True,True,True,2,2,1,True,1,mo_multi_sku_keying_error,,45673,0.689102564,774.0
9237,2025-01-17,2025,3,Fri,P17,True,23996,280105,0.4453125,16.0,177840,90.0,16005.6,1000.35,2246.4,0.4453,2025-01-17 00:00,2025-01-17 16:00,midnight,0.0,280105,False,False,False,2,2,1,True,1,mo_multi_sku_keying_error,sku_not_in_master|pair_not_in_capability_table,45674,0.4453125,1000.35
9238,2025-01-17,2025,3,Fri,P17,True,23996,280166,0.422642895,24.0,253180,90.0,22786.2,949.425,2246.4,0.4226,2025-01-17 16:00,2025-01-18 16:00,chained_from_prev_mo,2.0,280105,False,False,False,2,2,1,True,1,mo_multi_sku_keying_error,sku_not_in_master|pair_not_in_capability_table,45674,0.422642895,949.43
9251,2025-01-19,2025,3,Sun,P19,True,23971,280480,0.703795262,148.0,2599876,90.0,233988.84,1581.0057,2246.4,0.7038,2025-01-19 00:00,2025-01-25 04:00,midnight,0.0,280324,True,True,True,1,1,1,True,1,hrs_overlaps_next_mo,,45676,0.703795262,1581.01
9254,2025-01-20,2025,4,Mon,P09,False,23952,120464,0.72596911,127.0,1150632,90.0,103556.88,815.4085,1123.2,0.726,2025-01-20 00:00,2025-01-25 07:00,midnight,3.0,280453,False,False,False,1,1,1,True,1,hrs_overlaps_next_mo,sku_not_in_master|pair_not_in_capability_table,45677,0.72596911,815.41
9259,2025-01-23,2025,4,Thu,P09,False,235952,120464,0.839503205,12.0,125724,90.0,11315.16,942.93,1123.2,0.8395,2025-01-23 00:00,2025-01-23 12:00,midnight,3.0,120464,False,False,False,1,1,1,True,1,mo_out_of_sequence,sku_not_in_master|pair_not_in_capability_table,45680,0.839503205,942.93
9265,2025-01-25,2025,4,Sat,P15,False,23964,280348,0.004945055,7.0,432,90.0,38.88,5.5543,1123.2,0.0049,2025-01-25 00:00,2025-01-25 07:00,midnight,0.0,280351,True,True,True,1,1,1,True,2,oee_low|dup_date_line_sku,,45682,0.004945055,5.55
9266,2025-01-25,2025,4,Sat,P15,False,24010,280348,0.577820513,60.0,432672,90.0,38940.48,649.008,1123.2,0.5778,2025-01-25 07:00,2025-01-27 19:00,chained_from_prev_mo,3.0,280348,True,True,True,1,1,1,True,1,dup_date_line_sku,,45682,0.577820513,649.01
9272,2025-01-26,2025,4,Sun,P17,True,24017,280324,0.707840653,148.0,2614820,90.0,235333.8,1590.0932,2246.4,0.7078,2025-01-26 00:00,2025-02-01 04:00,midnight,0.0,280103,True,True,True,1,1,1,True,1,hrs_overlaps_next_mo,,45683,0.707840653,1590.09
9273,2025-01-26,2025,4,Sun,P17,True,24030,280421,1.008814103,4.0,100720,90.0,9064.8,2266.2,2246.4,1.0088,2025-01-26 00:00,2025-01-26 04:00,midnight,7.0,280324,True,True,True,1,1,1,False,1,oee_gt_1,,45683,1.008814103,2266.2
9293,2025-02-01,2025,5,Sat,P12,False,24056,280256,0.7797598,87.0,846632,90.0,76196.88,875.8262,1123.2,0.7798,2025-02-01 00:00,2025-02-04 15:00,midnight,0.0,120437,True,True,False,1,1,1,True,1,hrs_overlaps_next_mo,pair_not_flagged_capable,45689,0.7797598,875.83
9301,2025-02-02,2025,5,Sun,P13,False,24060,280365,0.510480769,45.0,286686,90.0,25801.74,573.372,1123.2,0.5105,2025-02-02 00:00,2025-02-03 21:00,midnight,0.0,280362,True,True,True,1,1,1,True,1,hrs_overlaps_next_mo,,45690,0.510480769,573.37
9319,2025-02-05,2025,6,Wed,P09,False,24051,280452,0.600841346,40.0,299940,90.0,26994.6,674.865,1123.2,0.6008,2025-02-05 00:00,2025-02-06 16:00,midnight,0.0,280493,True,True,True,1,1,1,True,1,hrs_overlaps_next_mo,,45693,0.600841346,674.87
9320,2025-02-05,2025,6,Wed,P09,False,28085,280660,0.771501068,12.0,115540,90.0,10398.6,866.55,1123.2,0.7715,2025-02-05 00:00,2025-02-05 12:00,midnight,2.0,280452,True,True,True,2,2,2,True,1,mo_multi_sku_keying_error,mo_split_across_lines,45693,0.771501068,866.55
9326,2025-02-05,2025,6,Wed,P20,True,28085,120448,0.794851763,24.0,476148,90.0,42853.32,1785.555,2246.4,0.7949,2025-02-05 00:00,2025-02-06 00:00,midnight,1.0,120448,True,True,True,2,2,2,True,1,mo_multi_sku_keying_error,mo_split_across_lines,45693,0.794851763,1785.56
9332,2025-02-07,2025,6,Fri,P14,False,24067,120431,0.181517094,48.0,108736,90.0,9786.24,203.88,1123.2,0.1815,2025-02-07 00:00,2025-02-09 00:00,midnight,2.0,120444,False,False,False,1,1,1,True,1,oee_low,sku_not_in_master|pair_not_in_capability_table,45695,0.181517094,203.88
9355,2025-02-12,2025,7,Wed,P12,False,24146,280376,0.77358156,36.0,314136,110.0,34554.96,959.86,1240.8,0.7736,2025-02-12 00:00,2025-02-13 12:00,midnight,0.0,280380,True,True,True,2,2,1,True,2,hrs_overlaps_next_mo|mo_multi_sku_keying_error,,45700,0.77358156,959.86
9356,2025-02-12,2025,7,Wed,P12,False,24146,280380,0.204314421,12.0,27656,110.0,3042.16,253.5133,1240.8,0.2043,2025-02-12 00:00,2025-02-12 12:00,midnight,2.0,280376,True,True,True,2,2,1,True,1,mo_multi_sku_keying_error,,45700,0.204314421,253.51
9360,2025-02-14,2025,7,Fri,P11,False,241143,120448,0.723477564,12.0,108348,90.0,9751.32,812.61,1123.2,0.7235,2025-02-14 00:00,2025-02-14 12:00,midnight,1.0,120448,True,True,True,1,1,1,True,1,mo_out_of_sequence,,45702,0.723477564,812.61
9368,2025-02-16,2025,7,Sun,P13,False,24218,280264,0.665224359,36.0,298872,90.0,26898.48,747.18,1123.2,0.6652,2025-02-16 00:00,2025-02-17 12:00,midnight,0.0,120436,True,True,True,1,1,1,True,1,hrs_overlaps_next_mo,,45704,0.665224359,747.18
9371,2025-02-16,2025,7,Sun,P15,False,24226,280351,0.744408284,130.0,1207728,90.0,108695.52,836.1194,1123.2,0.7444,2025-02-16 00:00,2025-02-21 10:00,midnight,0.0,280351,True,True,True,1,1,1,True,2,hrs_overlaps_next_mo|dup_date_line_sku,,45704,0.744408284,836.12
9372,2025-02-16,2025,7,Sun,P15,False,24227,280351,0.739583333,12.0,110760,90.0,9968.4,830.7,1123.2,0.7396,2025-02-16 00:00,2025-02-16 12:00,midnight,7.0,280351,True,True,True,2,1,2,True,1,dup_date_line_sku,mo_split_across_lines,45704,0.739583333,830.7
9377,2025-02-16,2025,7,Sun,P20,True,24235,120463,0.77333734,24.0,463260,90.0,41693.4,1737.225,2246.4,0.7733,2025-02-16 00:00,2025-02-17 00:00,midnight,0.0,280169,True,True,False,2,2,1,True,1,mo_multi_sku_keying_error,pair_not_flagged_capable,45704,0.77333734,1737.23
9378,2025-02-16,2025,7,Sun,P20,True,24235,120464,0.785576923,128.0,2509824,90.0,225884.16,1764.72,2246.4,0.7856,2025-02-16 00:00,2025-02-21 08:00,midnight,7.0,120463,False,False,False,2,2,1,True,1,mo_multi_sku_keying_error,sku_not_in_master|pair_not_in_capability_table,45704,0.785576923,1764.72
9383,2025-02-18,2025,8,Tue,P12,False,24214,120536,0.635225249,36.0,285394,90.0,25685.46,713.485,1123.2,0.6352,2025-02-18 00:00,2025-02-19 12:00,midnight,0.0,280488,True,True,True,1,1,1,True,1,hrs_overlaps_next_mo,,45706,0.635225249,713.49
9403,2025-02-23,2025,8,Sun,P13,False,24279,280351,1.510769231,5.0,94272,90.0,8484.48,1696.896,1123.2,1.5108,2025-02-23 00:00,2025-02-23 05:00,midnight,0.0,280351,True,True,True,1,1,1,False,1,oee_gt_1,,45711,1.510769231,1696.9
9406,2025-02-23,2025,8,Sun,P15,False,24285,280351,0.77992126,127.0,1236144,90.0,111252.96,876.0076,1123.2,0.7799,2025-02-23 00:00,2025-02-28 07:00,midnight,0.0,280351,True,True,True,2,2,1,True,2,hrs_overlaps_next_mo|mo_multi_sku_keying_error,,45711,0.77992126,876.01
9407,2025-02-23,2025,8,Sun,P15,False,24285,280352,0.775641026,12.0,116160,90.0,10454.4,871.2,1123.2,0.7756,2025-02-23 00:00,2025-02-23 12:00,midnight,6.0,280351,False,False,False,2,2,1,True,1,mo_multi_sku_keying_error,sku_not_in_master|pair_not_in_capability_table,45711,0.775641026,871.2
9439,2025-03-02,2025,9,Sun,P12,False,24338,120430,0.629326923,12.0,94248,90.0,8482.32,706.86,1123.2,0.6293,2025-03-02 12:00,2025-03-03 00:00,chained_from_prev_mo,0.0,120436,False,False,False,2,2,1,True,1,mo_multi_sku_keying_error,sku_not_in_master|pair_not_in_capability_table,45718,0.629326923,706.86
9440,2025-03-02,2025,9,Sun,P12,False,24338,280256,0.825602811,130.0,1339458,90.0,120551.22,927.3171,1123.2,0.8256,2025-03-02 00:00,2025-03-07 10:00,midnight,7.0,120430,True,True,False,2,2,1,True,1,mo_multi_sku_keying_error,pair_not_flagged_capable,45718,0.825602811,927.32
9444,2025-03-02,2025,9,Sun,P15,False,24348,280351,0.640551671,82.5,659512,90.0,59356.08,719.4676,1123.2,0.6406,2025-03-02 00:00,2025-03-05 10:30,midnight,0.0,280351,True,True,True,1,1,1,True,1,hrs_overlaps_next_mo,,45718,0.640551671,719.47
9453,2025-03-04,2025,10,Tue,P13,False,24340,280351,0.630570975,97.0,763344,90.0,68700.96,708.2573,1123.2,0.6306,2025-03-04 00:00,2025-03-08 01:00,midnight,2.0,280212,True,True,True,1,1,1,True,1,hrs_overlaps_next_mo,,45720,0.630570975,708.26
9459,2025-03-06,2025,10,Thu,P13,False,2340,280351,0.589583333,12.0,88296,90.0,7946.64,662.22,1123.2,0.5896,2025-03-06 00:00,2025-03-06 12:00,midnight,11.0,280351,True,True,True,1,1,1,True,1,mo_out_of_sequence,,45722,0.589583333,662.22
9480,2025-03-11,2025,11,Tue,P14,False,24429,120430,0.605662393,36.0,272112,90.0,24490.08,680.28,1123.2,0.6057,2025-03-11 00:00,2025-03-12 12:00,midnight,0.0,120431,False,False,False,1,1,1,True,1,hrs_overlaps_next_mo,sku_not_in_master|pair_not_in_capability_table,45727,0.605662393,680.28
9511,2025-03-18,2025,12,Tue,P12,False,24490,280378,0.691962175,12.0,93664,110.0,10303.04,858.5867,1240.8,0.692,2025-03-18 00:00,2025-03-18 12:00,midnight,0.0,280375,True,True,True,1,1,1,True,1,dup_date_line_sku,,45734,0.691962175,858.59
9512,2025-03-18,2025,12,Tue,P12,False,24491,280378,0.396572104,12.0,53680,110.0,5904.8,492.0667,1240.8,0.3966,2025-03-18 12:00,2025-03-19 00:00,chained_from_prev_mo,1.0,280378,True,True,True,1,1,1,True,1,dup_date_line_sku,,45734,0.396572104,492.07
9517,2025-03-19,2025,12,Wed,P12,False,24492,280378,0.476654846,24.0,129040,110.0,14194.4,591.4333,1240.8,0.4767,2025-03-19 00:00,2025-03-20 00:00,midnight,0.0,280378,True,True,True,2,2,1,True,1,mo_multi_sku_keying_error,,45735,0.476654846,591.43
9518,2025-03-19,2025,12,Wed,P12,False,24492,280426,0.528486998,24.0,143072,110.0,15737.92,655.7467,1240.8,0.5285,2025-03-19 00:00,2025-03-20 00:00,midnight,2.0,280378,True,True,True,2,2,1,True,1,mo_multi_sku_keying_error,,45735,0.528486998,655.75
9520,2025-03-20,2025,12,Thu,P11,False,24597,280130,0.195245726,36.0,87720,90.0,7894.8,219.3,1123.2,0.1952,2025-03-20 12:00,2025-03-22 00:00,chained_from_prev_mo,4.0,280256,True,True,True,1,1,1,True,1,oee_low,,45736,0.195245726,219.3
9522,2025-03-21,2025,12,Fri,P12,False,24598,280488,0.194294004,22.0,48216,110.0,5303.76,241.08,1240.8,0.1943,2025-03-21 00:00,2025-03-21 22:00,midnight,2.0,280426,True,True,True,1,1,1,True,1,oee_low,,45737,0.194294004,241.08
9541,2025-03-25,2025,13,Tue,P12,False,24558,280397,0.630831363,9.0,64042,110.0,7044.62,782.7356,1240.8,0.6308,2025-03-25 00:00,2025-03-25 09:00,midnight,0.0,280107,True,True,True,2,2,1,True,1,mo_multi_sku_keying_error,,45741,0.630831363,782.74
9542,2025-03-25,2025,13,Tue,P12,False,24558,280539,0.173847518,24.0,47064,110.0,5177.04,215.71,1240.8,0.1738,2025-03-25 09:00,2025-03-26 09:00,chained_from_prev_mo,1.0,280397,True,True,True,2,2,1,True,2,oee_low|mo_multi_sku_keying_error,,45741,0.173847518,215.71
9548,2025-03-26,2025,13,Wed,P12,False,4558,280539,0.180171395,6.0,12194,110.0,1341.34,223.5567,1240.8,0.1802,2025-03-26 09:00,2025-03-26 15:00,chained_from_prev_mo,1.0,280539,True,True,True,1,1,1,True,2,oee_low|mo_out_of_sequence,,45742,0.180171395,223.56
9556,2025-03-29,2025,13,Sat,P11,False,24630,280264,0.101442308,12.0,15192,90.0,1367.28,113.94,1123.2,0.1014,2025-03-29 03:00,2025-03-29 15:00,chained_from_prev_mo,0.0,280264,True,True,True,2,2,1,True,2,oee_low|mo_multi_sku_keying_error,,45745,0.101442308,113.94
9557,2025-03-29,2025,13,Sat,P11,False,24630,280576,0.579122151,36.0,260188,90.0,23416.92,650.47,1123.2,0.5791,2025-03-29 15:00,2025-03-31 03:00,chained_from_prev_mo,2.0,280264,True,True,True,2,2,1,True,1,mo_multi_sku_keying_error,,45745,0.579122151,650.47
9573,2025-04-01,2025,14,Tue,P13,False,24634,280480,0.258278509,76.0,244972,90.0,22047.48,290.0984,1123.2,0.2583,2025-04-01 00:00,2025-04-04 04:00,midnight,0.0,280121,True,True,True,1,1,1,True,1,hrs_overlaps_next_mo,,45748,0.258278509,290.1
9577,2025-04-02,2025,14,Wed,P14,False,24637,120437,0.812019231,12.0,121608,90.0,10944.72,912.06,1123.2,0.812,2025-04-02 00:00,2025-04-02 12:00,midnight,0.0,120448,True,True,True,1,1,1,True,1,dup_date_line_sku,,45749,0.812019231,912.06
9578,2025-04-02,2025,14,Wed,P14,False,24638,120437,0.629082723,42.0,329740,90.0,29676.6,706.5857,1123.2,0.6291,2025-04-02 12:00,2025-04-04 06:00,chained_from_prev_mo,2.0,120437,True,True,True,1,1,1,True,1,dup_date_line_sku,,45749,0.629082723,706.59
9593,2025-04-06,2025,14,Sun,P19,True,24752,280323,0.621866097,18.0,279392,90.0,25145.28,1396.96,2246.4,0.6219,2025-04-06 00:00,2025-04-06 18:00,midnight,0.0,280324,True,True,True,2,2,1,True,1,mo_multi_sku_keying_error,,45753,0.621866097,1396.96
9594,2025-04-06,2025,14,Sun,P19,True,24752,280324,0.523557692,8.0,104544,90.0,9408.96,1176.12,2246.4,0.5236,2025-04-06 18:00,2025-04-07 02:00,chained_from_prev_mo,2.0,280323,True,True,True,2,2,1,True,1,mo_multi_sku_keying_error,,45753,0.523557692,1176.12
9595,2025-04-06,2025,14,Sun,P20,True,24749,280169,0.658818681,35.0,575544,90.0,51798.96,1479.9703,2246.4,0.6588,2025-04-06 00:00,2025-04-07 11:00,midnight,0.0,280169,True,True,True,1,1,1,True,1,hrs_overlaps_next_mo,,45753,0.658818681,1479.97
9608,2025-04-10,2025,15,Thu,P20,True,24128,120464,0.490010684,12.0,146768,90.0,13209.12,1100.76,2246.4,0.49,2025-04-10 00:00,2025-04-10 12:00,midnight,0.0,120464,False,False,False,1,1,1,True,1,dup_date_line_sku,sku_not_in_master|pair_not_in_capability_table,45757,0.490010684,1100.76
9609,2025-04-10,2025,15,Thu,P20,True,24747,120464,0.596527778,12.0,178672,90.0,16080.48,1340.04,2246.4,0.5965,2025-04-10 12:00,2025-04-11 00:00,chained_from_prev_mo,0.0,120464,False,False,False,2,2,1,True,2,mo_multi_sku_keying_error|dup_date_line_sku,sku_not_in_master|pair_not_in_capability_table,45757,0.596527778,1340.04
9610,2025-04-10,2025,15,Thu,P20,True,24747,280587,0.705088141,48.0,844752,90.0,76027.68,1583.91,2246.4,0.7051,2025-04-10 00:00,2025-04-12 00:00,midnight,3.0,120464,True,True,True,2,2,1,True,1,mo_multi_sku_keying_error,,45757,0.705088141,1583.91
9632,2025-04-14,2025,16,Mon,P19,True,24811,280489,0.666543553,96.0,1597145,90.0,143743.05,1497.3234,2246.4,0.6665,2025-04-14 00:00,2025-04-18 00:00,midnight,2.0,280324,True,True,True,1,1,1,True,1,hrs_overlaps_next_mo,,45761,0.666543553,1497.32
9635,2025-04-16,2025,16,Wed,P09,False,24788,280351,0.613639601,36.0,275696,90.0,24812.64,689.24,1123.2,0.6136,2025-04-16 00:00,2025-04-17 12:00,midnight,0.0,280351,True,True,True,2,2,1,True,2,hrs_overlaps_next_mo|mo_multi_sku_keying_error,,45763,0.613639601,689.24
9636,2025-04-16,2025,16,Wed,P09,False,24788,280586,0.755021368,24.0,226144,90.0,20352.96,848.04,1123.2,0.755,2025-04-16 00:00,2025-04-17 00:00,midnight,3.0,280351,True,True,True,2,2,1,True,1,mo_multi_sku_keying_error,,45763,0.755021368,848.04
9642,2025-04-17,2025,16,Thu,P11,False,24793,280256,0.56507078,24.0,169250,90.0,15232.5,634.6875,1123.2,0.5651,2025-04-17 00:00,2025-04-18 00:00,midnight,0.0,280256,True,True,False,2,2,1,True,1,mo_multi_sku_keying_error,pair_not_flagged_capable,45764,0.56507078,634.69
9643,2025-04-17,2025,16,Thu,P11,False,24793,280574,0.736528446,48.0,441210,90.0,39708.9,827.2688,1123.2,0.7365,2025-04-17 00:00,2025-04-19 00:00,midnight,3.0,280256,True,True,True,2,2,1,True,1,mo_multi_sku_keying_error,,45764,0.736528446,827.27
9646,2025-04-17,2025,16,Thu,P20,True,24814,280583,0.576201923,24.0,345168,90.0,31065.12,1294.38,2246.4,0.5762,2025-04-17 00:00,2025-04-18 00:00,midnight,0.0,280583,True,True,True,2,2,1,True,1,mo_multi_sku_keying_error,,45764,0.576201923,1294.38
9647,2025-04-17,2025,16,Thu,P20,True,24814,280584,0.709334936,16.0,283280,90.0,25495.2,1593.45,2246.4,0.7093,2025-04-17 00:00,2025-04-17 16:00,midnight,2.0,280583,True,True,True,2,2,1,True,1,mo_multi_sku_keying_error,,45764,0.709334936,1593.45
9651,2025-04-19,2025,16,Sat,P09,False,24849,280587,0.509081197,12.0,76240,90.0,6861.6,571.8,1123.2,0.5091,2025-04-19 00:00,2025-04-19 12:00,midnight,0.0,280586,True,True,True,1,1,1,True,1,dup_date_line_sku,,45766,0.509081197,571.8
9652,2025-04-19,2025,16,Sat,P09,False,24857,280587,0.697521368,30.0,261152,90.0,23503.68,783.456,1123.2,0.6975,2025-04-19 12:00,2025-04-20 18:00,chained_from_prev_mo,2.0,280587,True,True,True,1,1,1,True,1,dup_date_line_sku,,45766,0.697521368,783.46
9721,2025-05-04,2025,18,Sun,P16,False,25057,280351,0.766566506,96.0,918408,90.0,82656.72,861.0075,1123.2,0.7666,2025-05-04 00:00,2025-05-08 00:00,midnight,0.0,280212,True,True,True,1,1,1,True,1,hrs_overlaps_next_mo,,45781,0.766566506,861.01
9741,2025-05-09,2025,19,Fri,P14,False,25022,120536,0.560042735,12.0,83872,90.0,7548.48,629.04,1123.2,0.56,2025-05-09 00:00,2025-05-09 12:00,midnight,0.0,120536,True,True,True,2,2,1,True,1,mo_multi_sku_keying_error,,45786,0.560042735,629.04
9742,2025-05-09,2025,19,Fri,P14,False,25022,280090,0.556276709,24.0,166616,90.0,14995.44,624.81,1123.2,0.5563,2025-05-09 12:00,2025-05-10 12:00,chained_from_prev_mo,1.0,120536,True,True,True,2,2,1,True,1,mo_multi_sku_keying_error,,45786,0.556276709,624.81
9753,2025-05-11,2025,19,Sun,P16,False,25106,280351,0.662397436,150.0,1240008,90.0,111600.72,744.0048,1123.2,0.6624,2025-05-11 00:00,2025-05-17 06:00,midnight,0.0,280323,True,True,True,1,1,1,True,1,hrs_overlaps_next_mo,,45788,0.662397436,744.0
9768,2025-05-15,2025,20,Thu,P14,False,251010,280574,0.716880342,18.0,161040,90.0,14493.6,805.2,1123.2,0.7169,2025-05-15 00:00,2025-05-15 18:00,midnight,2.0,280574,True,True,True,1,1,1,True,1,mo_out_of_sequence,,45792,0.716880342,805.2
9780,2025-05-18,2025,20,Sun,P13,False,25174,280256,0.763315851,66.0,628728,90.0,56585.52,857.3564,1123.2,0.7633,2025-05-18 00:00,2025-05-20 18:00,midnight,0.0,280256,True,True,True,2,2,1,True,2,hrs_overlaps_next_mo|mo_multi_sku_keying_error,,45795,0.763315851,857.36
9781,2025-05-18,2025,20,Sun,P13,False,25174,280264,0.596875,12.0,89388,90.0,8044.92,670.41,1123.2,0.5969,2025-05-18 00:00,2025-05-18 12:00,midnight,3.0,280256,True,True,True,2,2,1,True,1,mo_multi_sku_keying_error,,45795,0.596875,670.41
9792,2025-05-20,2025,21,Tue,P12,False,25170,280539,0.18702814,93.0,196200,110.0,21582.0,232.0645,1240.8,0.187,2025-05-20 00:00,2025-05-23 21:00,midnight,4.0,280244,True,True,True,1,1,1,True,1,oee_low,,45797,0.18702814,232.06
9793,2025-05-20,2025,21,Tue,P14,False,25177,280571,0.643796741,24.0,192830,90.0,17354.7,723.1125,1123.2,0.6438,2025-05-20 18:00,2025-05-21 18:00,chained_from_prev_mo,0.0,120453,True,True,True,2,2,1,True,1,mo_multi_sku_keying_error,,45797,0.643796741,723.11
9794,2025-05-20,2025,21,Tue,P14,False,25177,280574,0.742554754,24.0,222410,90.0,20016.9,834.0375,1123.2,0.7426,2025-05-20 00:00,2025-05-21 00:00,midnight,3.0,280571,True,True,True,2,2,1,True,1,mo_multi_sku_keying_error,,45797,0.742554754,834.04
9802,2025-05-23,2025,21,Fri,P13,False,251875,280264,0.730048077,12.0,109332,90.0,9839.88,819.99,1123.2,0.73,2025-05-23 00:00,2025-05-23 12:00,midnight,2.0,280264,True,True,True,1,1,1,True,1,mo_out_of_sequence,,45800,0.730048077,819.99
9804,2025-05-23,2025,21,Fri,P19,True,25187,280351,0.111027644,32.0,88680,90.0,7981.2,249.4125,2246.4,0.111,2025-05-23 00:00,2025-05-24 08:00,midnight,5.0,280489,True,True,True,1,1,1,True,1,oee_low,,45800,0.111027644,249.41
9825,2025-05-27,2025,22,Tue,P09,False,25245,280581,0.759214744,12.0,113700,90.0,10233.0,852.75,1123.2,0.7592,2025-05-27 00:00,2025-05-27 12:00,midnight,0.0,280582,True,True,True,1,1,1,True,1,dup_date_line_sku,,45804,0.759214744,852.75
9826,2025-05-27,2025,22,Tue,P09,False,25246,280581,0.765691774,12.0,114670,90.0,10320.3,860.025,1123.2,0.7657,2025-05-27 12:00,2025-05-28 00:00,chained_from_prev_mo,1.0,280581,True,True,True,1,1,1,True,1,dup_date_line_sku,,45804,0.765691774,860.03
9838,2025-05-30,2025,22,Fri,P09,False,25775,280541,0.759604701,30.0,284396,90.0,25595.64,853.188,1123.2,0.7596,2025-05-30 00:00,2025-05-31 06:00,midnight,4.0,280169,True,True,True,2,2,2,True,1,mo_multi_sku_keying_error,mo_split_across_lines,45807,0.759604701,853.19
9840,2025-05-30,2025,22,Fri,P21,True,25775,280222,0.71585203,48.0,857648,90.0,77188.32,1608.09,2246.4,0.7159,2025-05-30 00:00,2025-06-01 00:00,midnight,2.0,280222,True,True,True,2,2,2,True,1,mo_multi_sku_keying_error,mo_split_across_lines,45807,0.71585203,1608.09
9841,2025-05-31,2025,22,Sat,P11,False,280405,280405,0.383741259,11.0,52680,90.0,4741.2,431.0182,1123.2,0.3837,2025-05-31 07:00,2025-05-31 18:00,chained_from_prev_mo,1.0,280405,True,True,True,1,1,1,True,1,mo_out_of_sequence,,45808,0.383741259,431.02
9856,2025-06-02,2025,23,Mon,P11,False,25320,280256,0.674583333,60.0,505128,90.0,45461.52,757.692,1123.2,0.6746,2025-06-02 00:00,2025-06-04 12:00,midnight,0.0,280405,True,True,False,2,2,1,True,2,hrs_overlaps_next_mo|mo_multi_sku_keying_error,pair_not_flagged_capable,45810,0.674583333,757.69
9857,2025-06-02,2025,23,Mon,P11,False,25320,280264,0.431490385,12.0,64620,90.0,5815.8,484.65,1123.2,0.4315,2025-06-02 00:00,2025-06-02 12:00,midnight,3.0,280256,True,True,True,2,2,1,True,1,mo_multi_sku_keying_error,,45810,0.431490385,484.65
9859,2025-06-02,2025,23,Mon,P13,False,25326,280213,0.671487714,24.0,201124,90.0,18101.16,754.215,1123.2,0.6715,2025-06-02 00:00,2025-06-03 00:00,midnight,0.0,280212,True,True,True,2,2,1,True,1,mo_multi_sku_keying_error,,45810,0.671487714,754.22
9860,2025-06-02,2025,23,Mon,P13,False,25326,280490,0.829193376,12.0,124180,90.0,11176.2,931.35,1123.2,0.8292,2025-06-02 00:00,2025-06-02 12:00,midnight,2.0,280213,True,True,True,2,2,1,True,1,mo_multi_sku_keying_error,,45810,0.829193376,931.35
9876,2025-06-07,2025,23,Sat,P13,False,25329,280574,0.077390491,12.0,11590,90.0,1043.1,86.925,1123.2,0.0774,2025-06-07 00:00,2025-06-07 12:00,midnight,6.0,280576,True,True,True,1,1,1,True,1,oee_low,,45815,0.077390491,86.93
9889,2025-06-09,2025,24,Mon,P14,False,25402,120431,0.608327991,60.0,455516,90.0,40996.44,683.274,1123.2,0.6083,2025-06-09 00:00,2025-06-11 12:00,midnight,0.0,120536,False,False,False,1,1,1,True,1,hrs_overlaps_next_mo,sku_not_in_master|pair_not_in_capability_table,45817,0.608327991,683.27
9943,2025-06-22,2025,25,Sun,P21,True,25560,280222,0.628453947,76.0,1192152,90.0,107293.68,1411.7589,2246.4,0.6285,2025-06-22 00:00,2025-06-25 04:00,midnight,0.0,280222,True,True,True,1,1,1,True,1,hrs_overlaps_next_mo,,45830,0.628453947,1411.76
9962,2025-06-27,2025,26,Fri,P13,False,2532,280351,0.744484509,12.0,111494,90.0,10034.46,836.205,1123.2,0.7445,2025-06-27 00:00,2025-06-27 12:00,midnight,0.0,280264,True,True,True,1,1,1,True,2,mo_out_of_sequence|dup_date_line_sku,,45835,0.744484509,836.21
9963,2025-06-27,2025,26,Fri,P13,False,25532,280351,0.556730769,24.0,166752,90.0,15007.68,625.32,1123.2,0.5567,2025-06-27 12:00,2025-06-28 12:00,chained_from_prev_mo,1.0,280351,True,True,True,1,1,1,True,1,dup_date_line_sku,,45835,0.556730769,625.32
9968,2025-06-28,2025,26,Sat,P13,False,25596,280256,0.355448718,6.0,26616,90.0,2395.44,399.24,1123.2,0.3554,2025-06-28 12:00,2025-06-28 18:00,chained_from_prev_mo,0.0,280351,True,True,True,2,2,1,True,1,mo_multi_sku_keying_error,,45836,0.355448718,399.24
9969,2025-06-28,2025,26,Sat,P13,False,25596,280351,0.646033654,48.0,387000,90.0,34830.0,725.625,1123.2,0.646,2025-06-28 18:00,2025-06-30 18:00,chained_from_prev_mo,3.0,280256,True,True,True,2,2,1,True,1,mo_multi_sku_keying_error,,45836,0.646033654,725.63
9983,2025-06-30,2025,27,Mon,P17,True,25613,280166,0.343108974,10.0,85640,90.0,7707.6,770.76,2246.4,0.3431,2025-06-30 00:00,2025-06-30 10:00,midnight,0.0,280324,False,False,False,1,1,1,True,1,dup_date_line_sku,sku_not_in_master|pair_not_in_capability_table,45838,0.343108974,770.76
9984,2025-06-30,2025,27,Mon,P17,True,25675,280166,0.64576656,36.0,580260,90.0,52223.4,1450.65,2246.4,0.6458,2025-06-30 10:00,2025-07-01 22:00,chained_from_prev_mo,2.0,280166,False,False,False,1,1,1,True,1,dup_date_line_sku,sku_not_in_master|pair_not_in_capability_table,45838,0.64576656,1450.65
9990,2025-07-01,2025,27,Tue,P14,False,25600,120431,0.516857448,42.0,270916,90.0,24382.44,580.5343,1123.2,0.5169,2025-07-01 00:00,2025-07-02 18:00,midnight,0.0,120532,False,False,False,1,1,1,True,1,hrs_overlaps_next_mo,sku_not_in_master|pair_not_in_capability_table,45839,0.516857448,580.53
10006,2025-07-05,2025,27,Sat,P16,False,25612,280323,0.11965812,9.0,13440,90.0,1209.6,134.4,1123.2,0.1197,2025-07-05 12:00,2025-07-05 21:00,chained_from_prev_mo,1.0,280324,True,True,True,1,1,1,True,1,oee_low,,45843,0.11965812,134.4
10019,2025-07-07,2025,28,Mon,P14,False,25699,120430,1.233190883,6.75,103884,90.0,9349.56,1385.12,1123.2,1.2332,2025-07-07 00:00,2025-07-07 06:45,midnight,28.0,120436,False,False,False,1,1,1,False,1,oee_gt_1,sku_not_in_master|pair_not_in_capability_table,45845,1.233190883,1385.12
10029,2025-07-09,2025,28,Wed,P12,False,25729,280379,0.524546887,36.0,213008,110.0,23430.88,650.8578,1240.8,0.5245,2025-07-09 00:00,2025-07-10 12:00,midnight,0.0,280256,True,True,True,1,1,1,True,1,hrs_overlaps_next_mo,,45847,0.524546887,650.86
10035,2025-07-10,2025,28,Thu,P15,False,25738,120437,0.535787992,41.0,274152,90.0,24673.68,601.7971,1123.2,0.5358,2025-07-10 00:00,2025-07-11 17:00,midnight,0.0,120448,True,True,True,1,1,1,True,1,hrs_overlaps_next_mo,,45848,0.535787992,601.8
10040,2025-07-11,2025,28,Fri,P11,False,25688,280264,0.334348291,24.0,100144,90.0,9012.96,375.54,1123.2,0.3343,2025-07-11 00:00,2025-07-12 00:00,midnight,0.0,280264,True,True,True,2,2,1,True,1,mo_multi_sku_keying_error,,45849,0.334348291,375.54
10041,2025-07-11,2025,28,Fri,P11,False,25688,280601,0.483413462,24.0,144792,90.0,13031.28,542.97,1123.2,0.4834,2025-07-11 00:00,2025-07-12 00:00,midnight,2.0,280264,True,True,True,2,2,1,True,1,mo_multi_sku_keying_error,,45849,0.483413462,542.97
10065,2025-07-16,2025,29,Wed,P12,False,25785,280377,0.115130024,12.0,15584,110.0,1714.24,142.8533,1240.8,0.1151,2025-07-16 00:00,2025-07-16 12:00,midnight,0.0,280380,True,True,True,2,2,1,True,2,oee_low|mo_multi_sku_keying_error,,45854,0.115130024,142.85
10066,2025-07-16,2025,29,Wed,P12,False,25785,280380,0.544769504,24.0,147480,110.0,16222.8,675.95,1240.8,0.5448,2025-07-16 12:00,2025-07-17 12:00,chained_from_prev_mo,1.0,280377,True,True,True,2,2,1,True,1,mo_multi_sku_keying_error,,45854,0.544769504,675.95
10071,2025-07-17,2025,29,Thu,P18,True,25798,120463,0.509932559,48.0,610940,90.0,54984.6,1145.5125,2246.4,0.5099,2025-07-17 00:00,2025-07-19 00:00,midnight,0.0,280421,True,True,False,2,2,1,True,2,hrs_overlaps_next_mo|mo_multi_sku_keying_error,pair_not_flagged_capable,45855,0.509932559,1145.51
10072,2025-07-17,2025,29,Thu,P18,True,25798,280421,0.589877137,24.0,353360,90.0,31802.4,1325.1,2246.4,0.5899,2025-07-17 00:00,2025-07-18 00:00,midnight,3.0,120463,True,True,True,2,2,1,True,1,mo_multi_sku_keying_error,,45855,0.589877137,1325.1
10097,2025-07-23,2025,30,Wed,P17,True,25888,280344,0.488514957,24.0,292640,90.0,26337.6,1097.4,2246.4,0.4885,2025-07-23 00:00,2025-07-24 00:00,midnight,0.0,280344,True,True,True,2,2,1,True,1,mo_multi_sku_keying_error,,45861,0.488514957,1097.4
10098,2025-07-23,2025,30,Wed,P17,True,25888,280490,0.353271902,12.0,105812,90.0,9523.08,793.59,2246.4,0.3533,2025-07-23 00:00,2025-07-23 12:00,midnight,1.0,280344,True,True,True,2,2,1,True,1,mo_multi_sku_keying_error,,45861,0.353271902,793.59
10101,2025-07-24,2025,30,Thu,P12,False,25830,280436,0.361761229,12.0,48968,110.0,5386.48,448.8733,1240.8,0.3618,2025-07-24 00:00,2025-07-24 12:00,midnight,0.0,280426,True,True,True,1,1,1,True,1,dup_date_line_sku,,45862,0.361761229,448.87
10102,2025-07-24,2025,30,Thu,P12,False,25850,280436,0.283392435,24.0,76720,110.0,8439.2,351.6333,1240.8,0.2834,2025-07-24 12:00,2025-07-25 12:00,chained_from_prev_mo,1.0,280436,True,True,True,1,1,1,True,1,dup_date_line_sku,,45862,0.283392435,351.63
10131,2025-08-01,2025,31,Fri,P09,False,25922,280581,0.678472222,30.0,254020,90.0,22861.8,762.06,1123.2,0.6785,2025-08-01 00:00,2025-08-02 06:00,midnight,0.0,280582,True,True,True,1,1,1,True,1,hrs_overlaps_next_mo,,45870,0.678472222,762.06
10133,2025-08-01,2025,31,Fri,P11,False,26018,120437,0.160869565,23.0,46176,90.0,4155.84,180.6887,1123.2,0.1609,2025-08-01 00:00,2025-08-01 23:00,midnight,3.0,280256,True,True,True,1,1,1,True,1,oee_low,,45870,0.160869565,180.69
10142,2025-08-03,2025,31,Sun,P16,False,25996,280563,0.610436699,96.0,731352,90.0,65821.68,685.6425,1123.2,0.6104,2025-08-03 00:00,2025-08-07 00:00,midnight,2.0,280563,True,True,True,1,1,1,True,1,hrs_overlaps_next_mo,,45872,0.610436699,685.64
10155,2025-08-05,2025,32,Tue,P16,False,25997,280256,0.730897436,30.0,273648,90.0,24628.32,820.944,1123.2,0.7309,2025-08-05 00:00,2025-08-06 06:00,midnight,0.0,280563,True,True,False,2,2,1,True,2,hrs_overlaps_next_mo|mo_multi_sku_keying_error,pair_not_flagged_capable,45874,0.730897436,820.94
10156,2025-08-05,2025,32,Tue,P16,False,25997,280601,0.207572115,16.0,41448,90.0,3730.32,233.145,1123.2,0.2076,2025-08-05 00:00,2025-08-05 16:00,midnight,4.0,280256,True,True,False,2,2,1,True,1,mo_multi_sku_keying_error,pair_not_flagged_capable,45874,0.207572115,233.15
10165,2025-08-09,2025,32,Sat,P14,False,25992,280602,0.19465812,12.0,29152,90.0,2623.68,218.64,1123.2,0.1947,2025-08-09 12:00,2025-08-10 00:00,chained_from_prev_mo,1.0,280601,True,True,True,1,1,1,True,1,oee_low,,45878,0.19465812,218.64
10167,2025-08-10,2025,32,Sun,P09,False,26072,280256,0.751495726,12.0,112544,90.0,10128.96,844.08,1123.2,0.7515,2025-08-10 00:00,2025-08-10 12:00,midnight,0.0,280586,True,True,False,1,1,1,True,1,dup_date_line_sku,pair_not_flagged_capable,45879,0.751495726,844.08
10168,2025-08-10,2025,32,Sun,P09,False,26130,280256,0.809188034,12.0,121184,90.0,10906.56,908.88,1123.2,0.8092,2025-08-10 12:00,2025-08-11 00:00,chained_from_prev_mo,1.0,280256,True,True,False,1,1,1,True,1,dup_date_line_sku,pair_not_flagged_capable,45879,0.809188034,908.88
10178,2025-08-12,2025,33,Tue,P13,False,26081,280256,0.310541311,108.0,418560,90.0,37670.4,348.8,1123.2,0.3105,2025-08-12 00:00,2025-08-16 12:00,midnight,3.0,280264,True,True,True,1,1,1,True,1,hrs_overlaps_next_mo,,45881,0.310541311,348.8
10185,2025-08-13,2025,33,Wed,P16,False,26139,280563,0.602211538,60.0,450936,90.0,40584.24,676.404,1123.2,0.6022,2025-08-13 00:00,2025-08-15 12:00,midnight,1.0,280212,True,True,True,1,1,1,True,1,hrs_overlaps_next_mo,,45882,0.602211538,676.4
10187,2025-08-13,2025,33,Wed,P20,True,26140,251200,0.029493857,24.0,17668,90.0,1590.12,66.255,2246.4,0.0295,2025-08-13 00:00,2025-08-14 00:00,midnight,0.0,280344,True,True,True,2,2,1,True,2,oee_low|mo_multi_sku_keying_error,,45882,0.029493857,66.26
10188,2025-08-13,2025,33,Wed,P20,True,26140,280166,0.28707265,24.0,171968,90.0,15477.12,644.88,2246.4,0.2871,2025-08-13 00:00,2025-08-14 00:00,midnight,7.0,251200,False,False,False,2,2,1,True,1,mo_multi_sku_keying_error,sku_not_in_master|pair_not_in_capability_table,45882,0.28707265,644.88
10189,2025-08-13,2025,33,Wed,P21,True,26100,280166,0.704346955,24.0,421932,90.0,37973.88,1582.245,2246.4,0.7043,2025-08-13 00:00,2025-08-14 00:00,midnight,0.0,280490,False,False,False,2,2,1,True,1,mo_multi_sku_keying_error,sku_not_in_master|pair_not_in_capability_table,45882,0.704346955,1582.25
10190,2025-08-13,2025,33,Wed,P21,True,26100,280480,0.610677083,24.0,365820,90.0,32923.8,1371.825,2246.4,0.6107,2025-08-13 00:00,2025-08-14 00:00,midnight,1.0,280166,True,True,True,2,2,1,True,1,mo_multi_sku_keying_error,,45882,0.610677083,1371.83
10192,2025-08-14,2025,33,Thu,P14,False,26111,120436,0.528798077,60.0,395964,90.0,35636.76,593.946,1123.2,0.5288,2025-08-14 00:00,2025-08-16 12:00,midnight,1.0,120437,True,True,True,1,1,1,True,1,hrs_overlaps_next_mo,,45883,0.528798077,593.95
10194,2025-08-14,2025,33,Thu,P18,True,26097,280166,0.547295673,16.0,218568,90.0,19671.12,1229.445,2246.4,0.5473,2025-08-14 00:00,2025-08-14 16:00,midnight,0.0,280323,False,False,False,2,2,1,True,1,mo_multi_sku_keying_error,sku_not_in_master|pair_not_in_capability_table,45883,0.547295673,1229.45
10195,2025-08-14,2025,33,Thu,P18,True,26097,280480,0.575527511,24.0,344764,90.0,31028.76,1292.865,2246.4,0.5755,2025-08-14 16:00,2025-08-15 16:00,chained_from_prev_mo,6.0,280166,True,True,True,2,2,1,True,1,mo_multi_sku_keying_error,,45883,0.575527511,1292.87
10198,2025-08-15,2025,33,Fri,P11,False,26079,280107,0.208867521,18.0,46920,90.0,4222.8,234.6,1123.2,0.2089,2025-08-15 00:00,2025-08-15 18:00,midnight,1.0,280582,True,True,True,2,2,2,True,1,mo_multi_sku_keying_error,mo_split_across_lines,45884,0.208867521,234.6
10199,2025-08-15,2025,33,Fri,P13,False,26079,280256,0.412660256,12.0,61800,90.0,5562.0,463.5,1123.2,0.4127,2025-08-15 00:00,2025-08-15 12:00,midnight,2.0,280256,True,True,True,2,2,2,True,1,mo_multi_sku_keying_error,mo_split_across_lines,45884,0.412660256,463.5
10200,2025-08-15,2025,33,Fri,P14,False,46111,120436,0.609935897,12.0,91344,90.0,8220.96,685.08,1123.2,0.6099,2025-08-15 00:00,2025-08-15 12:00,midnight,2.0,120436,True,True,True,1,1,1,True,1,mo_out_of_sequence,,45884,0.609935897,685.08
10214,2025-08-20,2025,34,Wed,P09,False,26143,280587,0.199358974,24.0,59712,90.0,5374.08,223.92,1123.2,0.1994,2025-08-20 00:00,2025-08-21 00:00,midnight,1.0,280583,True,True,True,1,1,1,True,1,oee_low,,45889,0.199358974,223.92
10222,2025-08-21,2025,34,Thu,P14,False,26152,280166,0.186775031,42.0,97900,90.0,8811.0,209.7857,1123.2,0.1868,2025-08-21 00:00,2025-08-22 18:00,midnight,3.0,280478,False,False,False,1,1,1,True,1,oee_low,sku_not_in_master|pair_not_in_capability_table,45890,0.186775031,209.79
10229,2025-08-23,2025,34,Sat,P13,False,26210,280351,0.616784251,169.0,1300872,90.0,117078.48,692.7721,1123.2,0.6168,2025-08-23 05:00,2025-08-30 06:00,chained_from_prev_mo,40.0,280256,True,True,True,1,1,1,True,1,hrs_long,,45892,0.616784251,692.77
10241,2025-08-26,2025,35,Tue,P09,False,26204,280452,0.606971154,12.0,90900,90.0,8181.0,681.75,1123.2,0.607,2025-08-26 00:00,2025-08-26 12:00,midnight,0.0,280452,True,True,True,2,2,1,True,1,mo_multi_sku_keying_error,,45895,0.606971154,681.75
10242,2025-08-26,2025,35,Tue,P09,False,26204,280453,0.609775641,12.0,91320,90.0,8218.8,684.9,1123.2,0.6098,2025-08-26 12:00,2025-08-27 00:00,chained_from_prev_mo,1.0,280452,True,True,True,2,2,1,True,1,mo_multi_sku_keying_error,,45895,0.609775641,684.9
10249,2025-08-29,2025,35,Fri,P09,False,26206,280103,0.527777778,12.0,79040,90.0,7113.6,592.8,1123.2,0.5278,2025-08-29 00:00,2025-08-29 12:00,midnight,0.0,280103,True,True,True,2,2,1,True,1,mo_multi_sku_keying_error,,45898,0.527777778,592.8
10250,2025-08-29,2025,35,Fri,P09,False,26206,280578,0.510149573,12.0,76400,90.0,6876.0,573.0,1123.2,0.5101,2025-08-29 12:00,2025-08-30 00:00,chained_from_prev_mo,1.0,280103,True,True,True,2,2,1,True,1,mo_multi_sku_keying_error,,45898,0.510149573,573.0
10252,2025-08-29,2025,35,Fri,P16,False,26220,280563,0.527724359,12.0,79032,90.0,7112.88,592.74,1123.2,0.5277,2025-08-29 06:00,2025-08-29 18:00,chained_from_prev_mo,0.0,280563,True,True,True,2,2,1,True,1,mo_multi_sku_keying_error,,45898,0.527724359,592.74
10253,2025-08-29,2025,35,Fri,P16,False,26220,280564,0.791426282,24.0,237048,90.0,21334.32,888.93,1123.2,0.7914,2025-08-29 18:00,2025-08-30 18:00,chained_from_prev_mo,2.0,280563,True,True,True,2,2,1,True,1,mo_multi_sku_keying_error,,45898,0.791426282,888.93
10275,2025-09-03,2025,36,Wed,P09,False,23270,280103,0.843162393,7.5,78920,90.0,7102.8,947.04,1123.2,0.8432,2025-09-03 00:00,2025-09-03 07:30,midnight,0.0,280478,True,True,True,1,1,1,True,1,dup_date_line_sku,,45903,0.843162393,947.04
10276,2025-09-03,2025,36,Wed,P09,False,26270,280103,0.593872229,29.5,218640,90.0,19677.6,667.0373,1123.2,0.5939,2025-09-03 07:30,2025-09-04 13:00,chained_from_prev_mo,2.0,280103,True,True,True,1,1,1,True,1,dup_date_line_sku,,45903,0.593872229,667.04
10279,2025-09-03,2025,36,Wed,P15,False,96330,120464,0.678125,12.0,101556,90.0,9140.04,761.67,1123.2,0.6781,2025-09-03 00:00,2025-09-03 12:00,midnight,1.0,280323,False,False,False,1,1,1,True,1,mo_out_of_sequence,sku_not_in_master|pair_not_in_capability_table,45903,0.678125,761.67
10289,2025-09-06,2025,36,Sat,P11,False,26390,280566,0.0,12.0,0,90.0,0.0,0.0,1123.2,0.0,2025-09-06 06:00,2025-09-06 18:00,chained_from_prev_mo,1.0,280264,True,True,True,1,1,1,False,2,oee_zero|pouches_zero,,45906,0,0.0
10314,2025-09-12,2025,37,Fri,P20,True,256358,280585,0.571634615,48.0,684864,90.0,61637.76,1284.12,2246.4,0.5716,2025-09-12 00:00,2025-09-14 00:00,midnight,2.0,280585,True,True,True,1,1,1,True,1,mo_out_of_sequence,,45912,0.571634615,1284.12
10359,2025-09-25,2025,39,Thu,P14,False,26460,280090,0.170459402,24.0,51056,90.0,4595.04,191.46,1123.2,0.1705,2025-09-25 00:00,2025-09-26 00:00,midnight,1.0,280601,True,True,True,1,1,1,True,1,oee_low,,45925,0.170459402,191.46
10365,2025-09-27,2025,39,Sat,P15,False,26464,280344,0.167948718,12.0,25152,90.0,2263.68,188.64,1123.2,0.1679,2025-09-27 00:00,2025-09-27 12:00,midnight,0.0,280264,True,True,True,1,1,1,True,2,oee_low|dup_date_line_sku,,45927,0.167948718,188.64
10366,2025-09-27,2025,39,Sat,P15,False,26520,280344,0.712981831,45.3,403080,90.0,36277.2,800.8212,1123.2,0.713,2025-09-27 12:00,2025-09-29 09:18,chained_from_prev_mo,3.0,280344,True,True,True,1,1,1,True,1,dup_date_line_sku,,45927,0.712981831,800.82
10368,2025-09-28,2025,39,Sun,P12,False,26572,280375,0.33714539,24.0,91272,110.0,10039.92,418.33,1240.8,0.3371,2025-09-28 00:00,2025-09-29 00:00,midnight,1.0,280375,True,True,True,2,2,2,True,1,mo_multi_sku_keying_error,mo_split_across_lines,45928,0.33714539,418.33
10369,2025-09-28,2025,39,Sun,P14,False,26516,280347,0.538952991,30.0,201784,90.0,18160.56,605.352,1123.2,0.539,2025-09-28 00:00,2025-09-29 06:00,midnight,0.0,280347,True,True,True,1,1,1,True,1,hrs_overlaps_next_mo,,45928,0.538952991,605.35
10370,2025-09-28,2025,39,Sun,P14,False,26572,280090,0.687980769,24.0,206064,90.0,18545.76,772.74,1123.2,0.688,2025-09-28 00:00,2025-09-29 00:00,midnight,1.0,280347,True,True,True,2,2,2,True,1,mo_multi_sku_keying_error,mo_split_across_lines,45928,0.687980769,772.74
10380,2025-10-01,2025,40,Wed,P12,False,26510,280377,0.596808511,12.0,80784,110.0,8886.24,740.52,1240.8,0.5968,2025-10-01 00:00,2025-10-01 12:00,midnight,0.0,280376,True,True,True,2,2,1,True,1,mo_multi_sku_keying_error,,45931,0.596808511,740.52
10381,2025-10-01,2025,40,Wed,P12,False,26510,280488,0.522340426,6.0,35352,110.0,3888.72,648.12,1240.8,0.5223,2025-10-01 12:00,2025-10-01 18:00,chained_from_prev_mo,0.0,280377,True,True,True,2,2,1,True,1,mo_multi_sku_keying_error,,45931,0.522340426,648.12
10397,2025-10-05,2025,40,Sun,P11,False,26593,280264,0.69789501,111.0,966780,90.0,87010.2,783.8757,1123.2,0.6979,2025-10-05 00:00,2025-10-09 15:00,midnight,3.0,280264,True,True,True,1,1,1,True,1,hrs_overlaps_next_mo,,45935,0.69789501,783.88
10412,2025-10-07,2025,41,Tue,P15,False,26607,280541,0.603472222,36.0,271128,90.0,24401.52,677.82,1123.2,0.6035,2025-10-07 00:00,2025-10-08 12:00,midnight,0.0,280105,True,True,True,1,1,1,True,1,hrs_overlaps_next_mo,,45937,0.603472222,677.82
10415,2025-10-07,2025,41,Tue,P21,True,26622,280213,0.735850694,24.0,440804,90.0,39672.36,1653.015,2246.4,0.7359,2025-10-07 00:00,2025-10-08 00:00,midnight,0.0,280324,True,True,True,2,2,1,True,1,mo_multi_sku_keying_error,,45937,0.735850694,1653.02
10416,2025-10-07,2025,41,Tue,P21,True,26622,280480,0.648665137,88.0,1424780,90.0,128230.2,1457.1614,2246.4,0.6487,2025-10-07 00:00,2025-10-10 16:00,midnight,5.0,280213,True,True,True,2,2,1,True,1,mo_multi_sku_keying_error,,45937,0.648665137,1457.16
10417,2025-10-08,2025,41,Wed,P11,False,2593,280264,0.709535256,12.0,106260,90.0,9563.4,796.95,1123.2,0.7095,2025-10-08 00:00,2025-10-08 12:00,midnight,2.0,280264,True,True,True,1,1,1,True,1,mo_out_of_sequence,,45938,0.709535256,796.95
10443,2025-10-14,2025,42,Tue,P09,False,26656,280571,0.64275641,100.0,802160,90.0,72194.4,721.944,1123.2,0.6428,2025-10-14 00:00,2025-10-18 04:00,midnight,0.0,280493,True,True,True,1,1,1,True,1,hrs_overlaps_next_mo,,45944,0.64275641,721.94
10449,2025-10-15,2025,42,Wed,P20,True,26677,280324,0.7800414,24.0,467276,90.0,42054.84,1752.285,2246.4,0.78,2025-10-15 00:00,2025-10-16 00:00,midnight,0.0,280586,True,True,True,2,2,1,True,1,mo_multi_sku_keying_error,,45945,0.7800414,1752.29
10450,2025-10-15,2025,42,Wed,P20,True,26677,280480,0.645562901,64.0,1031248,90.0,92812.32,1450.1925,2246.4,0.6456,2025-10-15 00:00,2025-10-17 16:00,midnight,4.0,280324,True,True,True,2,2,1,True,1,mo_multi_sku_keying_error,,45945,0.645562901,1450.19
10462,2025-10-19,2025,42,Sun,P19,True,26724,280324,0.662580128,24.0,396912,90.0,35722.08,1488.42,2246.4,0.6626,2025-10-19 00:00,2025-10-20 00:00,midnight,0.0,280351,True,True,True,2,2,1,True,1,mo_multi_sku_keying_error,,45949,0.662580128,1488.42
10463,2025-10-19,2025,42,Sun,P19,True,26724,280351,0.736335637,128.0,2352504,90.0,211725.36,1654.1044,2246.4,0.7363,2025-10-19 00:00,2025-10-24 08:00,midnight,7.0,280324,True,True,True,2,2,1,True,1,mo_multi_sku_keying_error,,45949,0.736335637,1654.1
10490,2025-10-27,2025,44,Mon,P18,True,26774,280324,0.768571687,106.5,2043048,90.0,183874.32,1726.5194,2246.4,0.7686,2025-10-27 12:00,2025-10-31 22:30,chained_from_prev_mo,2.0,280591,True,True,True,1,1,1,True,1,hrs_overlaps_next_mo,,45957,0.768571687,1726.52
10494,2025-10-29,2025,44,Wed,P12,False,26777,280622,0.438425926,12.0,56820,120.0,6818.4,568.2,1353.6,0.4198,2025-10-29 00:00,2025-10-29 12:00,midnight,10.0,120448,True,True,True,2,2,2,True,2,mo_multi_sku_keying_error|oee_inconsistent_with_rate,mo_split_across_lines,45959,0.438425926,568.2
10497,2025-10-29,2025,44,Wed,P20,True,26777,280105,0.65476429,24.0,392230,90.0,35300.7,1470.8625,2246.4,0.6548,2025-10-29 00:00,2025-10-30 00:00,midnight,1.0,280585,False,False,False,2,2,2,True,1,mo_multi_sku_keying_error,mo_split_across_lines|sku_not_in_master|pair_not_in_capability_table,45959,0.65476429,1470.86
10503,2025-11-02,2025,44,Sun,P09,False,26887,280169,0.731794872,60.0,547968,90.0,49317.12,821.952,1123.2,0.7318,2025-11-02 00:00,2025-11-04 12:00,midnight,1.0,280425,True,True,True,1,1,1,True,1,hrs_overlaps_next_mo,,45963,0.731794872,821.95
10508,2025-11-02,2025,44,Sun,P16,False,26821,280490,0.649855769,60.0,486612,90.0,43795.08,729.918,1123.2,0.6499,2025-11-02 00:00,2025-11-04 12:00,midnight,1.0,280490,True,True,True,2,1,2,True,1,hrs_overlaps_next_mo,mo_split_across_lines,45963,0.649855769,729.92
10509,2025-11-02,2025,44,Sun,P18,True,26821,280490,0.65221688,36.0,586056,90.0,52745.04,1465.14,2246.4,0.6522,2025-11-02 00:00,2025-11-03 12:00,midnight,0.0,280324,True,True,True,2,1,2,True,1,hrs_overlaps_next_mo,mo_split_across_lines,45963,0.65221688,1465.14
10510,2025-11-02,2025,44,Sun,P18,True,26824,280324,0.681810897,88.0,1497584,90.0,134782.56,1531.62,2246.4,0.6818,2025-11-02 00:00,2025-11-05 16:00,midnight,1.0,280490,True,True,True,2,1,2,True,1,hrs_overlaps_next_mo,mo_split_across_lines,45963,0.681810897,1531.62
10511,2025-11-02,2025,44,Sun,P19,True,26824,280324,0.739633413,64.0,1181520,90.0,106336.8,1661.5125,2246.4,0.7396,2025-11-02 00:00,2025-11-04 16:00,midnight,0.0,280351,True,True,True,2,1,2,True,1,hrs_overlaps_next_mo,mo_split_across_lines,45963,0.739633413,1661.51
10513,2025-11-02,2025,44,Sun,P20,True,26826,280351,0.571789864,64.0,913400,90.0,82206.0,1284.4688,2246.4,0.5718,2025-11-02 00:00,2025-11-04 16:00,midnight,0.0,280453,True,True,False,2,1,2,True,1,hrs_overlaps_next_mo,mo_split_across_lines|pair_not_flagged_capable,45963,0.571789864,1284.47
10515,2025-11-02,2025,44,Sun,P21,True,26827,280451,0.632794058,63.0,995056,90.0,89555.04,1421.5086,2246.4,0.6328,2025-11-02 00:00,2025-11-04 15:00,midnight,0.0,280480,True,True,False,2,1,2,True,1,hrs_overlaps_next_mo,mo_split_across_lines|pair_not_flagged_capable,45963,0.632794058,1421.51
10517,2025-11-02,2025,44,Sun,P22,True,26833,280480,0.624465812,42.0,654640,90.0,58917.6,1402.8,2246.4,0.6245,2025-11-02 00:00,2025-11-03 18:00,midnight,0.0,280324,True,True,True,1,1,1,True,1,hrs_overlaps_next_mo,,45963,0.624465812,1402.8
10532,2025-11-08,2025,45,Sat,P11,False,26953,280318,0.475801282,12.0,71256,90.0,6413.04,534.42,1123.2,0.4758,2025-11-08 06:00,2025-11-08 18:00,chained_from_prev_mo,1.0,280169,True,True,True,2,2,2,True,1,mo_multi_sku_keying_error,mo_split_across_lines,45969,0.475801282,534.42
10534,2025-11-08,2025,45,Sat,P19,True,26953,280256,0.491559829,9.0,110424,90.0,9938.16,1104.24,2246.4,0.4916,2025-11-08 00:00,2025-11-08 09:00,midnight,1.0,280351,True,True,True,2,2,2,True,1,mo_multi_sku_keying_error,mo_split_across_lines,45969,0.491559829,1104.24
10548,2025-11-10,2025,46,Mon,P12,False,26900,120448,0.646153846,36.0,290304,90.0,26127.36,725.76,1123.2,0.6462,2025-11-10 12:00,2025-11-12 00:00,chained_from_prev_mo,2.0,280107,True,True,True,2,2,2,True,1,mo_multi_sku_keying_error,mo_split_across_lines,45971,0.646153846,725.76
10551,2025-11-10,2025,46,Mon,P22,True,26900,280421,0.543439503,48.0,651084,90.0,58597.56,1220.7825,2246.4,0.5434,2025-11-10 00:00,2025-11-12 00:00,midnight,6.0,280318,True,True,True,2,2,2,True,1,mo_multi_sku_keying_error,mo_split_across_lines,45971,0.543439503,1220.78
10563,2025-11-14,2025,46,Fri,P18,True,26912,280318,0.821187233,24.0,491924,90.0,44273.16,1844.715,2246.4,0.8212,2025-11-14 00:00,2025-11-15 00:00,midnight,0.0,280212,True,True,True,2,2,1,True,1,mo_multi_sku_keying_error,,45975,0.821187233,1844.72
10564,2025-11-14,2025,46,Fri,P18,True,26912,280480,0.809795673,24.0,485100,90.0,43659.0,1819.125,2246.4,0.8098,2025-11-14 00:00,2025-11-15 00:00,midnight,2.0,280318,True,True,True,2,2,1,True,1,mo_multi_sku_keying_error,,45975,0.809795673,1819.13
10568,2025-11-15,2025,46,Sat,P11,False,27020,280580,,12.0,94360,,,,1123.2,,2025-11-15 06:00,2025-11-15 18:00,chained_from_prev_mo,1.0,280264,True,True,True,1,1,1,False,2,oee_not_numeric|pouch_weight_missing,,45976,#DIV/0!,0.0
10571,2025-11-15,2025,46,Sat,P20,True,226918,280584,0.506410256,12.0,151680,90.0,13651.2,1137.6,2246.4,0.5064,2025-11-15 04:00,2025-11-15 16:00,chained_from_prev_mo,1.0,280584,True,True,True,1,1,1,True,1,mo_out_of_sequence,,45976,0.506410256,1137.6
10573,2025-11-16,2025,46,Sun,P11,False,26966,280580,,36.0,308840,,,,1123.2,,2025-11-16 00:00,2025-11-17 12:00,midnight,1.0,280580,True,True,True,1,1,1,False,2,oee_not_numeric|pouch_weight_missing,,45977,#DIV/0!,0.0
10575,2025-11-16,2025,46,Sun,P14,False,26973,120430,0.697340745,64.0,556980,90.0,50128.2,783.2531,1123.2,0.6973,2025-11-16 00:00,2025-11-18 16:00,midnight,1.0,120430,False,False,False,1,1,1,True,1,hrs_overlaps_next_mo,sku_not_in_master|pair_not_in_capability_table,45977,0.697340745,783.25
10577,2025-11-16,2025,46,Sun,P18,True,26938,280480,0.827978098,12.0,247996,90.0,22319.64,1859.97,2246.4,0.828,2025-11-16 00:00,2025-11-16 12:00,midnight,0.0,280480,True,True,True,1,1,1,True,1,dup_date_line_sku,,45977,0.827978098,1859.97
10578,2025-11-16,2025,46,Sun,P18,True,26982,280480,0.565384615,12.0,169344,90.0,15240.96,1270.08,2246.4,0.5654,2025-11-16 12:00,2025-11-17 00:00,chained_from_prev_mo,1.0,280480,True,True,True,1,1,1,True,1,dup_date_line_sku,,45977,0.565384615,1270.08
10598,2025-11-21,2025,47,Fri,P14,False,2697,120430,0.814182692,8.0,81288,90.0,7315.92,914.49,1123.2,0.8142,2025-11-21 00:00,2025-11-21 08:00,midnight,1.0,280602,False,False,False,1,1,1,True,1,mo_out_of_sequence,sku_not_in_master|pair_not_in_capability_table,45982,0.814182692,914.49
10608,2025-11-22,2025,47,Sat,P21,True,27106,280324,0.623557692,12.0,186768,90.0,16809.12,1400.76,2246.4,0.6236,2025-11-22 00:00,2025-11-22 12:00,midnight,0.0,280591,True,True,True,1,1,1,True,1,dup_date_line_sku,,45983,0.623557692,1400.76
10609,2025-11-22,2025,47,Sat,P21,True,27108,280324,0.355235043,12.0,106400,90.0,9576.0,798.0,2246.4,0.3552,2025-11-22 12:00,2025-11-23 00:00,chained_from_prev_mo,9.0,280324,True,True,True,1,1,1,True,1,dup_date_line_sku,,45983,0.355235043,798.0
10610,2025-11-22,2025,47,Sat,P22,True,27103,280324,0.398717949,12.0,119424,90.0,10748.16,895.68,2246.4,0.3987,2025-11-22 00:00,2025-11-22 12:00,midnight,0.0,280590,True,True,True,1,1,1,True,1,dup_date_line_sku,,45983,0.398717949,895.68
10611,2025-11-22,2025,47,Sat,P22,True,27111,280324,0.507264957,12.0,151936,90.0,13674.24,1139.52,2246.4,0.5073,2025-11-22 12:00,2025-11-23 00:00,chained_from_prev_mo,15.0,280324,True,True,True,1,1,1,True,1,dup_date_line_sku,,45983,0.507264957,1139.52
10613,2025-12-01,2025,49,Mon,P11,False,27028,280572,0.67068977,48.0,401770,90.0,36159.3,753.3188,1123.2,0.6707,2025-12-01 00:00,2025-12-03 00:00,midnight,0.0,280591,True,True,True,2,2,1,True,2,hrs_overlaps_next_mo|mo_multi_sku_keying_error,,45992,0.67068977,753.32
10614,2025-12-01,2025,49,Mon,P11,False,27028,280573,0.144169486,5.23,9410,90.0,846.9,161.9312,1123.2,0.1442,2025-12-01 00:00,2025-12-01 05:14,midnight,2.0,280572,True,True,True,2,2,1,True,2,oee_low|mo_multi_sku_keying_error,,45992,0.144169486,161.93
10615,2025-12-01,2025,49,Mon,P12,False,27031,280379,0.502600473,36.0,204096,110.0,22450.56,623.6267,1240.8,0.5026,2025-12-01 00:00,2025-12-02 12:00,midnight,0.0,120436,True,True,True,1,1,1,True,1,hrs_overlaps_next_mo,,45992,0.502600473,623.63
10616,2025-12-01,2025,49,Mon,P12,False,27036,280380,0.400827423,24.0,108512,110.0,11936.32,497.3467,1240.8,0.4008,2025-12-01 00:00,2025-12-02 00:00,midnight,2.0,280379,True,True,True,2,2,2,True,1,mo_multi_sku_keying_error,mo_split_across_lines,45992,0.400827423,497.35
10618,2025-12-01,2025,49,Mon,P15,False,27036,280348,0.479166667,12.0,71760,90.0,6458.4,538.2,1123.2,0.4792,2025-12-01 00:00,2025-12-01 12:00,midnight,1.0,280451,True,True,True,2,2,2,True,1,mo_multi_sku_keying_error,mo_split_across_lines,45992,0.479166667,538.2
10623,2025-12-02,2025,49,Tue,P15,False,27039,280348,0.646375868,96.0,774410,90.0,69696.9,726.0094,1123.2,0.6464,2025-12-02 00:00,2025-12-06 00:00,midnight,2.0,280348,True,True,True,1,1,1,True,1,hrs_overlaps_next_mo,,45993,0.646375868,726.01
10636,2025-12-05,2025,49,Fri,P09,False,270327,280586,0.791666667,8.0,79040,90.0,7113.6,889.2,1123.2,0.7917,2025-12-05 12:00,2025-12-05 20:00,chained_from_prev_mo,1.0,251200,True,True,True,1,1,1,True,1,mo_out_of_sequence,,45996,0.791666667,889.2
10643,2025-12-07,2025,49,Sun,P12,False,27125,280426,0.245288754,24.5,67788,110.0,7456.68,304.3543,1240.8,0.2453,2025-12-07 00:00,2025-12-08 00:30,midnight,0.0,280378,True,True,True,1,1,1,True,1,hrs_overlaps_next_mo,,45998,0.245288754,304.35
10652,2025-12-07,2025,49,Sun,P22,True,27148,280591,0.411575594,82.0,842380,90.0,75814.2,924.5634,2246.4,0.4116,2025-12-07 00:00,2025-12-10 10:00,midnight,2.0,280324,True,True,True,1,1,1,True,1,hrs_overlaps_next_mo,,45998,0.411575594,924.56
10677,2025-12-13,2025,50,Sat,P22,True,27256,570261,0.040010684,12.0,11984,90.0,1078.56,89.88,2246.4,0.04,2025-12-13 04:00,2025-12-13 16:00,chained_from_prev_mo,1.0,280452,True,True,True,1,1,1,True,1,oee_low,,46004,0.040010684,89.88
10680,2025-12-14,2025,50,Sun,P13,False,27208,280256,0.74347166,126.0,1057752,90.0,95197.68,755.5371,1123.2,0.6727,2025-12-14 00:00,2025-12-19 06:00,midnight,7.0,280256,True,True,True,1,1,1,True,1,oee_inconsistent_with_rate,,46005,0.74347166,755.54
10686,2025-12-14,2025,50,Sun,P20,True,27222,280344,0.614905955,76.0,1166452,90.0,104980.68,1381.3247,2246.4,0.6149,2025-12-14 00:00,2025-12-17 04:00,midnight,0.0,280490,True,True,True,1,1,1,True,1,hrs_overlaps_next_mo,,46005,0.614905955,1381.32
10695,2025-12-16,2025,51,Tue,P11,False,27203,280281,,66.0,626316,90.0,56368.44,854.0673,1123.2,0.7604,2025-12-16 00:00,2025-12-18 18:00,midnight,0.0,280298,True,True,True,2,2,1,False,3,oee_not_numeric|hrs_overlaps_next_mo|mo_multi_sku_keying_error,,46007,#DIV/0!,854.07
10696,2025-12-16,2025,51,Tue,P11,False,27203,280298,0.655522169,48.0,392684,90.0,35341.56,736.2825,1123.2,0.6555,2025-12-16 00:00,2025-12-18 00:00,midnight,5.0,280281,True,True,True,2,2,1,True,1,mo_multi_sku_keying_error,,46007,0.655522169,736.28
10701,2025-12-18,2025,51,Thu,P14,False,27206,120431,0.851602564,48.0,255072,90.0,22956.48,478.26,1123.2,0.4258,2025-12-18 00:00,2025-12-20 00:00,midnight,2.0,120532,False,False,False,1,1,1,True,1,oee_inconsistent_with_rate,sku_not_in_master|pair_not_in_capability_table,46009,0.851602564,478.26
10708,2025-12-19,2025,51,Fri,P18,True,27350,280480,0.129326923,25.0,80700,90.0,7263.0,290.52,2246.4,0.1293,2025-12-19 00:00,2025-12-20 01:00,midnight,3.0,280324,True,True,True,1,1,1,True,1,oee_low,,46010,0.129326923,290.52
10717,2025-12-21,2025,51,Sun,P09,False,27262,280571,0.691059541,52.0,448470,90.0,40362.3,776.1981,1123.2,0.6911,2025-12-21 00:00,2025-12-23 04:00,midnight,1.0,280571,True,True,True,1,1,1,True,1,hrs_overlaps_next_mo,,46012,0.691059541,776.2
10718,2025-12-21,2025,51,Sun,P11,False,27263,280281,,24.0,188436,90.0,16959.24,706.635,1123.2,0.6291,2025-12-21 00:00,2025-12-22 00:00,midnight,1.0,280298,True,True,True,1,1,1,False,1,oee_not_numeric,,46012,#DIV/0!,706.64
10727,2025-12-21,2025,51,Sun,P22,True,27276,280169,0.737851331,26.0,478836,90.0,43095.24,1657.5092,2246.4,0.7379,2025-12-21 00:00,2025-12-22 02:00,midnight,0.0,120436,True,True,True,1,1,1,True,1,hrs_overlaps_next_mo,,46012,0.737851331,1657.51
10729,2025-12-22,2025,52,Mon,P09,False,2770571,280571,0.578458868,12.0,86630,90.0,7796.7,649.725,1123.2,0.5785,2025-12-22 00:00,2025-12-22 12:00,midnight,11.0,280571,True,True,True,1,1,1,True,1,mo_out_of_sequence,,46013,0.578458868,649.73
10738,2026-01-02,2026,1,Fri,P16,False,27292,120430,0.23288638,2.18,6336,90.0,570.24,261.578,1123.2,0.2329,2026-01-02 00:00,2026-01-02 02:11,midnight,0.0,120464,False,False,False,2,2,1,True,1,mo_multi_sku_keying_error,sku_not_in_master|pair_not_in_capability_table,46024,0.23288638,261.58
10739,2026-01-02,2026,1,Fri,P16,False,27292,120464,0.576709402,36.0,259104,90.0,23319.36,647.76,1123.2,0.5767,2026-01-02 02:11,2026-01-03 14:11,chained_from_prev_mo,2.0,120430,False,False,False,2,2,1,True,1,mo_multi_sku_keying_error,sku_not_in_master|pair_not_in_capability_table,46024,0.576709402,647.76
10744,2026-01-02,2026,1,Fri,P21,True,27298,280324,0.028617216,1.12,800,90.0,72.0,64.2857,2246.4,0.0286,2026-01-02 00:00,2026-01-02 01:07,midnight,0.0,280324,True,True,True,1,1,1,True,1,oee_low,,46024,0.028617216,64.29
10752,2026-01-04,2026,1,Sun,P16,False,27375,241287,0.700357906,60.0,524428,90.0,47198.52,786.642,1123.2,0.7004,2026-01-04 00:00,2026-01-06 12:00,midnight,0.0,120464,False,False,False,1,1,1,True,1,hrs_overlaps_next_mo,sku_not_in_master|pair_not_in_capability_table,46026,0.700357906,786.64
10756,2026-01-04,2026,1,Sun,P19,True,27379,280351,0.64249747,152.0,2437584,90.0,219382.56,1443.3063,2246.4,0.6425,2026-01-04 00:00,2026-01-10 08:00,midnight,1.0,280351,True,True,True,1,1,1,True,1,hrs_overlaps_next_mo,,46026,0.64249747,1443.31
10762,2026-01-05,2026,2,Mon,P14,False,27374,120431,0.714066952,54.0,481224,90.0,43310.16,802.04,1123.2,0.7141,2026-01-05 12:00,2026-01-07 18:00,chained_from_prev_mo,3.0,120451,False,False,False,2,2,2,True,1,mo_multi_sku_keying_error,mo_split_across_lines|sku_not_in_master|pair_not_in_capability_table,46027,0.714066952,802.04
10763,2026-01-05,2026,2,Mon,P19,True,27374,280351,0.566272703,24.0,339220,90.0,30529.8,1272.075,2246.4,0.5663,2026-01-05 00:00,2026-01-06 00:00,midnight,6.0,280351,True,True,True,2,2,2,True,1,mo_multi_sku_keying_error,mo_split_across_lines,46027,0.566272703,1272.08
10780,2026-01-11,2026,2,Sun,P14,False,27400,280478,0.660576923,45.0,370980,90.0,33388.2,741.96,1123.2,0.6606,2026-01-11 00:00,2026-01-12 21:00,midnight,0.0,280345,True,True,True,1,1,1,True,1,hrs_overlaps_next_mo,,46033,0.660576923,741.96
10784,2026-01-11,2026,2,Sun,P18,True,27411,280490,0.5838657,132.0,1923674,90.0,173130.66,1311.5959,2246.4,0.5839,2026-01-11 00:00,2026-01-16 12:00,midnight,0.0,280480,True,True,True,1,1,1,True,1,hrs_overlaps_next_mo,,46033,0.5838657,1311.6
10788,2026-01-11,2026,2,Sun,P21,True,27477,570261,0.568773195,76.0,1078940,90.0,97104.6,1277.6921,2246.4,0.5688,2026-01-11 00:00,2026-01-14 04:00,midnight,1.0,570261,True,True,True,1,1,1,True,1,hrs_overlaps_next_mo,,46033,0.568773195,1277.69
10790,2026-01-11,2026,2,Sun,P22,True,27426,280451,0.631170826,84.0,1323338,90.0,119100.42,1417.8621,2246.4,0.6312,2026-01-11 12:00,2026-01-15 00:00,chained_from_prev_mo,0.0,280480,True,True,True,2,2,1,True,2,hrs_overlaps_next_mo|mo_multi_sku_keying_error,,46033,0.631170826,1417.86
10791,2026-01-11,2026,2,Sun,P22,True,27426,280452,0.452528045,40.0,451804,90.0,40662.36,1016.559,2246.4,0.4525,2026-01-11 00:00,2026-01-12 16:00,midnight,6.0,280451,True,True,True,2,2,1,True,1,mo_multi_sku_keying_error,,46033,0.452528045,1016.56
10794,2026-01-12,2026,3,Mon,P20,True,27420,120448,0.611982249,52.0,794304,90.0,71487.36,1374.7569,2246.4,0.612,2026-01-12 00:00,2026-01-14 04:00,midnight,0.0,280583,True,True,True,2,2,1,True,2,hrs_overlaps_next_mo|mo_multi_sku_keying_error,,46034,0.611982249,1374.76
10795,2026-01-12,2026,3,Mon,P20,True,27420,280107,0.710828437,72.0,1277444,90.0,114969.96,1596.805,2246.4,0.7108,2026-01-12 00:00,2026-01-15 00:00,midnight,5.0,120448,True,True,True,2,2,1,True,1,mo_multi_sku_keying_error,,46034,0.710828437,1596.81
10809,2026-01-17,2026,3,Sat,P13,False,27492,280351,0.579608753,174.0,1258632,90.0,113276.88,651.0166,1123.2,0.5796,2026-01-17 00:00,2026-01-24 06:00,midnight,8.0,280256,True,True,True,1,1,1,True,1,hrs_long,,46039,0.579608753,651.02
10831,2026-01-20,2026,4,Tue,P18,True,27532,280490,0.664476496,24.0,398048,90.0,35824.32,1492.68,2246.4,0.6645,2026-01-20 00:00,2026-01-21 00:00,midnight,0.0,280490,True,True,True,2,2,1,True,1,mo_multi_sku_keying_error,,46042,0.664476496,1492.68
10832,2026-01-20,2026,4,Tue,P18,True,27532,280647,0.61284965,88.0,1346112,90.0,121150.08,1376.7055,2246.4,0.6128,2026-01-20 00:00,2026-01-23 16:00,midnight,5.0,280490,False,False,False,2,2,1,True,1,mo_multi_sku_keying_error,sku_not_in_master|pair_not_in_capability_table,46042,0.61284965,1376.71
10846,2026-01-25,2026,4,Sun,P14,False,27571,280478,0.685786147,36.0,308110,90.0,27729.9,770.275,1123.2,0.6858,2026-01-25 00:00,2026-01-26 12:00,midnight,0.0,280090,True,True,True,1,1,1,True,1,hrs_overlaps_next_mo,,46047,0.685786147,770.28
10872,2026-01-29,2026,5,Thu,P15,False,27577,120436,0.613141026,12.0,91824,90.0,8264.16,688.68,1123.2,0.6131,2026-01-29 10:00,2026-01-29 22:00,chained_from_prev_mo,0.0,570223,True,True,True,3,2,2,True,1,mo_multi_sku_keying_error,mo_split_across_lines,46051,0.613141026,688.68
10873,2026-01-29,2026,5,Thu,P15,False,27577,120463,0.497031441,42.0,260524,90.0,23447.16,558.2657,1123.2,0.497,2026-01-29 22:00,2026-01-31 16:00,chained_from_prev_mo,3.0,120436,True,True,True,3,2,2,True,1,mo_multi_sku_keying_error,mo_split_across_lines,46051,0.497031441,558.27
10874,2026-01-29,2026,5,Thu,P16,False,27577,120463,0.089983974,8.0,8984,90.0,808.56,101.07,1123.2,0.09,2026-01-29 00:00,2026-01-29 08:00,midnight,0.0,120448,True,True,True,3,2,2,True,2,oee_low|mo_multi_sku_keying_error,mo_split_across_lines,46051,0.089983974,101.07
10878,2026-01-31,2026,5,Sat,P17,True,27650,280480,0.671710389,184.0,3084924,90.0,277643.16,1508.9302,2246.4,0.6717,2026-01-31 00:00,2026-02-07 16:00,midnight,8.0,280323,True,True,True,1,1,1,True,1,hrs_long,,46053,0.671710389,1508.93
10879,2026-01-31,2026,5,Sat,P18,True,27651,280324,0.626702724,24.0,375420,90.0,33787.8,1407.825,2246.4,0.6267,2026-01-31 00:00,2026-02-01 00:00,midnight,0.0,280105,True,True,True,2,2,1,True,1,mo_multi_sku_keying_error,,46053,0.626702724,1407.83
10880,2026-01-31,2026,5,Sat,P18,True,27651,280344,0.525761218,16.0,209968,90.0,18897.12,1181.07,2246.4,0.5258,2026-01-31 00:00,2026-01-31 16:00,midnight,2.0,280324,True,True,True,2,2,1,True,1,mo_multi_sku_keying_error,,46053,0.525761218,1181.07
10881,2026-01-31,2026,5,Sat,P19,True,27656,280351,0.703320662,172.0,3019440,90.0,271749.6,1579.9395,2246.4,0.7033,2026-01-31 04:00,2026-02-07 08:00,chained_from_prev_mo,8.0,280256,True,True,True,1,1,1,True,1,hrs_long,,46053,0.703320662,1579.94
10882,2026-01-31,2026,5,Sat,P20,True,27659,280324,0.792559129,116.0,2294744,90.0,206526.96,1780.4048,2246.4,0.7926,2026-01-31 00:00,2026-02-04 20:00,midnight,0.0,280586,True,True,True,1,1,1,True,2,hrs_overlaps_next_mo|dup_date_line_sku,,46053,0.792559129,1780.4
10883,2026-01-31,2026,5,Sat,P20,True,27697,280324,0.599252137,12.0,179488,90.0,16153.92,1346.16,2246.4,0.5993,2026-01-31 00:00,2026-01-31 12:00,midnight,6.0,280324,True,True,True,1,1,1,True,1,dup_date_line_sku,,46053,0.599252137,1346.16
10884,2026-01-31,2026,5,Sat,P21,True,27599,280324,0.348290598,12.0,104320,90.0,9388.8,782.4,2246.4,0.3483,2026-01-31 00:00,2026-01-31 12:00,midnight,0.0,280591,True,True,True,1,1,1,True,1,dup_date_line_sku,,46053,0.348290598,782.4
10885,2026-01-31,2026,5,Sat,P21,True,27698,280324,0.531089744,12.0,159072,90.0,14316.48,1193.04,2246.4,0.5311,2026-01-31 12:00,2026-02-01 00:00,chained_from_prev_mo,1.0,280324,True,True,True,1,1,1,True,1,dup_date_line_sku,,46053,0.531089744,1193.04
10892,2026-02-02,2026,6,Mon,P18,True,27654,280324,0.580791767,64.0,927780,90.0,83500.2,1304.6906,2246.4,0.5808,2026-02-02 00:00,2026-02-04 16:00,midnight,1.0,280344,True,True,True,1,1,1,True,1,hrs_overlaps_next_mo,,46055,0.580791767,1304.69
10898,2026-02-04,2026,6,Wed,P09,False,27673,280264,0.565206553,36.0,253936,90.0,22854.24,634.84,1123.2,0.5652,2026-02-04 00:00,2026-02-05 12:00,midnight,0.0,280107,True,True,True,1,1,1,True,1,hrs_overlaps_next_mo,,46057,0.565206553,634.84
10918,2026-02-08,2026,6,Sun,P20,True,27726,120464,0.626921695,58.0,907582,90.0,81682.38,1408.3169,2246.4,0.6269,2026-02-08 00:00,2026-02-10 10:00,midnight,1.0,280169,False,False,False,1,1,1,True,1,hrs_overlaps_next_mo,sku_not_in_master|pair_not_in_capability_table,46061,0.626921695,1408.32
10926,2026-02-11,2026,7,Wed,P14,False,27708,280478,0.518043228,78.0,504284,90.0,45385.56,581.8662,1123.2,0.518,2026-02-11 00:00,2026-02-14 06:00,midnight,0.0,120534,True,True,True,1,1,1,True,1,hrs_overlaps_next_mo,,46064,0.518043228,581.87
10928,2026-02-12,2026,7,Thu,P09,False,27704,120430,0.673958333,12.0,100932,90.0,9083.88,756.99,1123.2,0.674,2026-02-12 00:00,2026-02-12 12:00,midnight,0.0,280573,False,False,False,2,2,1,True,1,mo_multi_sku_keying_error,sku_not_in_master|pair_not_in_capability_table,46065,0.673958333,756.99
10929,2026-02-12,2026,7,Thu,P09,False,27704,120436,0.65042735,30.0,243520,90.0,21916.8,730.56,1123.2,0.6504,2026-02-12 12:00,2026-02-13 18:00,chained_from_prev_mo,2.0,120430,True,True,True,2,2,1,True,1,mo_multi_sku_keying_error,,46065,0.65042735,730.56
10938,2026-02-13,2026,7,Fri,P20,True,278830,280451,0.549145299,48.0,657920,90.0,59212.8,1233.6,2246.4,0.5491,2026-02-13 00:00,2026-02-15 00:00,midnight,2.0,280451,True,True,True,1,1,1,True,1,mo_out_of_sequence,,46066,0.549145299,1233.6
10957,2026-02-16,2026,8,Mon,P20,True,27797,241287,0.681697382,24.0,408364,90.0,36752.76,1531.365,2246.4,0.6817,2026-02-16 04:00,2026-02-17 04:00,chained_from_prev_mo,0.0,280344,False,False,False,2,2,1,True,1,mo_multi_sku_keying_error,sku_not_in_master|pair_not_in_capability_table,46069,0.681697382,1531.37
10958,2026-02-16,2026,8,Mon,P20,True,27797,280584,0.593108974,12.0,177648,90.0,15988.32,1332.36,2246.4,0.5931,2026-02-16 00:00,2026-02-16 12:00,midnight,2.0,241287,True,True,True,2,2,1,True,1,mo_multi_sku_keying_error,,46069,0.593108974,1332.36
10961,2026-02-17,2026,8,Tue,P17,True,27791,280480,0.649696035,184.0,2983820,90.0,268543.8,1459.4772,2246.4,0.6497,2026-02-17 00:00,2026-02-24 16:00,midnight,5.0,280166,True,True,True,1,1,1,True,2,hrs_long|hrs_overlaps_next_mo,,46070,0.649696035,1459.48
10969,2026-02-20,2026,8,Fri,P12,False,280612,280612,7.71605e-06,12.0,1,100.0,0.1,0.0083,1080.0,0.0,2026-02-20 00:00,2026-02-20 12:00,midnight,2.0,280612,True,True,True,1,1,1,True,2,oee_low|mo_out_of_sequence,,46073,7.71605E-06,0.01
10987,2026-02-24,2026,9,Tue,P19,True,27859,280105,0.655138221,64.0,1046544,90.0,94188.96,1471.7025,2246.4,0.6551,2026-02-24 00:00,2026-02-26 16:00,midnight,0.0,280351,False,False,False,2,2,1,True,2,hrs_overlaps_next_mo|mo_multi_sku_keying_error,sku_not_in_master|pair_not_in_capability_table,46077,0.655138221,1471.7
10988,2026-02-24,2026,9,Tue,P19,True,27859,280256,0.750861378,48.0,899592,90.0,80963.28,1686.735,2246.4,0.7509,2026-02-24 00:00,2026-02-26 00:00,midnight,5.0,280105,True,True,True,2,2,1,True,1,mo_multi_sku_keying_error,,46077,0.750861378,1686.74
11038,2026-03-10,2026,11,Tue,P14,False,28022,280659,0.725894765,12.0,108710,90.0,9783.9,815.325,1123.2,0.7259,2026-03-10 12:00,2026-03-11 00:00,chained_from_prev_mo,0.0,280659,True,True,True,2,2,1,True,1,mo_multi_sku_keying_error,,46091,0.725894765,815.33
11039,2026-03-10,2026,11,Tue,P14,False,28022,280660,0.58583734,48.0,350940,90.0,31584.6,658.0125,1123.2,0.5858,2026-03-10 00:00,2026-03-12 00:00,midnight,3.0,280659,True,True,True,2,2,1,True,1,mo_multi_sku_keying_error,,46091,0.58583734,658.01
11043,2026-03-10,2026,11,Tue,P22,True,28046,280169,0.590796474,100.0,1474628,90.0,132716.52,1327.1652,2246.4,0.5908,2026-03-10 00:00,2026-03-14 04:00,midnight,0.0,120448,True,True,True,2,2,1,True,2,hrs_overlaps_next_mo|mo_multi_sku_keying_error,,46091,0.590796474,1327.17
11044,2026-03-10,2026,11,Tue,P22,True,28046,280591,0.654086538,12.0,195912,90.0,17632.08,1469.34,2246.4,0.6541,2026-03-10 00:00,2026-03-10 12:00,midnight,5.0,280169,True,True,True,2,2,1,True,1,mo_multi_sku_keying_error,,46091,0.654086538,1469.34
11047,2026-03-11,2026,11,Wed,P17,True,28129,280256,0.684407051,40.0,683312,90.0,61498.08,1537.452,2246.4,0.6844,2026-03-11 22:00,2026-03-13 14:00,chained_from_prev_mo,0.0,570261,True,True,False,2,2,1,True,2,hrs_overlaps_next_mo|mo_multi_sku_keying_error,pair_not_flagged_capable,46092,0.684407051,1537.45
11048,2026-03-11,2026,11,Wed,P17,True,28129,570261,0.46418937,24.0,278068,90.0,25026.12,1042.755,2246.4,0.4642,2026-03-11 00:00,2026-03-12 00:00,midnight,4.0,280256,True,True,True,2,2,1,True,1,mo_multi_sku_keying_error,,46092,0.46418937,1042.76
11051,2026-03-11,2026,11,Wed,P21,True,28041,280324,0.731891026,24.0,438432,90.0,39458.88,1644.12,2246.4,0.7319,2026-03-11 00:00,2026-03-12 00:00,midnight,0.0,280490,True,True,True,2,2,1,True,1,mo_multi_sku_keying_error,,46092,0.731891026,1644.12
11052,2026-03-11,2026,11,Wed,P21,True,28041,280480,0.60664301,42.0,635956,90.0,57236.04,1362.7629,2246.4,0.6066,2026-03-11 00:00,2026-03-12 18:00,midnight,4.0,280324,True,True,True,2,2,1,True,1,mo_multi_sku_keying_error,,46092,0.60664301,1362.76
11063,2026-03-15,2026,11,Sun,P16,False,28098,280264,0.82568109,48.0,494616,90.0,44515.44,927.405,1123.2,0.8257,2026-03-15 00:00,2026-03-17 00:00,midnight,0.0,120444,True,True,True,1,1,1,True,1,hrs_overlaps_next_mo,,46096,0.82568109,927.41
11065,2026-03-15,2026,11,Sun,P17,True,28102,570261,0.582725694,24.0,349076,90.0,31416.84,1309.035,2246.4,0.5827,2026-03-15 00:00,2026-03-16 00:00,midnight,0.0,570261,True,True,True,1,1,1,True,1,dup_date_line_sku,,46096,0.582725694,1309.04
11066,2026-03-15,2026,11,Sun,P17,True,28117,570261,0.353122643,136.0,1198696,90.0,107882.64,793.2547,2246.4,0.3531,2026-03-15 00:00,2026-03-20 16:00,midnight,7.0,570261,True,True,True,1,1,1,True,1,dup_date_line_sku,,46096,0.353122643,793.25
11078,2026-03-17,2026,12,Tue,P20,True,280109,280674,0.723408525,112.0,2022303,90.0,182007.27,1625.0649,2246.4,0.7234,2026-03-17 00:00,2026-03-21 16:00,midnight,5.0,280344,False,False,False,1,1,1,True,1,mo_out_of_sequence,sku_not_in_master|pair_not_in_capability_table,46098,0.723408525,1625.06
11079,2026-03-18,2026,12,Wed,P12,False,28163,280622,0.376582892,21.0,85409,120.0,10249.08,488.0514,1353.6,0.3606,2026-03-18 00:00,2026-03-18 21:00,midnight,7.0,280615,True,True,True,1,1,1,True,1,oee_inconsistent_with_rate,,46099,0.376582892,488.05
11088,2026-03-22,2026,12,Sun,P14,False,28177,120532,0.696015353,81.0,703588,90.0,63322.92,781.7644,1123.2,0.696,2026-03-22 00:00,2026-03-25 09:00,midnight,0.0,280660,True,True,True,1,1,1,True,1,hrs_overlaps_next_mo,,46103,0.696015353,781.76
11091,2026-03-22,2026,12,Sun,P17,True,28184,280452,0.272419872,100.0,679960,90.0,61196.4,611.964,2246.4,0.2724,2026-03-22 00:00,2026-03-26 04:00,midnight,0.0,570261,True,True,True,1,1,1,True,1,hrs_overlaps_next_mo,,46103,0.272419872,611.96
11093,2026-03-22,2026,12,Sun,P18,True,28187,280480,0.576889475,124.0,1785496,90.0,160694.64,1295.9245,2246.4,0.5769,2026-03-22 00:00,2026-03-27 04:00,midnight,1.0,280490,True,True,True,1,1,1,True,1,hrs_overlaps_next_mo,,46103,0.576889475,1295.92
11099,2026-03-23,2026,13,Mon,P09,False,28212,280588,0.629861111,48.0,377312,90.0,33958.08,707.46,1123.2,0.6299,2026-03-23 12:00,2026-03-25 12:00,chained_from_prev_mo,2.0,280103,True,True,True,2,2,2,True,1,mo_multi_sku_keying_error,mo_split_across_lines,46104,0.629861111,707.46
11101,2026-03-23,2026,13,Mon,P18,True,28212,280480,0.750961538,24.0,449856,90.0,40487.04,1686.96,2246.4,0.751,2026-03-23 00:00,2026-03-24 00:00,midnight,4.0,280480,True,True,True,2,2,2,True,1,mo_multi_sku_keying_error,mo_split_across_lines,46104,0.750961538,1686.96
11106,2026-03-26,2026,13,Thu,P16,False,28183,120430,0.58525641,12.0,87648,90.0,7888.32,657.36,1123.2,0.5853,2026-03-26 00:00,2026-03-26 12:00,midnight,0.0,280480,False,False,False,2,2,1,True,1,mo_multi_sku_keying_error,sku_not_in_master|pair_not_in_capability_table,46107,0.58525641,657.36
11107,2026-03-26,2026,13,Thu,P16,False,28183,120463,0.616602564,60.0,461712,90.0,41554.08,692.568,1123.2,0.6166,2026-03-26 12:00,2026-03-29 00:00,chained_from_prev_mo,3.0,120430,True,True,True,2,2,1,True,1,mo_multi_sku_keying_error,,46107,0.616602564,692.57
11114,2026-03-27,2026,13,Fri,P22,True,28196,280682,0.719017094,36.0,646080,90.0,58147.2,1615.2,2246.4,0.719,2026-03-27 00:00,2026-03-28 12:00,midnight,0.0,120437,True,True,True,1,1,1,True,1,hrs_overlaps_next_mo,,46108,0.719017094,1615.2
11117,2026-03-29,2026,13,Sun,P09,False,28244,280103,0.683368946,36.0,307024,90.0,27632.16,767.56,1123.2,0.6834,2026-03-29 00:00,2026-03-30 12:00,midnight,0.0,280583,True,True,True,1,1,1,True,1,hrs_overlaps_next_mo,,46110,0.683368946,767.56
11125,2026-03-29,2026,13,Sun,P20,True,28269,280585,0.808203602,84.0,1694512,90.0,152506.08,1815.5486,2246.4,0.8082,2026-03-29 00:00,2026-04-01 12:00,midnight,0.0,280324,True,True,True,1,1,1,True,1,hrs_overlaps_next_mo,,46110,0.808203602,1815.55
11132,2026-03-31,2026,14,Tue,P09,False,28245,280452,0.533653846,6.0,39960,90.0,3596.4,599.4,1123.2,0.5337,2026-03-31 00:00,2026-03-31 06:00,midnight,0.0,280585,True,True,True,1,1,1,True,1,dup_date_line_sku,,46112,0.533653846,599.4
11133,2026-03-31,2026,14,Tue,P09,False,28342,280452,0.479925776,19.0,113800,90.0,10242.0,539.0526,1123.2,0.4799,2026-03-31 06:00,2026-04-01 01:00,chained_from_prev_mo,1.0,280452,True,True,True,1,1,1,True,1,dup_date_line_sku,,46112,0.479925776,539.05
11147,2026-04-03,2026,14,Fri,P15,False,28344,280605,0.45171404,43.0,209776,120.0,25173.12,585.4214,1353.6,0.4325,2026-04-03 00:00,2026-04-04 19:00,midnight,2.0,280106,True,True,True,1,1,1,True,1,oee_inconsistent_with_rate,,46115,0.45171404,585.42
11153,2026-04-04,2026,14,Sat,P13,False,28359,280256,0.509748777,173.0,1100568,90.0,99051.12,572.5498,1123.2,0.5097,2026-04-04 00:00,2026-04-11 05:00,midnight,8.0,280351,True,True,True,1,1,1,True,1,hrs_long,,46116,0.509748777,572.55
11159,2026-04-05,2026,14,Sun,P15,False,28367,280605,0.475484832,99.5,510956,120.0,61314.72,616.2283,1353.6,0.4553,2026-04-05 00:00,2026-04-09 03:30,midnight,5.0,280605,True,True,True,1,1,1,True,1,oee_inconsistent_with_rate,,46117,0.475484832,616.23
11163,2026-04-05,2026,14,Sun,P21,True,28380,280480,0.664753182,112.0,1236760,90.0,111308.4,993.825,2246.4,0.4424,2026-04-05 00:00,2026-04-09 16:00,midnight,5.0,280324,True,True,True,1,1,1,True,1,oee_inconsistent_with_rate,,46117,0.664753182,993.83
11165,2026-04-06,2026,15,Mon,P09,False,28353,280425,0.738848825,60.0,553250,90.0,49792.5,829.875,1123.2,0.7388,2026-04-06 00:00,2026-04-08 12:00,midnight,1.0,280318,True,True,True,1,1,1,True,1,hrs_overlaps_next_mo,,46118,0.738848825,829.88
11166,2026-04-06,2026,15,Mon,P12,False,28357,280605,0.419040698,86.0,389205,120.0,46704.6,543.0767,1353.6,0.4012,2026-04-06 00:00,2026-04-09 14:00,midnight,4.0,280539,True,True,True,1,1,1,True,1,oee_inconsistent_with_rate,,46118,0.419040698,543.08
11170,2026-04-09,2026,15,Thu,P22,True,28383,280642,0.637900641,12.0,191064,90.0,17195.76,1432.98,2246.4,0.6379,2026-04-09 00:00,2026-04-09 12:00,midnight,0.0,120464,False,False,False,2,2,1,True,1,mo_multi_sku_keying_error,sku_not_in_master|pair_not_in_capability_table,46121,0.637900641,1432.98
11171,2026-04-09,2026,15,Thu,P22,True,28383,280659,0.797733516,7.0,139380,90.0,12544.2,1792.0286,2246.4,0.7977,2026-04-09 12:00,2026-04-09 19:00,chained_from_prev_mo,0.0,280642,True,True,True,2,2,1,True,1,mo_multi_sku_keying_error,,46121,0.797733516,1792.03
11174,2026-04-10,2026,15,Fri,P12,False,28358,280607,0.339991182,42.0,154220,120.0,18506.4,440.6286,1353.6,0.3255,2026-04-10 00:00,2026-04-11 18:00,midnight,2.0,280605,True,True,True,1,1,1,True,1,oee_inconsistent_with_rate,,46122,0.339991182,440.63
11177,2026-04-10,2026,15,Fri,P15,False,28368,280624,0.49237167,28.5,151552,120.0,18186.24,638.1137,1353.6,0.4714,2026-04-10 00:00,2026-04-11 04:30,midnight,4.0,280605,True,True,True,1,1,1,True,1,oee_inconsistent_with_rate,,46122,0.49237167,638.11
11184,2026-04-11,2026,15,Sat,P14,False,28360,280478,0.195012019,8.0,19470,90.0,1752.3,219.0375,1123.2,0.195,2026-04-11 12:00,2026-04-11 20:00,chained_from_prev_mo,1.0,280573,True,True,True,1,1,1,True,1,oee_low,,46123,0.195012019,219.04
11189,2026-04-12,2026,15,Sun,P12,False,28433,280375,0.60750591,12.0,82232,110.0,9045.52,753.7933,1240.8,0.6075,2026-04-12 00:00,2026-04-12 12:00,midnight,0.0,280607,True,True,True,2,2,1,True,1,mo_multi_sku_keying_error,,46124,0.60750591,753.79
11190,2026-04-12,2026,15,Sun,P12,False,28433,280607,0.682956104,27.0,199150,120.0,23898.0,885.1111,1353.6,0.6539,2026-04-12 12:00,2026-04-13 15:00,chained_from_prev_mo,1.0,280375,True,True,True,2,2,1,True,2,mo_multi_sku_keying_error|oee_inconsistent_with_rate,,46124,0.682956104,885.11
11192,2026-04-12,2026,15,Sun,P14,False,28510,280478,0.527132107,46.0,302616,90.0,27235.44,592.0748,1123.2,0.5271,2026-04-12 00:00,2026-04-13 22:00,midnight,0.0,280478,True,True,True,1,1,1,True,2,hrs_overlaps_next_mo|dup_date_line_sku,,46124,0.527132107,592.07
11193,2026-04-12,2026,15,Sun,P14,False,28511,120532,0.537286325,12.0,80464,90.0,7241.76,603.48,1123.2,0.5373,2026-04-12 00:00,2026-04-12 12:00,midnight,0.0,280478,True,True,True,2,2,2,True,1,mo_multi_sku_keying_error,mo_split_across_lines,46124,0.537286325,603.48
11194,2026-04-12,2026,15,Sun,P14,False,280478,280478,0.635363248,12.0,95152,90.0,8563.68,713.64,1123.2,0.6354,2026-04-12 12:00,2026-04-13 00:00,chained_from_prev_mo,2.0,120532,True,True,True,1,1,1,True,2,mo_out_of_sequence|dup_date_line_sku,,46124,0.635363248,713.64
11197,2026-04-12,2026,15,Sun,P20,True,28511,280659,0.691129032,15.5,267384,90.0,24064.56,1552.5523,2246.4,0.6911,2026-04-12 00:00,2026-04-12 15:30,midnight,8.0,280659,True,True,True,2,2,2,True,1,mo_multi_sku_keying_error,mo_split_across_lines,46124,0.691129032,1552.55
11208,2026-04-14,2026,16,Tue,P16,False,28444,280644,0.754567308,12.0,113004,90.0,10170.36,847.53,1123.2,0.7546,2026-04-14 00:00,2026-04-14 12:00,midnight,0.0,280450,False,False,False,1,1,1,True,1,dup_date_line_sku,sku_not_in_master|pair_not_in_capability_table,46126,0.754567308,847.53
11209,2026-04-14,2026,16,Tue,P16,False,28512,280644,0.60849359,12.0,91128,90.0,8201.52,683.46,1123.2,0.6085,2026-04-14 12:00,2026-04-15 00:00,chained_from_prev_mo,1.0,280644,False,False,False,1,1,1,True,1,dup_date_line_sku,sku_not_in_master|pair_not_in_capability_table,46126,0.60849359,683.46
11212,2026-04-14,2026,16,Tue,P22,True,28457,241283,0.669569311,40.0,668498,90.0,60164.82,1504.1205,2246.4,0.6696,2026-04-14 00:00,2026-04-15 16:00,midnight,0.0,280169,True,True,True,1,1,1,True,1,hrs_overlaps_next_mo,,46126,0.669569311,1504.12
11215,2026-04-15,2026,16,Wed,P10,False,28473,280351,0.517007763,93.0,527472,90.0,47472.48,510.4568,1123.2,0.4545,2026-04-15 00:00,2026-04-18 21:00,midnight,4.0,280351,True,True,True,1,1,1,True,1,oee_inconsistent_with_rate,,46127,0.517007763,510.46
11217,2026-04-16,2026,16,Thu,P09,False,284428,570468,0.708066239,12.0,106040,90.0,9543.6,795.3,1123.2,0.7081,2026-04-16 06:00,2026-04-16 18:00,chained_from_prev_mo,1.0,280587,True,True,True,1,1,1,True,1,mo_out_of_sequence,,46128,0.708066239,795.3
11227,2026-04-18,2026,16,Sat,P12,False,28434,120430,0.102510684,12.0,15352,90.0,1381.68,115.14,1123.2,0.1025,2026-04-18 00:00,2026-04-18 12:00,midnight,0.0,280488,False,False,False,2,2,1,True,2,oee_low|mo_multi_sku_keying_error,sku_not_in_master|pair_not_in_capability_table,46130,0.102510684,115.14
11228,2026-04-18,2026,16,Sat,P12,False,28434,280611,0.469228395,12.0,60812,100.0,6081.2,506.7667,1080.0,0.4692,2026-04-18 12:00,2026-04-19 00:00,chained_from_prev_mo,1.0,120430,True,True,True,2,2,1,True,1,mo_multi_sku_keying_error,,46130,0.469228395,506.77
11230,2026-04-19,2026,16,Sun,P10,False,28516,280351,0.344104747,162.0,640200,90.0,57618.0,355.6667,1123.2,0.3167,2026-04-19 00:00,2026-04-25 18:00,midnight,7.0,280351,True,True,True,1,1,1,True,1,oee_inconsistent_with_rate,,46131,0.344104747,355.67
11233,2026-04-19,2026,16,Sun,P13,False,28527,280351,0.580049712,147.0,1064136,90.0,95772.24,651.5118,1123.2,0.58,2026-04-19 00:00,2026-04-25 03:00,midnight,2.0,280256,True,True,True,1,1,1,True,1,hrs_overlaps_next_mo,,46131,0.580049712,651.51
11234,2026-04-19,2026,16,Sun,P14,False,28528,280659,0.532429029,84.0,558156,90.0,50234.04,598.0243,1123.2,0.5324,2026-04-19 00:00,2026-04-22 12:00,midnight,0.0,280660,True,True,True,1,1,1,True,1,hrs_overlaps_next_mo,,46131,0.532429029,598.02
11236,2026-04-19,2026,16,Sun,P15,False,28596,280613,0.786188272,12.0,101890,100.0,10189.0,849.0833,1080.0,0.7862,2026-04-19 00:00,2026-04-19 12:00,midnight,0.0,280613,True,True,True,1,1,1,True,1,dup_date_line_sku,,46131,0.786188272,849.08
11237,2026-04-19,2026,16,Sun,P15,False,280613,280613,0.69058642,12.0,89500,100.0,8950.0,745.8333,1080.0,0.6906,2026-04-19 12:00,2026-04-20 00:00,chained_from_prev_mo,1.0,280613,True,True,True,1,1,1,True,2,mo_out_of_sequence|dup_date_line_sku,,46131,0.69058642,745.83
11238,2026-04-19,2026,16,Sun,P16,False,28567,280564,0.754558405,13.5,127128,90.0,11441.52,847.52,1123.2,0.7546,2026-04-19 00:00,2026-04-19 13:30,midnight,0.0,280683,True,True,True,2,2,1,True,1,mo_multi_sku_keying_error,,46131,0.754558405,847.52
11239,2026-04-19,2026,16,Sun,P16,False,28567,280567,0.571314103,12.0,85560,90.0,7700.4,641.7,1123.2,0.5713,2026-04-19 13:30,2026-04-20 01:30,chained_from_prev_mo,3.0,280564,True,True,True,2,2,1,True,1,mo_multi_sku_keying_error,,46131,0.571314103,641.7
11245,2026-04-20,2026,17,Mon,P20,True,28541,280583,0.558814103,48.0,334752,90.0,30127.68,627.66,2246.4,0.2794,2026-04-20 00:00,2026-04-22 00:00,midnight,2.0,280659,True,True,True,1,1,1,True,1,oee_inconsistent_with_rate,,46132,0.558814103,627.66
11252,2026-04-22,2026,17,Wed,P20,True,28542,280586,0.52625106,48.0,595632,90.0,53606.88,1116.81,2246.4,0.4972,2026-04-22 00:00,2026-04-24 00:00,midnight,2.0,280583,True,True,True,1,1,1,True,1,oee_inconsistent_with_rate,,46134,0.52625106,1116.81
11255,2026-04-23,2026,17,Thu,P15,False,28535,280616,0.451302699,72.0,366530,100.0,36653.0,509.0694,1080.0,0.4714,2026-04-23 00:00,2026-04-26 00:00,midnight,3.0,280614,True,True,True,1,1,1,True,1,oee_inconsistent_with_rate,,46135,0.451302699,509.07
11264,2026-04-25,2026,17,Sat,P12,False,28525,280379,0.036170213,6.0,2448,110.0,269.28,44.88,1240.8,0.0362,2026-04-25 00:00,2026-04-25 06:00,midnight,1.0,280612,True,True,True,1,1,1,True,1,oee_low,,46137,0.036170213,44.88
11267,2026-04-26,2026,17,Sun,P10,False,28604,280351,0.359996571,114.0,503880,90.0,45349.2,397.8,1123.2,0.3542,2026-04-26 00:00,2026-04-30 18:00,midnight,5.0,280351,True,True,True,1,1,1,True,1,oee_inconsistent_with_rate,,46138,0.359996571,397.8
11272,2026-04-26,2026,17,Sun,P15,False,28617,280607,0.322073513,66.0,229574,120.0,27548.88,417.4073,1353.6,0.3084,2026-04-26 00:00,2026-04-28 18:00,midnight,3.0,280616,True,True,True,1,1,1,True,1,oee_inconsistent_with_rate,,46138,0.322073513,417.41
11276,2026-04-26,2026,17,Sun,P21,True,28633,280480,0.702392628,100.0,1753172,90.0,157785.48,1577.8548,2246.4,0.7024,2026-04-26 00:00,2026-04-30 04:00,midnight,0.0,280212,True,True,True,1,1,1,True,1,hrs_overlaps_next_mo,,46138,0.702392628,1577.85
11279,2026-04-26,2026,17,Sun,P22,True,28637,280169,0.767280164,36.0,360192,90.0,32417.28,900.48,2246.4,0.4009,2026-04-26 12:00,2026-04-28 00:00,chained_from_prev_mo,2.0,280318,True,True,True,1,1,1,True,1,oee_inconsistent_with_rate,,46138,0.767280164,900.48
11282,2026-04-27,2026,18,Mon,P12,False,28684,280605,0.444959877,60.0,288334,120.0,34600.08,576.668,1353.6,0.426,2026-04-27 12:00,2026-04-30 00:00,chained_from_prev_mo,5.0,280436,True,True,True,1,1,1,True,1,oee_inconsistent_with_rate,,46139,0.444959877,576.67
11284,2026-04-27,2026,18,Mon,P18,True,28625,280104,0.604742931,74.0,1101890,90.0,99170.1,1340.1365,2246.4,0.5966,2026-04-27 00:00,2026-04-30 02:00,midnight,3.0,280480,True,True,True,1,1,1,True,1,oee_inconsistent_with_rate,,46139,0.604742931,1340.14
11288,2026-04-28,2026,18,Tue,P22,True,28638,280682,0.766559829,48.0,861000,90.0,77490.0,1614.375,2246.4,0.7186,2026-04-28 00:00,2026-04-30 00:00,midnight,2.0,280169,True,True,True,1,1,1,True,1,oee_inconsistent_with_rate,,46140,0.766559829,1614.38
11291,2026-04-29,2026,18,Wed,P15,False,28616,280609,0.446722222,48.0,257312,120.0,30877.44,643.28,1353.6,0.4752,2026-04-29 00:00,2026-05-01 00:00,midnight,3.0,280607,True,True,True,1,1,1,True,1,oee_inconsistent_with_rate,,46141,0.446722222,643.28
11300,2026-05-01,2026,18,Fri,P10,False,28763,280351,0.60997191,42.0,312696,90.0,28142.64,670.0629,1123.2,0.5966,2026-05-01 00:00,2026-05-02 18:00,midnight,2.0,280351,True,True,True,1,1,1,True,1,oee_inconsistent_with_rate,,46143,0.60997191,670.06
11305,2026-05-01,2026,18,Fri,P20,True,28632,280324,0.630942842,36.0,566940,90.0,51024.6,1417.35,2246.4,0.6309,2026-05-01 00:00,2026-05-02 12:00,midnight,0.0,280103,True,True,True,1,1,1,True,1,hrs_overlaps_next_mo,,46143,0.630942842,1417.35
11310,2026-05-02,2026,18,Sat,P12,False,28765,280605,0.262638889,24.0,68076,120.0,8169.12,340.38,1353.6,0.2515,2026-05-02 00:00,2026-05-03 00:00,midnight,1.0,280605,True,True,True,1,1,1,True,1,oee_inconsistent_with_rate,,46144,0.262638889,340.38
11312,2026-05-02,2026,18,Sat,P15,False,28767,280609,0.340888889,24.0,98176,120.0,11781.12,490.88,1353.6,0.3626,2026-05-02 00:00,2026-05-03 00:00,midnight,1.0,280609,True,True,True,1,1,1,True,1,oee_inconsistent_with_rate,,46144,0.340888889,490.88
11313,2026-05-02,2026,18,Sat,P16,False,28623,280490,0.607077991,12.0,90916,90.0,8182.44,681.87,1123.2,0.6071,2026-05-02 00:00,2026-05-02 12:00,midnight,0.0,280213,True,True,True,1,1,1,True,1,dup_date_line_sku,,46144,0.607077991,681.87
11314,2026-05-02,2026,18,Sat,P16,False,28706,280490,0.719711538,56.0,502992,90.0,45269.28,808.38,1123.2,0.7197,2026-05-02 12:00,2026-05-04 20:00,chained_from_prev_mo,3.0,280490,True,True,True,1,1,1,True,1,dup_date_line_sku,,46144,0.719711538,808.38
11318,2026-05-03,2026,18,Sun,P12,False,28776,280605,0.321219136,12.0,41630,120.0,4995.6,416.3,1353.6,0.3076,2026-05-03 00:00,2026-05-03 12:00,midnight,1.0,280605,True,True,True,1,1,1,True,1,oee_inconsistent_with_rate,,46145,0.321219136,416.3
11319,2026-05-03,2026,18,Sun,P15,False,28775,280609,0.708952381,10.5,89328,120.0,10719.36,1020.8914,1353.6,0.7542,2026-05-03 00:00,2026-05-03 10:30,midnight,1.0,280609,True,True,True,1,1,1,True,1,oee_inconsistent_with_rate,,46145,0.708952381,1020.89
11323,2026-05-03,2026,18,Sun,P22,True,28719,280659,0.766970085,87.0,1435768,90.0,129219.12,1485.2772,2246.4,0.6612,2026-05-03 00:00,2026-05-06 15:00,midnight,4.0,280659,True,True,True,1,1,1,True,1,oee_inconsistent_with_rate,,46145,0.766970085,1485.28
11324,2026-05-04,2026,19,Mon,P12,False,28777,280622,0.396661793,38.0,162790,120.0,19534.8,514.0737,1353.6,0.3798,2026-05-04 00:00,2026-05-05 14:00,midnight,2.0,280605,True,True,True,1,1,1,True,1,oee_inconsistent_with_rate,,46146,0.396661793,514.07
11328,2026-05-04,2026,19,Mon,P18,True,28778,280451,0.291454899,32.0,203692,90.0,18332.28,572.8838,2246.4,0.255,2026-05-04 00:00,2026-05-05 08:00,midnight,0.0,280451,True,True,True,2,2,1,True,3,hrs_overlaps_next_mo|mo_multi_sku_keying_error|oee_inconsistent_with_rate,,46146,0.291454899,572.88
11329,2026-05-04,2026,19,Mon,P18,True,28778,280541,0.493055556,15.0,92300,90.0,8307.0,553.8,2246.4,0.2465,2026-05-04 00:00,2026-05-04 15:00,midnight,4.0,280451,True,True,False,2,2,1,True,2,mo_multi_sku_keying_error|oee_inconsistent_with_rate,pair_not_flagged_capable,46146,0.493055556,553.8
11342,2026-05-09,2026,19,Sat,P12,False,28855,280539,0.543594622,30.0,171428,110.0,18857.08,628.5693,1240.8,0.5066,2026-05-09 12:00,2026-05-10 18:00,chained_from_prev_mo,2.0,280614,True,True,True,1,1,1,True,1,oee_inconsistent_with_rate,,46151,0.543594622,628.57
11348,2026-05-10,2026,19,Sun,P19,True,28804,280351,0.689844247,121.0,2083440,90.0,187509.6,1549.6661,2246.4,0.6898,2026-05-10 00:00,2026-05-15 01:00,midnight,2.0,280351,True,True,True,1,1,1,True,1,hrs_overlaps_next_mo,,46152,0.689844247,1549.67
11349,2026-05-10,2026,19,Sun,P20,True,28806,280585,0.736529558,72.0,1323632,90.0,119126.88,1654.54,2246.4,0.7365,2026-05-10 00:00,2026-05-13 00:00,midnight,0.0,280584,True,True,True,1,1,1,True,1,hrs_overlaps_next_mo,,46152,0.736529558,1654.54
11354,2026-05-11,2026,20,Mon,P12,False,28856,280397,0.785769657,14.0,113528,110.0,12488.08,892.0057,1240.8,0.7189,2026-05-11 00:00,2026-05-11 14:00,midnight,1.0,280539,True,True,True,1,1,1,True,1,oee_inconsistent_with_rate,,46153,0.785769657,892.01
11358,2026-05-12,2026,20,Tue,P12,False,28792,280377,0.774224806,12.0,95880,110.0,10546.8,878.9,1240.8,0.7083,2026-05-12 00:00,2026-05-12 12:00,midnight,0.0,280397,True,True,True,1,1,1,True,1,oee_inconsistent_with_rate,,46154,0.774224806,878.9
11359,2026-05-12,2026,20,Tue,P12,False,28793,280378,0.799935401,12.0,99064,110.0,10897.04,908.0867,1240.8,0.7319,2026-05-12 12:00,2026-05-13 00:00,chained_from_prev_mo,1.0,280377,True,True,True,1,1,1,True,1,oee_inconsistent_with_rate,,46154,0.799935401,908.09
11364,2026-05-13,2026,20,Wed,P12,False,28857,280375,0.610949612,24.0,151320,110.0,16645.2,693.55,1240.8,0.559,2026-05-13 00:00,2026-05-14 00:00,midnight,1.0,280378,True,True,True,1,1,1,True,1,oee_inconsistent_with_rate,,46155,0.610949612,693.55
11368,2026-05-13,2026,20,Wed,P21,True,28811,570261,0.655689103,4.0,65464,90.0,5891.76,1472.94,2246.4,0.6557,2026-05-13 00:00,2026-05-13 04:00,midnight,0.0,570261,True,True,True,1,1,1,True,1,dup_date_line_sku,,46155,0.655689103,1472.94
11369,2026-05-13,2026,20,Wed,P21,True,28812,570261,0.452021011,36.0,406168,90.0,36555.12,1015.42,2246.4,0.452,2026-05-13 04:00,2026-05-14 16:00,chained_from_prev_mo,2.0,570261,True,True,True,1,1,1,True,1,dup_date_line_sku,,46155,0.452021011,1015.42
11371,2026-05-14,2026,20,Thu,P12,False,28794,280380,0.583850129,12.0,72304,110.0,7953.44,662.7867,1240.8,0.5342,2026-05-14 00:00,2026-05-14 12:00,midnight,0.0,280375,True,True,True,1,1,1,True,1,oee_inconsistent_with_rate,,46156,0.583850129,662.79
11372,2026-05-14,2026,20,Thu,P12,False,28795,280379,0.580232558,12.0,71856,110.0,7904.16,658.68,1240.8,0.5309,2026-05-14 12:00,2026-05-15 00:00,chained_from_prev_mo,1.0,280380,True,True,True,1,1,1,True,1,oee_inconsistent_with_rate,,46156,0.580232558,658.68
11374,2026-05-15,2026,20,Fri,P12,False,28791,280488,0.645348837,12.0,79920,110.0,8791.2,732.6,1240.8,0.5904,2026-05-15 00:00,2026-05-15 12:00,midnight,0.0,280379,True,True,True,1,1,1,True,1,oee_inconsistent_with_rate,,46157,0.645348837,732.6
11375,2026-05-15,2026,20,Fri,P12,False,28940,280612,0.330335917,30.0,102272,100.0,10227.2,340.9067,1080.0,0.3157,2026-05-15 12:00,2026-05-16 18:00,chained_from_prev_mo,2.0,280488,True,True,True,1,1,1,True,1,oee_inconsistent_with_rate,,46157,0.330335917,340.91
11384,2026-05-17,2026,20,Sun,P12,False,28872,280612,0.619282946,24.0,153384,100.0,15338.4,639.1,1080.0,0.5918,2026-05-17 00:00,2026-05-18 00:00,midnight,1.0,280612,True,True,True,1,1,1,True,1,oee_inconsistent_with_rate,,46159,0.619282946,639.1
11389,2026-05-17,2026,20,Sun,P19,True,28884,280256,0.74,55.0,1015872,90.0,91428.48,1662.336,2246.4,0.74,2026-05-17 00:00,2026-05-19 07:00,midnight,0.0,280256,True,True,True,1,1,1,True,1,hrs_overlaps_next_mo,,46159,0.74,1662.34
11391,2026-05-17,2026,20,Sun,P20,True,28885,280451,0.588986823,36.0,529240,90.0,47631.6,1323.1,2246.4,0.589,2026-05-17 00:00,2026-05-18 12:00,midnight,0.0,280453,True,True,True,1,1,1,True,1,hrs_overlaps_next_mo,,46159,0.588986823,1323.1
11392,2026-05-17,2026,20,Sun,P20,True,28950,280453,0.514190412,12.0,109140,90.0,9822.6,818.55,2246.4,0.3644,2026-05-17 00:00,2026-05-17 12:00,midnight,2.0,280451,True,True,True,1,1,1,True,1,oee_inconsistent_with_rate,,46159,0.514190412,818.55
11395,2026-05-18,2026,21,Mon,P12,False,28947,280426,0.435825028,28.0,125936,110.0,13852.96,494.7486,1240.8,0.3987,2026-05-18 00:00,2026-05-19 04:00,midnight,11.0,280612,True,True,True,1,1,1,True,1,oee_inconsistent_with_rate,,46160,0.435825028,494.75
11400,2026-05-19,2026,21,Tue,P22,True,28934,280103,0.786620816,36.0,706826,90.0,63614.34,1767.065,2246.4,0.7866,2026-05-19 00:00,2026-05-20 12:00,midnight,0.0,280591,True,True,False,2,2,1,True,2,hrs_overlaps_next_mo|mo_multi_sku_keying_error,pair_not_flagged_capable,46161,0.786620816,1767.07
11401,2026-05-19,2026,21,Tue,P22,True,28934,280104,1.098557692,4.0,109680,90.0,9871.2,2467.8,2246.4,1.0986,2026-05-19 00:00,2026-05-19 04:00,midnight,2.0,280103,True,True,False,2,2,1,False,2,oee_gt_1|mo_multi_sku_keying_error,pair_not_flagged_capable,46161,1.098557692,2467.8
11404,2026-05-20,2026,21,Wed,P14,False,120437,120437,0.759455128,12.0,113736,90.0,10236.24,853.02,1123.2,0.7595,2026-05-20 03:00,2026-05-20 15:00,chained_from_prev_mo,1.0,120437,True,True,True,1,1,1,True,1,mo_out_of_sequence,,46162,0.759455128,853.02
11405,2026-05-20,2026,21,Wed,P15,False,28937,280605,0.295968013,44.0,140644,120.0,16877.28,383.5745,1353.6,0.2834,2026-05-20 00:00,2026-05-21 20:00,midnight,2.0,280613,True,True,True,1,1,1,True,1,oee_inconsistent_with_rate,,46162,0.295968013,383.57
11415,2026-05-22,2026,21,Fri,P15,False,28944,280617,0.29578125,32.0,113580,100.0,11358.0,354.9375,1080.0,0.3286,2026-05-22 00:00,2026-05-23 08:00,midnight,2.0,280605,True,True,True,1,1,1,True,1,oee_inconsistent_with_rate,,46164,0.29578125,354.94
11425,2026-05-24,2026,21,Sun,P15,False,28976,280617,0.57990625,48.0,334026,100.0,33402.6,695.8875,1080.0,0.6443,2026-05-24 00:00,2026-05-26 00:00,midnight,2.0,280617,True,True,True,1,1,1,True,1,oee_inconsistent_with_rate,,46166,0.57990625,695.89
11426,2026-05-24,2026,21,Sun,P16,False,29018,280318,0.602377822,87.75,659676,90.0,59370.84,676.5908,1123.2,0.6024,2026-05-24 00:00,2026-05-27 15:45,midnight,2.0,280318,True,True,True,1,1,1,True,1,hrs_overlaps_next_mo,,46166,0.602377822,676.59
11433,2026-05-25,2026,22,Mon,P21,True,28985,280686,0.549753919,117.5,1447656,90.0,130289.04,1108.8429,2246.4,0.4936,2026-05-25 12:00,2026-05-30 09:30,chained_from_prev_mo,6.0,280323,True,True,True,1,1,1,True,1,oee_inconsistent_with_rate,,46167,0.549753919,1108.84
11438,2026-05-26,2026,22,Tue,P15,False,28977,280689,0.455794872,87.75,479952,100.0,47995.2,546.9538,1080.0,0.5064,2026-05-26 00:00,2026-05-29 15:45,midnight,4.0,280617,True,True,True,1,1,1,True,1,oee_inconsistent_with_rate,,46168,0.455794872,546.95
11453,2026-05-30,2026,22,Sat,P15,False,29032,280689,0.584625,36.0,252558,100.0,25255.8,701.55,1080.0,0.6496,2026-05-30 00:00,2026-05-31 12:00,midnight,2.0,280689,True,True,True,1,1,1,True,1,oee_inconsistent_with_rate,,46172,0.584625,701.55
11465,2026-05-31,2026,22,Sun,P21,True,29041,280686,0.538514957,24.0,241944,90.0,21774.96,907.29,2246.4,0.4039,2026-05-31 00:00,2026-06-01 00:00,midnight,1.0,280686,True,True,True,1,1,1,True,1,oee_inconsistent_with_rate,,46173,0.538514957,907.29
11467,2026-06-01,2026,23,Mon,P09,False,29023,280451,0.764711538,50.0,477180,90.0,42946.2,858.924,1123.2,0.7647,2026-06-01 00:00,2026-06-03 02:00,midnight,0.0,280660,True,True,True,1,1,1,True,1,hrs_overlaps_next_mo,,46174,0.764711538,858.92
11474,2026-06-01,2026,23,Mon,P15,False,29102,280689,0.714091667,60.0,514146,100.0,51414.6,856.91,1080.0,0.7934,2026-06-01 00:00,2026-06-03 12:00,midnight,4.0,280689,True,True,True,1,1,1,True,1,oee_inconsistent_with_rate,,46174,0.714091667,856.91
11475,2026-06-01,2026,23,Mon,P18,True,29104,280686,0.576903251,111.0,1396752,90.0,125707.68,1132.5016,2246.4,0.5041,2026-06-01 00:00,2026-06-05 15:00,midnight,1.0,280686,True,True,True,1,1,1,True,2,hrs_overlaps_next_mo|oee_inconsistent_with_rate,,46174,0.576903251,1132.5
11479,2026-06-02,2026,23,Tue,P12,False,29111,280605,0.475514403,9.0,46220,120.0,5546.4,616.2667,1353.6,0.4553,2026-06-02 00:00,2026-06-02 09:00,midnight,0.0,280614,True,True,True,2,2,1,True,2,mo_multi_sku_keying_error|oee_inconsistent_with_rate,,46175,0.475514403,616.27
11480,2026-06-02,2026,23,Tue,P12,False,29111,280613,0.594040836,78.0,500420,100.0,50042.0,641.5641,1080.0,0.594,2026-06-02 09:00,2026-06-05 15:00,chained_from_prev_mo,5.0,280605,True,True,True,2,2,1,True,1,mo_multi_sku_keying_error,,46175,0.594040836,641.56
11482,2026-06-02,2026,23,Tue,P18,True,291104,280686,0.379967949,12.0,113808,90.0,10242.72,853.56,2246.4,0.38,2026-06-02 00:00,2026-06-02 12:00,midnight,5.0,280686,True,True,True,1,1,1,True,1,mo_out_of_sequence,,46175,0.379967949,853.56
11504,2026-06-08,2026,24,Mon,P09,False,29116,280590,0.751327123,64.0,600100,90.0,54009.0,843.8906,1123.2,0.7513,2026-06-08 00:00,2026-06-10 16:00,midnight,1.0,280686,True,True,True,1,1,1,True,1,hrs_overlaps_next_mo,,46181,0.751327123,843.89
11513,2026-06-09,2026,24,Tue,P15,False,29132,280689,0.5755625,24.0,165762,100.0,16576.2,690.675,1080.0,0.6395,2026-06-09 00:00,2026-06-10 00:00,midnight,1.0,280614,True,True,True,1,1,1,True,1,oee_inconsistent_with_rate,,46182,0.5755625,690.68
11516,2026-06-10,2026,24,Wed,P15,False,29133,280698,0.585598639,49.0,344332,100.0,34433.2,702.7184,1080.0,0.6507,2026-06-10 00:00,2026-06-12 01:00,midnight,3.0,280689,True,True,True,1,1,1,True,1,oee_inconsistent_with_rate,,46183,0.585598639,702.72
11521,2026-06-11,2026,24,Thu,P20,True,29142,570261,0.190416667,35.0,166348,90.0,14971.32,427.752,2246.4,0.1904,2026-06-11 00:00,2026-06-12 11:00,midnight,5.0,280585,True,True,True,1,1,1,True,1,oee_low,,46184,0.190416667,427.75
11526,2026-06-13,2026,24,Sat,P15,False,29276,280689,0.4621875,24.0,133110,100.0,13311.0,554.625,1080.0,0.5135,2026-06-13 00:00,2026-06-14 00:00,midnight,1.0,280698,True,True,True,1,1,1,True,1,oee_inconsistent_with_rate,,46186,0.4621875,554.63
11535,2026-06-14,2026,24,Sun,P15,False,29232,280689,0.539011364,44.0,284598,100.0,28459.8,646.8136,1080.0,0.5989,2026-06-14 00:00,2026-06-15 20:00,midnight,2.0,280689,True,True,True,1,1,1,True,1,oee_inconsistent_with_rate,,46187,0.539011364,646.81
11543,2026-06-15,2026,25,Mon,P14,False,29226,280347,0.52857906,12.0,79160,90.0,7124.4,593.7,1123.2,0.5286,2026-06-15 00:00,2026-06-15 12:00,midnight,0.0,280478,True,True,True,3,3,1,True,1,mo_multi_sku_keying_error,,46188,0.52857906,593.7
11544,2026-06-15,2026,25,Mon,P14,False,29226,280601,0.605181624,12.0,90632,90.0,8156.88,679.74,1123.2,0.6052,2026-06-15 12:00,2026-06-16 00:00,chained_from_prev_mo,0.0,280347,True,True,True,3,3,1,True,1,mo_multi_sku_keying_error,,46188,0.605181624,679.74
11545,2026-06-15,2026,25,Mon,P14,False,29226,280602,0.508173077,24.0,152208,90.0,13698.72,570.78,1123.2,0.5082,2026-06-15 00:00,2026-06-16 00:00,midnight,1.0,280601,True,True,True,3,3,1,True,1,mo_multi_sku_keying_error,,46188,0.508173077,570.78
11549,2026-06-16,2026,25,Tue,P11,False,292,280673,0.523846154,10.0,65376,90.0,5883.84,588.384,1123.2,0.5238,2026-06-16 00:00,2026-06-16 10:00,midnight,0.0,280578,True,True,True,1,1,1,True,2,mo_out_of_sequence|dup_date_line_sku,,46189,0.523846154,588.38
11550,2026-06-16,2026,25,Tue,P11,False,29222,280673,0.648637821,12.0,97140,90.0,8742.6,728.55,1123.2,0.6486,2026-06-16 10:00,2026-06-16 22:00,chained_from_prev_mo,1.0,280673,True,True,True,1,1,1,True,1,dup_date_line_sku,,46189,0.648637821,728.55
11552,2026-06-16,2026,25,Tue,P15,False,29290,280609,0.193777778,24.0,55808,120.0,6696.96,279.04,1353.6,0.2061,2026-06-16 00:00,2026-06-17 00:00,midnight,1.0,280689,True,True,True,1,1,1,True,2,oee_low|oee_inconsistent_with_rate,,46189,0.193777778,279.04
11554,2026-06-16,2026,25,Tue,P20,True,29242,570261,0.510753205,10.0,127484,90.0,11473.56,1147.356,2246.4,0.5108,2026-06-16 00:00,2026-06-16 10:00,midnight,0.0,570261,True,True,True,1,1,1,True,1,dup_date_line_sku,,46189,0.510753205,1147.36
11555,2026-06-16,2026,25,Tue,P20,True,29243,570261,0.688511218,100.0,1718524,90.0,154667.16,1546.6716,2246.4,0.6885,2026-06-16 10:00,2026-06-20 14:00,chained_from_prev_mo,5.0,570261,True,True,True,1,1,1,True,1,dup_date_line_sku,,46189,0.688511218,1546.67
11558,2026-06-17,2026,25,Wed,P12,False,29223,280397,0.462563323,28.0,146096,110.0,16070.56,573.9486,1240.8,0.4626,2026-06-17 00:00,2026-06-18 04:00,midnight,0.0,280612,True,True,True,1,1,1,True,1,hrs_overlaps_next_mo,,46190,0.462563323,573.95
11562,2026-06-17,2026,25,Wed,P15,False,29289,280610,0.367849206,42.0,185396,120.0,22247.52,529.7029,1353.6,0.3913,2026-06-17 00:00,2026-06-18 18:00,midnight,2.0,280609,True,True,True,1,1,1,True,1,oee_inconsistent_with_rate,,46190,0.367849206,529.7
11568,2026-06-18,2026,25,Thu,P19,True,29339,280256,0.356222838,65.0,524588,90.0,47212.92,726.3526,2246.4,0.3233,2026-06-18 00:00,2026-06-20 17:00,midnight,3.0,280351,True,True,True,1,1,1,True,1,oee_inconsistent_with_rate,,46191,0.356222838,726.35
11572,2026-06-19,2026,25,Fri,P15,False,29231,280622,0.132211934,36.0,51404,120.0,6168.48,171.3467,1353.6,0.1266,2026-06-19 00:00,2026-06-20 12:00,midnight,2.0,280610,True,True,True,1,1,1,True,2,oee_low|oee_inconsistent_with_rate,,46192,0.132211934,171.35
11585,2026-06-21,2026,25,Sun,P19,True,29344,280256,0.580322324,154.0,2085762,90.0,187718.58,1218.9518,2246.4,0.5426,2026-06-21 00:00,2026-06-27 10:00,midnight,7.0,280256,True,True,True,1,1,1,True,1,oee_inconsistent_with_rate,,46194,0.580322324,1218.95
11600,2026-06-24,2026,26,Wed,P15,False,29309,280689,0.580636525,94.0,654958,100.0,65495.8,696.7638,1080.0,0.6452,2026-06-24 00:00,2026-06-27 22:00,midnight,4.0,280652,True,True,True,1,1,1,True,1,oee_inconsistent_with_rate,,46197,0.580636525,696.76
11620,2026-06-28,2026,26,Sun,P18,True,29396,280490,0.705348558,112.0,1971816,90.0,177463.44,1584.495,2246.4,0.7053,2026-06-28 00:00,2026-07-02 16:00,midnight,2.0,280490,True,True,True,1,1,1,True,1,hrs_overlaps_next_mo,,46201,0.705348558,1584.5
11621,2026-06-28,2026,26,Sun,P19,True,29400,280256,0.690311772,132.0,2274384,90.0,204694.56,1550.7164,2246.4,0.6903,2026-06-28 00:00,2026-07-03 12:00,midnight,2.0,280256,True,True,True,1,1,1,True,1,hrs_overlaps_next_mo,,46201,0.690311772,1550.72
11622,2026-06-28,2026,26,Sun,P20,True,29447,280318,0.793855168,64.0,1268136,90.0,114132.24,1783.3162,2246.4,0.7939,2026-06-28 00:00,2026-06-30 16:00,midnight,1.0,280169,True,True,True,1,1,1,True,1,hrs_overlaps_next_mo,,46201,0.793855168,1783.32
11623,2026-06-28,2026,26,Sun,P21,True,29407,280686,0.713181479,103.0,1833504,90.0,165015.36,1602.0909,2246.4,0.7132,2026-06-28 00:00,2026-07-02 07:00,midnight,2.0,280686,True,True,True,1,1,1,True,1,hrs_overlaps_next_mo,,46201,0.713181479,1602.09
11624,2026-06-28,2026,26,Sun,P22,True,29411,280490,0.699150641,100.0,1745080,90.0,157057.2,1570.572,2246.4,0.6992,2026-06-28 00:00,2026-07-02 04:00,midnight,2.0,280490,True,True,True,1,1,1,True,1,hrs_overlaps_next_mo,,46201,0.699150641,1570.57
11628,2026-06-29,2026,27,Mon,P20,True,29402,280451,0.709947026,72.0,1275860,90.0,114827.4,1594.825,2246.4,0.7099,2026-06-29 00:00,2026-07-02 00:00,midnight,1.0,280318,True,True,True,1,1,1,True,1,hrs_overlaps_next_mo,,46202,0.709947026,1594.83
11630,2026-06-30,2026,27,Tue,P18,True,29397,280213,0.738421474,12.0,221172,90.0,19905.48,1658.79,2246.4,0.7384,2026-06-30 00:00,2026-06-30 12:00,midnight,0.0,280490,True,True,True,1,1,1,True,1,dup_date_line_sku,,46203,0.738421474,1658.79
11631,2026-06-30,2026,27,Tue,P18,True,29477,280213,0.694110577,12.0,207900,90.0,18711.0,1559.25,2246.4,0.6941,2026-06-30 12:00,2026-07-01 00:00,chained_from_prev_mo,19.0,280213,True,True,True,1,1,1,True,1,dup_date_line_sku,,46203,0.694110577,1559.25
11632,2026-06-30,2026,27,Tue,P19,True,29478,280256,1.138221154,4.0,113640,90.0,10227.6,2556.9,2246.4,1.1382,2026-06-30 00:00,2026-06-30 04:00,midnight,4.0,280256,True,True,True,1,1,1,False,1,oee_gt_1,,46203,1.138221154,2556.9
11633,2026-06-30,2026,27,Tue,P20,True,29403,280421,0.736111111,12.0,220480,90.0,19843.2,1653.6,2246.4,0.7361,2026-06-30 00:00,2026-06-30 12:00,midnight,0.0,280451,True,True,True,1,1,1,True,1,dup_date_line_sku,,46203,0.736111111,1653.6
11634,2026-06-30,2026,27,Tue,P20,True,29479,280421,0.814236111,12.0,243880,90.0,21949.2,1829.1,2246.4,0.8142,2026-06-30 12:00,2026-07-01 00:00,chained_from_prev_mo,5.0,280421,True,True,True,1,1,1,True,1,dup_date_line_sku,,46203,0.814236111,1829.1
11635,2026-06-30,2026,27,Tue,P21,True,29408,280591,0.716346154,12.0,214560,90.0,19310.4,1609.2,2246.4,0.7163,2026-06-30 00:00,2026-06-30 12:00,midnight,0.0,280686,True,True,True,1,1,1,True,1,dup_date_line_sku,,46203,0.716346154,1609.2
11636,2026-06-30,2026,27,Tue,P21,True,29461,280591,0.769951923,12.0,230616,90.0,20755.44,1729.62,2246.4,0.77,2026-06-30 12:00,2026-07-01 00:00,chained_from_prev_mo,3.0,280591,True,True,True,1,1,1,True,1,dup_date_line_sku,,46203,0.769951923,1729.62
11637,2026-06-30,2026,27,Tue,P22,True,29413,280212,0.804246795,12.0,240888,90.0,21679.92,1806.66,2246.4,0.8042,2026-06-30 00:00,2026-06-30 12:00,midnight,0.0,280490,True,True,True,1,1,1,True,1,dup_date_line_sku,,46203,0.804246795,1806.66
11638,2026-06-30,2026,27,Tue,P22,True,29460,280212,0.705395299,12.0,211280,90.0,19015.2,1584.6,2246.4,0.7054,2026-06-30 12:00,2026-07-01 00:00,chained_from_prev_mo,3.0,280212,True,True,True,1,1,1,True,1,dup_date_line_sku,,46203,0.705395299,1584.6
11644,2026-07-01,2026,27,Wed,P15,False,29475,280698,0.387692308,13.0,60480,100.0,6048.0,465.2308,1080.0,0.4308,2026-07-01 00:00,2026-07-01 13:00,midnight,1.0,280652,True,True,True,1,1,1,True,1,oee_inconsistent_with_rate,,46204,0.387692308,465.23
11645,2026-07-01,2026,27,Wed,P16,False,29394,280348,0.5053033,54.0,340534,90.0,30648.06,567.5567,1123.2,0.5053,2026-07-01 00:00,2026-07-03 06:00,midnight,0.0,280264,True,True,True,1,1,1,True,1,hrs_overlaps_next_mo,,46204,0.5053033,567.56
11648,2026-07-02,2026,27,Thu,P15,False,29392,280610,0.319291667,72.0,275868,120.0,33104.16,459.78,1353.6,0.3397,2026-07-02 00:00,2026-07-05 00:00,midnight,3.0,280698,True,True,True,1,1,1,True,1,oee_inconsistent_with_rate,,46205,0.319291667,459.78
11658,2026-07-04,2026,27,Sat,P17,True,29549,570261,0.42142707,18.5,160412,90.0,14437.08,780.3827,2246.4,0.3474,2026-07-04 00:00,2026-07-04 18:30,midnight,1.0,570261,True,True,True,1,1,1,True,1,oee_inconsistent_with_rate,,46207,0.42142707,780.38
11664,2026-07-05,2026,27,Sun,P15,False,29553,280607,0.558820663,19.0,114670,120.0,13760.4,724.2316,1353.6,0.535,2026-07-05 00:00,2026-07-05 19:00,midnight,0.0,280610,True,True,True,2,2,1,True,2,mo_multi_sku_keying_error|oee_inconsistent_with_rate,,46208,0.558820663,724.23
11665,2026-07-05,2026,27,Sun,P15,False,29553,280609,0.253472222,12.0,36500,120.0,4380.0,365.0,1353.6,0.2697,2026-07-05 19:00,2026-07-06 07:00,chained_from_prev_mo,1.0,280607,True,True,True,2,2,1,True,2,mo_multi_sku_keying_error|oee_inconsistent_with_rate,,46208,0.253472222,365.0
11670,2026-07-05,2026,27,Sun,P21,True,29512,280324,0.788985446,152.0,2884960,90.0,259646.4,1708.2,2246.4,0.7604,2026-07-05 00:00,2026-07-11 08:00,midnight,7.0,280323,True,True,True,1,1,1,True,1,oee_inconsistent_with_rate,,46208,0.788985446,1708.2
11673,2026-07-06,2026,28,Mon,P14,False,294489,280345,0.633012821,12.0,94800,90.0,8532.0,711.0,1123.2,0.633,2026-07-06 12:00,2026-07-07 00:00,chained_from_prev_mo,1.0,120450,True,True,True,1,1,1,True,1,mo_out_of_sequence,,46209,0.633012821,711.0
11678,2026-07-07,2026,28,Tue,P12,False,29494,280622,0.09122807,19.0,18720,120.0,2246.4,118.2316,1353.6,0.0873,2026-07-07 00:00,2026-07-07 19:00,midnight,1.0,280613,True,True,True,1,1,1,True,2,oee_low|oee_inconsistent_with_rate,,46210,0.09122807,118.23
11684,2026-07-08,2026,28,Wed,P19,True,29505,280256,0.654466197,88.0,1408872,90.0,126798.48,1440.8918,2246.4,0.6414,2026-07-08 00:00,2026-07-11 16:00,midnight,4.0,280351,True,True,True,1,1,1,True,1,oee_inconsistent_with_rate,,46211,0.654466197,1440.89
11689,2026-07-09,2026,28,Thu,P15,False,29582,280610,0.204363636,33.0,80928,120.0,9711.36,294.2836,1353.6,0.2174,2026-07-09 00:00,2026-07-10 09:00,midnight,1.0,280652,True,True,True,1,1,1,True,1,oee_inconsistent_with_rate,,46212,0.204363636,294.28
11693,2026-07-10,2026,28,Fri,P15,False,29554,280622,0.221018519,24.0,57288,120.0,6874.56,286.44,1353.6,0.2116,2026-07-10 09:00,2026-07-11 09:00,chained_from_prev_mo,1.0,280610,True,True,True,1,1,1,True,1,oee_inconsistent_with_rate,,46213,0.221018519,286.44
11694,2026-07-10,2026,28,Fri,P20,True,29509,120437,0.640112238,40.0,551152,90.0,49603.68,1240.092,2246.4,0.552,2026-07-10 00:00,2026-07-11 16:00,midnight,2.0,120436,True,True,True,1,1,1,True,1,oee_inconsistent_with_rate,,46213,0.640112238,1240.09
11696,2026-07-11,2026,28,Sat,P15,False,29623,280622,0.215913328,73.5,171392,120.0,20567.04,279.8237,1353.6,0.2067,2026-07-11 09:00,2026-07-14 10:30,chained_from_prev_mo,5.0,280622,True,True,True,1,1,1,True,1,oee_inconsistent_with_rate,,46214,0.215913328,279.82
11700,2026-07-12,2026,28,Sun,P14,False,29570,120448,0.625774573,36.0,281148,90.0,25303.32,702.87,1123.2,0.6258,2026-07-12 00:00,2026-07-13 12:00,midnight,0.0,120448,True,True,True,1,1,1,True,2,hrs_overlaps_next_mo|dup_date_line_sku,,46215,0.625774573,702.87
11701,2026-07-12,2026,28,Sun,P14,False,29622,120448,0.785096154,6.0,58788,90.0,5290.92,881.82,1123.2,0.7851,2026-07-12 00:00,2026-07-12 06:00,midnight,2.0,120448,True,True,True,1,1,1,True,1,dup_date_line_sku,,46215,0.785096154,881.82
11706,2026-07-12,2026,28,Sun,P19,True,29585,280351,0.579241205,129.0,1865064,90.0,167855.76,1301.2074,2246.4,0.5792,2026-07-12 12:00,2026-07-17 21:00,chained_from_prev_mo,2.0,280256,True,True,True,1,1,1,True,1,hrs_overlaps_next_mo,,46215,0.579241205,1301.21
11710,2026-07-14,2026,29,Tue,P12,False,29885,280426,0.463593381,24.0,125504,110.0,13805.44,575.2267,1240.8,0.4636,2026-07-14 05:42,2026-07-15 05:42,chained_from_prev_mo,1.0,280614,True,True,True,2,2,2,True,1,mo_multi_sku_keying_error,mo_split_across_lines,46217,0.463593381,575.23
11712,2026-07-14,2026,29,Tue,P19,True,29885,280351,0.760657051,12.0,227832,90.0,20504.88,1708.74,2246.4,0.7607,2026-07-14 00:00,2026-07-14 12:00,midnight,5.0,280351,True,True,True,2,2,2,True,1,mo_multi_sku_keying_error,mo_split_across_lines,46217,0.760657051,1708.74
11715,2026-07-15,2026,29,Wed,P12,False,29261,280613,0.740740741,12.0,96000,100.0,9600.0,800.0,1080.0,0.7407,2026-07-15 05:42,2026-07-15 17:42,chained_from_prev_mo,0.0,280426,True,True,True,1,1,1,True,1,dup_date_line_sku,,46218,0.740740741,800.0
11716,2026-07-15,2026,29,Wed,P12,False,29621,280613,0.212495974,11.5,26392,100.0,2639.2,229.4957,1080.0,0.2125,2026-07-15 17:42,2026-07-16 05:12,chained_from_prev_mo,1.0,280613,True,True,True,1,1,1,True,1,dup_date_line_sku,,46218,0.212495974,229.5
11729,2026-07-17,2026,29,Fri,P14,False,29532,120532,0.876602564,6.0,65640,90.0,5907.6,984.6,1123.2,0.8766,2026-07-17 00:00,2026-07-17 06:00,midnight,0.0,280478,True,True,True,1,1,1,True,1,dup_date_line_sku,,46220,0.876602564,984.6
11730,2026-07-17,2026,29,Fri,P14,False,29572,120532,0.389983974,12.0,58404,90.0,5256.36,438.03,1123.2,0.39,2026-07-17 06:00,2026-07-17 18:00,chained_from_prev_mo,1.0,120532,True,True,True,1,1,1,True,1,dup_date_line_sku,,46220,0.389983974,438.03
11736,2026-07-18,2026,29,Sat,P15,False,29573,280689,0.3526875,24.0,101574,100.0,10157.4,423.225,1080.0,0.3919,2026-07-18 00:00,2026-07-19 00:00,midnight,1.0,280652,True,True,True,1,1,1,True,1,oee_inconsistent_with_rate,,46221,0.3526875,423.23
11743,2026-07-19,2026,29,Sun,P15,False,29642,280689,0.662766247,159.0,1264558,100.0,126455.8,795.3195,1080.0,0.7364,2026-07-19 00:00,2026-07-25 15:00,midnight,7.0,280689,True,True,True,1,1,1,True,1,oee_inconsistent_with_rate,,46222,0.662766247,795.32
11746,2026-07-19,2026,29,Sun,P18,True,29650,280405,0.364484351,108.0,927948,90.0,83515.32,773.29,2246.4,0.3442,2026-07-19 00:00,2026-07-23 12:00,midnight,4.0,280213,True,True,True,1,1,1,True,1,oee_inconsistent_with_rate,,46222,0.364484351,773.29
11752,2026-07-20,2026,30,Mon,P17,True,29676,570261,0.56546532,103.0,980924,90.0,88283.16,857.1181,2246.4,0.3816,2026-07-20 07:00,2026-07-24 14:00,chained_from_prev_mo,5.0,570261,True,True,True,1,1,1,True,1,oee_inconsistent_with_rate,,46223,0.56546532,857.12
11756,2026-07-22,2026,30,Wed,P12,False,29638,280397,0.654337152,13.0,95952,110.0,10554.72,811.9015,1240.8,0.6543,2026-07-22 00:00,2026-07-22 13:00,midnight,0.0,280539,True,True,True,1,1,1,True,1,dup_date_line_sku,,46225,0.654337152,811.9
11757,2026-07-22,2026,30,Wed,P12,False,29639,280379,0.539232753,22.0,133816,110.0,14719.76,669.08,1240.8,0.5392,2026-07-22 13:00,2026-07-23 11:00,chained_from_prev_mo,0.0,280397,True,True,True,2,2,1,True,1,mo_multi_sku_keying_error,,46225,0.539232753,669.08
11758,2026-07-22,2026,30,Wed,P12,False,29639,280397,0.597990544,12.0,80944,110.0,8903.84,741.9867,1240.8,0.598,2026-07-22 00:00,2026-07-22 12:00,midnight,2.0,280379,True,True,True,2,2,1,True,2,mo_multi_sku_keying_error|dup_date_line_sku,,46225,0.597990544,741.99
11778,2026-07-26,2026,30,Sun,P15,False,29728,280689,0.484479798,132.0,767416,100.0,76741.6,581.3758,1080.0,0.5383,2026-07-26 00:00,2026-07-31 12:00,midnight,6.0,280689,True,True,True,1,1,1,True,1,oee_inconsistent_with_rate,,46229,0.484479798,581.38
11783,2026-07-26,2026,30,Sun,P19,True,29738,280256,0.517655325,136.0,1679688,90.0,151171.92,1111.5582,2246.4,0.4948,2026-07-26 00:00,2026-07-31 16:00,midnight,6.0,280256,True,True,True,1,1,1,True,1,oee_inconsistent_with_rate,,46229,0.517655325,1111.56
11793,2026-07-28,2026,31,Tue,P18,True,29735,280686,0.396826923,76.0,693336,90.0,62400.24,821.0558,2246.4,0.3655,2026-07-28 04:00,2026-07-31 08:00,chained_from_prev_mo,4.0,280490,True,True,True,1,1,1,True,1,oee_inconsistent_with_rate,,46231,0.396826923,821.06
11800,2026-07-31,2026,31,Fri,P09,False,29714,280581,0.758346688,12.0,113570,90.0,10221.3,851.775,1123.2,0.7583,2026-07-31 00:00,2026-07-31 12:00,midnight,0.0,280478,True,True,True,1,1,1,True,1,dup_date_line_sku,,46234,0.758346688,851.78
11801,2026-07-31,2026,31,Fri,P09,False,29883,280581,0.779361264,28.0,272340,90.0,24510.6,875.3786,1123.2,0.7794,2026-07-31 12:00,2026-08-01 16:00,chained_from_prev_mo,10.0,280581,True,True,True,1,1,1,True,1,dup_date_line_sku,,46234,0.779361264,875.38
11806,2026-08-01,2026,31,Sat,P15,False,29887,280689,0.5371875,24.0,154710,100.0,15471.0,644.625,1080.0,0.5969,2026-08-01 00:00,2026-08-02 00:00,midnight,1.0,280689,True,True,True,1,1,1,True,1,oee_inconsistent_with_rate,,46235,0.5371875,644.63
11810,2026-08-01,2026,31,Sat,P18,True,29809,280686,0.514305966,162.0,2002584,90.0,180232.56,1112.5467,2246.4,0.4953,2026-08-01 00:00,2026-08-07 18:00,midnight,7.0,280686,True,True,True,1,1,1,True,1,oee_inconsistent_with_rate,,46235,0.514305966,1112.55
11816,2026-08-02,2026,31,Sun,P15,False,9802,280689,0.73725,12.0,106164,100.0,10616.4,884.7,1080.0,0.8192,2026-08-02 00:00,2026-08-02 12:00,midnight,0.0,280689,True,True,True,1,1,1,True,3,mo_out_of_sequence|dup_date_line_sku|oee_inconsistent_with_rate,,46236,0.73725,884.7
11817,2026-08-02,2026,31,Sun,P15,False,29802,280689,0.688860759,79.0,653040,100.0,65304.0,826.6329,1080.0,0.7654,2026-08-02 12:00,2026-08-05 19:00,chained_from_prev_mo,4.0,280689,True,True,True,1,1,1,True,2,dup_date_line_sku|oee_inconsistent_with_rate,,46236,0.688860759,826.63
11821,2026-08-02,2026,31,Sun,P20,True,29892,280344,0.683671652,24.0,307160,90.0,27644.4,1151.85,2246.4,0.5128,2026-08-02 00:00,2026-08-03 00:00,midnight,1.0,280344,True,True,True,1,1,1,True,1,oee_inconsistent_with_rate,,46236,0.683671652,1151.85
11822,2026-08-02,2026,31,Sun,P22,True,29822,280323,0.622702991,12.0,186512,90.0,16786.08,1398.84,2246.4,0.6227,2026-08-02 00:00,2026-08-02 12:00,midnight,0.0,280324,True,True,True,2,2,1,True,1,mo_multi_sku_keying_error,,46236,0.622702991,1398.84
11823,2026-08-02,2026,31,Sun,P22,True,29822,280324,0.830729167,36.0,746460,90.0,67181.4,1866.15,2246.4,0.8307,2026-08-02 12:00,2026-08-04 00:00,chained_from_prev_mo,2.0,280323,True,True,True,2,2,1,True,1,mo_multi_sku_keying_error,,46236,0.830729167,1866.15
11826,2026-08-03,2026,32,Mon,P17,True,29808,280480,0.691831294,110.0,1899492,90.0,170954.28,1554.1298,2246.4,0.6918,2026-08-03 00:00,2026-08-07 14:00,midnight,0.0,570261,True,True,True,1,1,1,True,2,hrs_overlaps_next_mo|dup_date_line_sku,,46237,0.691831294,1554.13
11827,2026-08-03,2026,32,Mon,P17,True,280480,280480,0.728792735,12.0,218288,90.0,19645.92,1637.16,2246.4,0.7288,2026-08-03 00:00,2026-08-03 12:00,midnight,5.0,280480,True,True,True,1,1,1,True,2,mo_out_of_sequence|dup_date_line_sku,,46237,0.728792735,1637.16
11828,2026-08-03,2026,32,Mon,P20,True,29848,280104,0.810897436,24.0,242880,90.0,21859.2,910.8,2246.4,0.4054,2026-08-03 00:00,2026-08-04 00:00,midnight,1.0,280344,True,True,True,1,1,1,True,1,oee_inconsistent_with_rate,,46237,0.810897436,910.8
11832,2026-08-04,2026,32,Tue,P20,True,29814,280103,0.729389245,24.0,327700,90.0,29493.0,1228.875,2246.4,0.547,2026-08-04 00:00,2026-08-05 00:00,midnight,1.0,280104,True,True,True,1,1,1,True,1,oee_inconsistent_with_rate,,46238,0.729389245,1228.88
11837,2026-08-05,2026,32,Wed,P20,True,29849,280103,0.011217949,12.0,3360,90.0,302.4,25.2,2246.4,0.0112,2026-08-05 00:00,2026-08-05 12:00,midnight,0.0,280103,True,True,True,2,2,1,True,2,oee_low|mo_multi_sku_keying_error,,46239,0.011217949,25.2
11838,2026-08-05,2026,32,Wed,P20,True,29849,280585,0.258555227,70.0,419480,90.0,37753.2,539.3314,2246.4,0.2401,2026-08-05 12:00,2026-08-08 10:00,chained_from_prev_mo,4.0,280103,True,True,True,2,2,1,True,2,mo_multi_sku_keying_error|oee_inconsistent_with_rate,,46239,0.258555227,539.33
11841,2026-08-06,2026,32,Thu,P15,False,29897,280610,0.324053763,62.0,241096,120.0,28931.52,466.6374,1353.6,0.3447,2026-08-06 00:00,2026-08-08 14:00,midnight,3.0,280689,True,True,True,1,1,1,True,1,oee_inconsistent_with_rate,,46240,0.324053763,466.64
11847,2026-08-08,2026,32,Sat,P12,False,29903,280375,0.33321513,30.0,112760,110.0,12403.6,413.4533,1240.8,0.3332,2026-08-08 06:00,2026-08-09 12:00,chained_from_prev_mo,0.0,280397,True,True,True,2,2,1,True,2,hrs_overlaps_next_mo|mo_multi_sku_keying_error,,46242,0.33321513,413.45
11848,2026-08-08,2026,32,Sat,P12,False,29903,280612,0.453302469,12.0,58748,100.0,5874.8,489.5667,1080.0,0.4533,2026-08-08 00:00,2026-08-08 12:00,midnight,2.0,280375,True,True,True,2,2,1,True,1,mo_multi_sku_keying_error,,46242,0.453302469,489.57
11849,2026-08-08,2026,32,Sat,P14,False,29800,280090,0.172115385,12.0,25776,90.0,2319.84,193.32,1123.2,0.1721,2026-08-08 12:00,2026-08-09 00:00,chained_from_prev_mo,1.0,280107,True,True,True,1,1,1,True,1,oee_low,,46242,0.172115385,193.32
11857,2026-08-09,2026,32,Sun,P15,False,29915,280605,0.512705761,36.0,199340,120.0,23920.8,664.4667,1353.6,0.4909,2026-08-09 00:00,2026-08-10 12:00,midnight,0.0,280610,True,True,True,1,1,1,True,2,hrs_overlaps_next_mo|oee_inconsistent_with_rate,,46243,0.512705761,664.47
11858,2026-08-09,2026,32,Sun,P15,False,29985,280610,0.089777778,12.0,12928,120.0,1551.36,129.28,1353.6,0.0955,2026-08-09 00:00,2026-08-09 12:00,midnight,2.0,280605,True,True,True,1,1,1,True,2,oee_low|oee_inconsistent_with_rate,,46243,0.089777778,129.28
11866,2026-08-09,2026,32,Sun,P22,True,29940,120448,0.563713989,64.75,911052,90.0,81994.68,1266.3271,2246.4,0.5637,2026-08-09 00:00,2026-08-11 16:45,midnight,0.0,251200,True,True,True,1,1,1,True,1,hrs_overlaps_next_mo,,46243,0.563713989,1266.33
11876,2026-08-11,2026,33,Tue,P15,False,29916,280607,0.614296296,25.0,165860,120.0,19903.2,796.128,1353.6,0.5882,2026-08-11 00:00,2026-08-12 01:00,midnight,3.0,280610,True,True,True,1,1,1,True,1,oee_inconsistent_with_rate,,46245,0.614296296,796.13
11883,2026-08-14,2026,33,Fri,P09,False,30050,280323,0.025240385,6.0,1890,90.0,170.1,28.35,1123.2,0.0252,2026-08-14 12:00,2026-08-14 18:00,chained_from_prev_mo,2.0,280581,True,True,True,1,1,1,True,1,oee_low,,46248,0.025240385,28.35
11885,2026-08-14,2026,33,Fri,P15,False,30032,280610,0.107916667,36.0,46620,120.0,5594.4,155.4,1353.6,0.1148,2026-08-14 00:00,2026-08-15 12:00,midnight,1.0,280607,True,True,True,1,1,1,True,2,oee_low|oee_inconsistent_with_rate,,46248,0.107916667,155.4
11889,2026-08-15,2026,33,Sat,P15,False,30056,280610,0.190340278,48.0,109636,120.0,13156.32,274.09,1353.6,0.2025,2026-08-15 12:00,2026-08-17 12:00,chained_from_prev_mo,2.0,280610,True,True,True,1,1,1,True,2,oee_low|oee_inconsistent_with_rate,,46249,0.190340278,274.09
11895,2026-08-16,2026,33,Sun,P16,False,30037,280590,0.590769231,42.5,313344,90.0,28200.96,663.552,1123.2,0.5908,2026-08-16 00:00,2026-08-17 18:30,midnight,0.0,120463,True,True,True,1,1,1,True,1,hrs_overlaps_next_mo,,46250,0.590769231,663.55
11904,2026-08-17,2026,34,Mon,P15,False,30051,280622,0.36479798,22.0,86676,120.0,10401.12,472.7782,1353.6,0.3493,2026-08-17 12:00,2026-08-18 10:00,chained_from_prev_mo,2.0,280610,True,True,True,1,1,1,True,1,oee_inconsistent_with_rate,,46251,0.36479798,472.78
11907,2026-08-18,2026,34,Tue,P14,False,2994,120437,0.551923077,6.5,44772,90.0,4029.48,619.92,1123.2,0.5519,2026-08-18 00:00,2026-08-18 06:30,midnight,0.0,120436,True,True,True,1,1,1,True,2,mo_out_of_sequence|dup_date_line_sku,,46252,0.551923077,619.92
11908,2026-08-18,2026,34,Tue,P14,False,29994,120437,0.705496413,42.0,369793,90.0,33281.37,792.4136,1123.2,0.7055,2026-08-18 06:30,2026-08-20 00:30,chained_from_prev_mo,2.0,120437,True,True,True,1,1,1,True,1,dup_date_line_sku,,46252,0.705496413,792.41
11918,2026-08-21,2026,34,Fri,P15,False,30053,280698,0.218611111,48.0,125920,100.0,12592.0,262.3333,1080.0,0.2429,2026-08-21 00:00,2026-08-23 00:00,midnight,1.0,280612,True,True,True,1,1,1,True,1,oee_inconsistent_with_rate,,46255,0.218611111,262.33
11923,2026-08-22,2026,34,Sat,P15,False,30136,280698,0.388650794,42.0,195880,100.0,19588.0,466.381,1080.0,0.4318,2026-08-22 00:00,2026-08-23 18:00,midnight,3.0,280698,True,True,True,1,1,1,True,1,oee_inconsistent_with_rate,,46256,0.388650794,466.38
11932,2026-08-23,2026,34,Sun,P18,True,30134,570223,0.455144899,48.0,545300,90.0,49077.0,1022.4375,2246.4,0.4551,2026-08-23 00:00,2026-08-25 00:00,midnight,0.0,280453,True,True,True,1,1,1,True,1,hrs_overlaps_next_mo,,46257,0.455144899,1022.44
11935,2026-08-23,2026,34,Sun,P20,True,30091,280585,0.758863837,58.0,1098592,90.0,98873.28,1704.7117,2246.4,0.7589,2026-08-23 00:00,2026-08-25 10:00,midnight,0.0,280586,True,True,True,1,1,1,True,1,hrs_overlaps_next_mo,,46257,0.758863837,1704.71
11939,2026-08-24,2026,35,Mon,P09,False,30093,280566,0.811298077,12.0,121500,90.0,10935.0,911.25,1123.2,0.8113,2026-08-24 12:00,2026-08-25 00:00,chained_from_prev_mo,1.0,280264,True,True,True,2,2,2,True,1,mo_multi_sku_keying_error,mo_split_across_lines,46258,0.811298077,911.25
11945,2026-08-24,2026,35,Mon,P20,True,30093,280107,0.702676282,60.0,1052328,90.0,94709.52,1578.492,2246.4,0.7027,2026-08-24 00:00,2026-08-26 12:00,midnight,2.0,280586,True,True,True,2,2,2,True,1,mo_multi_sku_keying_error,mo_split_across_lines,46258,0.702676282,1578.49
11946,2026-08-25,2026,35,Tue,P09,False,30063,280566,1.234294872,6.0,92424,90.0,8318.16,1386.36,1123.2,1.2343,2026-08-25 00:00,2026-08-25 06:00,midnight,0.0,280566,True,True,True,1,1,1,False,1,oee_gt_1,,46259,1.234294872,1386.36
11950,2026-08-25,2026,35,Tue,P15,False,30077,280617,0.474329268,41.0,233370,100.0,23337.0,569.1951,1080.0,0.527,2026-08-25 00:00,2026-08-26 17:00,midnight,5.0,280698,True,True,True,1,1,1,True,1,oee_inconsistent_with_rate,,46259,0.474329268,569.2
11954,2026-08-26,2026,35,Wed,P14,False,30071,280478,0.428994963,84.0,449724,90.0,40475.16,481.8471,1123.2,0.429,2026-08-26 00:00,2026-08-29 12:00,midnight,0.0,120536,True,True,True,1,1,1,True,1,hrs_overlaps_next_mo,,46260,0.428994963,481.85
11956,2026-08-26,2026,35,Wed,P16,False,30082,241283,0.823839523,29.0,298164,90.0,26834.76,925.3366,1123.2,0.8238,2026-08-26 00:00,2026-08-27 05:00,midnight,0.0,120437,True,True,True,2,2,1,True,2,hrs_overlaps_next_mo|mo_multi_sku_keying_error,,46260,0.823839523,925.34
11957,2026-08-26,2026,35,Wed,P16,False,30082,280559,0.339819005,8.5,36048,90.0,3244.32,381.6847,1123.2,0.3398,2026-08-26 00:00,2026-08-26 08:30,midnight,1.0,241283,False,True,True,2,2,1,True,1,mo_multi_sku_keying_error,sku_not_in_master,46260,0.339819005,381.68
11963,2026-08-27,2026,35,Thu,P11,False,30068,280581,0.680600071,18.0,152890,90.0,13760.1,764.45,1123.2,0.6806,2026-08-27 09:30,2026-08-28 03:30,chained_from_prev_mo,,280572,True,True,True,2,2,2,True,1,mo_multi_sku_keying_error,mo_split_across_lines,46261,0.680600071,764.45
11964,2026-08-27,2026,35,Thu,P16,False,30068,280559,0.757692308,12.0,113472,90.0,10212.48,851.04,1123.2,0.7577,2026-08-27 00:00,2026-08-27 12:00,midnight,1.0,280559,False,True,True,2,2,2,True,1,mo_multi_sku_keying_error,mo_split_across_lines|sku_not_in_master,46261,0.757692308,851.04
11974,2026-08-30,2026,35,Sun,P15,False,30156,280617,0.6585625,48.0,379332,100.0,37933.2,790.275,1080.0,0.7317,2026-08-30 00:00,2026-09-01 00:00,midnight,2.0,280617,True,True,True,1,1,1,True,1,oee_inconsistent_with_rate,,46264,0.6585625,790.28
11990,2026-09-01,2026,36,Tue,P15,False,30238,280617,0.522125,48.0,300744,100.0,30074.4,626.55,1080.0,0.5801,2026-09-01 00:00,2026-09-03 00:00,midnight,,280617,True,True,True,1,1,1,True,1,oee_inconsistent_with_rate,,46266,0.522125,626.55
11992,2026-09-01,2026,36,Tue,P17,True,30163,280686,0.618536325,36.0,555792,90.0,50021.28,1389.48,2246.4,0.6185,2026-09-01 00:00,2026-09-02 12:00,midnight,0.0,570261,True,True,True,1,1,1,True,1,hrs_overlaps_next_mo,,46266,0.618536325,1389.48
11995,2026-09-01,2026,36,Tue,P19,True,30242,280256,0.748517628,24.0,448392,90.0,40355.28,1681.47,2246.4,0.7485,2026-09-01 00:00,2026-09-02 00:00,midnight,1.0,280256,True,True,True,2,2,2,True,1,mo_multi_sku_keying_error,mo_split_across_lines,46266,0.748517628,1681.47
11997,2026-09-01,2026,36,Tue,P20,True,30242,280344,0.620192308,12.0,185760,90.0,16718.4,1393.2,2246.4,0.6202,2026-09-01 00:00,2026-09-01 12:00,midnight,1.0,280583,True,True,True,2,2,2,True,1,mo_multi_sku_keying_error,mo_split_across_lines,46266,0.620192308,1393.2
12003,2026-09-02,2026,36,Wed,P16,False,30159,280425,1.850961538,1.0,23100,90.0,2079.0,2079.0,1123.2,1.851,2026-09-02 12:00,2026-09-02 13:00,chained_from_prev_mo,,251200,True,True,True,1,1,1,False,1,oee_gt_1,,46267,1.850961538,2079.0
