mo_start_date,LINE,MO,PRODUCT CODE,Sum of OEE,Max of mo_scheduled_hrs,pouches_produced,pouch_weight_g,kg_per_hr
43102,P09,4869,280068,0.653294574,86,701168,90,733.78
43102,P09,12620,280317,0.817768325,36.53,372816,90,918.52
43102,P10,4870,280068,0.723032714,87,785040,90,812.11
43102,P11,4871,242030,0.774294872,35,338212,90,869.69
43102,P12,4873,120450,0.852732794,19,202200,90,957.79
43102,P12,4874,120451,0.684615385,8,68352,90,768.96
43102,P13,4881,120436,0.868903134,45,487976,90,975.95
43102,P14,4878,120430,0.83202381,35,363428,90,934.53
43103,P11,4872,241658,0.432799145,12,64816,90,486.12
43103,P12,4875,120532,0.813304424,51,517652,90,913.50
43103,P13,4877,120465,0.709714591,42,372004,90,797.15
43103,P14,4879,120435,0.734251252,42.25,387156,90,824.71
43103,P14,4880,120536,0.529807692,8,52896,90,595.08
43104,P11,4913,280040,0.739883814,32,295480,90,831.04
43105,P12,4940,120435,0.767227564,4,38300,90,861.75
43108,P09,4810,280068,0.773076923,8,77184,90,868.32
43108,P09,4910,280068,0.785057471,29,284128,90,881.78
43108,P10,4895,280068,0.659084775,104.5,859552,90,740.28
43108,P11,4927,242030,0.881350902,27,296980,90,989.93
43108,P12,4900,120450,0.900219298,19,213460,90,1011.13
43108,P12,4941,120433,0.744243097,26,241492,90,835.93
43108,P13,4942,120448,0.654338104,43,351144,90,734.95
43108,P14,4924,120430,0.852107252,67,712498,90,957.09
43109,P09,4911,241658,0.748224122,67.5,630304,90,840.41
43109,P11,4928,241288,0.676231971,32,270060,90,759.54
43109,P13,4943,120431,0.798237179,24,239088,90,896.58
43109,P13,4943,120464,0.657932692,24,197064,90,738.99
43110,P11,4916,120444,0.769181774,39.25,376776,90,863.94
43110,P12,4902,280003,0.750891426,32,299876,90,843.40
43110,P14,4925,120431,0.774065171,24,231848,90,869.43
43111,P12,4904,120430,0.740058275,27.5,253988,90,831.23
43111,P13,4929,251200,0.775226244,17,164472,90,870.73
43111,P14,4926,120442,0.698915187,13,113392,90,785.02
43115,P09,4948,242027,0.764380811,91,868092,90,858.55
43115,P10,4950,280068,0.555652681,22,152560,90,624.11
43115,P11,4954,242027,0.766219358,91,870180,90,860.62
43115,P12,4956,120453,0.870985155,19,206528,90,978.29
43115,P12,4958,120451,0.743232249,26,241164,90,834.80
43115,P13,4961,242027,0.762281469,110,1046460,90,856.19
43115,P14,4962,280040,0.793568014,59,584320,90,891.34
43115,P16,4978,120436,0.318289263,16,63556,90,357.50
43116,P10,4952,242027,0.668123543,55,458600,90,750.44
43116,P16,4979,120464,0.547553008,26,177670,90,615.01
43117,P12,4959,120433,0.722809829,24,216496,90,811.86
43117,P14,4963,120444,0.765504808,32,305712,90,859.82
43117,P16,4980,120430,0.521229439,26.5,172381,90,585.44
43118,P09,4949,120437,0.650395695,20.25,164368,90,730.52
43118,P10,4953,120433,0.552040816,12.25,84396,90,620.05
43118,P10,4953,120435,0.415084135,16,82884,90,466.22
43118,P11,4955,120437,0.673527896,19.9,167272,90,756.51
43118,P12,4960,120430,0.822444801,36,369508,90,923.77
43119,P14,4964,120437,0.740005828,11,101588,90,831.17
43122,P09,4981,120448,0.83645362,51,532386,90,939.50
43122,P10,4984,242027,0.729150862,126.75,1153400,90,818.98
43122,P11,4985,120433,0.606318681,35,264840,90,681.02
43122,P12,4991,120444,0.529392213,27,178384,90,594.61
43122,P13,4992,120433,0.658290598,30,246464,90,739.39
43122,P14,4994,242030,0.676694139,35,295580,90,760.06
43122,P16,4999,280040,0.366283792,55.25,252560,90,411.41
43123,P11,4986,120532,0.586598558,16,117132,90,658.87
43123,P12,4988,120435,0.319230769,8,31872,90,358.56
43123,P12,4989,120430,0.769030449,16,153560,90,863.78
43123,P13,4993,120464,0.796544471,96,954324,90,894.68
43123,P14,4995,280040,0.842574786,66,694012,90,946.38
43124,P09,4982,251200,0.731278281,34,310296,90,821.37
43124,P11,4987,120431,0.764529915,76.5,729912,90,858.72
43124,P12,4990,120431,0.816584746,78.25,797444,90,917.19
43124,P16,4997,241658,0.448577834,45.75,256120,90,503.84
43125,P09,4983,120437,0.727119755,44,399276,90,816.70
43126,P14,5000,120436,0.81653312,24,244568,90,917.13
43127,P14,5029,120437,0.923183761,3,34564,90,1036.92
43129,P09,5008,242027,0.692996201,67.5,583780,90,778.37
43129,P10,5009,242027,0.733161117,67,613040,90,823.49
43129,P11,5011,120453,0.675047483,27,227464,90,758.21
43129,P12,5013,120450,0.793927126,19,188256,90,891.74
43129,P12,5014,120442,0.728605769,16,145488,90,818.37
43129,P13,5016,242030,0.795547706,73.5,729740,90,893.56
43129,P14,5018,120436,0.824138921,67,689112,90,925.67
43129,P16,5020,120430,0.441899767,11,60664,90,496.34
43129,P16,5020,120437,0.638341346,8,63732,90,716.99
43129,P16,5020,120464,0.559254808,8,55836,90,628.16
43129,P16,5021,120464,0.619582482,56.5,436880,90,695.92
43130,P11,5012,120536,0.599058494,32,239240,90,672.86
43130,P12,5015,120437,0.691771753,30.5,263316,90,777.00
43130,P12,5015,120442,1.926923077,2,48096,90,2164.32
43131,P10,5055,242027,0.753504888,34.75,326780,90,846.34
43131,P11,5032,280068,0.245248869,8.5,26016,90,275.46
43131,P14,5059,120436,0.571597633,6.5,46368,90,642.02
43132,P09,5054,242027,0.834924532,35.25,367300,90,937.79
43132,P11,5056,280068,0.722961249,33.25,300000,90,812.03
43132,P12,5057,120437,0.761236264,35,332508,90,855.02
43132,P13,5017,280040,0.871628372,19.25,209400,90,979.01
43132,P13,5058,242030,0.592347756,16,118280,90,665.33
43132,P14,5019,120430,0.795984163,34,337752,90,894.05
43132,P16,5022,120437,0.651923077,17.5,142380,90,732.24
43136,P09,5035,242027,0.746371553,53,493680,90,838.32
43136,P10,5037,280068,0.726410256,80,725248,90,815.90
43136,P11,5038,280068,0.535419478,57,380876,90,601.38
43136,P12,5041,120532,0.71034965,55,487584,90,797.86
43136,P13,5043,120436,0.729108392,11,100092,90,818.93
43136,P13,5044,120448,0.830408654,16,165816,90,932.72
43136,P13,5044,251200,0.593870192,8,59292,90,667.04
43136,P14,5048,120431,0.697596154,16,139296,90,783.54
43136,P14,5073,120430,0.760955711,11,104464,90,854.71
43136,P16,5051,242030,0.780364372,19,185040,90,876.51
43136,P16,5052,242027,0.643108974,40,321040,90,722.34
43137,P13,5045,251200,0.634915865,48,380340,90,713.14
43137,P14,5049,120536,0.604897837,32,241572,90,679.42
43138,P09,5098,120464,0.613491354,43,329224,90,689.07
43138,P11,5101,120436,0.713234834,41,364948,90,801.11
43138,P12,5039,120450,0.850357782,21.5,228168,90,955.12
43138,P14,5050,120435,0.715423077,50,446424,90,803.56
43138,P16,5053,280003,0.669286243,26,217170,90,751.74
43139,P10,5099,120436,0.551282051,24,165120,90,619.20
43139,P12,5040,120454,0.72613515,24,217492,90,815.60
43139,P13,5046,120437,0.773258345,26.5,255732,90,868.52
43139,P16,5097,120433,0.573266857,13.5,96584,90,643.89
43140,P12,5042,120437,0.956923077,3.75,44784,90,1074.82
43143,P09,5103,120464,0.716620879,21,187812,90,804.91
43143,P10,5084,120464,0.672685185,27,226668,90,755.56
43143,P11,5104,120463,0.719052707,27,242292,90,807.64
43143,P11,5104,120464,0.762884615,5,47604,90,856.87
43143,P12,5107,120437,0.757342657,11,103968,90,850.65
43143,P12,5108,120444,0.678205128,24,203136,90,761.76
43143,P13,5112,251200,0.857879726,59,631674,90,963.57
43143,P14,5113,120453,0.713983516,35,311868,90,801.95
43143,P15,5130,120450,0.269408832,27,90780,90,302.60
43144,P09,5083,241288,0.825722168,79,814096,90,927.45
43144,P11,5105,280068,0.726262361,73.25,663920,90,815.74
43144,P12,5119,120435,0.795426529,26,258100,90,893.42
43144,P14,5114,120451,0.736097756,24,220476,90,826.79
43144,P15,5129,242027,0.498999262,69.5,432812,90,560.48
43145,P10,5102,280068,0.74968143,41.25,385936,90,842.04
43145,P13,5111,120464,0.762752849,45,428362,90,856.72
43145,P14,5120,120465,0.815737179,50,509020,90,916.24
43146,P12,5118,120450,0.833153846,12.5,129972,90,935.80
43151,P09,5158,120436,0.738489011,35,322572,90,829.47
43151,P10,5135,280068,0.753711986,86,808944,90,846.57
43151,P11,5136,280068,0.71899499,87,780656,90,807.58
43151,P12,5139,120435,0.721365878,65,585172,90,810.24
43151,P12,5159,120436,0.765080972,19,181416,90,859.34
43151,P13,5140,280107,0.732793522,19,173760,90,823.07
43151,P13,5149,120430,0.769799499,66.5,638872,90,864.64
43151,P14,5145,120448,0.657454212,35,287176,90,738.45
43151,P15,5147,242027,0.515201465,35,225040,90,578.67
43152,P09,5132,120464,0.748557692,24,224208,90,840.78
43152,P14,5160,120465,0.767615385,50,478992,90,862.19
43152,P15,5148,120451,0.467895299,24,140144,90,525.54
43153,P09,5133,120437,0.868956044,14,151824,90,976.01
43153,P15,5177,120430,0.499839744,15,93570,90,561.42
43154,P15,5194,120435,0.553952991,6,41480,90,622.20
43157,P09,5191,120436,0.782088551,43,419700,90,878.44
43157,P10,5203,242030,0.802968961,19,190400,90,901.89
43157,P10,5204,242027,0.788628472,48,472420,90,885.79
43157,P11,5181,280068,0.698507463,67,584064,90,784.56
43157,P12,5182,120433,0.672472527,35,293736,90,755.32
43157,P13,5170,120436,0.756816877,67,632820,90,850.06
43157,P14,5185,120430,0.805677656,35,351920,90,904.94
43157,P15,5188,120436,0.711707875,35,310874,90,799.39
43157,P15,5188,120448,0.622175481,16,124236,90,698.83
43158,P09,5162,120437,0.756850962,24,226692,90,850.10
43158,P12,5183,120431,0.821153846,32,327936,90,922.32
43158,P14,5186,120465,0.814145132,32,325137,90,914.45
43159,P09,5228,120437,0.728637124,23,209148,90,818.41
43159,P09,5229,120444,0.484975962,8,48420,90,544.73
43159,P10,5229,242027,0.493464326,23,141644,90,554.26
43159,P11,5230,280068,0.809380071,39.5,398992,90,909.10
43159,P12,5232,120431,0.807300151,42.5,428192,90,906.76
43159,P13,5171,120437,0.756997863,42,396788,90,850.26
43159,P14,5231,120435,0.65467033,7,57192,90,735.33
43159,P15,5189,120448,0.845552885,16,168840,90,949.73
43159,P15,5190,120430,0.538146749,28,188050,90,604.45
43160,P10,5205,120433,0.765705128,19,181564,90,860.04
43160,P14,5187,120432,0.394230769,0.5,2460,90,442.80
43160,P14,5187,120435,0.741336138,32,296060,90,832.67
43161,P09,5192,120444,0.898269231,10,112104,90,1008.94
43164,P09,5207,242027,0.763683847,74.25,707660,90,857.77
43164,P10,5209,280068,0.741365777,98,906720,90,832.70
43164,P11,5209,280068,0.748860399,27,252336,90,841.12
43164,P13,5214,120437,0.722325721,64,576936,90,811.32
43164,P13,5222,120448,0.810222672,19,192120,90,910.04
43164,P15,5216,120436,0.557160393,47,326808,90,625.80
43164,P16,5219,120430,0.518445199,51,329980,90,582.32
43165,P11,5221,280068,0.822001076,71.5,733488,90,923.27
43166,P12,5210,280093,0.59751773,24,161760,110,741.40
43166,P15,5215,242027,0.548865069,61,417840,90,616.49
43166,P16,5220,120433,0.582834758,18,130928,90,654.64
43167,P09,5208,280068,0.685290148,28.5,243744,90,769.72
43167,P12,5211,280095,0.608911139,21.25,145956,110,755.54
43167,P12,5211,280096,0.743635685,4.75,39844,110,922.70
43167,P13,5223,120436,0.803580902,29,290832,90,902.58
43167,P16,5218,242027,0.601008673,34,255020,90,675.05
43171,P09,5257,120436,0.772230769,75,722808,90,867.37
43171,P10,5269,280068,0.720144496,90.5,813360,90,808.87
43171,P11,5259,242027,0.674760973,59,496840,90,757.89
43171,P13,5248,120436,0.625290698,43,335556,90,702.33
43171,P14,5250,120436,0.66531339,27,224184,90,747.28
43171,P15,5252,280107,0.230128205,33,94776,90,258.48
43171,P16,5255,242027,0.596730769,75,558540,90,670.25
43172,P13,5249,120464,0.810964409,67,678096,90,910.88
43172,P14,5266,120448,0.796611163,82,815220,90,894.75
43172,P15,5267,120448,0.635494505,70,555168,90,713.79
43173,P11,5260,120452,0.584436494,21.5,156816,90,656.44
43174,P09,5264,120437,0.812686966,36,365124,90,912.81
43174,P10,5258,120436,0.733037796,15.4,140884,90,823.35
43174,P11,5265,120437,0.802884615,17,170340,90,901.80
43174,P16,5263,251200,0.460516827,16,91956,90,517.25
43174,P16,5297,120431,0.616559829,6,46168,90,692.52
43178,P09,5278,120436,0.883216783,11,121248,90,992.03
43178,P09,5279,120464,0.767160791,72,689340,90,861.68
43178,P10,5281,120433,0.606950549,35,265116,90,681.73
43178,P11,5284,280068,0.649722321,108.5,879776,90,729.77
43178,P12,5288,280096,0.559412361,35,220856,110,694.12
43178,P13,5289,120436,0.883983516,35,386124,90,992.89
43178,P14,5292,120436,0.694891103,83,719796,90,780.50
43178,P16,5294,241288,0.698538614,105,915365,90,784.60
43179,P10,5282,120465,0.609615385,24,182592,90,684.72
43179,P12,5287,280095,0.591079344,32,213356,110,733.41
43179,P13,5290,120464,0.827644231,48,495792,90,929.61
43180,P10,5283,120431,0.614750557,46,352916,90,690.49
43180,P12,5286,280093,0.692952128,24,187596,110,859.82
43181,P09,5280,120431,0.588507326,28,205648,90,661.01
43181,P13,5291,120448,0.720432692,16,143856,90,809.19
43181,P14,5293,120437,0.790762363,28,276324,90,888.18
43182,P13,5348,120437,0.716706201,11.35,101520,90,805.00
43185,P09,5330,280068,0.682094741,59,502240,90,766.13
43185,P10,5311,280068,0.696070094,99.5,864352,90,781.83
43185,P11,5332,120436,0.717477376,51,456660,90,805.87
43185,P12,5335,120430,0.753342491,35,329060,90,846.15
43185,P13,5319,120436,0.851527149,51,541980,90,956.44
43185,P14,5323,120437,0.577444589,59,425184,90,648.59
43185,P16,5324,120437,0.594766131,91,675464,90,668.04
43186,P12,5336,120431,0.417456897,58,302172,90,468.89
43187,P09,5331,120448,0.876951567,45,492496,90,984.99
43187,P11,5333,120444,0.780889423,24,233892,90,877.10
43187,P13,5320,120464,0.77880609,24,233268,90,874.76
43187,P14,5339,120448,0.800985698,49.75,497316,90,899.67
43188,P11,5334,120435,0.801923077,12,120096,90,900.72
43188,P11,5334,120444,0.682024573,24,204280,90,766.05
43188,P13,5321,120448,0.834280936,34.5,359208,90,937.06
43188,P16,5340,120448,0.790960024,12.7,125364,90,888.41
43189,P10,5377,120465,0.837019231,2,20892,90,940.14
43189,P12,5337,120465,0.699893162,12,104816,90,786.12
43192,P09,5349,242027,0.602117898,51,383236,90,676.30
43192,P10,5352,242027,0.684065493,103.75,885728,90,768.34
43192,P11,5353,120430,0.567408907,19,134544,90,637.31
43192,P11,5354,280003,0.082451923,8,8232,90,92.61
43192,P12,5357,120465,0.663541667,24,198744,90,745.29
43192,P12,5368,120454,0.561268556,19,133088,90,630.42
43192,P13,5360,120536,0.573481781,19,135984,90,644.13
43192,P13,5361,120444,0.765130876,48,458344,90,859.40
43192,P14,5363,120436,0.80903092,51,514932,90,908.70
43192,P16,5365,120448,0.616521249,27,207743,90,692.48
43193,P11,5355,120436,0.79799359,25,248974,90,896.31
43193,P11,5355,280003,0.639690171,24,191600,90,718.50
43193,P12,5358,120442,0.92170584,18,207052,90,1035.26
43193,P16,5367,120437,0.596991377,42,312919,90,670.54
43194,P09,5351,120464,0.804449153,59,592332,90,903.56
43194,P12,5359,120532,0.743791415,44.5,413072,90,835.43
43194,P13,5362,120437,0.78349359,42,410676,90,880.02
43194,P14,5364,120448,0.817438455,55.15,562620,90,918.15
43195,P15,5380,120437,0.451121795,12,67560,90,506.70
43195,P16,5366,120464,0.679171181,35.5,300900,90,762.85
43196,P10,5406,120532,0.971509972,2.7,32736,90,1091.20
43196,P14,5405,120437,0.989423077,4,49392,90,1111.32
43199,P09,5381,120437,0.708898305,59,521976,90,796.23
43199,P10,5384,120437,0.620046357,110.9,858164,90,696.44
43199,P11,5385,242027,0.745128205,105,976416,90,836.93
43199,P12,5386,120450,0.744700358,43,399636,90,836.45
43199,P13,5390,120437,0.75831448,51,482652,90,851.74
43199,P14,5392,120436,0.809945055,35,353784,90,909.73
43199,P16,5395,280040,0.613960942,43,329476,90,689.60
43200,P12,5387,120465,0.778819444,24,233272,90,874.77
43200,P14,5393,120437,0.82641226,32,330036,90,928.23
43200,P16,5396,120436,0.588461538,48,352512,90,660.96
43201,P09,5382,120444,0.706901042,32,282308,90,793.99
43201,P12,5388,120431,0.690114183,32,275604,90,775.14
43201,P13,5391,241288,0.839295439,56.5,591804,90,942.70
43201,P14,5394,120448,0.817844365,43,438888,90,918.60
43202,P09,5383,120536,0.736804253,20.5,188504,90,827.58
43202,P15,5407,120437,0.2484375,8,24804,90,279.05
43202,P16,5397,120430,0.449034299,19.25,107876,90,504.36
43203,P11,5433,120437,1.054807692,2,26328,90,1184.76
43203,P12,5389,120430,0.860714286,14,150384,90,966.75
43206,P09,5408,242027,0.749777422,108,1010580,90,842.15
43206,P10,5409,242027,0.760830599,105.5,1001740,90,854.56
43206,P11,5410,120430,0.550842491,35,240608,90,618.71
43206,P12,5412,280096,0.440634126,51,253488,110,546.74
43206,P13,5416,242027,0.559401709,27,188496,90,628.32
43206,P14,5419,120437,0.821734996,91,933228,90,922.97
43206,P16,5424,120430,1.176842949,8,117496,90,1321.83
43206,P16,5435,120536,0.395327524,16,78939,90,444.03
43207,P11,5411,120464,0.792471175,74.5,736808,90,890.10
43207,P13,5417,241288,0.801995192,40,400356,90,900.80
43207,P16,5422,280040,0.699872907,61.08,533498,90,786.10
43207,P16,5423,280003,0.778465545,16,155444,90,874.37
43208,P12,5413,280095,0.747399527,24,202336,110,927.37
43208,P12,5413,280096,0.631944444,24,171080,110,784.12
43208,P13,5418,120436,0.851016799,43.5,462000,90,955.86
43209,P14,5420,120448,0.847297297,18.5,195624,90,951.68
43209,P15,5437,120464,0.579230769,10,72288,90,650.59
43210,P10,5473,280040,1.05011655,2.75,36040,90,1179.49
43210,P12,5414,280093,0.644904815,9.5,69108,110,800.20
43213,P09,5438,242027,0.709563208,43,380780,90,796.98
43213,P10,5463,242027,0.740794574,43,397540,90,832.06
43213,P11,5456,120436,0.810927251,43,435176,90,910.83
43213,P12,5460,120532,0.715690221,43,384068,90,803.86
43213,P13,5448,120464,0.789330399,83,817620,90,886.58
43213,P14,5450,120448,0.757268579,59,557592,90,850.56
43213,P16,5452,280040,0.80721587,37,372740,90,906.66
43214,P09,5462,242030,0.775040064,48,464280,90,870.53
43214,P10,5440,242030,0.738782051,40,368800,90,829.80
43214,P11,5457,120430,0.76496895,64,610996,90,859.21
43214,P12,5461,120431,0.774574244,67,647668,90,870.00
43214,P16,5465,120431,0.497335737,32,198616,90,558.61
43215,P14,5451,120436,0.840185676,50.75,532140,90,943.70
43216,P09,5434,120450,0.458533654,8,45780,90,515.03
43216,P10,5441,120453,0.606833791,28,212052,90,681.60
43216,P13,5464,120430,0.789414255,27.25,268464,90,886.67
43216,P16,5466,120433,0.740932158,24,221924,90,832.22
43217,P09,5439,120450,0.735384615,11.25,103248,90,825.98
43217,P16,5478,120430,0.630883877,11.63,91568,90,708.61
43220,P09,5479,120464,0.594489645,26,192900,90,667.73
43220,P10,5480,120433,0.674137081,26,218744,90,757.19
43220,P11,5482,242027,0.704326923,26,228540,90,791.10
43220,P12,5485,120431,0.743639053,26,241296,90,835.26
43220,P13,5487,242027,0.767017705,42,402040,90,861.51
43220,P14,5490,280107,0.739772727,11,101556,90,830.91
43220,P14,5491,120437,0.617889088,43,331584,90,694.01
43220,P16,5493,280040,0.672386588,26,218176,90,755.22
43221,P09,5514,120464,0.831158425,84,871320,90,933.56
43221,P09,5514,242027,0.704203649,26,228500,90,790.96
43221,P10,5481,120433,0.623944979,24,186884,90,700.82
43221,P10,5481,120464,0.746587644,58,540410,90,838.57
43221,P11,5510,242027,0.796826398,30.5,303304,90,895.00
43221,P12,5516,120431,0.719030449,32,287152,90,807.62
43221,P13,8488,242030,0.637219551,8,63620,90,715.73
43221,P16,5494,242027,0.719110577,16,143592,90,807.71
43221,P16,5495,120448,0.711916772,61,541968,90,799.62
43222,P11,5535,120430,0.812019231,8,81072,90,912.06
43222,P11,5537,120436,0.751247297,41.5,389086,90,843.80
43222,P12,5486,120430,0.723648819,51,460588,90,812.80
43222,P13,5488,242030,0.838441506,32,334840,90,941.74
43222,P15,5536,120437,0.662714161,55,454887,90,744.36
43223,P13,5489,280039,0.755401901,26.7,251712,90,848.47
43228,P10,5519,242027,0.607448439,46,348724,90,682.29
43228,P11,5522,242030,0.771089744,50,481160,90,866.09
43228,P12,5526,280095,0.679474343,34,260592,110,843.09
43228,P13,5531,120464,0.782509947,58,566412,90,878.92
43228,P15,5548,280087,0.433088731,38,205388,90,486.45
43228,P16,5534,120448,0.63800414,72,573285,90,716.61
43229,P09,5518,242027,0.807369101,59.5,599520,90,906.84
43229,P12,5525,280096,0.768240248,16,138652,110,953.23
43229,P14,5540,280086,0.610943223,28,213488,90,686.21
43230,P10,5520,280130,0.744831731,16,148728,90,836.60
43230,P10,5521,280129,0.829326923,20,207000,90,931.50
43230,P11,5523,242027,0.648824786,24,194336,90,728.76
43230,P12,5527,280093,0.615808137,19,131980,110,764.09
43230,P12,5527,280096,0.669437057,16,120820,110,830.64
43230,P13,5532,120437,0.888538462,25,277224,90,998.01
43230,P14,5552,120436,0.71151627,20.22,179548,90,799.18
43231,P11,5524,280114,0.852424749,11.5,122340,90,957.44
43231,P16,5579,120436,0.514423077,3.4,21828,90,577.80
43234,P09,5553,242027,0.774112999,43,415420,90,869.48
43234,P10,5555,280130,0.594852941,51,378612,90,668.14
43234,P11,5558,120452,0.645804196,11,88656,90,725.37
43234,P11,5559,241288,0.594919872,40,296984,90,668.21
43234,P12,5558,120454,0.369776828,27,124600,90,415.33
43234,P13,5565,242027,0.816268191,111,1130760,90,916.83
43234,P14,5566,120450,0.723486881,43,388252,90,812.62
43234,P15,5569,251200,0.588159341,35,256908,90,660.62
43235,P09,5554,280105,0.759851828,61,578460,90,853.47
43235,P12,5562,120453,0.554346955,16,110692,90,622.64
43235,P12,5563,120435,0.783669872,40,391208,90,880.22
43235,P14,5567,280115,0.751495726,24,225088,90,844.08
43235,P15,5570,280133,0.727661401,56,508548,90,817.31
43236,P10,5556,280129,0.640544872,24,191856,90,719.46
43236,P11,5560,280039,0.729289941,58.5,532440,90,819.14
43236,P14,5568,120437,0.751341682,43,403200,90,843.91
43237,P10,5557,242027,0.663304644,35.75,295940,90,745.02
43237,P12,5564,120430,0.832963733,27.75,288472,90,935.58
43237,P15,5571,120430,0.643338907,23,184664,90,722.60
43238,P09,5614,120430,0.777472527,3.5,33960,90,873.26
43241,P09,5584,120465,0.454402834,19,107748,90,510.39
43241,P09,5585,280039,0.80046431,92.5,924056,90,899.08
43241,P10,5623,280133,0.684085724,59,503706,90,768.37
43241,P11,5626,242027,0.606154933,59,446324,90,680.83
43241,P12,5591,120433,0.713150183,35,311504,90,801.01
43241,P13,5594,280040,0.812440646,27,273760,90,912.53
43241,P14,5596,280107,0.690297203,11,94764,90,775.34
43241,P14,5597,280133,0.778512286,72,699540,90,874.43
43241,P16,5599,242027,0.687321937,27,231600,90,772.00
43242,P12,5592,280003,0.849769888,19.5,206800,90,954.46
43242,P13,5595,242027,0.846657274,81.62,862420,90,950.97
43242,P16,5600,280133,0.62076656,24,185932,90,697.25
43243,P10,5624,251200,0.625701122,48,374820,90,702.79
43243,P11,5627,280068,0.703365385,44,386232,90,790.02
43243,P12,5593,280133,0.75682879,51.5,486429,90,850.07
43243,P16,5601,120433,0.770740215,59.03,567800,90,865.70
43244,P14,5598,120430,0.760165012,25.95,246184,90,853.82
43245,P10,5625,120437,0.950128205,5,59288,90,1067.18
43249,P09,5630,242027,0.815008842,72.5,737420,90,915.42
43249,P10,5651,280134,0.73407906,75,687098,90,824.52
43249,P11,5653,280068,0.738923077,75,691632,90,829.96
43249,P12,5634,242030,0.688805793,27,232100,90,773.67
43249,P13,5636,242027,0.812286325,75,760300,90,912.36
43249,P14,5637,280133,0.870840787,43,467328,90,978.13
43249,P16,5641,120444,0.611185897,40,305104,90,686.48
43249,P16,5642,120430,0.725641026,19,172064,90,815.04
43250,P12,5635,280134,0.70798519,43.5,384351,90,795.21
43250,P14,5639,120437,0.810727163,32,323772,90,910.61
43251,P16,5640,280133,0.738511619,16,147466,90,829.50
43252,P09,5694,242027,0.841491841,30.25,317680,90,945.16
43252,P10,5695,280134,0.748317308,8,74712,90,840.51
43252,P10,5952,280135,0.692728365,16,138324,90,778.07
43252,P11,5696,280068,0.816666667,35,356720,90,917.28
43252,P12,5697,280134,0.811626273,36.5,369712,90,911.62
43252,P13,5698,242027,0.726204351,33,299080,90,815.67
43252,P14,5699,120437,0.796442308,30,298188,90,894.56
43252,P16,5700,280133,0.802297312,35.2,352446,90,901.14
43253,P10,5652,280135,0.840890688,9.5,99696,90,944.49
43255,P09,5654,242027,0.765767757,87,831440,90,860.11
43255,P10,5678,280068,0.640804598,29,231920,90,719.75
43255,P11,5660,280068,0.819916222,101,1033488,90,920.93
43255,P12,5664,280095,0.444602049,27,135408,110,551.66
43255,P13,5666,242027,0.795966375,128.43,1275780,90,894.03
43255,P14,5671,280133,0.896488294,69,771984,90,1006.94
43255,P16,5674,280134,0.819847605,53,542280,90,920.85
43256,P10,5658,242027,0.745160256,100,929960,90,836.96
43256,P12,5663,280096,0.547857565,24,148316,110,679.78
43257,P12,5662,280093,0.799182427,18,162266,110,991.63
43257,P16,5673,251200,0.731810897,24,219192,90,821.97
43258,P09,5655,280105,0.717834249,42,376260,90,806.27
43258,P12,5665,280133,0.753295357,59.5,559367,90,846.10
43258,P14,5668,120450,0.645259081,24,193268,90,724.76
43258,P16,5718,280135,0.795598725,50.22,498638,90,893.62
43259,P11,5676,280086,0.434281517,24,130076,90,487.79
43259,P14,5669,120453,0.721794872,16,144128,90,810.72
43259,P14,5670,120431,0.771138584,21,202100,90,866.14
43260,P11,5677,280087,0.803205128,3.5,35084,90,902.16
43262,P09,5701,242027,0.772286822,43,414440,90,867.43
43262,P10,5705,242027,0.563579622,19,133636,90,633.01
43262,P10,5706,280068,0.753350333,90.5,850864,90,846.16
43262,P11,5707,242027,0.775106838,27,261180,90,870.60
43262,P12,5709,120431,0.78525641,59,578200,90,882.00
43262,P13,5711,242027,0.825935897,75,773076,90,927.69
43262,P14,5713,242030,0.768952991,75,719740,90,863.69
43262,P16,5715,242027,0.752307692,75,704160,90,844.99
43263,P09,5702,280107,0.625335082,22,171692,90,702.38
43263,P11,5708,280135,0.796785906,71.5,710988,90,894.95
43264,P09,5703,280114,0.548477564,16,109520,90,616.05
43264,P12,5710,120465,0.790611645,48,473608,90,888.02
43265,P09,5704,280135,0.830276134,29.25,303084,90,932.57
43265,P13,5712,280039,0.802631297,35.87,359304,90,901.52
43265,P14,5714,280133,0.769203059,34.7,333108,90,863.97
43265,P16,5716,241288,0.536651142,32,214317,90,602.77
43266,P12,5780,120430,0.975384615,3.75,45648,90,1095.55
43266,P16,5779,280135,0.697115385,6,52200,90,783.00
43269,P09,5733,242027,0.794240864,127,1258840,90,892.09
43269,P10,5735,280068,0.734043659,74,677904,90,824.48
43269,P11,5738,241283,0.813906695,27,274254,90,914.18
43269,P12,5741,120450,0.805430403,35,351812,90,904.66
43269,P13,5764,280039,0.808277161,97,978468,90,907.86
43269,P14,5747,280115,0.782338057,19,185508,90,878.72
43269,P14,5748,120431,0.734823718,40,366824,90,825.35
43269,P15,5752,280135,0.647319347,88,710912,90,727.07
43269,P15,5773,280133,0.452732794,19,107352,90,508.51
43269,P16,5776,280135,0.521599003,45,292930,90,585.86
43270,P11,5739,280135,0.695461538,62.5,542460,90,781.14
43270,P12,5742,120452,0.723517628,8,72236,90,812.66
43270,P12,5763,120454,0.713701923,16,142512,90,801.63
43271,P12,5744,280096,0.62431164,34,239436,110,774.65
43271,P14,5749,120437,0.759097633,26,246312,90,852.62
43271,P14,5772,120536,0.644110577,8,64308,90,723.47
43271,P16,5774,242030,0.557792468,16,111380,90,626.51
43271,P16,5775,242027,0.696674099,69,599920,90,782.50
43272,P10,5736,242027,0.647069597,35,282640,90,726.79
43273,P10,5737,280129,0.49842033,21,130626,90,559.83
43273,P11,5740,241288,0.667040598,21,174818,90,749.22
43273,P12,5745,280093,0.680819402,56,430060,110,844.76
43273,P13,5765,242027,0.714121641,32.93,293480,90,802.10
43273,P14,5771,120444,0.821456156,31.87,326724,90,922.66
43273,P15,5818,120444,0.431550481,8,43086,90,484.72
43276,P09,5784,242027,0.823473113,72,739940,90,924.93
43276,P10,5786,280130,0.596334877,27,200941,90,669.80
43276,P11,5790,280135,0.667496229,51,424848,90,749.73
43276,P12,5794,280095,0.66703626,35.5,267108,110,827.66
43276,P13,5796,242027,0.790249014,117,1153890,90,887.61
43276,P14,5801,280134,0.820121083,27,276348,90,921.16
43276,P15,5802,280135,0.682446477,103,877244,90,766.52
43276,P16,5804,242027,0.767461056,93,890746,90,862.01
43277,P10,5787,280003,0.445913462,24,133560,90,500.85
43277,P10,5821,280129,0.402884615,2,10056,90,452.52
43277,P14,5799,120437,0.765105459,62,592008,90,859.37
43278,P10,5788,120465,0.690157585,24,206716,90,775.19
43278,P11,5791,280068,0.735422193,58,532328,90,826.03
43278,P12,5819,120444,0.686289174,36,308336,90,770.84
43279,P09,5785,242030,0.82748905,52.1,538040,90,929.44
43279,P10,5789,280135,0.707210277,55.88,493196,90,794.34
43279,P14,5797,120453,0.762740385,20,190380,90,856.71
43280,P11,5792,280039,0.716633009,20.95,187368,90,804.92
43280,P12,5820,120436,0.837326433,36.12,377448,90,940.49
43280,P14,5798,120431,0.741710069,24,222157,90,833.09
43280,P15,5803,120464,0.69144421,26.28,226776,90,776.63
43280,P16,5805,280135,0.737620192,32,294576,90,828.50
43281,P13,5807,280040,0.691048628,12.27,105820,90,776.19
43281,P16,5848,120464,0.900019792,5.83,65484,90,1010.90
43290,P09,5822,280136,0.704018738,91,799540,90,790.75
43290,P10,5826,280068,0.549576465,112,768176,90,617.28
43290,P11,5858,280068,0.496741108,38.75,240224,90,557.94
43290,P12,5829,120436,0.87257538,27,294023,90,980.08
43290,P13,5831,120453,0.518758435,19,123008,90,582.67
43290,P13,5832,280087,0.525721154,16,104976,90,590.49
43290,P14,5834,242030,0.735036357,67,614608,90,825.59
43290,P15,5849,280103,0.247780329,67,207184,90,278.31
43290,P16,5840,242027,0.64499683,91,732510,90,724.46
43291,P11,5827,242027,0.825616371,65,669740,90,927.33
43291,P12,5830,120436,0.835844017,24,250352,90,938.82
43291,P12,5830,120437,0.835961538,40,417312,90,938.95
43291,P13,5833,120464,0.815808083,77.05,784468,90,916.32
43292,P14,5835,120536,0.751362179,16,150032,90,843.93
43292,P15,5843,120436,0.690534856,32,275772,90,775.61
43293,P09,5823,280103,0.7870116,21,206260,90,883.97
43293,P12,5860,120465,0.582540486,19,138132,90,654.31
43293,P14,5836,120532,0.73505609,16,146776,90,825.62
43293,P16,5841,120464,0.599095696,21,157011,90,672.90
43294,P14,5837,120431,0.881138174,11.78,129540,90,989.69
43294,P15,5844,241288,0.599178735,12.27,91752,90,673.00
43297,P09,5861,280103,0.798621795,50,498340,90,897.01
43297,P10,5863,280040,0.718601614,27,242140,90,807.13
43297,P11,5865,242030,0.733141026,50,457480,90,823.46
43297,P12,5868,280095,0.625839243,15,105892,110,776.54
43297,P12,5868,280096,0.687628054,27,209424,110,853.21
43297,P13,5872,120464,0.855933931,98.08,1047696,90,961.38
43297,P14,5874,280114,0.893298368,11,122632,90,1003.35
43297,P14,5875,120450,0.808202214,22.88,230776,90,907.77
43297,P15,5879,241288,0.502342209,65.52,410760,90,564.23
43297,P16,5881,241283,0.417399841,41.53,216336,90,468.82
43298,P10,5864,242027,0.718998016,84,753740,90,807.58
43298,P12,5870,280093,0.679314421,24,183904,110,842.89
43298,P14,5876,120430,0.784375,16,156624,90,881.01
43298,P16,5883,120464,0.495432692,24,148392,90,556.47
43299,P09,5862,280039,0.628486554,61.5,482376,90,705.92
43299,P11,5866,242027,0.67573117,32,269860,90,758.98
43299,P12,5871,120436,0.751740967,44,412796,90,844.36
43299,P14,5877,120431,0.676081731,24,202500,90,759.38
43299,P15,5880,120436,0.647066835,43.77,353460,90,726.79
43299,P16,5882,251200,0.590150816,45.02,331576,90,662.86
43300,P11,5867,280068,0.755631868,28,264048,90,848.73
43300,P14,5878,120437,0.792483478,34.57,341904,90,890.12
43301,P13,5873,120444,0.902195253,8.62,97056,90,1013.35
43304,P09,5897,280039,0.701139601,27,236256,90,787.52
43304,P09,5897,280103,0.768563034,24,230200,90,863.25
43304,P10,5899,242027,0.777645196,83,805516,90,873.45
43304,P11,5901,120437,0.526988266,59,388032,90,591.91
43304,P12,5903,120450,0.750213675,27,252792,90,842.64
43304,P13,5908,120464,0.843197474,67,705048,90,947.08
43304,P14,5910,120430,0.706910039,59,520512,90,794.00
43304,P15,5912,120464,0.637543434,107,851350,90,716.09
43304,P16,5913,120464,0.696299898,111.13,965700,90,782.08
43305,P12,5904,280115,0.583573718,8,58264,90,655.47
43305,P12,5905,120536,0.677884615,16,135360,90,761.40
43306,P09,5896,120448,0.816868132,52.5,535212,90,917.51
43306,P09,5898,280103,0.598477564,8,59752,90,672.21
43306,P11,5902,120431,0.77480464,52.5,507652,90,870.26
43306,P12,5906,280003,0.727787068,23,208904,90,817.45
43306,P13,5909,241288,0.818942308,40,408816,90,919.84
43306,P14,5911,120465,0.715188555,51.07,455828,90,803.30
43307,P10,5900,280068,0.736324786,24,220544,90,827.04
43307,P12,5907,120433,0.752573815,33,309940,90,845.29
43308,P10,5964,120431,0.604273504,4.5,33936,90,678.72
43308,P13,5939,120437,1.015519568,3.42,43344,90,1140.63
43308,P15,5945,120465,0.486269155,5.07,30768,90,546.18
43308,P16,5964,120437,0.663701923,8,66264,90,745.47
43308,P16,5964,120464,0.813030999,67,679824,90,913.20
43311,P09,5922,242027,0.755851222,43,405620,90,848.97
43311,P10,5924,120436,0.786068873,43,421836,90,882.91
43311,P10,5932,120436,0.722275641,8,72112,90,811.26
43311,P10,5932,120448,0.695653045,16,138908,90,781.36
43311,P11,5926,120536,0.488564103,25,152432,90,548.76
43311,P12,5928,120454,0.651383266,19,154456,90,731.63
43311,P12,5929,120435,0.726696047,24,217660,90,816.23
43311,P13,5931,242027,0.829531902,43,445160,90,931.73
43311,P14,5932,120532,0.735641026,35,321328,90,826.27
43311,P15,5934,120464,0.585882597,27,197419,90,658.06
43311,P15,5936,120437,0.711358173,16,142044,90,799.00
43311,P16,5934,120464,0.711959135,16,142164,90,799.67
43311,P16,5936,120437,0.790206553,27,266268,90,887.56
43312,P09,5970,242027,0.798698814,67,667840,90,897.10
43312,P10,5971,120436,0.661548478,32,264196,90,743.05
43312,P11,5925,120431,0.771274038,16,154008,90,866.30
43312,P11,5976,120431,0.736220889,54.5,500748,90,826.92
43312,P12,5977,120435,0.758523638,32,302924,90,851.97
43312,P13,5973,242027,0.787658813,55.5,545564,90,884.70
43312,P14,5933,120430,0.693990385,8,69288,90,779.49
43312,P14,5972,120430,0.791727941,68,671892,90,889.27
43312,P15,5938,120437,0.576442308,8,57552,90,647.46
43312,P15,5974,120464,0.626991758,56,438192,90,704.24
43312,P16,5974,120464,0.572596154,8,57168,90,643.14
43313,P16,5978,120437,0.547893773,21,143592,90,615.39
43314,P12,5930,120433,0.77707443,36,349124,90,872.81
43314,P16,5937,120436,0.750338319,36,337112,90,842.78
43315,P10,5923,120448,0.708894231,8,70776,90,796.23
43315,P11,5927,120433,0.72504931,13,117632,90,814.38
43315,P13,5992,120448,0.769615385,5,48024,90,864.43
43315,P15,5993,120448,0.805576923,5,50268,90,904.82
43318,P09,5948,242027,0.478592725,43,256832,90,537.56
43318,P10,5951,251200,0.745677408,111,1032972,90,837.54
43318,P11,5953,120433,0.677011291,54.5,460476,90,760.42
43318,P12,5980,120532,0.769601559,51,489836,90,864.42
43318,P13,5958,242027,0.763995726,75,715100,90,858.12
43318,P14,5982,120436,0.827599715,27,278868,90,929.56
43318,P15,5962,120464,0.648299652,59,477356,90,728.17
43319,P09,5949,280103,0.677751068,24,203000,90,761.25
43319,P09,5949,280105,0.59765625,32,238680,90,671.29
43319,P14,5983,120437,0.780303486,64,623244,90,876.44
43319,P14,5983,120448,0.608413462,8,60744,90,683.37
43320,P12,5981,120431,0.784439103,60,587388,90,881.08
43320,P15,5963,120436,0.631170609,25.01,197004,90,708.93
43320,P15,5963,120464,0.700801282,12,104952,90,787.14
43321,P11,5954,120448,0.794132835,36,356788,90,891.97
43321,P13,5959,120464,0.670165598,36,301092,90,752.73
43321,P16,5965,120437,0.688621795,36,309384,90,773.46
43322,P09,5950,280103,0.723157051,12,108300,90,812.25
43322,P14,5984,120448,0.835839161,11,114744,90,938.81
43325,P09,6015,280147,0.822611865,102,1047152,90,923.96
43325,P10,5995,120465,0.622836538,8,62184,90,699.57
43325,P10,5995,241288,0.674537865,43,361984,90,757.64
43325,P11,6014,280133,0.848856209,51,540280,90,953.44
43325,P12,5999,120452,0.732459207,11,100552,90,822.70
43325,P12,6000,280114,0.689082532,16,137596,90,773.98
43325,P13,6003,242027,0.736037271,111.12,1020720,90,826.72
43325,P14,6004,120437,0.800224901,109.45,1093056,90,898.81
43325,P15,6005,120436,0.631716418,67,528216,90,709.54
43325,P16,6013,120448,0.834615385,35,364560,90,937.44
43326,P12,6001,242030,0.776582532,48,465204,90,872.26
43326,P16,6008,120444,0.56811899,32,226884,90,638.11
43327,P10,5996,120430,0.663113155,23,190340,90,744.81
43327,P10,5996,120465,0.745512821,24,223296,90,837.36
43327,P11,6011,120436,0.86752938,60,649606,90,974.41
43327,P15,6012,280135,0.643064998,43.22,346860,90,722.29
43327,P16,6009,120536,0.466893697,24,139844,90,524.42
43328,P12,6002,280040,0.809530543,34,343500,90,909.26
43328,P16,6010,120431,0.684681407,19.03,162608,90,769.03
43329,P09,6069,120430,0.735737179,4,36728,90,826.38
43329,P10,5997,120430,0.533653846,12,79920,90,599.40
43332,P09,6042,280147,0.814706905,83,843906,90,915.08
43332,P10,6044,280115,0.563366572,27,189832,90,632.77
43332,P11,6048,280107,0.806264569,11,110684,90,905.60
43332,P11,6049,120464,0.817994138,93.5,954501,90,918.77
43332,P12,6050,120430,0.781116682,29.15,284164,90,877.35
43332,P13,6054,242027,0.821699474,110.2,1130080,90,922.93
43332,P14,6055,120437,0.804233035,99,993646,90,903.31
43332,P15,6057,241288,0.56860519,83,588984,90,638.66
43332,P16,6059,120464,0.777849861,83,805728,90,873.68
43333,P10,6045,120450,0.608146368,24,182152,90,683.07
43333,P12,6051,120431,0.6684375,40,333684,90,750.79
43334,P10,6046,280040,0.71943109,8,71828,90,808.07
43334,P10,6047,280068,0.759344181,52,492784,90,852.90
43335,P09,6043,280105,0.665876832,28,232684,90,747.91
43335,P12,6052,120433,0.577403846,16,115296,90,648.54
43335,P12,6052,280003,0.707291667,8,70616,90,794.43
43335,P15,6058,280105,0.408142146,28.03,142774,90,458.43
43335,P16,6060,120436,0.720348248,27.85,250370,90,809.10
43336,P11,6094,120433,0.847275641,4,42296,90,951.66
43336,P12,6053,120433,0.70400641,12,105432,90,790.74
43336,P12,6094,120430,0.759773485,11.15,105724,90,853.38
43336,P14,6056,120436,0.810992699,10.43,105564,90,910.91
43339,P09,6073,120464,0.789848485,110,1084304,90,887.16
43339,P10,6074,280068,0.689156395,110.15,947364,90,774.06
43339,P11,6075,241283,0.629001832,35,274748,90,706.49
43339,P12,6077,120430,0.799961973,59,589028,90,898.52
43339,P13,6080,280040,0.460810023,11,63260,90,517.58
43339,P13,6081,242027,0.809334936,40,404020,90,909.05
43339,P14,6083,120436,0.77153092,51,491064,90,866.58
43339,P15,6085,280141,0.77768048,106.027,1029040,90,873.49
43339,P16,6086,251200,0.686337209,43,368316,90,770.89
43340,P11,6076,242027,0.824996175,62.01,638452,90,926.64
43340,P16,6087,120464,0.730120192,40,364476,90,820.07
43341,P12,6078,120437,0.77265625,32,308568,90,867.85
43341,P13,6082,280141,0.840178443,58.67,615180,90,943.69
43341,P14,6084,120448,0.815436909,59.133,601776,90,915.90
43342,P12,6079,120448,0.705212551,19,167220,90,792.09
43342,P16,6088,120448,0.826693684,25.15,259476,90,928.54
43343,P11,6115,280068,1.186004274,3,44404,90,1332.12
43347,P09,6096,242027,0.547750126,51,348632,90,615.23
43347,P10,6098,280068,0.669420788,35,292403,90,751.89
43347,P11,6102,242027,0.632233855,95.15,750760,90,710.13
43347,P12,6103,120431,0.468352327,27,157816,90,526.05
43347,P13,6106,120436,0.595192308,35,259980,90,668.52
43347,P14,6109,120532,0.645769231,75,604440,90,725.33
43347,P15,6111,120436,0.636368778,51,405036,90,714.77
43347,P16,6113,251200,0.760263864,43,407988,90,853.93
43348,P10,6099,280012,0.690598291,24,206848,90,775.68
43348,P12,6104,120536,0.731757479,24,219176,90,821.91
43348,P13,6107,120444,0.71005609,24,212676,90,797.54
43348,P16,6114,120464,0.760432692,40,379608,90,854.12
43349,P09,6097,280105,0.668082265,24,200104,90,750.39
43349,P10,6100,120442,0.635957532,16,126988,90,714.31
43349,P12,6105,120435,0.745439889,41.75,388404,90,837.28
43349,P13,6108,120448,0.803949893,34.48,345948,90,903.00
43349,P15,6112,241288,0.757140776,42.067,397496,90,850.42
43350,P09,2300,280105,0.653846154,20,163200,90,734.40
43350,P10,6101,120465,0.7701417,19,182616,90,865.02
43350,P14,6110,120431,0.865081909,18,194332,90,971.66
43350,P16,6148,120448,0.683439134,10.3,87852,90,767.64
43353,P09,6129,242030,0.781562364,59,575480,90,877.85
43353,P10,6133,120464,0.771191384,111,1068316,90,866.20
43353,P11,6134,120437,0.814851763,80,813548,90,915.24
43353,P12,6136,280096,0.55615396,48,301124,110,690.08
43353,P13,6139,120436,0.752920228,27,253704,90,845.68
43353,P14,6141,120450,0.801246439,27,269988,90,899.96
43353,P15,6145,120436,0.660724128,99.09,817080,90,742.13
43353,P16,6146,241288,0.773213405,91,878123,90,868.47
43354,P13,6140,120437,0.692333819,83.42,720776,90,777.63
43354,P14,6142,120453,0.763100962,16,152376,90,857.12
43354,P14,6143,120433,0.739423077,8,73824,90,830.52
43355,P09,6131,280040,0.722743056,24,216476,90,811.79
43355,P12,6137,280095,0.629338061,15,106484,110,780.88
43355,P12,6138,120431,0.724745047,44,397972,90,814.03
43355,P14,6144,120448,0.746487351,58.47,544716,90,838.45
43356,P09,6130,242027,0.697115385,8,69600,90,783.00
43356,P09,6132,280107,0.717195513,20,179012,90,805.55
43356,P11,6135,120532,0.686672009,24,205672,90,771.27
43357,P11,6176,120431,0.793990385,4,39636,90,891.81
43357,P16,6178,120437,0.804328943,9.52,95562,90,903.42
43360,P09,6157,120436,0.806383225,83,835284,90,905.73
43360,P10,6159,120436,0.831764507,19,197228,90,934.24
43360,P10,6160,120464,0.801763856,85.15,852012,90,900.54
43360,P11,6161,280147,0.879087903,102.75,1127272,90,987.39
43360,P12,6162,120465,0.780057584,59,574372,90,876.16
43360,P13,6164,120436,0.805466107,108.93,1094988,90,904.70
43360,P14,6165,120437,0.801857787,27,270194,90,900.65
43360,P15,6168,120436,0.74595073,43,400307,90,837.85
43360,P16,6170,120436,0.641584967,51,408356,90,720.63
43361,P14,6166,120444,0.753044872,48,451104,90,845.82
43361,P15,6169,120448,0.778998495,64.38,625896,90,874.97
43362,P12,6163,120448,0.812148369,51.5,521984,90,912.21
43362,P16,6171,120448,0.817712714,55.79,569340,90,918.45
43363,P09,6158,280105,0.717762238,27.5,246336,90,806.19
43363,P14,6167,120448,0.801114827,34.5,344928,90,899.81
43367,P09,6181,280040,0.782022145,11,107356,90,878.37
43367,P09,6182,280105,0.787049279,32,314316,90,884.01
43367,P10,6185,120451,0.711946387,11,97736,90,799.66
43367,P10,6186,280013,0.447796474,16,89416,90,502.97
43367,P11,6189,120464,0.693774446,59,510840,90,779.25
43367,P12,6191,280096,0.62793953,19,134580,110,779.15
43367,P12,6192,280095,0.754742908,24,204324,110,936.49
43367,P13,6204,120437,0.796016484,35,347700,90,894.09
43367,P14,6197,120430,0.799264008,27,269320,90,897.73
43367,P15,6205,120464,0.793934911,91,901656,90,891.75
43367,P16,6203,120464,0.651651555,24.01,195264,90,731.94
43368,P09,6183,241288,0.76126946,56,532036,90,855.06
43368,P10,6187,280068,0.68530649,32,273684,90,769.74
43368,P12,6193,280093,0.651329787,16,117552,110,808.17
43368,P13,6196,120431,0.693935216,74.48,645020,90,779.43
43368,P14,6199,120465,0.730475427,24,218792,90,820.47
43368,P16,6233,120436,0.799289298,23,229428,90,897.76
43369,P10,6188,120437,0.734314495,49,449048,90,824.78
43369,P11,6190,120448,0.841025641,43.5,456576,90,944.64
43369,P12,6194,120430,0.768886218,40,383828,90,863.61
43369,P14,6198,280003,0.740625,24,221832,90,831.87
43370,P14,6200,120433,0.847658294,34.3,362852,90,952.09
43370,P15,6246,120431,0.631181776,15.01,118236,90,708.94
43371,P09,6184,120464,0.852257525,11.5,122316,90,957.26
43374,P09,6253,242027,0.742523852,43,398468,90,834.00
43374,P10,6256,280068,0.761188134,43,408484,90,854.97
43374,P11,6259,120448,0.817950965,107,1092259,90,918.72
43374,P12,6260,120448,0.776576253,67,649342,90,872.25
43374,P13,6262,120436,0.768312285,67,642432,90,862.97
43374,P14,6264,280107,0.862674825,11,118428,90,968.96
43374,P14,6265,120436,0.835632139,99.55,1038176,90,938.58
43374,P15,6266,280142,0.616177787,98.88,687264,110,764.55
43374,P16,6267,120464,0.748493752,110.48,1032016,90,840.71
43375,P09,6254,280105,0.657742388,48,394014,90,738.78
43375,P10,6258,120436,0.751767829,16,150113,90,844.39
43376,P10,6257,241288,0.784134615,52,508872,90,880.74
43376,P12,6261,120431,0.650088417,43.5,352920,90,730.18
43376,P13,6263,120448,0.84206647,43.05,452412,90,945.81
43377,P09,6255,120436,0.781801126,20.5,200016,90,878.12
43378,P11,6298,120436,0.858012821,3,32124,90,963.72
43381,P09,6287,242027,0.733075666,51,466588,90,823.39
43381,P10,6272,120437,0.655496795,20,163612,90,736.25
43381,P10,6272,120464,0.771979574,59,568424,90,867.09
43381,P11,6274,120464,0.77786717,111.15,1079020,90,873.70
43381,P12,6275,280096,0.694390716,11,86160,110,861.60
43381,P12,6276,280095,0.596631206,24,161520,110,740.30
43381,P13,6279,120464,0.822397971,107.75,1105895,90,923.72
43381,P14,6280,120436,0.74571382,59,549084,90,837.59
43381,P15,6283,280142,0.71057729,93,745424,110,881.68
43381,P16,6285,120464,0.694316419,100.14,867720,90,779.86
43382,P12,6277,280093,0.826041667,16,149084,110,1024.95
43383,P09,6270,280105,0.798187099,32,318764,90,896.52
43383,P10,6273,120437,0.763842147,32,305048,90,857.95
43383,P12,6278,120436,0.754915596,60.15,566694,90,847.92
43383,P14,6282,120433,0.709403171,51.17,453026,90,796.80
43384,P09,3661,120464,0.611177885,8,61020,90,686.48
43384,P09,6331,120464,0.685560897,20,171116,90,770.02
43388,P09,6301,242030,0.837868249,72.85,761763,90,941.09
43388,P10,6342,241283,0.714231692,34.75,309748,90,802.23
43388,P11,6355,120448,0.712187029,42.5,377744,90,799.93
43388,P12,6312,120450,0.673397436,19,159676,90,756.36
43388,P12,6354,120430,0.752480491,46,431984,90,845.19
43388,P13,6316,242030,0.798646058,107,1066480,90,897.04
43388,P14,6317,120453,0.695040486,19,164808,90,780.67
43388,P14,6318,120451,0.71295406,24,213544,90,800.79
43388,P15,6320,280040,0.597840756,19,141760,90,671.49
43388,P15,6321,242030,0.780605772,52.55,511940,90,876.78
43388,P16,6349,120430,0.445955634,19,105745,90,500.90
43388,P16,6356,120448,0.720433631,93.01,836254,90,809.19
43389,P10,6357,120464,0.682742725,22.25,189584,90,766.86
43389,P11,6358,120436,0.80470786,30.5,306304,90,903.85
43389,P14,6352,120431,0.750306162,67,627376,90,842.74
43390,P10,6359,120436,0.798780638,52.15,519872,90,897.19
43390,P12,6360,120433,0.71965812,24,215552,90,808.32
43390,P12,6360,280003,0.538221154,8,53736,90,604.53
43391,P09,6302,280105,0.821428571,31.5,322920,90,922.63
43391,P11,6353,120430,0.793082265,24,237544,90,890.79
43391,P12,6353,120430,0.806015779,13,130768,90,905.32
43392,P11,6361,120433,0.837127745,11.15,116488,90,940.26
43392,P13,6414,120431,0.385737179,4,19256,90,433.26
43395,P09,6378,280052,0.721403738,59,531184,90,810.28
43395,P10,6384,280068,0.712974092,48,427100,90,800.81
43395,P10,6388,120452,0.711302294,19,168664,90,798.93
43395,P11,6369,280068,0.806000468,109.5,1101448,90,905.30
43395,P12,6386,120435,0.893809042,19,211940,90,1003.93
43395,P12,6387,120536,0.853525641,8,85216,90,958.68
43395,P15,6418,280142,0.834506923,105,988390,110,1035.46
43395,P16,6379,280052,0.744458992,112,1040575,90,836.18
43396,P11,6396,280068,0.841746795,8,84040,90,945.45
43396,P12,6372,120444,0.747780449,40,373292,90,839.91
43397,P09,6382,120464,0.745903446,32,297884,90,837.80
43397,P10,6385,241288,0.765917937,43.15,412456,90,860.28
43397,P12,6373,120437,0.823743336,50.5,519156,90,925.23
43398,P09,6381,280105,0.629261954,18.5,145284,90,706.79
43402,P09,6421,280052,0.781788175,67,653700,90,878.10
43402,P10,6422,280040,0.875016869,19,207484,90,982.82
43402,P10,6423,120437,0.767995459,48,460060,90,862.61
43402,P13,6424,280052,0.665639939,59,490124,90,747.65
43402,P14,6426,120454,0.544129555,19,129024,90,611.17
43402,P14,6427,280003,0.777584135,16,155268,90,873.38
43402,P15,6430,280142,0.8198264,67,619592,110,1017.24
43402,P16,6431,280052,0.682865114,83,707339,90,766.99
43403,P14,6428,120430,0.829727564,32,331360,90,931.95
43404,P09,6471,280052,0.834581216,43.15,449432,90,937.40
43404,P10,6472,120437,0.788926376,42.75,420908,90,886.12
43404,P13,6425,120437,0.817067308,8,81576,90,917.73
43404,P13,6473,120437,0.821022183,42.82,438749,90,922.17
43404,P14,6474,120430,0.769471154,16,153648,90,864.27
43404,P15,6475,280142,0.806826241,16,145616,110,1001.11
43404,P16,6476,280052,0.663413978,27.63,228760,90,745.15
43405,P14,6429,120437,0.785430602,27.6,270540,90,882.20
43405,P15,6457,120436,0.548389336,27.7,189576,90,615.95
43409,P11,6442,280068,0.739312396,118.15,1090125,90,830.40
43409,P12,6442,120453,0.770953526,8,76972,90,865.94
43409,P12,6443,120450,0.807203104,19,191404,90,906.65
43409,P13,6448,280040,0.865890688,19,205320,90,972.57
43409,P13,6449,242030,0.753615785,32,300964,90,846.46
43409,P14,6451,280107,0.75821525,19,179788,90,851.63
43409,P14,6452,120444,0.803515625,32,320892,90,902.51
43409,P15,6454,241283,0.753893637,27,254032,90,846.77
43409,P16,6456,280052,0.707202802,111.367,982913,90,794.33
43410,P12,6444,120451,0.808052885,24,242028,90,907.61
43410,P15,6455,280105,0.659205476,85.083,699968,90,740.42
43411,P12,6445,120451,0.686498397,16,137080,90,771.08
43411,P12,6446,120431,0.700093483,24,209692,90,786.35
43411,P13,6450,280052,0.830448449,59.55,617176,90,932.76
43411,P14,6453,120437,0.860079014,57.867,621132,90,966.04
43412,P12,6447,120430,0.765565417,19.5,186308,90,859.88
43416,P09,6481,280052,0.735076923,75,688032,90,825.64
43416,P10,6484,280068,0.751532179,108.15,1014352,90,844.12
43416,P12,6486,242030,0.805679785,43,432360,90,904.94
43416,P13,6489,280052,0.80169824,67,670348,90,900.47
43416,P14,6491,120437,0.801645042,83,830376,90,900.41
43416,P15,6493,280105,0.721042039,43,386940,90,809.87
43416,P16,6496,280052,0.682455948,109.5,932617,90,766.53
43417,P12,6508,280013,0.591726763,16,118156,90,664.63
43417,P15,6494,241288,0.523517628,40,261340,90,588.02
43418,P12,6487,120435,0.744334936,40,371572,90,836.04
43418,P13,6490,280147,0.748468217,44.15,412400,90,840.68
43419,P09,6842,280068,0.499038462,24,149472,90,560.52
43419,P14,6492,120436,0.774274311,26.5,256068,90,869.66
43419,P15,6495,120436,0.615657877,28.15,216288,90,691.51
43420,P09,6482,280068,0.847658863,11.5,121656,90,952.09
43420,P12,6488,120436,0.741354372,9.75,90208,90,832.69
43430,P09,6530,280052,0.720347337,107.3,964620,90,809.09
43430,P10,6531,280130,0.580494505,21,152136,90,652.01
43430,P11,6535,280068,0.715793701,106.75,953609,90,803.98
43430,P12,6536,120450,0.595805861,35,260248,90,669.21
43430,P13,6541,280052,0.738975169,107.63,992608,90,830.02
43430,P14,6542,120454,0.493406593,21,129312,90,554.19
43430,P15,6545,120436,0.542225275,35,236844,90,609.03
43430,P16,6548,280052,0.765855369,40,382315,90,860.21
43431,P10,6532,280129,0.745833333,8,74464,90,837.72
43431,P10,6533,120465,0.518629808,8,51780,90,582.53
43431,P10,6533,241288,0.769046474,40,383908,90,863.79
43431,P12,6537,120536,0.677588141,40,338252,90,761.07
43431,P14,6543,120532,0.700861378,32,279896,90,787.21
43431,P15,6546,280105,0.642227564,32,256480,90,721.35
43432,P14,6544,120431,0.794592102,33.92,336368,90,892.49
43432,P14,6544,120532,0.815464744,16,162832,90,915.93
43432,P15,6547,280105,0.447275641,8,44656,90,502.38
43432,P15,6547,280142,0.83659895,35.4,334064,110,1038.05
43432,P16,6549,280147,0.753926282,24,225816,90,846.81
43433,P10,6534,120465,0.762501771,27.15,258360,90,856.44
43433,P12,6538,280096,0.514827128,16,92916,110,638.80
43433,P12,6539,280095,0.567109929,16,102352,110,703.67
43433,P16,6550,251200,0.572972973,37,264576,90,643.56
43434,P12,6540,280093,0.583404255,2.5,16452,110,723.89
43437,P09,6562,280052,0.719752201,67,601828,90,808.43
43437,P10,6565,280052,0.729358653,99.75,907964,90,819.22
43437,P10,6583,280012,0.739335664,11,101496,90,830.42
43437,P11,6566,280052,0.638832252,83,661728,90,717.54
43437,P12,6568,120437,0.766664226,98.5,942445,90,861.12
43437,P12,6581,280040,0.855477855,11,117440,90,960.87
43437,P15,6579,280142,0.784132708,59,521856,110,972.95
43437,P16,6572,280052,0.730776933,110.27,1005673,90,820.81
43439,P09,6563,280147,0.865826211,45,486248,90,972.50
43439,P15,6582,120437,0.601191907,32,240092,90,675.26
43440,P11,6567,120437,0.648775699,27.75,224684,90,728.70
43440,P15,6571,120436,0.677410618,17.75,150060,90,760.87
43444,P09,6589,280052,0.807443551,67,675152,90,906.92
43444,P10,6637,280129,0.579226763,16,115660,90,650.59
43444,P10,6638,280130,0.615249663,19,145888,90,691.05
43444,P11,6593,280052,0.741570991,67,620072,90,832.93
43444,P13,65965,280052,0.746699905,27,251608,90,838.69
43444,P14,6598,120450,0.865975034,19,205340,90,972.66
43444,P14,6599,120453,0.791245994,16,157996,90,888.73
43444,P15,6603,280107,0.777884615,11,106788,90,873.72
43444,P15,6604,120448,0.654927885,16,130776,90,735.62
43444,P16,6607,280052,0.752887059,107.57,1010731,90,845.64
43445,P10,6639,280052,0.835830662,24,250348,90,938.81
43445,P13,6595,280052,0.820552885,32,327696,90,921.65
43445,P14,6600,120435,0.740758547,24,221872,90,832.02
43445,P15,6605,120437,0.676011619,16,134986,90,759.30
43445,P15,6605,280105,0.478766026,8,47800,90,537.75
43446,P09,6590,241288,0.706035725,44.5,392104,90,793.02
43446,P10,6657,280068,0.77871037,50.75,493204,90,874.65
43446,P11,6594,280068,0.753642534,42.5,399732,90,846.49
43446,P13,6596,241288,0.693419471,32,276924,90,778.85
43446,P14,6601,120444,0.750480769,24,224784,90,842.94
43446,P15,6606,280105,0.746643557,58.25,542780,90,838.63
43447,P13,6597,120464,0.822230157,18.85,193428,90,923.53
43447,P14,6602,120437,0.887789753,26.05,288624,90,997.17
43451,P09,6640,280040,0.717174145,24,214808,90,805.53
43451,P09,6640,280052,0.81748366,51,520312,90,918.20
43451,P10,6642,280068,0.749809865,59,552100,90,842.19
43451,P11,6644,280068,0.717367323,43,384968,90,805.75
43451,P12,6646,280013,0.492290823,19,116732,90,552.94
43451,P12,6647,120431,0.722641226,64,577188,90,811.67
43451,P13,6649,280052,0.821762277,59,605080,90,923.00
43451,P14,6651,120465,0.731339031,27,246432,90,821.44
43451,P15,6654,120436,0.822182469,43,441216,90,923.48
43452,P11,6645,280052,0.782711273,42.25,412708,90,879.14
43452,P14,6652,120532,0.87588141,8,87448,90,983.79
43452,P14,6653,120430,0.782893816,51.28,501032,90,879.35
43452,P15,6655,251200,0.696741453,24,208688,90,782.58
43453,P10,6643,280052,0.796303996,27.75,275776,90,894.41
43453,P13,6650,280147,0.810172188,27.4,277040,90,909.99
43453,P15,6656,120442,0.786061351,6.57,64452,90,882.90
43454,P09,6641,280040,0.813038734,11.75,119224,90,913.21
43454,P12,6684,280003,0.529407051,4,26428,90,594.63
43454,P15,6683,280003,0.585865477,10.43,76260,90,658.04
43467,P09,6685,280052,0.673663587,65.15,547737,90,756.66
43467,P10,6686,280052,0.734423077,65,595764,90,824.90
43467,P11,6687,280052,0.619663462,40,309336,90,696.01
43467,P12,6689,120453,0.586191239,24,175576,90,658.41
43467,P13,6692,280052,0.667227564,32,266464,90,749.43
43467,P14,6694,120450,0.605849359,24,181464,90,680.49
43467,P15,6697,120436,0.64223758,32,256484,90,721.36
43467,P16,6699,280052,0.521073718,32,208096,90,585.27
43468,P11,6741,280147,0.746856187,28.75,267972,90,838.87
43468,P12,6706,120430,0.668517873,44.15,368348,90,750.88
43468,P13,6740,280147,0.782660077,35.8,349680,90,879.08
43468,P14,6695,120452,0.823477564,8,82216,90,924.93
43468,P14,6708,120430,0.766903375,35.53,340056,90,861.39
43468,P15,6709,120448,0.785558271,35.57,348720,90,882.34
43468,P16,6742,280147,0.661885463,33.88,279860,90,743.43
43471,P09,6711,280052,0.714549047,116.15,1035776,90,802.58
43471,P10,6712,280052,0.680705128,40,339808,90,764.57
43471,P11,6715,280052,0.751081837,113.1,1060143,90,843.62
43471,P12,6716,120430,0.642227564,16,128240,90,721.35
43471,P13,6720,251200,0.719591346,64,574752,90,808.25
43471,P14,6723,120431,0.648889132,88,712636,90,728.83
43471,P15,6725,241283,0.688365385,40,343632,90,773.17
43471,P16,6728,280052,0.681109776,64,544016,90,765.02
43472,P12,6717,120532,0.777546932,56,543412,90,873.34
43472,P15,6726,120464,0.778004808,40,388380,90,873.86
43473,P10,6713,280068,0.67275641,24,201504,90,755.64
43474,P10,6714,242030,0.819812997,50.15,513098,90,920.81
43474,P12,6718,120536,0.847395833,16,169208,90,951.80
43474,P13,6721,120437,0.810416667,24,242736,90,910.26
43474,P15,6758,120436,0.774879808,8,77364,90,870.35
43474,P16,6743,280147,0.798614878,49.63,494648,90,897.00
43475,P12,6719,120453,0.694938568,24,208148,90,780.56
43475,P12,6719,120536,1.084615385,1.5,20304,90,1218.24
43475,P13,6722,120448,0.725165875,28.52,258108,90,814.51
43475,P14,6724,120436,0.707374291,17.98,158728,90,794.52
43475,P15,6727,280105,0.720195248,27.25,244924,90,808.92
43479,P09,6744,280052,0.718643806,124.5,1116600,90,807.18
43479,P10,6745,242030,0.598854167,40,298948,90,672.63
43479,P11,6749,280052,0.716234956,122.5,1094980,90,804.48
43479,P12,6750,120436,0.621104937,77,596857,90,697.63
43479,P13,6752,280052,0.728309812,124,1127074,90,818.04
43479,P14,6753,120448,0.795643813,115,1141908,90,893.67
43479,P15,6759,120430,0.447866587,32,178860,90,503.04
43479,P16,6756,280052,0.510472756,40,254828,90,573.36
43479,P16,6757,120464,0.604807692,76,573648,90,679.32
43480,P10,6746,280130,0.513451522,32,205052,90,576.71
43480,P15,6754,120465,0.597660256,40,298352,90,671.29
43481,P10,6747,280129,0.494350962,24,148068,90,555.26
43481,P15,6755,241288,0.832133274,43,446556,90,934.65
43482,P10,6748,280068,0.763736264,23.1,220176,90,857.83
43482,P12,6751,120448,0.821742833,27.1,277920,90,922.98
43486,P09,6767,280040,0.425,40,212160,90,477.36
43486,P10,6770,280068,0.637821626,72,573121,90,716.40
43486,P11,6773,280052,0.733111489,124.25,1136792,90,823.43
43486,P12,6774,120430,0.606129808,40,302580,90,680.81
43486,P13,6779,280052,0.751217861,124.43,1166556,90,843.77
43486,P14,6780,120450,0.568058894,32,226860,90,638.04
43486,P15,6784,120436,0.710336538,48,425520,90,797.85
43486,P16,6786,280052,0.726382717,122.9,1114120,90,815.87
43487,P09,6768,280105,0.599959936,48,359400,90,673.88
43487,P12,6775,120433,0.680101496,24,203704,90,763.89
43487,P14,6781,120451,0.235657051,8,23528,90,264.69
43487,P14,6781,120454,0.798076923,8,79680,90,896.40
43487,P14,6782,120451,0.817788462,8,81648,90,918.54
43487,P15,6785,120436,0.3015625,8,30108,90,338.72
43487,P15,6785,120465,0.599598963,58.63,438728,90,673.47
43488,P10,6771,280107,0.65390625,16,130572,90,734.47
43488,P12,6776,280096,0.552290189,24,149516,110,685.28
43488,P14,6783,120431,0.675385647,49.7,418912,90,758.59
43489,P09,6769,120464,0.70784413,28.5,251766,90,795.05
43489,P10,6772,120464,0.696862348,28.5,247860,90,782.72
43489,P12,6777,280095,0.655806738,8,59180,110,813.73
43489,P12,6778,280093,0.731886736,20.15,166352,110,908.13
43493,P09,6798,242030,0.587550828,76.3,559480,90,659.94
43493,P10,6825,280052,0.568561489,36.3,257572,90,638.61
43493,P11,6803,280052,0.758615301,92.3,873852,90,852.08
43493,P12,6804,120436,0.676106286,62,523144,90,759.40
43493,P13,6808,280052,0.698215326,44,383404,90,784.24
43493,P14,6810,120452,0.622135417,16,124228,90,698.78
43493,P14,6811,120431,0.655228365,32,261672,90,735.95
43493,P15,6827,120448,0.373653846,30,139896,90,419.69
43493,P16,6815,280052,0.619222245,94,726422,90,695.51
43494,P10,6826,280147,0.749796341,48,449158,90,842.17
43494,P13,6809,280147,0.754881143,48,452204,90,847.88
43494,P14,6812,120437,0.803585737,48,481380,90,902.59
43494,P15,6828,241288,0.739296207,48,442868,90,830.38
43495,P12,6805,120444,0.655021368,24,196192,90,735.72
43496,P09,6799,280052,0.678220152,16,135427,90,761.78
43496,P09,6884,280052,0.7525,20,187824,90,845.21
43496,P10,6802,251200,0.768629808,8,76740,90,863.33
43496,P10,6885,251200,0.836661127,20.25,211441,90,939.74
43496,P11,6883,280052,0.418910256,7,36596,90,470.52
43496,P12,6806,120536,0.656049679,8,65500,90,736.88
43496,P12,6887,280164,0.483745421,7,42260,90,543.34
43496,P13,6889,280147,0.829711439,19.38,200676,90,931.93
43496,P14,6890,120437,0.862102718,16.7,179676,90,968.31
43496,P15,6814,280147,0.957793808,13.01,155512,90,1075.79
43496,P16,6893,280147,0.685181841,19.17,163924,90,769.60
43497,P11,6886,280052,0.225912229,13,36652,90,253.74
43497,P12,6888,280164,0.749192783,13.5,126224,90,841.49
43497,P15,6891,280147,0.858682984,12.1,129668,90,964.47
43500,P09,6851,280052,0.684627255,54,461384,90,768.97
43500,P10,6853,280130,0.461698718,30,172860,90,518.58
43500,P10,6867,280351,0.641025641,12,96000,90,720.00
43500,P11,6856,242030,0.889222756,8,88780,90,998.78
43500,P11,6856,280040,0.586960189,38,278360,90,659.27
43500,P12,6861,120453,0.622495994,32,248600,90,699.19
43500,P13,6865,280052,0.767581679,62,593924,90,862.15
43500,P14,6867,120437,0.784963219,125.17,1226208,90,881.67
43500,P15,6868,280147,0.827396562,110,1135850,90,929.33
43500,P16,6869,280107,0.565504808,40,282300,90,635.18
43501,P10,6854,280129,0.640685096,16,127932,90,719.62
43501,P10,6855,120464,0.85609777,68.68,733784,90,961.57
43501,P11,6857,242030,0.779967949,40,389360,90,876.06
43501,P12,6862,120430,1.196025641,2.5,37316,90,1343.38
43501,P12,6863,120431,0.688621795,8,68752,90,773.46
43501,P12,6863,120532,0.748116987,48,448152,90,840.29
43501,P12,6895,280164,0.626001603,8,62500,90,703.13
43501,P16,6870,241283,0.811117788,16,161964,90,911.05
43502,P09,6852,280147,0.791457904,60.03,592940,90,888.97
43502,P13,6866,251200,0.83101733,52.45,543964,90,933.40
43502,P16,6871,120437,0.698319384,11.58,100920,90,784.35
43502,P16,6871,120464,0.828557692,40,413616,90,930.64
43503,P11,6858,242030,0.506410256,16,101120,90,568.80
43504,P11,6859,120451,1.019978632,3,38188,90,1145.64
43504,P11,6860,120430,0.67753976,3.95,33400,90,761.01
43504,P12,6864,120431,0.81300813,13.53,137280,90,913.17
43504,P15,6934,120437,0.442443226,12.77,70512,90,496.95
43507,P09,6897,280196,0.686104827,102,873384,90,770.63
43507,P10,6899,120464,0.831165236,121,1255126,90,933.56
43507,P11,6900,280012,0.513971445,22,141116,90,577.29
43507,P11,6901,280013,0.61005609,8,60908,90,685.22
43507,P12,6903,280093,0.622777356,56,393396,110,772.74
43507,P13,6917,120437,0.676246439,54,455736,90,759.56
43507,P14,6918,120431,0.709680299,79,699688,90,797.11
43507,P15,6912,280052,0.663647643,62,513504,90,745.41
43507,P16,6914,120436,0.756439206,77.5,731628,90,849.63
43508,P11,6902,280196,0.667682261,88.05,733692,90,749.94
43509,P12,6904,280095,0.790240839,24,213934,110,980.53
43509,P13,6906,241288,0.73383226,60.9,557736,90,824.24
43509,P15,6913,280105,0.770710766,52.3,503046,90,865.66
43510,P12,6905,280096,0.697595865,29.5,232132,110,865.58
43510,P14,6919,120465,0.748317308,16,149424,90,840.51
43510,P14,6920,280164,0.679967949,8,67888,90,763.74
43510,P16,6915,120444,0.633573718,24,189768,90,711.63
43511,P09,6943,120450,0.504226021,13.5,84952,90,566.35
43511,P14,6921,280003,0.831587818,10.65,110528,90,934.04
43511,P16,6916,120536,0.470355731,12.65,74256,90,528.30
43514,P09,6944,280052,0.669711538,46,384468,90,752.22
43514,P10,6946,280052,0.783981873,110.9,1085056,90,880.57
43514,P11,6947,280196,0.787959407,109.15,1073352,90,885.04
43514,P12,6948,120450,0.631724092,48,378428,90,709.55
43514,P13,6951,280052,0.722390267,113.93,1027128,90,811.39
43514,P14,6952,120430,0.593008814,16,118412,90,666.07
43514,P14,6971,280164,0.65244391,16,130280,90,732.83
43514,P15,6956,280105,0.776053114,70,677960,90,871.66
43514,P16,6958,280107,0.662522894,14,115756,90,744.15
43514,P16,6960,120436,0.835336538,16,166800,90,938.25
43515,P09,6945,280147,0.802124935,66.45,665199,90,900.95
43515,P12,6961,120451,0.682772436,24,204504,90,766.89
43515,P14,6953,120465,0.775420673,16,154836,90,870.95
43515,P14,6954,120433,0.782247015,65.5,639440,90,878.62
43515,P16,6959,120464,0.784844212,83.2,814932,90,881.54
43516,P12,6950,120431,0.729747936,44.25,402996,90,819.65
43516,P15,6957,120448,0.743882484,42.7,396412,90,835.53
43521,P09,6973,280147,0.756385455,84,792934,90,849.57
43521,P10,6975,280052,0.842969176,94,988904,90,946.82
43521,P11,6977,280147,0.768183877,92,881998,90,862.82
43521,P12,7005,120453,0.590357906,24,176824,90,663.09
43521,P12,7007,280164,0.524595875,23,150580,90,589.23
43521,P13,7010,120437,0.666521575,36.67,305028,90,748.64
43521,P14,7011,120448,0.750467415,72,674340,90,842.93
43521,P15,6990,280185,0.827099533,110.8,1143700,90,929.00
43521,P16,6992,280185,0.756083792,108.78,1026440,90,849.23
43522,P12,7008,120444,0.696834936,24,208716,90,782.69
43522,P13,6982,120464,0.832111378,48,498468,90,934.63
43523,P12,7009,120448,0.798744658,24,239240,90,897.15
43523,P14,7012,120433,0.703445513,16,140464,90,790.11
43524,P09,6974,280105,0.365625,8,36504,90,410.67
43524,P09,7013,120436,0.473397436,8,47264,90,531.72
43524,P09,7052,280105,0.77673589,18.15,175940,90,872.43
43524,P10,7053,280052,0.794819108,18.25,181028,90,892.74
43524,P11,7054,280147,0.868087318,18.5,200424,90,975.04
43524,P12,7055,120448,0.801048951,19.25,192444,90,899.74
43524,P13,6983,241288,0.676817046,26.48,223668,90,760.20
43524,P14,7013,120431,0.833150556,24.55,255264,90,935.79
43528,P09,7016,242030,0.5650432,46,324380,90,634.66
43528,P10,7018,280052,0.813438645,70,710620,90,913.65
43528,P11,7021,280052,0.787118112,94,923384,90,884.09
43528,P12,7023,120448,0.711157853,48,426012,90,798.77
43528,P13,7028,280052,0.700284326,62,541852,90,786.56
43528,P14,7032,120451,0.504246795,24,151032,90,566.37
43528,P14,7033,120431,0.725951522,32,289916,90,815.39
43528,P15,7036,280185,0.816896916,119.77,1221040,90,917.54
43528,P16,7037,280185,0.724764128,119.85,1084050,90,814.06
43529,P09,7017,280052,0.785975972,75.5,740578,90,882.81
43529,P12,7024,120437,0.667323718,40,333128,90,749.54
43529,P13,7029,251200,0.611518429,16,122108,90,686.86
43530,P10,7019,280130,0.606073718,40,302552,90,680.74
43530,P14,7034,120433,0.768950321,24,230316,90,863.69
43531,P11,7022,280147,0.743540996,13.15,122024,90,835.15
43531,P12,7025,280095,0.538696809,8,48612,110,668.42
43531,P12,7025,280096,0.512322695,8,46232,110,635.69
43531,P13,7030,120464,0.855588942,32,341688,90,961.00
43531,P14,7035,120448,0.7068223,41.67,367577,90,793.90
43532,P10,7020,280129,0.796655518,11.5,114336,90,894.80
43532,P12,7026,280095,0.579541877,19.15,125188,110,719.10
43532,P13,7031,120436,0.828027863,10.27,106128,90,930.04
43535,P09,7064,120436,0.745554993,38,353572,90,837.41
43535,P10,7066,120436,0.653173077,70,570612,90,733.64
43535,P11,7069,120448,0.714931319,70,624564,90,803.01
43535,P12,7071,120450,0.353285256,16,70544,90,396.81
43535,P12,7072,280114,0.653311966,6,48920,90,733.80
43535,P12,7073,120454,0.605889423,16,120984,90,680.54
43535,P13,7076,120436,0.81526086,71.17,724116,90,915.70
43535,P14,7078,280087,0.56963141,16,113744,90,639.81
43535,P14,7079,280086,0.619070513,8,61808,90,695.34
43535,P14,7080,120536,0.704747596,32,281448,90,791.57
43535,P15,7083,280185,0.783335396,87.01,850612,90,879.84
43535,P16,7084,280185,0.74823307,39,364180,90,840.42
43536,P09,7065,120448,0.654930455,77.15,630588,90,735.62
43536,P12,7074,120451,0.593709936,24,177828,90,666.86
43536,P16,7085,120437,0.719339663,75.35,676444,90,807.96
43537,P10,7067,120444,0.662700321,24,198492,90,744.35
43537,P11,7070,120464,0.790782861,45.15,445584,90,888.21
43537,P12,7075,120430,0.704922182,54.45,479020,90,791.77
43537,P13,7077,120437,0.795399766,44.68,443520,90,893.39
43537,P14,7082,120430,0.730890179,45.05,410924,90,820.94
43537,P14,7086,120532,0.739142628,16,147592,90,830.21
43538,P10,7068,241288,0.605889423,8,60492,90,680.54
43538,P15,7125,241288,0.882261969,14.3,157452,90,990.96
43539,P10,7144,120448,0.562727273,13.75,96564,90,632.06
43542,P09,7103,120436,0.690920984,98,845024,90,776.04
43542,P10,7106,241283,0.50874399,32,203172,90,571.42
43542,P11,7109,120436,0.534557692,50,333564,90,600.42
43542,P12,7111,120436,0.603581114,52,391700,90,677.94
43542,P13,7128,120464,0.769588551,86,825984,90,864.40
43542,P14,7129,120430,0.687546741,48,411868,90,772.25
43542,P14,7137,120536,0.446503497,11,61296,90,501.51
43542,P15,7119,242030,0.760834727,46,436780,90,854.57
43542,P16,7138,120448,0.771387363,70,673884,90,866.42
43543,P10,7107,120464,0.746311021,78,726489,90,838.26
43543,P15,7120,280040,0.623517628,16,124504,90,700.34
43544,P11,7110,120464,0.776923077,59.5,576912,90,872.64
43544,P12,7112,120437,0.715288462,60,535608,90,803.41
43544,P14,7118,120436,0.576542468,48,345372,90,647.57
43544,P15,7130,120436,0.807198273,52.55,529380,90,906.65
43544,P16,7139,120437,0.817693897,43.57,444624,90,918.43
43545,P13,7114,241288,0.829647436,24,248496,90,931.86
43546,P13,7177,120436,0.748111707,3.87,36132,90,840.28
43549,P09,7151,120450,0.311195055,14,54372,90,349.53
43549,P09,7152,120430,0.536217949,16,107072,90,602.28
43549,P10,7154,120433,0.667411084,62,516416,90,749.64
43549,P11,7157,120448,0.77827757,114.15,1108728,90,874.16
43549,P12,7157,120448,0.582938304,21.42,155832,90,654.76
43549,P12,7158,120436,0.731033654,40,364932,90,821.10
43549,P13,7160,120437,0.704630567,76,668328,90,791.44
43549,P14,7162,120430,0.599383013,40,299212,90,673.23
43549,P15,7164,120448,0.767661943,38,364056,90,862.24
43549,P16,7167,280196,0.594071983,27.25,202032,90,667.26
43550,P09,7153,120464,0.769623147,75.15,721808,90,864.44
43550,P14,7163,120431,0.586195961,75.8,554532,90,658.42
43550,P15,7165,120437,0.806715745,64,644340,90,906.10
43550,P16,7168,120465,0.552714343,32,220732,90,620.81
43551,P10,7155,120430,0.728725962,16,145512,90,818.51
43551,P12,7159,120430,0.795135641,53.45,530400,90,893.10
43551,P16,7169,120430,0.560777244,36,251946,90,629.87
43552,P10,7156,120436,0.7059039,29.75,262088,90,792.87
43552,P13,7161,120464,0.830695368,36.45,377880,90,933.04
43553,P15,7205,120431,0.583557817,12.85,93584,90,655.45
43553,P16,7170,120431,0.690371365,12.82,110455,90,775.43
43556,P09,7178,120464,0.682269623,114.5,974936,90,766.33
43556,P10,7179,120464,0.779245384,113.6,1104758,90,875.25
43556,P11,7180,120436,0.776525968,43.1,417684,90,872.19
43556,P12,7182,120430,0.591764214,23,169860,90,664.67
43556,P12,7183,120532,0.814476496,24,243952,90,914.82
43556,P13,7187,241288,0.650693202,86,698376,90,730.86
43556,P14,7188,120436,0.701916358,116.88,1023859,90,788.39
43556,P15,7189,280196,0.517714086,29.67,191700,90,581.50
43556,P16,7192,120448,0.802183656,61.5,615692,90,901.01
43557,P11,7181,120448,0.810988693,72,728722,90,910.90
43557,P12,7184,280003,0.644050481,16,128604,90,723.40
43557,P15,7190,280105,0.714968679,83.87,748356,90,803.05
43558,P12,7185,120433,0.774268733,51.5,497638,90,869.66
43558,P13,7186,120436,0.745217218,28.95,269244,90,837.03
43558,P16,7191,280172,0.749663462,40,374232,90,842.02
43560,P16,7226,120436,0.795709145,11.33,112512,90,893.74
43563,P09,7207,241283,0.475721154,8,47496,90,534.33
43563,P09,7209,120464,0.552264957,30,206768,90,620.30
43563,P10,7207,241283,0.667833868,30,250037,90,750.11
43563,P10,7209,120464,0.764122596,16,152580,90,858.26
43563,P11,7211,120448,0.701988367,54,473084,90,788.47
43563,P12,7213,280093,0.502531028,40,226742,110,623.54
43563,P13,7217,280052,0.569220085,30,213116,90,639.35
43563,P14,7219,120454,0.571714744,16,114160,90,642.15
43563,P14,7221,120433,0.693269231,8,69216,90,778.68
43563,P14,7222,120448,0.811527838,91.72,928928,90,911.51
43563,P15,7223,280105,0.690823579,46,396588,90,775.93
43563,P16,7225,241288,0.832088989,102,1059216,90,934.60
43564,P09,7208,120448,0.730711936,66.01,601964,90,820.74
43564,P10,7210,120437,0.633706678,45.5,359844,90,711.78
43564,P12,7214,280174,0.616888298,8,55668,110,765.44
43564,P12,7215,280095,0.49123818,24,132988,110,609.53
43564,P13,7218,120436,0.822543447,82.55,847404,90,923.88
43564,P15,7224,120464,0.800748103,66.78,667355,90,899.40
43565,P11,7212,120437,0.837783883,52.5,548916,90,941.00
43565,P12,7216,120437,0.733653846,46,421176,90,824.04
43566,P10,710,120437,0.819350962,24,245412,90,920.30
43567,P16,7236,120437,0.85249193,9.77,103944,90,957.52
43570,P09,7237,280052,0.664751344,62,514358,90,746.65
43570,P10,7268,280052,0.524274629,38,248632,90,588.87
43570,P11,7240,280107,0.672159091,22,184548,90,754.97
43570,P11,7241,120436,0.870272436,12,130332,90,977.49
43570,P12,7244,120437,0.682476478,62,528073,90,766.56
43570,P13,7269,280147,0.760684176,102.83,976200,90,854.40
43570,P14,7250,280040,0.625851362,32,249940,90,702.96
43570,P15,7256,280147,0.77723677,94,911792,90,872.99
43570,P16,7257,241288,0.756381119,22,207672,90,849.57
43570,P16,7258,120444,0.808653846,32,322944,90,908.28
43571,P10,7271,280205,0.772943289,76.75,740356,90,868.17
43571,P11,7242,120436,0.675480769,8,67440,90,758.70
43571,P11,7243,241288,0.757113879,68.1,643462,90,850.39
43571,P14,7251,280115,0.612540064,8,61156,90,688.01
43571,P14,7252,120451,0.656009615,16,130992,90,736.83
43572,P09,7270,280205,0.773848327,53.1,512820,90,869.19
43572,P12,7245,120436,0.592427885,8,59148,90,665.42
43572,P12,7246,120436,0.562620192,24,168516,90,631.94
43572,P14,7253,120453,0.734755609,16,146716,90,825.28
43572,P16,7259,280147,0.755490691,60.02,565900,90,848.57
43573,P12,7247,120437,0.796696833,21.25,211284,90,894.85
43573,P14,7254,120433,0.269244124,24,80644,90,302.42
43573,P15,7273,280205,0.707913124,19.45,171836,90,795.13
43577,P09,7290,280166,0.668414078,78,650661,90,750.76
43577,P10,7292,280052,0.728044872,46,417956,90,817.74
43577,P11,7279,280052,0.80018699,112.1,1119468,90,898.77
43577,P12,7280,120436,0.743102007,46,426600,90,834.65
43577,P13,7283,280052,0.642445547,93,745648,90,721.59
43577,P14,7285,120450,0.624739583,16,124748,90,701.71
43577,P14,7286,120531,0.754326923,8,75312,90,847.26
43577,P14,7287,120448,0.767459302,91.37,875132,90,862.01
43577,P15,7288,280142,0.673272504,114.47,869344,110,835.40
43577,P16,7289,280205,0.786510967,102,1001197,90,883.41
43578,P10,7293,280147,0.644190705,24,192948,90,723.56
43578,P12,7281,120444,0.685376603,24,205284,90,769.82
43579,P10,7294,280205,0.723345353,40,361094,90,812.46
43579,P12,7282,120437,0.750271832,45.1,422289,90,842.71
43580,P09,7291,280105,0.765875401,32,305860,90,860.23
43580,P13,7284,120464,0.818452937,20.57,210108,90,919.29
43581,P09,72941,280105,0.833955688,5.15,53600,90,936.70
43581,P10,7336,120436,0.473076923,5.5,32472,90,531.36
43581,P16,7337,120436,0.40812366,8.01,40798,90,458.40
43584,P09,7306,242030,0.679428904,55,466360,90,763.13
43584,P10,7310,280052,0.705134369,52,457604,90,792.01
43584,P11,7311,280052,0.651633383,52,422884,90,731.91
43584,P12,7313,120452,0.44016165,23,126344,90,494.39
43584,P12,7314,120465,0.763691907,32,304988,90,857.78
43584,P13,7345,120436,0.71751261,61,546228,90,805.91
43584,P14,7318,120448,0.664279514,24,198965,90,746.12
43584,P14,7319,120433,0.778517423,39,378920,90,874.43
43584,P15,7322,280142,0.733458319,61,504678,110,910.08
43584,P16,7348,280052,0.748369565,46,429624,90,840.57
43584,P16,7348,280172,0.483233173,16,96492,90,542.77
43585,P09,7364,280040,0.770375458,7,67300,90,865.29
43585,P10,7365,280052,0.660187483,65.1,536368,90,741.52
43585,P11,7361,280052,0.867375581,49.1,531500,90,974.24
43585,P12,7362,120465,0.781452062,23,224308,90,877.73
43586,P09,7307,280040,0.742387821,8,74120,90,833.85
43586,P09,7308,280166,0.675180288,16,134820,90,758.36
43586,P12,7315,120433,0.762699343,41,390258,90,856.66
43586,P13,7347,120448,0.740223499,50.33,464948,90,831.42
43586,P13,7366,120436,0.663822115,8,66276,90,745.61
43586,P14,7367,120433,0.863768697,24,258716,90,970.19
43586,P15,7363,280142,0.720944149,48,390348,110,894.55
43586,P16,7351,120464,0.767708333,40,383240,90,862.29
43586,P16,7368,280172,0.775961538,8,77472,90,871.56
43587,P09,7309,280105,0.763130374,33.1,315240,90,857.15
43587,P11,7312,280147,0.568890224,16,113596,90,638.98
43587,P14,7320,120532,0.680742521,24,203896,90,764.61
43588,P14,7321,280003,0.745410839,8.8,81864,90,837.25
43588,P15,7402,251200,0.870305068,9.38,101880,90,977.53
43588,P16,7350,251200,0.919707181,9.93,113976,90,1033.02
43591,P09,7370,280105,0.74010799,120.5,1113004,90,831.29
43591,P10,7371,280052,0.788450457,94,924947,90,885.59
43591,P11,7373,280052,0.772388793,78.25,754284,90,867.55
43591,P12,7375,120450,0.584895833,16,116792,90,656.96
43591,P12,7376,280114,0.5515625,8,55068,90,619.52
43591,P12,7377,120430,0.776862981,48,465372,90,872.57
43591,P13,7381,241283,0.617596154,30,231228,90,693.68
43591,P14,7383,120436,0.793881119,88,871872,90,891.69
43591,P15,7385,120464,0.701419946,86,752820,90,787.83
43591,P16,7386,280052,0.719423077,30,269352,90,808.06
43592,P13,7382,120464,0.734995789,90.12,826648,90,825.55
43592,P16,7387,251200,0.778084936,48,466104,90,873.95
43593,P12,7378,280096,0.496498227,16,89608,110,616.06
43594,P10,7372,280068,0.553100061,27.15,187408,90,621.24
43594,P11,7374,242027,0.690045249,34.85,300120,90,775.06
43594,P12,7379,280095,0.628693853,24,170200,110,780.08
43594,P14,7384,120448,0.864173766,30.97,334008,90,970.64
43594,P15,7389,280175,0.726787497,33.75,276688,110,901.80
43594,P16,7388,241288,0.799918486,42.78,427072,90,898.47
43595,P12,7380,280093,0.703257735,9.1,72188,110,872.60
43598,P09,7406,280105,0.649554843,54,437748,90,729.58
43598,P10,7408,280206,0.603812709,115,866592,90,678.20
43598,P11,7409,280206,0.630210572,89.5,703920,90,707.85
43598,P12,7410,120430,0.611498397,56,427364,90,686.84
43598,P12,7410,120534,0.58215812,24,174368,90,653.88
43598,P13,7413,280206,0.676603209,114.32,965319,90,759.96
43598,P14,7414,280107,0.738747954,23.5,216660,90,829.76
43598,P14,7415,120436,0.858453526,72,771372,90,964.22
43598,P15,7417,280172,0.777319005,34,329832,90,873.08
43598,P16,7419,280206,0.653560382,114.4,933096,90,734.08
43599,P15,7418,280206,0.587030588,76.2,558252,90,659.35
43600,P09,7407,280206,0.58105145,61.1,443068,90,652.64
43600,P11,7479,280206,0.742948718,24,222528,90,834.48
43601,P12,7412,120532,0.52067706,26.15,169924,90,584.82
43601,P14,7416,120448,0.856098011,16.67,178104,90,961.57
43605,P09,7432,280206,0.692825516,119.15,1030226,90,778.18
43605,P10,7433,280206,0.748983516,70,654312,90,841.26
43605,P11,7436,280206,0.725583405,120.15,1087992,90,814.98
43605,P12,7437,120450,0.632545406,24,189460,90,710.48
43605,P12,7438,280114,0.636017628,8,63500,90,714.38
43605,P12,7439,120453,0.516446314,16,103124,90,580.07
43605,P13,7441,280206,0.706449301,119.85,1056656,90,793.48
43605,P14,7442,120437,0.78728766,40,393014,90,884.28
43605,P15,7446,280206,0.67293956,70,587880,90,755.85
43605,P16,7449,280206,0.722305258,102.16,920908,90,811.29
43606,P12,7440,120465,0.683429926,73,622632,90,767.63
43606,P14,7443,120444,0.750137999,72,674044,90,842.56
43607,P10,7434,280130,0.58896907,25.45,187066,90,661.53
43607,P10,7434,280206,0.602123397,24,180348,90,676.31
43607,P15,7447,280040,0.657451923,32,262560,90,738.45
43608,P15,7448,242027,0.725419068,19.35,175180,90,814.79
43608,P16,7450,280147,0.719659373,17.05,153132,90,808.32
43609,P14,7444,120536,0.767076685,8.63,82616,90,861.58
43613,P09,7459,280142,0.517759094,93,543150,110,642.44
43613,P10,7460,280129,0.405769231,30,151920,90,455.76
43613,P11,7462,280206,0.643042129,93.5,750353,90,722.26
43613,P12,7463,120450,0.271753066,23,78004,90,305.23
43613,P12,7464,120451,0.728786058,16,145524,90,818.57
43613,P13,7467,280142,0.537101259,90.8,550112,110,666.44
43613,P14,7468,280166,0.579261633,54,390376,90,650.63
43613,P15,7471,242030,0.651785714,42,341640,90,732.09
43613,P16,7473,280206,0.619226627,92.85,717540,90,695.52
43614,P10,7524,280130,0.661682692,40,330312,90,743.20
43614,P12,7465,280115,0.18681891,8,18652,90,209.84
43614,P12,7466,120437,0.708596491,47.5,420056,90,795.90
43614,P15,7472,280142,0.524804714,47.33,280184,110,651.18
43615,P10,7461,280206,0.739416258,23.5,216856,90,830.51
43615,P14,7469,120436,0.753245192,24,225612,90,846.05
43616,P14,7470,120437,0.865131079,15.17,163788,90,971.72
43619,P09,7499,280142,0.591560254,119.3,796065,110,734.01
43619,P10,7500,280206,0.811455198,120.1,1216248,90,911.43
43619,P11,7501,280206,0.804266367,119.75,1201960,90,903.35
43619,P12,7502,280096,0.260328014,40,117460,110,323.02
43619,P13,7506,280142,0.683276205,116.51,897984,110,847.81
43619,P14,7507,120452,0.559806007,14.83,103608,90,628.77
43619,P14,7508,120532,0.758480235,24,227180,90,851.93
43619,P15,7512,280142,0.765505999,117.51,1014688,110,949.84
43619,P16,7513,280206,0.698979471,119.37,1041296,90,785.09
43620,P12,7504,280093,0.523995272,24,141856,110,650.17
43620,P14,7509,120536,0.696274038,24,208548,90,782.06
43621,P12,7503,280095,0.621099291,8,56048,110,770.66
43621,P12,7505,120437,0.627642152,50.1,392432,90,704.97
43621,P14,7510,120435,0.760376603,24,227748,90,854.06
43622,P14,7553,120437,0.817705022,33.88,345744,90,918.45
43626,P09,7525,280142,0.612321914,119.15,822968,110,759.77
43626,P10,7567,280206,0.660012236,119.45,983904,90,741.33
43626,P11,7527,280052,0.655062915,54,441460,90,735.77
43626,P12,7531,120436,0.581347627,87,631204,90,652.97
43626,P13,7533,280142,0.767786509,119.97,1039016,110,952.67
43626,P14,7534,120448,0.789611156,72,709513,90,886.89
43626,P15,7536,280142,0.757059823,46.55,397520,110,939.36
43626,P16,7568,280206,0.717965587,38,340488,90,806.42
43627,P11,7528,280068,0.657852564,24,197040,90,738.90
43627,P15,7537,280175,0.593334441,32,214170,110,736.21
43627,P16,7541,280172,0.599208734,64,478600,90,673.03
43628,P11,7554,120436,0.556229968,16,111068,90,624.76
43628,P14,7535,120444,0.844455128,40,421552,90,948.49
43628,P15,7538,242030,0.53525641,24,160320,90,601.20
43629,P11,7555,120436,0.591258741,24.75,182628,90,664.10
43629,P12,7556,120436,0.454567308,8,45384,90,510.57
43629,P12,7558,120430,0.476991758,7,41670,90,535.76
43629,P12,7558,120436,0.080408654,16,16056,90,90.32
43629,P15,7539,280105,0.767765568,17.5,167680,90,862.35
43629,P16,7542,251200,0.864272092,18.15,195768,90,970.75
43630,P14,7599,120436,0.113247863,0.15,212,90,127.20
43630,P14,7599,120444,0.706129808,8,70500,90,793.13
43633,P09,7570,280142,0.707340569,121.33,968068,110,877.67
43633,P10,7571,280206,0.607948718,30,227616,90,682.85
43633,P11,7575,280052,0.546221955,80,545348,90,613.52
43633,P12,7577,120450,0.167948718,16,33536,90,188.64
43633,P12,7578,280114,0.717788462,8,71664,90,806.22
43633,P12,7579,120534,0.485927484,16,97030,90,545.79
43633,P13,7583,280142,0.74160902,120.23,1005766,110,920.19
43633,P14,7584,120436,0.747816506,48,447972,90,839.95
43633,P15,7586,280105,0.732009109,38,347148,90,822.19
43633,P16,7588,241288,0.706913919,42,370536,90,794.01
43634,P10,7572,280130,0.626778846,40,312888,90,704.00
43634,P12,7580,120435,0.594140625,32,237276,90,667.34
43634,P14,7585,280166,0.796267853,72.87,724140,90,894.37
43634,P15,7587,280142,0.847767957,81.77,781952,110,1051.91
43634,P16,7589,120436,0.693469551,24,207708,90,778.91
43635,P10,7573,280129,0.701201923,8,70008,90,787.59
43635,P12,7581,120430,0.235376603,8,23500,90,264.38
43635,P12,7581,120465,0.660657051,16,131920,90,742.05
43635,P16,7590,280052,0.65113051,49.83,404924,90,731.35
43636,P10,7574,280052,0.629852756,43.03,338240,90,707.45
43636,P11,7576,242027,0.487980769,24,146160,90,548.10
43636,P12,7582,120430,0.755234085,25.67,241948,90,848.28
43637,P11,7598,120436,0.399834179,11.52,57484,90,449.09
43640,P09,7657,280105,0.693643828,120.3,1041398,90,779.10
43640,P10,7658,280147,0.69207265,30,259112,90,777.34
43640,P11,7661,280172,0.525952112,102,669516,90,590.75
43640,P12,7663,120454,0.399978632,15,74876,90,449.26
43640,P12,7664,120453,0.345138889,24,103376,90,387.66
43640,P13,7635,241288,0.700977564,70,612374,90,787.34
43640,P14,7639,242030,0.761454849,23,218568,90,855.27
43640,P15,7675,280142,0.675438596,38,289520,110,838.08
43640,P16,7677,280107,0.597902098,22,164160,90,671.56
43641,P10,7659,242030,0.760821525,76,721624,90,854.55
43641,P12,7665,120453,0.550600962,8,54972,90,618.44
43641,P14,7673,242030,0.770567909,64,615468,90,865.50
43641,P15,7676,120436,0.704053486,80,702927,90,790.79
43641,P16,7678,241283,0.621394231,24,186120,90,697.95
43642,P10,7667,242030,0.85556891,8,85420,90,960.98
43642,P12,7666,280115,0.423998397,8,42332,90,476.24
43642,P12,7667,120532,0.649046474,40,324004,90,729.01
43642,P12,7667,280115,0.66963141,8,66856,90,752.13
43642,P16,7679,120464,0.676151283,74.02,624608,90,759.45
43643,P11,7662,120464,0.343269231,4,17136,90,385.56
43643,P11,7662,280172,0.582231571,16,116260,90,653.96
43643,P12,7668,120532,0.597215545,16,119252,90,670.79
43643,P13,7670,241288,0.692057292,8,69095,90,777.32
43643,P13,7671,120444,0.845392628,16,168808,90,949.55
43643,P14,7674,280040,0.815529208,33.25,338412,90,916.00
43644,P13,7672,120436,0.82021582,25.9,265120,90,921.27
43645,P10,7660,120436,0.750310174,3.1,29028,90,842.75
43645,P12,7669,120531,1.096153846,1.3,17784,90,1231.20
43645,P15,7719,120531,0.050014088,2.73,1704,90,56.18
43654,P09,7720,280105,0.580985874,54,391538,90,652.56
43654,P10,7722,280130,0.551691127,38,261634,90,619.66
43654,P10,7727,280206,0.563221154,8,56232,90,632.61
43654,P11,7725,280206,0.581740785,112,813134,90,653.41
43654,P12,7727,280174,0.121154699,56,76531,110,150.33
43654,P13,7732,120436,0.734775641,30,275100,90,825.30
43654,P14,7735,120430,0.527564103,30.5,200812,90,592.56
43654,P15,7741,280142,0.743383748,86.39,724412,110,922.39
43654,P16,7743,120448,0.706063034,36,317220,90,793.05
43655,P10,7723,280130,0.715985577,8,71484,90,804.20
43655,P13,7733,241288,0.809234776,48,484764,90,908.93
43655,P14,7736,120465,0.679897837,32,271524,90,763.66
43655,P16,7744,280052,0.614194139,56,429248,90,689.86
43656,P09,7721,280206,0.643565357,69,554187,90,722.85
43656,P10,7724,280206,0.717374946,68.15,610136,90,805.76
43656,P11,7728,280206,0.447596154,8,44688,90,502.74
43656,P12,7728,280096,0.452338209,32,163276,110,561.26
43656,P14,7737,120435,0.70635016,16,141044,90,793.37
43657,P12,7729,280095,0.608799002,9.1,62492,110,755.40
43657,P12,7729,280096,0.583156028,8,52624,110,723.58
43657,P13,7734,251200,0.866643291,42.78,462696,90,973.41
43657,P14,7738,120536,0.688648504,24,206264,90,773.49
43657,P15,7742,280175,0.729009489,21.01,172770,110,904.55
43657,P16,7745,280147,0.620902334,27.22,210924,90,697.40
43658,P14,7739,280013,0.59216851,17.87,132064,90,665.12
43661,P09,7760,120448,0.719041375,22,197420,90,807.63
43661,P09,7761,280105,0.748047868,88.25,823870,90,840.21
43661,P09,7762,280105,0.824719551,8,82340,90,926.33
43661,P10,7762,280206,0.776348244,46,445686,90,871.99
43661,P11,7764,280052,0.616661497,62,477148,90,692.63
43661,P12,7769,120534,0.466746795,8,46600,90,524.25
43661,P12,7771,120532,0.684081197,48,409792,90,768.36
43661,P12,7771,120534,0.652564103,8,65152,90,732.96
43661,P12,7783,280093,0.513150118,24,138920,110,636.72
43661,P13,7773,120436,0.597297839,23.03,171672,90,670.88
43661,P13,7773,241288,0.798647201,96.95,966312,90,897.04
43661,P14,7775,120465,0.591650641,40,295352,90,664.54
43661,P15,7777,280142,0.699007092,30,236544,110,867.33
43661,P15,7778,280166,0.644491186,64,514768,90,723.89
43661,P15,7779,280166,0.723557692,8,72240,90,812.70
43661,P16,7779,120436,0.655351919,22.35,182796,90,736.09
43661,P16,7780,120444,0.678365385,24,203184,90,761.94
43662,P10,7763,120464,0.692158873,58.15,502308,90,777.43
43662,P10,7763,280206,0.596153846,16,119040,90,669.60
43662,P14,7784,280164,0.693763355,24,207796,90,779.24
43662,P16,7781,120464,0.744684199,73.33,681504,90,836.43
43663,P11,7765,242027,0.680869391,32,271912,90,764.75
43663,P11,7765,280052,0.3828125,16,76440,90,429.98
43663,P14,7776,120436,0.780490514,57.13,556476,90,876.65
43664,P12,7768,120531,0.508026175,24,152164,90,570.62
43664,P15,7830,120464,0.697680729,10.63,92556,90,783.63
43664,P15,7830,280166,0.609294872,8,60832,90,684.36
43665,P11,7766,120464,0.798393914,9.1,90672,90,896.76
43665,P12,7767,120430,0.553205128,9,62136,90,621.36
43668,P09,7796,242030,0.661271368,30,247580,90,742.74
43668,P10,7799,120448,0.769640313,54,518676,90,864.46
43668,P11,7802,120436,0.757948718,30,283776,90,851.33
43668,P12,7823,280095,0.309604019,24,83816,110,384.16
43668,P12,7824,280093,0.653885934,24,177020,110,811.34
43668,P12,7824,280095,0.61768617,8,55740,110,766.43
43668,P13,7809,120436,0.750973866,78,731028,90,843.49
43668,P13,7809,120464,0.739242788,16,147612,90,830.32
43668,P14,7827,280115,0.585476763,16,116908,90,657.61
43668,P14,7862,280114,0.525340545,16,104900,90,590.06
43668,P15,7813,280052,0.635615503,54,428354,90,713.92
43668,P16,7816,120436,0.7917681,114.07,1127156,90,889.31
43669,P09,7797,280105,0.743237752,56,519434,90,834.80
43669,P11,7803,120464,0.739967549,84.15,777108,90,831.13
43669,P14,7828,120451,0.700320513,16,139840,90,786.60
43669,P14,7828,280115,0.607491987,8,60652,90,682.34
43670,P10,7800,251200,0.775280449,24,232212,90,870.80
43670,P12,7808,120430,0.755527646,60.1,566682,90,848.61
43670,P14,7811,120430,0.792166453,61.18,604840,90,889.76
43670,P15,7814,280206,0.546181319,35,238572,90,613.47
43671,P09,7798,280166,0.656298774,28.75,235480,90,737.15
43671,P10,7801,120464,0.84068361,28.3,296916,90,944.26
43671,P10,7801,251200,0.712740385,8,71160,90,800.55
43671,P13,7831,120464,0.65645888,20.83,170652,90,737.33
43671,P15,7815,120436,0.515444015,12.95,83304,90,578.95
43671,P15,7815,280206,0.553365385,8,55248,90,621.54
43675,P09,7838,280147,0.66898833,78,651220,90,751.41
43675,P10,7840,280206,0.683214286,70,596856,90,767.39
43675,P11,7841,280206,0.605055831,62,468168,90,679.60
43675,P12,7844,280012,0.47575621,16,94999,90,534.37
43675,P12,7845,120465,0.656630609,16,131116,90,737.53
43675,P13,7848,280107,0.593701923,20,148188,90,666.85
43675,P13,7849,241283,0.704286859,24,210948,90,791.06
43675,P14,7852,120433,0.775707799,24,232340,90,871.28
43675,P14,7853,120435,0.719110577,40,358980,90,807.71
43675,P15,7855,120464,0.506971154,16,101232,90,569.43
43675,P15,7856,280142,0.713800236,48,386480,110,885.68
43675,P16,7857,120464,0.58793054,67,491604,90,660.36
43676,P12,7846,120532,0.717407853,32,286504,90,805.79
43676,P12,7850,120532,0.812580128,8,81128,90,912.69
43676,P13,7850,120436,0.788341346,8,78708,90,885.47
43676,P13,7850,241283,0.699559295,8,69844,90,785.75
43677,P10,7897,280206,0.719842657,44,395280,90,808.53
43677,P11,7842,280206,0.523317308,8,52248,90,587.79
43677,P11,7898,280147,0.580093864,28,202708,90,651.56
43677,P11,7898,280206,0.782692308,8,78144,90,879.12
43677,P12,7900,120430,0.744386694,37,343728,90,836.10
43677,P12,7900,120532,0.730488782,8,72932,90,820.49
43677,P13,7851,120448,0.769230769,8,76800,90,864.00
43677,P13,7902,120448,0.811860341,44.57,451584,90,911.88
43677,P14,7854,120536,0.834735577,8,83340,90,937.58
43677,P14,7904,120536,0.732977241,43.78,400480,90,823.28
43677,P15,7905,280142,0.746153773,44.78,376896,110,925.83
43677,P16,7906,120464,0.758834135,32,303048,90,852.32
43678,P09,7896,280147,0.643005475,24,192593,90,722.22
43679,P09,7839,120437,0.735977564,12,110220,90,826.65
43679,P11,7843,280147,0.391786859,8,39116,90,440.06
43679,P16,7858,120444,0.676020408,4.9,41340,90,759.31
43682,P09,7872,280052,0.776089744,115,1113844,90,871.70
43682,P10,7873,280206,0.629451873,58.1,456408,90,707.00
43682,P10,7874,280129,0.523858173,16,104604,90,588.40
43682,P11,7877,120437,0.699278846,56,488712,90,785.43
43682,P11,7921,120437,0.609778286,45.45,345876,90,684.90
43682,P11,7921,120442,0.174278846,8,17400,90,195.75
43682,P12,7879,280095,0.512511082,24,138747,110,635.92
43682,P12,7979,280095,0.53643617,8,48408,110,665.61
43682,P13,7882,251200,0.842540793,22,231328,90,946.34
43682,P13,7883,120464,0.723914575,76.45,690684,90,813.10
43682,P13,7883,251200,0.644591346,16,128712,90,724.01
43682,P14,7885,280115,0.634114583,16,126620,90,712.24
43682,P14,7886,280013,0.669591346,8,66852,90,752.09
43682,P14,7886,280115,0.606209936,8,60524,90,680.90
43682,P15,7889,280175,0.487715299,14,77020,110,605.16
43682,P15,7890,280172,0.721935096,16,144156,90,810.88
43682,P15,7890,280175,0.608322252,16,109790,110,754.81
43682,P16,7893,120464,0.782115385,30,292824,90,878.47
43683,P10,7875,280130,0.417487981,32,166728,90,468.92
43683,P10,7875,280206,0.574399038,8,57348,90,645.17
43683,P12,7880,280096,0.622916667,8,56212,110,772.92
43683,P12,7881,280096,0.527039007,8,47560,110,653.95
43683,P12,7978,280096,0.61214539,8,55240,110,759.55
43683,P14,7887,280013,0.560737179,8,55984,90,629.82
43683,P14,7888,120436,0.78311788,60.1,587376,90,879.60
43683,P14,7888,120531,0.713741987,8,71260,90,801.68
43683,P14,7888,280013,0.825240385,8,82392,90,926.91
43683,P15,7891,120436,0.795853365,16,158916,90,893.90
43683,P15,7891,280172,0.610637019,16,121932,90,685.87
43683,P16,7894,241288,0.723573718,40,361208,90,812.72
43684,P12,7922,120437,0.768654893,55.1,528564,90,863.35
43684,P16,7895,120437,0.751547091,13,121931,90,844.14
43684,P16,7895,241288,0.457211538,8,45648,90,513.54
43685,P15,7892,120448,0.744878559,36.01,334752,90,836.65
43685,P16,7923,120437,0.528087045,19,125220,90,593.15
43689,P09,7941,280052,0.737337983,113.75,1046725,90,828.18
43689,P10,7941,280052,0.498237179,14,87052,90,559.62
43689,P10,7942,280206,0.676991758,56,473136,90,760.40
43689,P10,7946,280206,0.772616186,8,77138,90,867.80
43689,P11,7926,120436,0.792948718,78,771888,90,890.64
43689,P12,7928,280114,0.333092949,16,66512,90,374.13
43689,P12,7929,120451,0.694711538,8,69360,90,780.30
43689,P12,120451,280115,0.544871795,8,54400,90,612.00
43689,P13,7933,120464,0.739205857,105.5,973268,90,830.28
43689,P13,7935,120532,0.649399038,8,64836,90,729.41
43689,P14,7934,120437,0.589182692,16,117648,90,661.77
43689,P14,7935,120532,0.780754207,64,623604,90,876.94
43689,P15,7949,242027,0.669041375,22,183692,90,751.47
43689,P15,7949,280052,0.777483974,8,77624,90,873.27
43689,P16,7939,120436,0.598223244,46,343428,90,671.92
43690,P12,7930,120451,0.579166667,16,115648,90,650.52
43690,P12,7931,120435,0.616015625,32,246012,90,691.91
43690,P15,7938,280052,0.806905016,83.05,836328,90,906.32
43690,P16,7940,120448,0.724654007,59.75,540360,90,813.93
43690,P16,7940,120465,0.831370192,8,83004,90,933.80
43692,P10,7983,280052,0.663801748,35.8,296576,90,745.58
43692,P11,7927,120437,0.728218483,24,218116,90,817.94
43692,P12,7932,120430,0.658077368,36,295661,90,739.15
43692,P14,7937,120465,0.901477146,23,258760,90,1012.54
43693,P11,7970,120448,0.758185404,9.75,92256,90,851.59
43693,P14,7971,120430,1.009259259,4.5,56680,90,1133.60
43693,P14,7971,120465,0.682291667,8,68120,90,766.35
43696,P09,7950,280052,0.697530864,54,470080,90,783.47
43696,P10,7953,280052,0.635012128,92.5,733058,90,713.25
43696,P10,7985,280206,0.334134615,8,33360,90,375.30
43696,P11,7955,241288,0.754423077,70,659064,90,847.37
43696,P12,7986,120436,0.677317995,56,473364,90,760.76
43696,P12,7986,280095,0.629920213,8,56844,110,781.61
43696,P13,7960,120448,0.848045906,62,656184,90,952.53
43696,P14,7962,120430,0.66002938,24,197692,90,741.35
43696,P14,7963,280164,0.724419071,16,144652,90,813.67
43696,P15,7966,280172,0.525699301,22,144336,90,590.47
43696,P15,7967,120436,0.799771742,84.25,840912,90,898.30
43696,P15,7967,280172,0.607932692,8,60696,90,682.83
43696,P16,7968,120437,0.55224359,86,592712,90,620.28
43697,P14,7964,280164,0.749799679,16,149720,90,842.18
43698,P09,7951,242030,0.678018162,24,203080,90,761.55
43698,P09,7951,280052,0.439262821,8,43856,90,493.38
43698,P11,7956,120436,0.86459431,36.5,393840,90,971.11
43698,P11,7956,241288,0.741947115,8,74076,90,833.36
43698,P12,7958,280093,0.627349291,8,56612,110,778.42
43698,P12,7958,280095,0.4125,24,111672,110,511.83
43698,P13,7961,251200,0.818795072,32,326994,90,919.67
43698,P14,7965,120448,0.840630342,52.5,550781,90,944.20
43698,P14,7965,120536,0.35556891,8,35500,90,399.38
43699,P09,7952,280166,0.671032272,29,242860,90,753.70
43699,P12,7957,280093,0.736503963,17,141232,110,913.85
43699,P13,8009,120437,0.867896389,12.25,132684,90,974.82
43699,P13,8009,251200,0.69931891,8,69820,90,785.48
43699,P16,8003,120437,0.506490385,8,50568,90,568.89
43699,P16,8003,280206,#DIV/0!,0,0,90,0.00
43700,P12,280093,280093,0.874940898,4.5,44412,110,1085.63
43703,P09,7988,120464,0.673972014,82,689716,90,757.01
43703,P09,7989,120464,0.741947115,32,296304,90,833.36
43703,P10,7989,280206,0.692217407,106.5,920040,90,777.50
43703,P11,7991,280172,0.694903846,30,260172,90,780.52
43703,P12,7992,280107,0.605311832,48,362606,90,679.89
43703,P13,7997,241283,0.682147436,30,255396,90,766.19
43703,P14,7999,120437,0.732772436,48,438960,90,823.05
43703,P15,8001,120464,0.757106963,114.55,1082348,90,850.38
43703,P16,8010,120437,0.523507958,29,189468,90,588.00
43703,P16,8010,280206,#DIV/0!,0,5052,90,0.00
43704,P10,7990,280206,0.710817308,8,70968,90,798.39
43704,P11,7990,120448,0.757211538,84,793800,90,850.50
43704,P12,7993,120453,0.653672543,24,195788,90,734.21
43704,P12,7993,280107,0.7296875,8,72852,90,819.59
43704,P13,7998,120464,0.777964744,48,466032,90,873.81
43704,P13,8000,120464,0.80521978,7,70344,90,904.42
43704,P14,8000,120436,0.826229507,52.617,542552,90,928.02
43704,P14,8000,120437,0.739543269,16,147672,90,830.66
43704,P16,8011,120464,0.761447563,67.7,643344,90,855.26
43704,P16,8011,280206,0.141346154,4,7056,90,158.76
43706,P12,7994,120534,0.413782051,8,41312,90,464.76
43706,P12,7995,120534,0.696073718,16,138992,90,781.83
43706,P13,8028,280206,0.731401505,10.767,98280,90,821.51
43707,P12,7996,120430,0.794586895,4.5,44624,90,892.48
43707,P12,7996,120531,0.721875,8,72072,90,810.81
43711,P09,8013,120464,0.749661681,54,505212,90,842.02
43711,P10,8015,280206,0.753591288,83,780600,90,846.43
43711,P10,8032,280206,0.778655849,8,77741,90,874.59
43711,P11,8016,280052,0.693318004,46,398020,90,778.73
43711,P12,8018,120433,0.708547009,24,212224,90,795.84
43711,P12,8019,120435,0.723183761,24,216608,90,812.28
43711,P13,8031,280206,0.5695389,67.3,478358,90,639.71
43711,P14,8023,120436,0.710433837,56,496508,90,797.96
43711,P15,8025,120436,0.774587912,14,135336,90,870.02
43711,P15,8026,241288,0.784544683,68,665796,90,881.20
43711,P16,8032,120464,0.736648352,70,643536,90,827.40
43712,P11,8020,280052,0.818349359,8,81704,90,919.17
43712,P12,8020,120532,0.644074074,45,361712,90,723.42
43712,P15,8826,241288,0.707451923,8,70632,90,794.61
43713,P09,8014,280105,0.730769231,37,337440,90,820.80
43713,P11,8017,280068,0.670964655,36,301451,90,753.63
43713,P14,8024,120437,0.831674736,35.75,371060,90,934.14
43713,P16,8033,120436,0.787839744,12.5,122903,90,884.90
43713,P16,8033,120464,0.595673077,8,59472,90,669.06
43717,P09,8041,242030,0.66965812,30,250720,90,752.16
43717,P10,8044,280206,0.768797134,102,978648,90,863.51
43717,P10,8052,280206,0.976538462,5,60936,90,1096.85
43717,P10,8058,280206,0.857451923,8,85608,90,963.09
43717,P11,8045,280213,0.751353276,54,506352,90,843.92
43717,P12,8047,280114,0.513207799,24,153716,90,576.44
43717,P12,8051,120430,0.404527244,24,121164,90,454.37
43717,P12,8051,280114,0.624519231,8,62352,90,701.46
43717,P12,8052,280206,0.561578526,8,56068,90,630.77
43717,P13,8052,280206,0.694052233,106.78,924904,90,779.56
43717,P14,8053,120437,0.602373798,32,240564,90,676.59
43717,P15,8055,241288,0.725224359,30,271524,90,814.57
43717,P16,8058,120464,0.744157239,114.03,1059006,90,835.84
43718,P09,8042,280166,0.613648504,48,367600,90,689.25
43718,P12,8056,251200,0.242708333,4,12116,90,272.61
43718,P14,8054,120448,0.815691774,72,732948,90,916.19
43718,P15,8056,251200,0.730328526,48,437496,90,820.31
43719,P11,8065,280212,0.894519231,40,446544,90,1004.72
43719,P11,8065,280213,0.526923077,8,52608,90,591.84
43719,P12,8048,120454,0.154407051,8,15416,90,173.43
43720,P09,8043,280105,0.743292655,28.05,260200,90,834.87
43720,P09,8043,280166,0.633613782,8,63260,90,711.68
43720,P12,8050,120536,0.62536859,20,156092,90,702.41
43720,P12,8050,280115,0.573782051,5,35804,90,644.47
43720,P13,87052,280206,0.593509615,8,59256,90,666.63
43720,P15,8057,120464,0.871442308,20,217512,90,978.80
43720,P15,8057,251200,0.690384615,16,137856,90,775.44
43721,P11,8105,120436,1.024898785,4.75,60756,90,1151.17
43721,P11,8105,280212,0.583653846,8,58272,90,655.56
43721,P14,8106,120454,0.711553289,12.97,115176,90,799.22
43724,P09,8066,280105,0.649402681,22,178300,90,729.41
43724,P09,8067,280166,0.741586538,24,222120,90,832.95
43724,P10,8069,280206,0.799239714,86,857808,90,897.71
43724,P11,8070,120436,0.851086957,46,488592,90,955.94
43724,P12,8073,280096,0.288164894,16,52008,110,357.56
43724,P12,8074,280095,0.549246454,8,49564,110,681.51
43724,P12,8074,280096,0.534219858,8,48208,110,662.86
43724,P12,8087,120430,0.712740385,8,71160,90,800.55
43724,P13,8090,120436,0.667852564,30,250044,90,750.13
43724,P14,8081,120451,0.836538462,8,83520,90,939.60
43724,P14,8081,120453,0.590785256,16,117968,90,663.57
43724,P14,8082,280013,0.553645833,16,110552,90,621.86
43724,P15,8085,120436,0.686442308,30,257004,90,771.01
43724,P16,8087,120437,0.378287841,62,292704,90,424.89
43725,P09,8068,120464,0.790998011,58,572556,90,888.45
43725,P09,8068,280166,0.742728365,16,148308,90,834.23
43725,P11,8075,280093,0.957180851,8,86376,110,1187.67
43725,P12,8075,280093,0.659552305,16,119036,110,818.37
43725,P12,8075,280095,0.287588652,16,51904,110,356.84
43725,P13,8091,241288,0.765084135,32,305544,90,859.34
43725,P14,8083,120465,0.813040865,16,162348,90,913.21
43725,P14,8083,280013,0.662980769,16,132384,90,744.66
43725,P15,8086,120464,0.776705481,81.75,792426,90,872.40
43726,P11,8071,120448,0.848072659,45.1,477336,90,952.56
43726,P11,8089,280093,0.975398936,8,88020,110,1210.28
43726,P12,8089,120435,0.506717415,24,151772,90,569.15
43726,P12,8089,280093,0.375221631,8,33860,110,465.58
43726,P13,8092,120437,0.640895848,41.98,335772,90,719.85
43726,P13,8092,120465,0.7296875,8,72852,90,819.59
43726,P13,8092,241288,0.710697115,8,70956,90,798.26
43726,P14,8084,120431,0.79819778,33.15,330224,90,896.54
43726,P14,8084,120465,0.64619391,8,64516,90,725.81
43727,P10,8108,280213,0.609357061,20.1,152856,90,684.43
43727,P12,8078,120430,0.626923077,16.75,131052,90,704.16
43727,P16,8093,120436,0.292548077,8,29208,90,328.59
43727,P16,8093,120437,0.666368515,10.75,89400,90,748.47
43728,P14,8123,120532,0.753205128,31.5,296100,90,846.00
43728,P14,8123,280086,0.730929487,8,72976,90,820.98
43728,P15,120464,120464,0.644156805,26,209016,90,723.52
43731,P09,8109,280172,0.706194097,43,378972,90,793.20
43731,P10,8112,280052,0.784354968,112,1096340,90,880.99
43731,P11,8113,241283,0.743117409,38,352416,90,834.67
43731,P12,8115,120436,0.458081015,47,268692,90,514.52
43731,P13,8119,280052,0.707568068,121.25,1070692,90,794.74
43731,P14,8120,120450,0.542134081,24,162380,90,608.93
43731,P14,8121,120452,0.664282853,16,132644,90,746.12
43731,P15,8125,120464,0.635576923,54,428328,90,713.88
43731,P16,8127,120436,0.663036947,62.73,519072,90,744.72
43732,P09,8110,280105,0.769881811,32,307460,90,864.73
43732,P09,8110,280172,0.463100962,8,46236,90,520.16
43732,P11,8114,120464,0.816354816,74,753920,90,916.93
43732,P11,8114,241283,0.750274725,7,65544,90,842.71
43732,P12,8116,120437,0.554836442,72.13,499454,90,623.19
43732,P14,8122,280086,0.644551282,8,64352,90,723.96
43732,P15,8126,120448,0.772096959,42.27,407304,90,867.22
43732,P15,8126,120464,0.737903226,15.5,142740,90,828.81
43732,P15,8126,280052,0.738461538,8,73728,90,829.44
43733,P10,8812,280052,0.540985577,8,54012,90,607.64
43733,P14,8124,120430,0.855326789,24.92,266008,90,960.70
43733,P14,8124,120532,0.743028846,8,74184,90,834.57
43733,P16,8128,280052,0.731701632,49.5,452016,90,821.85
43734,P09,8111,280052,0.770512821,19.25,185108,90,865.44
43734,P09,8111,280105,0.610857372,16,121976,90,686.12
43735,P11,8142,120444,0.630889423,8,62988,90,708.62
43735,P14,8142,120430,0.865584936,8,86420,90,972.23
43738,P09,8137,120464,0.7015286,26,227632,90,787.96
43738,P09,8167,120464,0.858360298,84.87,909156,90,964.11
43738,P10,8138,120448,0.599482249,26,194520,90,673.34
43738,P10,8176,120448,0.814733251,31,315204,90,915.11
43738,P10,8176,120464,0.327283654,8,32676,90,367.61
43738,P11,8141,120444,0.645405983,18,144984,90,724.92
43738,P11,8169,120437,0.803081216,93.17,933792,90,902.02
43738,P12,8143,120448,0.591002747,28,206520,90,663.81
43738,P12,8170,120448,0.895604396,7,78240,90,1005.94
43738,P13,8161,120464,0.71431213,26,231780,90,802.32
43738,P13,8171,120464,0.873214286,7,76284,90,980.79
43738,P13,8171,241288,0.722355769,8,72120,90,811.35
43738,P14,8148,120450,0.973918269,8,97236,90,1093.91
43738,P14,8149,280115,0.811177885,8,80988,90,911.12
43738,P14,8172,280115,0.805586081,7,70376,90,904.83
43738,P15,8152,120464,0.754326923,26,244764,90,847.26
43738,P15,8173,120464,0.796871767,92.95,924384,90,895.05
43738,P16,8153,120436,0.662093195,26,214836,90,743.66
43738,P16,8174,120436,0.703895464,39,342600,90,790.62
43738,P16,8174,120464,0.789302885,8,78804,90,886.55
43739,P12,8177,120433,0.786153846,40,392448,90,883.01
43739,P12,8177,120448,0.753725962,8,75252,90,846.59
43739,P13,8147,241288,0.64919913,77.8,630336,90,729.18
43739,P14,8150,120451,0.845953526,8,84460,90,950.18
43739,P14,8151,120430,0.782998484,62.6,611716,90,879.46
43739,P14,8151,120451,0.758373397,16,151432,90,851.81
43740,P09,8467,120464,0.781730769,8,78048,90,878.04
43740,P10,8140,120464,0.709968025,54.37,481740,90,797.44
43740,P10,8467,280206,0.67434688,53,446040,90,757.43
43740,P16,8154,120464,0.757433392,46.05,435300,90,850.75
43741,P12,8145,120430,0.449312893,29.63,166148,90,504.67
43741,P12,8145,120463,0.745793269,8,74460,90,837.68
43745,P09,8179,280105,0.726495726,90,816000,90,816.00
43745,P09,8179,280166,0.730769231,8,72960,90,820.80
43745,P10,8180,280206,0.718706971,121.23,1087368,90,807.25
43745,P13,8182,280052,0.71894943,90,807524,90,807.52
43745,P13,8182,280068,0.491907051,8,49112,90,552.51
43745,P14,8201,120431,0.512053571,28,178932,90,575.14
43745,P14,8202,120437,0.697286664,94.5,822352,90,783.19
43745,P15,8186,280212,0.606619822,26,196836,90,681.36
43745,P15,8187,280052,0.745681272,88,818937,90,837.55
43745,P15,8187,280212,0.311858974,8,31136,90,350.28
43745,P16,8188,242030,0.684216908,121.07,1033820,90,768.51
43748,P09,8245,280068,0.451033833,23.32,131266,90,506.60
43748,P13,8246,242030,0.468982969,24.42,142928,90,526.76
43752,P09,8217,120436,0.596514423,8,59556,90,670.01
43752,P09,8219,242030,0.681980057,18,153200,90,766.00
43752,P09,8247,280166,0.588778713,48,352702,90,661.32
43752,P10,8217,280130,0.469978632,18,105576,90,527.88
43752,P10,8218,280130,0.714903846,16,142752,90,802.98
43752,P10,8219,280206,0.739784946,77.5,715520,90,830.93
43752,P10,8219,280212,0.792788462,8,79152,90,890.46
43752,P11,8220,241288,0.750293152,82,767820,90,842.73
43752,P12,8222,120453,0.424663462,20,105996,90,476.98
43752,P12,8223,120465,0.616386218,40,307700,90,692.33
43752,P13,8226,280206,0.645247492,121.62,979368,90,724.74
43752,P14,8227,120448,0.715667421,68,607344,90,803.84
43752,P15,8230,280052,0.79768711,74,736680,90,895.96
43752,P16,8232,120464,0.692418639,26,224676,90,777.72
43752,P16,8234,120436,0.674669471,32,269436,90,757.79
43752,P16,8234,120448,0.769230769,31.07,298272,90,864.00
43752,P16,8234,120464,0.702043269,8,70092,90,788.54
43754,P09,8216,120436,0.798943364,45.5,453672,90,897.37
43754,P12,8224,120431,0.66494391,16,132776,90,746.87
43754,P12,8224,120465,0.544070513,8,54320,90,611.10
43754,P14,8228,120444,0.765144231,8,76392,90,859.41
43754,P14,8228,120448,0.787259615,8,78600,90,884.25
43754,P15,8238,120436,0.794110577,16,158568,90,891.95
43754,P15,8238,280052,0.66260016,16,132308,90,744.23
43755,P11,8235,120436,0.886178156,22.15,244968,90,995.36
43755,P11,8235,241288,0.451442308,16,90144,90,507.06
43755,P12,8236,120435,0.72459075,24.2,218838,90,813.86
43755,P14,8237,120437,0.759457755,30.5,289080,90,853.02
43755,P14,8237,120444,0.695432692,8,69432,90,781.11
43755,P16,8233,120448,0.803739316,24,240736,90,902.76
43756,P15,8282,120437,0.857786251,15.08,161434,90,963.47
43759,P09,8249,280213,0.638819034,26,207284,90,717.52
43759,P09,8250,280052,0.628088942,40,313542,90,705.47
43759,P09,8250,280213,0.750200321,8,74900,90,842.63
43759,P10,8251,280206,0.659726397,121.55,1000768,90,741.00
43759,P11,8254,241288,0.772807692,50,482232,90,868.02
43759,P12,8256,280096,0.38160461,8,34436,110,473.50
43759,P12,8256,280174,0.397801418,20,89744,110,493.59
43759,P12,8265,280096,0.517109929,8,46664,110,641.63
43759,P13,8260,280206,0.750417377,122.33,1145646,90,842.87
43759,P14,8261,120437,0.663827839,28,231968,90,745.61
43759,P14,8262,120431,0.760400641,40,379592,90,854.08
43759,P14,8262,120437,0.760096154,8,75888,90,853.74
43759,P15,8264,280175,0.449510301,42,212960,110,557.75
43759,P15,8265,120436,#DIV/0!,0,18648,90,0.00
43759,P15,8265,280175,0.521553635,16,94130,110,647.14
43759,P16,8267,280107,0.710470085,18,159600,90,798.00
43759,P16,8268,120436,0.760868819,56,531756,90,854.61
43759,P16,8268,280107,0.624759615,8,62376,90,701.73
43760,P11,8252,120436,0.79153809,62.07,613152,90,889.06
43760,P12,8257,280096,0.740735816,8,66844,110,919.11
43760,P12,8258,120450,0.460376603,8,45964,90,517.10
43760,P12,8258,280093,0.308599291,8,27848,110,382.91
43761,P09,8270,280105,0.746207324,45.55,424192,90,838.14
43761,P12,8259,120430,0.576161859,16,115048,90,647.15
43761,P12,8259,120450,0.694270833,8,69316,90,779.81
43761,P14,8284,120435,0.641613248,24,192176,90,720.66
43761,P14,8284,120465,0.690625,8,68952,90,775.71
43761,P15,8266,251200,0.606831753,54.75,414636,90,681.59
43762,P11,8552,120436,0.789182692,8,78792,90,886.41
43762,P12,8283,120430,0.695156137,38.28,332100,90,780.80
43762,P16,8269,120464,0.824657672,38.2,393144,90,926.26
43763,P14,8263,120465,0.907383666,13.5,152876,90,1019.17
43766,P09,8290,280105,0.729826546,34,309680,90,819.74
43766,P09,8293,280166,0.632251603,8,63124,90,710.15
43766,P10,8293,280206,0.75054618,98,917948,90,843.01
43766,P11,8294,280107,0.737232906,18,165612,90,828.06
43766,P11,8295,241283,0.808653846,8,80736,90,908.28
43766,P11,8295,280107,0.613822115,8,61284,90,689.45
43766,P12,8299,120451,0.583511396,36,262160,90,655.40
43766,P12,8303,120448,0.745713141,8,74452,90,837.59
43766,P13,8303,280206,0.737244898,98,901680,90,828.07
43766,P14,8304,120430,0.589246795,20,147076,90,661.84
43766,P14,8305,120465,0.640969551,40,319972,90,719.94
43766,P15,8309,120464,0.763633242,56,533688,90,857.71
43766,P16,8311,120444,0.630723443,42,330600,90,708.43
43767,P09,8291,280166,0.555962874,48,333044,90,624.46
43767,P11,8296,280212,0.651736111,24,195208,90,732.03
43767,P12,8300,120453,0.751542468,16,150068,90,844.13
43767,P12,8301,120453,0.705288462,8,70416,90,792.18
43767,P16,8312,241288,0.787680288,48,471852,90,884.72
43768,P11,8297,280052,0.826452324,32,330052,90,928.27
43768,P11,8297,280212,0.604326923,8,60336,90,678.78
43768,P12,8302,120448,0.618739984,32,247100,90,694.97
43768,P14,8306,120431,0.705048077,8,70392,90,791.91
43768,P14,8306,120465,0.791266026,8,79000,90,888.75
43768,P14,8307,120437,0.547676282,24,164040,90,615.15
43768,P15,8310,280052,0.688141026,24,206112,90,772.92
43769,P09,8292,280166,0.764423077,8,76320,90,858.60
43769,P09,8362,280052,0.817296446,14.25,145348,90,917.99
43769,P09,8362,280206,0.707291667,8,70616,90,794.43
43769,P10,8363,280206,0.846511628,21.5,227136,90,950.80
43769,P11,8365,280052,0.81520478,22.1,224840,90,915.64
43769,P12,8366,120448,0.793048694,21.8,215760,90,890.75
43769,P13,8367,280206,0.837697763,21.15,221112,90,940.90
43769,P14,8368,120437,0.740240693,14.03,129612,90,831.44
43769,P14,8368,280206,0.811177885,8,80988,90,911.12
43769,P15,8369,280052,0.785353788,23.04,225820,90,882.11
43769,P16,8313,280166,0.482572115,8,48180,90,542.03
43769,P16,8370,251200,0.805592879,22.9,230232,90,904.84
43773,P09,8350,242030,0.572204416,18,128540,90,642.70
43773,P09,8350,280105,0.581129808,16,116040,90,652.73
43773,P10,8328,280130,0.467533937,34,198384,90,525.13
43773,P11,8352,280068,0.430325444,26,139632,90,483.34
43773,P11,8353,280052,0.785187121,80.95,793240,90,881.92
43773,P11,8353,280068,0.748517628,8,74732,90,840.74
43773,P11,9354,280237,0.520963542,40,260065,90,585.15
43773,P12,8334,120536,0.638882212,16,127572,90,717.59
43773,P12,280012,280012,0.457772436,20,114260,90,514.17
43773,P15,8354,280052,0.626766382,90,703984,90,703.98
43773,P15,9354,280052,0.785536859,8,78428,90,882.32
43773,P16,8339,251200,0.786190318,58,569076,90,883.05
43774,P09,8325,280105,0.348557692,8,34800,90,391.50
43774,P09,8326,120436,0.741089303,62.63,579252,90,832.39
43774,P09,8326,280105,0.308092949,16,61520,90,346.05
43774,P10,8329,280129,0.468509615,8,46776,90,526.23
43774,P10,8329,280130,0.5171875,8,51636,90,580.91
43774,P10,8351,280206,0.672447035,70.22,589296,90,755.29
43774,P12,8341,120532,0.612065972,48,366652,90,687.47
43774,P12,8341,120536,0.695873397,8,69476,90,781.61
43775,P11,8383,280052,0.611658654,8,61068,90,687.02
43775,P13,8383,280212,0.478525641,48,286656,90,537.48
43775,P16,8327,120448,0.740504808,8,73932,90,831.74
43775,P16,8340,120430,0.66491968,46.05,382132,90,746.84
43775,P16,8340,120448,0.838942308,8,83760,90,942.30
43776,P12,8336,120431,0.823475196,32.48,333796,90,924.93
43776,P15,8338,120448,0.829497029,24.73,256008,90,931.69
43780,P09,8373,280213,0.535441321,26,173740,90,601.41
43780,P09,9373,280213,0.630448718,8,62944,90,708.12
43780,P10,8376,280052,0.701074431,106.58,932512,90,787.45
43780,P11,8377,280052,0.774857442,112.73,1090124,90,870.32
43780,P12,8379,280095,0.725827423,24,196496,110,900.61
43780,P12,8379,280096,0.578254813,28,182636,110,717.50
43780,P12,8391,280052,0.660153611,8.73,71924,90,741.48
43780,P14,8385,120444,0.341962378,84,358486,90,384.09
43780,P15,8390,280175,0.730055017,109.25,899676,110,905.85
43780,P16,8391,280052,0.748570007,120.63,1126944,90,840.79
43781,P09,8374,280052,0.749686165,48,449092,90,842.05
43781,P11,8380,280093,0.709308511,8,64008,110,880.11
43781,P12,8380,280093,0.749787234,25,211440,110,930.34
43781,P12,8380,280095,0.630452128,8,56892,110,782.27
43783,P09,8375,280166,0.67029825,38.18,319388,90,752.88
43783,P12,8381,120454,0.322735043,15,60416,90,362.50
43783,P13,8384,280052,0.708649445,16.02,141680,90,795.96
43783,P13,8384,280212,0.687540064,8,68644,90,772.25
43783,P14,8386,120431,0.752361138,31.52,295956,90,845.05
43783,P14,8386,120444,0.714663462,8,71352,90,802.71
43787,P09,8425,120436,0.683801775,26,221880,90,768.05
43787,P09,8426,120448,0.797475962,16,159240,90,895.73
43787,P10,8406,280206,0.761085346,120.25,1142176,90,854.85
43787,P11,8407,280052,0.791075721,32,315924,90,888.54
43787,P11,8428,280213,0.669021203,26,217084,90,751.44
43787,P12,8410,120450,0.500171703,28,174780,90,561.79
43787,P12,8424,120532,0.649348958,32,259324,90,729.35
43787,P13,8415,280052,0.51061463,34,216664,90,573.52
43787,P14,8416,120465,0.662802022,52,430132,90,744.46
43787,P15,8420,280107,0.481023756,34,204108,90,540.29
43788,P09,8427,120433,0.553104333,70.02,483330,90,621.25
43788,P09,8427,120448,0.553766026,8,55288,90,621.99
43788,P12,8524,120532,0.696955128,8,69584,90,782.82
43788,P13,8430,280206,0.749217566,87.15,814873,90,841.52
43788,P14,8417,120433,0.780435363,24,233756,90,876.59
43788,P14,8417,120465,0.711418269,8,71028,90,799.07
43788,P15,8422,280172,0.731310096,32,292056,90,821.41
43788,P16,8524,120444,0.305700549,28,106824,90,343.36
43789,P11,8408,241283,0.736057692,22,202092,90,826.74
43789,P12,8412,120435,0.710827324,32,283876,90,798.40
43789,P15,8423,120437,0.588341346,24,176220,90,660.83
43789,P15,8423,251200,0.602524038,8,60156,90,676.76
43789,P15,8423,280172,0.613341346,8,61236,90,688.91
43790,P11,8429,120437,0.742882405,21.75,201648,90,834.41
43790,P11,8429,241283,0.667067308,8,66600,90,749.25
43790,P12,8413,120430,0.649951621,13.25,107476,90,730.03
43790,P12,8413,120435,0.407331731,8,40668,90,457.52
43790,P14,8431,120430,0.786065574,30.5,299208,90,882.91
43790,P14,8431,120433,0.739022436,8,73784,90,830.07
43791,P15,8421,251200,0.798642534,17,169440,90,897.04
43793,P09,8440,280052,0.61210981,46,351400,90,687.52
43793,P10,8442,280206,0.843622738,68,715932,90,947.56
43793,P11,8443,280052,0.769328636,65.5,628880,90,864.11
43793,P12,8444,120453,0.456069712,16,91068,90,512.26
43793,P14,8448,280164,0.422435897,8,42176,90,474.48
43793,P14,8449,120431,0.689022436,16,137584,90,773.91
43793,P14,8449,280164,0.621073718,8,62008,90,697.59
43793,P15,8451,280052,0.725565115,38,344092,90,814.95
43793,P16,8453,280206,0.479151643,64,382708,90,538.18
43794,P12,8445,120451,0.656650641,16,131120,90,737.55
43794,P12,8445,120453,0.660737179,8,65968,90,742.14
43794,P14,8450,120430,0.791267943,20.9,206388,90,888.75
43794,P14,8450,120431,0.724098558,16,144588,90,813.31
43795,P09,8441,280105,0.621964782,20.75,161064,90,698.59
43795,P12,8446,120431,0.781746032,21,204880,90,878.06
43795,P12,8446,120451,0.687059295,8,68596,90,771.71
43795,P15,8452,280213,0.80055909,27.93,279048,90,899.19
43800,P09,8461,242030,0.76110348,14,132980,90,854.87
43800,P10,8465,280129,0.530082418,14,92616,90,595.39
43800,P11,8468,280052,0.673800662,62,521360,90,756.81
43800,P12,8470,280087,0.350220353,16,69932,90,393.37
43800,P13,8474,280206,0.727670427,104,944458,90,817.32
43800,P14,8476,120430,0.671494391,48,402252,90,754.22
43800,P15,8479,280052,0.745018572,107,994868,90,836.80
43800,P16,8481,280206,0.625355078,102,796052,90,702.40
43801,P09,8462,241288,0.624278846,32,249312,90,701.19
43801,P09,8462,242030,0.253004808,8,25260,90,284.18
43801,P10,8466,280130,0.692211538,40,345552,90,777.49
43801,P12,8471,120532,0.616856971,32,246348,90,692.85
43801,P12,8471,280087,0.328565705,8,32804,90,369.05
43802,P14,8477,120433,0.750183679,65,608549,90,842.61
43803,P09,8463,251200,0.545555152,53,360852,90,612.77
43803,P10,8463,251200,0.059134615,8,5904,90,66.42
43803,P11,8469,280068,0.372296807,53,246252,90,418.16
43803,P12,8472,120536,0.607839209,24,182060,90,682.73
43804,P12,8473,242030,0.599180912,27,201900,90,673.00
43805,P09,8482,280206,0.637139423,8,63612,90,715.64
43805,P13,8475,280206,0.68543956,42,359280,90,769.89
43805,P14,8478,280166,0.627247274,43.5,340520,90,704.52
43805,P15,8480,280206,0.183133013,48,109704,90,205.70
43805,P16,8482,280206,0.560176282,48,335568,90,629.19
43807,P09,8491,280105,0.692544593,115,993940,90,777.87
43807,P10,8492,280206,0.765819398,115,1099104,90,860.17
43807,P11,8493,280107,0.75,14,131040,90,842.40
43807,P12,8522,242030,0.458934295,16,91640,90,515.48
43807,P12,8522,280093,0.280120861,13.52,42720,110,347.57
43807,P13,8502,280206,0.75177702,79,741192,90,844.40
43807,P14,8505,280166,0.709099003,72,637168,90,796.46
43807,P15,8509,280213,0.678498932,24,203224,90,762.09
43807,P16,8512,280206,0.735216346,48,440424,90,825.80
43808,P11,8494,241283,0.851081731,8,84972,90,955.94
43808,P11,8494,280107,0.75390625,16,150540,90,846.79
43808,P15,8510,120464,0.749358974,18,168336,90,841.68
43808,P15,8510,280213,0.660069444,24,197704,90,741.39
43809,P11,8523,280068,0.536444979,24,160676,90,602.54
43809,P12,8501,280093,0.345050236,12,46706,110,428.14
43810,P11,8496,120464,0.70048984,53,463332,90,786.79
43810,P12,8500,120431,0.520026116,54,350456,90,584.09
43810,P13,8503,280206,0.632593688,78,615792,90,710.53
43810,P14,8506,120453,0.598987854,19,142032,90,672.78
43810,P15,8511,120464,0.679716117,84,712560,90,763.46
43811,P14,8507,280164,0.704059829,24,210880,90,790.80
43812,P14,8508,120465,0.616459669,48,369284,90,692.41
43812,P15,5811,120464,0.805021368,12,120560,90,904.20
43812,P16,8513,280206,0.383867521,36,172464,90,431.16
43814,P09,8530,280105,0.526862027,42,276160,90,591.77
43814,P10,8533,280129,0.546207265,18,122700,90,613.50
43814,P11,8535,280172,0.623946886,42,327048,90,700.82
43814,P12,8537,280096,0.179485816,20,40492,110,222.71
43814,P13,8543,280206,0.697014925,67,582816,90,782.89
43814,P14,8545,120465,0.725026709,24,217160,90,814.35
43814,P15,8550,120464,0.747275641,24,223824,90,839.34
43814,P16,8554,280107,0.449732906,18,101028,90,505.14
43815,P10,8534,280206,0.73134342,105.5,962916,90,821.44
43815,P12,8538,280095,0.388430851,24,105156,110,481.97
43815,P14,8546,120450,0.831690705,8,83036,90,934.16
43815,P14,8547,120453,0.72113604,36,323992,90,809.98
43815,P15,8565,280052,0.692810256,156.25,1350980,90,778.16
43815,P16,8555,280052,0.45860206,114.5,655324,90,515.10
43816,P09,8531,280166,0.686298077,24,205560,90,770.85
43816,P11,8575,241288,0.769822485,78,749376,90,864.66
43816,P12,8556,120454,0.388114316,24,116248,90,435.93
43817,P09,8532,280105,0.771982271,43.1,415240,90,867.09
43817,P09,8532,280166,0.818910256,8,81760,90,919.80
43817,P12,8540,120430,0.657171474,8,65612,90,738.14
43817,P12,8540,120534,0.639423077,16,127680,90,718.20
43817,P13,8544,280206,0.72989845,113.22,1031336,90,819.82
43817,P14,8548,120433,0.759155012,55,521084,90,852.68
43818,P12,8541,120531,0.690144231,8,68904,90,775.17
43818,P12,8542,120430,0.619557823,24.5,189436,90,695.89
43819,P11,8587,280052,0.611566742,47.6,363300,90,686.91
43819,P14,8549,120532,0.657827883,50.97,418448,90,738.87
43831,P09,8589,280166,0.512311205,36.5,233368,90,575.43
43831,P10,8591,280052,0.775572959,80.05,774816,90,871.12
43831,P11,8592,280052,0.67697301,80.62,681128,90,760.38
43831,P13,8593,280052,0.724827416,91,823172,90,814.13
43831,P14,8594,120452,0.515013495,19,122120,90,578.46
43831,P15,8598,120436,0.557021467,43,298920,90,625.65
43831,P16,8601,280052,0.520512821,86,558656,90,584.64
43832,P09,8590,280052,0.628976879,44.77,351428,90,706.47
43832,P14,8595,120430,0.767815171,24,229976,90,862.41
43833,P14,8596,120430,0.650160256,12,97368,90,730.26
43833,P14,8596,120435,0.743509615,12,111348,90,835.11
43833,P14,85997,120435,0.756810897,12,113340,90,850.05
43833,P15,8599,120444,0.767107372,24,229764,90,861.62
43833,P15,8600,120444,0.468589744,12,70176,90,526.32
43833,P15,8600,120464,0.680048077,12,101844,90,763.83
43834,P14,8597,120431,0.404567308,12,60588,90,454.41
43835,P09,8607,280052,0.581810897,28,203308,90,653.49
43835,P10,8609,280222,0.755586359,115.15,1085832,90,848.67
43835,P11,8637,280222,0.726233527,125.5,1137456,90,815.71
43835,P12,8612,120430,0.484571678,44,266088,90,544.27
43835,P13,8616,280052,0.764627849,36,343532,90,858.83
43835,P14,8623,120431,0.705745664,68,598924,90,792.69
43835,P15,8627,120464,0.712095142,19,168852,90,799.83
43835,P15,8627,241288,0.824439103,12,123468,90,926.01
43835,P16,8634,280052,0.699750712,81,707364,90,785.96
43836,P09,8608,280105,0.642212726,94.5,757400,90,721.33
43836,P10,86029,280222,0.874038462,8,87264,90,981.72
43836,P13,8618,280052,0.678607633,43,364168,90,762.21
43836,P15,8629,120464,0.746826923,60,559224,90,838.84
43837,P12,8638,120430,0.649559295,8,64852,90,729.59
43837,P12,8638,120431,0.664650107,48,398152,90,746.54
43838,P13,8613,280052,0.559401709,12,83776,90,628.32
43838,P14,8621,120431,0.73323985,24,219620,90,823.58
43838,P16,8646,280213,0.429273504,12,64288,90,482.16
43839,P12,8614,120435,0.738000801,16,147364,90,828.92
43839,P13,8648,280052,0.703505609,48,421428,90,790.18
43839,P14,8624,120465,0.78101737,31,302160,90,877.24
43839,P15,8631,241288,0.636438301,48,381252,90,714.85
43839,P16,8650,280052,0.676891026,20,168952,90,760.28
43840,P12,8615,120444,0.69107906,6,51748,90,776.22
43840,P14,8626,280166,0.462117165,36,207620,90,519.05
43840,P16,8636,251200,0.61438969,48,368044,90,690.08
43841,P13,8649,280052,0.707203104,19,167692,90,794.33
43841,P15,8633,280052,0.622722672,19,147660,90,699.44
43842,P09,8654,280205,0.753941373,94.25,886816,90,846.83
43842,P09,8654,280212,0.541185897,12,81048,90,607.86
43842,P10,8655,280130,0.495699786,36,222708,90,556.77
43842,P11,8657,280222,0.589046258,74,543996,90,661.62
43842,P12,8658,280096,0.325531915,20,73440,110,403.92
43842,P13,8665,280052,0.784130506,78,763304,90,880.74
43842,P14,8670,280166,0.638301282,36,286776,90,716.94
43842,P15,8676,280205,0.840064103,84,880656,90,943.56
43842,P16,8680,251200,0.800641026,36,359712,90,899.28
43843,P09,8653,280212,0.769230769,16,153600,90,864.00
43843,P12,8659,280095,0.585283688,8,52816,110,726.22
43843,P12,8660,280093,0.607003546,8,54776,110,753.17
43843,P14,8671,280164,0.690331197,24,206768,90,775.38
43843,P16,8681,241288,0.751362179,12,112524,90,843.93
43844,P10,8656,280206,0.759824298,89.75,851064,90,853.43
43844,P12,8662,120465,0.57157775,31,221132,90,642.00
43844,P14,8672,120532,0.878711201,19,208360,90,986.97
43844,P16,8683,241288,0.785004869,79,773952,90,881.72
43845,P12,8663,120465,0.315705128,8,31520,90,354.60
43845,P12,8663,280107,0.687680288,16,137316,90,772.40
43845,P13,280052,280052,0.857986111,24,256984,90,963.69
43845,P14,8674,120431,0.635962302,84,666692,90,714.31
43845,P15,8678,280175,0.517124704,36,209994,110,641.65
43845,P15,8678,280205,0.426282051,6,31920,90,478.80
43845,P16,280052,280052,0.725988248,12,108724,90,815.43
43846,P11,8694,280222,0.848266038,39.15,414456,90,952.77
43846,P12,8664,120444,0.722801602,23.05,207924,90,811.85
43846,P13,8667,280222,0.771180556,60,577460,90,866.19
43847,P15,8679,280052,0.584143519,36,262444,90,656.11
43847,P16,8684,120464,0.663167735,36,297948,90,744.87
43849,P09,8707,280105,0.681193358,116,986150,90,765.12
43849,P10,8709,280206,0.763484367,122.15,1163880,90,857.55
43849,P11,8710,280206,0.726378859,122.5,1110488,90,815.87
43849,P12,8711,120436,0.767836538,20,191652,90,862.43
43849,P13,8715,280052,0.758084046,54,510888,90,851.48
43849,P14,8717,120532,0.689331502,42,361320,90,774.26
43849,P15,8724,280052,0.777083333,42,407316,90,872.82
43849,P16,8729,241283,0.75084707,42,393564,90,843.35
43850,P12,8712,120444,0.741225962,16,148008,90,832.55
43851,P12,8713,120435,0.705128205,56,492800,90,792.00
43851,P13,8716,280052,0.781330128,108,1053108,90,877.59
43851,P14,8720,120430,0.796812678,36,357992,90,894.98
43851,P15,8726,280052,0.679099893,48,406808,90,762.77
43851,P16,8731,280172,0.69778312,36,313500,90,783.75
43852,P14,8721,120531,0.706436966,12,105796,90,793.47
43852,P16,8732,241288,0.779265286,78,758568,90,875.27
43853,P12,8714,120536,0.748036711,27.1,252992,90,840.19
43853,P14,8722,120433,0.700494124,24,209812,90,786.80
43853,P15,8727,280222,0.74032634,66,609792,90,831.53
43854,P09,8708,280068,0.997377622,5.5,68460,90,1120.25
43854,P14,8723,280166,0.677617521,42,355180,90,761.10
43856,P09,8741,280105,0.635874542,28,222200,90,714.21
43856,P10,8745,280130,0.591364645,52,383772,90,664.22
43856,P11,8754,280213,0.450026709,12,67396,90,505.47
43856,P12,8747,280095,0.548546099,20,123752,110,680.64
43856,P13,8757,280052,0.857323232,66,706160,90,962.95
43856,P14,8763,280166,0.70133547,36,315096,90,787.74
43856,P15,8769,280212,0.735416667,24,220272,90,826.02
43856,P16,8774,241288,0.762638889,90,856596,90,856.60
43857,P09,8742,280103,0.728405449,40,363620,90,818.15
43857,P11,8755,280052,0.703902911,96,843332,90,790.62
43857,P12,8748,280093,0.715669326,16,129164,110,888.00
43857,P14,8764,120436,0.813701923,24,243720,90,913.95
43857,P15,8770,280052,0.737813835,48,441980,90,828.71
43858,P10,8746,280206,0.817280251,70.08,714792,90,917.97
43858,P12,8794,280229,1,4.411347518,49760,110,1240.80
43858,P14,8765,120444,0.744310897,12,111468,90,836.01
43858,P14,8765,120448,0.776842949,12,116340,90,872.55
43859,P09,8743,251200,0.563421474,24,168756,90,632.84
43859,P12,8795,280225,1,2.058510638,23220,110,1240.80
43859,P13,8759,280052,0.721908387,48,432452,90,810.85
43859,P14,8766,120448,0.76650641,18,172188,90,860.94
43859,P15,8771,120464,0.585496795,12,87684,90,657.63
43859,P15,8771,241653,0.954647436,6,71484,90,1072.26
43859,P15,8771,280243,0.849599359,24,254472,90,954.27
43860,P09,8744,120464,0.782757131,22.25,217356,90,879.19
43860,P09,8744,251200,0.592908654,8,59196,90,665.96
43860,P12,8752,280107,0.687461282,31.38638298,269280,90,772.16
43860,P14,8768,120431,0.599652015,35,261928,90,673.53
43860,P16,8776,241288,0.763034188,36,342816,90,857.04
43861,P11,8756,280214,0.154583017,14.18,27356,90,173.63
43861,P13,8761,241283,0.690384615,6,51696,90,775.44
43861,P13,8762,241653,0.831905594,11,114204,90,934.40
43861,P15,8773,241653,0.577377137,12,86468,90,648.51
43861,P15,8773,280243,0.854108392,11,117252,90,959.33
43861,P16,8777,241653,0.718881119,11,98688,90,807.45
43862,P13,8882,280243,0.768509615,24,230184,90,863.19
43862,P14,8883,120431,0.640277778,24,191776,90,719.16
43862,P15,8884,280243,0.790504808,24,236772,90,887.90
43862,P16,8885,280243,0.730769231,24,218880,90,820.80
43863,P09,8841,280103,0.557082299,62,430520,90,624.95
43863,P10,8844,280206,0.791190916,122.95,1214016,90,888.67
43863,P11,8845,280052,0.702355769,60,525924,90,788.89
43863,P12,8847,280107,0.630192308,20,157296,90,707.83
43863,P13,8854,280284,0.813341346,78,791739,90,913.55
43863,P14,8858,120431,0.68661859,24,205656,90,771.21
43863,P15,8864,280243,0.84553953,36,379884,90,949.71
43863,P16,8868,280243,0.74375,12,111384,90,835.38
43863,P16,8869,280286,0.823424145,36,369948,90,924.87
43864,P12,8849,280284,0.755625,40,377208,90,848.72
43864,P14,8859,120536,0.583188339,42,305684,90,655.04
43864,P15,8865,251200,0.801442308,30,300060,90,900.18
43866,P09,8842,280105,0.670953526,40,334940,90,753.62
43866,P11,8846,280214,0.749327546,62.82,587468,90,841.64
43866,P12,8850,120450,0.5765625,32,230256,90,647.60
43866,P13,8856,280214,0.758108974,80,756896,90,851.51
43866,P14,8861,120444,0.771153846,36,346464,90,866.16
43866,P15,8867,280214,0.808066239,96,968128,90,907.62
43866,P16,8872,280214,0.758272696,74,700280,90,851.69
43867,P12,8851,120451,0.574078526,16,114632,90,644.81
43867,P14,8862,280285,0.796570513,60,596472,90,894.71
43868,P09,8843,280214,0.5173454,0.85,5488,90,581.08
43868,P12,8852,120454,0.683203481,13.23,112804,90,767.37
43870,P09,8893,280106,0.70038215,52,454520,90,786.67
43870,P10,8931,280206,0.801360801,122.1,1221120,90,900.09
43870,P11,8945,280206,0.72966673,122.1,1111872,90,819.56
43870,P12,8900,280096,0.592198582,20,133600,110,734.80
43870,P13,8905,280213,0.808814103,12,121128,90,908.46
43870,P13,8907,280214,0.777666831,78,757012,90,873.48
43870,P14,8911,280284,0.936217949,6,70104,90,1051.56
43870,P14,8913,280284,0.73883547,72,663888,90,829.86
43870,P15,8919,280214,0.795057355,19,188524,90,893.01
43870,P16,8924,241283,0.585737179,24,175440,90,657.90
43871,P12,8901,280095,0.584544917,24,158248,110,725.30
43871,P14,8921,280216,0.685549645,12,92796,110,850.63
43871,P15,8921,280216,0.69991527,113,892140,110,868.45
43871,P16,8925,280286,0.802759972,54,540996,90,901.66
43872,P09,8892,280166,0.782394689,56,546800,90,878.79
43872,P12,8903,120531,0.600941506,16,119996,90,674.98
43873,P12,8904,120534,0.662112714,24,198316,90,743.69
43873,P14,8914,120436,0.774078526,24,231852,90,869.45
43873,P16,8926,280243,0.760576923,30,284760,90,854.28
43874,P12,8932,120465,0.748288361,38.2,356736,90,840.48
43874,P13,8908,241288,0.749262821,30,280524,90,841.57
43874,P13,88908,241288,0.66786859,12,100020,90,750.15
43875,P09,8894,280198,0.746058559,14.8,137800,90,837.97
43875,P14,8916,280114,0.599180912,18,134600,90,673.00
43875,P16,8929,120430,0.602644231,12,90252,90,676.89
43875,P16,8929,120437,0.769391026,12,115224,90,864.18
43876,P13,8910,241288,0.622676282,24,186504,90,699.39
43876,P14,8933,120465,0.739690171,24,221552,90,830.82
43876,P15,8923,280216,0.648108747,24,175456,110,804.17
43876,P16,8930,280169,0.640705128,72,575712,90,719.64
43877,P09,8954,280222,0.518313746,36,232868,90,582.17
43877,P10,8954,280206,0.785096154,8,78384,90,881.82
43877,P10,8957,280206,0.674512716,123,1035404,90,757.61
43877,P11,8958,120453,0.435705128,20,108752,90,489.38
43877,P12,8962,280164,0.500608974,20,124952,90,562.28
43877,P13,8967,120437,0.71494391,24,214140,90,803.03
43877,P14,8972,120465,0.708547009,36,318336,90,795.84
43877,P15,8976,280216,0.870249136,78,765680,110,1079.81
43878,P09,8955,280155,0.584922543,48,350392,90,656.99
43878,P11,8959,120445,0.480929487,64,384128,90,540.18
43878,P12,8963,120435,0.679139957,24,203416,90,762.81
43878,P14,8973,120430,0.736798878,48,441372,90,827.57
43879,P12,8964,120431,0.684375,48,409968,90,768.69
43879,P13,8971,120436,0.716503072,48,429214,90,804.78
43879,P16,8980,280243,0.836892713,19,198444,90,940.00
43880,P14,9006,120433,0.605651147,57,430836,90,680.27
43880,P15,8897,120436,0.018189103,12,2724,90,20.43
43880,P16,8982,280243,0.724080268,23,207840,90,813.29
43881,P09,8956,120444,0.656292996,41,335812,90,737.15
43881,P11,8960,120447,0.657892628,32,262736,90,738.95
43881,P12,8965,120437,0.721898263,31,279288,90,810.84
43881,P13,8965,120436,#DIV/0!,0,216,90,0.00
43881,P15,8997,120436,0.777298121,72,698449,90,873.06
43881,P16,9002,120464,0.780764779,72,701564,90,876.96
43882,P11,8961,241287,0.652457265,9,73284,90,732.84
43884,P09,9047,280103,0.70625,60,528840,90,793.26
43884,P10,9050,280206,0.796367876,120.4,1196616,90,894.48
43884,P11,9051,241287,0,4,0,90,0.00
43884,P11,9052,280107,0.537734661,56,375812,90,603.98
43884,P12,9056,120437,0.793820701,68,673668,90,891.62
43884,P13,9056,120464,0.715825321,24,214404,90,804.02
43884,P14,9091,280166,0.677075702,42,354896,90,760.49
43884,P15,9069,280214,0.735363248,42,385448,90,825.96
43884,P16,9075,120464,0.839636752,54,565848,90,943.08
43885,P13,9059,120464,0.860683761,18,193344,90,966.72
43886,P11,9062,280206,0.516225962,8,51540,90,579.83
43886,P13,9062,280206,0.641734143,114,913008,90,720.80
43886,P14,9065,120431,0.706432749,114,1005056,90,793.47
43886,P15,9071,280169,0.711642488,114,1012468,90,799.32
43886,P16,9076,251200,0.788741987,24,236244,90,885.92
43887,P09,9048,280104,0.73051883,32,291740,90,820.52
43887,P11,9054,120451,0.671875,24,201240,90,754.65
43887,P12,9057,120444,0.697475962,8,69636,90,783.41
43887,P12,9058,120435,0.708713942,16,141516,90,796.03
43887,P16,9077,241288,0.750667735,36,337260,90,843.15
43888,P09,9089,280198,0.801006697,29.1,290900,90,899.69
43888,P11,9095,120532,0.536063218,29,194012,90,602.11
43888,P12,9090,120431,0.682719017,24,204488,90,766.83
43889,P12,9098,120532,0.716150719,4.1,36644,90,804.38
43889,P16,9093,241288,0.582608364,42,305380,90,654.39
43891,P09,9133,280105,0.765658789,116.2,1110340,90,859.99
43891,P10,9101,280206,0.733637268,116,1062072,90,824.02
43891,P11,9102,120464,0.735336538,96,880992,90,825.93
43891,P12,9103,120453,0.390491453,24,116960,90,438.60
43891,P13,9106,280206,0.714797009,36,321144,90,802.86
43891,P14,9112,120431,0.692467949,12,103704,90,777.78
43891,P14,9134,280090,0.710185185,36,319072,90,797.68
43891,P15,9119,280052,0.842617521,90,946428,90,946.43
43891,P16,9122,280052,0.777815644,79,766864,90,873.64
43892,P12,9104,280107,0.59155649,32,236244,90,664.44
43892,P13,9108,280212,0.790015135,72,709876,90,887.35
43893,P14,9115,120437,0.760760073,42,398760,90,854.49
43893,P14,9136,120435,0.76875,12,115128,90,863.46
43894,P12,9105,120436,0.566439308,60.9,430512,90,636.22
43894,P16,9124,280052,0.807829112,82,826700,90,907.35
43895,P11,9137,120436,0.746609067,20.7,192876,90,838.59
43895,P13,9109,280052,0.698338082,13.5,117656,90,784.37
43895,P14,9117,120437,0.801129944,59,589888,90,899.83
43895,P15,9121,280052,0.755150776,71,669124,90,848.19
43896,P13,9111,280052,0.707948718,35,309232,90,795.17
43898,P09,9144,280105,0.765046296,72,687440,90,859.30
43898,P10,9146,280206,0.6230712,56,435452,90,699.83
43898,P11,9146,120448,0.640811966,4.5,35988,90,719.76
43898,P11,9147,120464,0.699227335,56,488676,90,785.37
43898,P13,9151,280052,0.821771646,69,707644,90,923.01
43898,P14,9162,120532,0.770432692,48,461520,90,865.35
43898,P15,9154,280052,0.742975427,24,222536,90,834.51
43898,P15,9155,280103,0.648084554,42,339700,90,727.93
43898,P16,9158,280052,0.781105006,42,409424,90,877.34
43899,P12,9138,280226,0.242087766,16,43692,110,300.38
43899,P12,9139,280227,0.311546986,16,56228,110,386.57
43900,P12,9140,280228,0.459884752,8,41500,110,570.63
43900,P12,9140,280229,0.828900709,2,18700,110,1028.50
43900,P12,9141,280229,0.359640957,16,64908,110,446.24
43900,P14,9163,120441,0.759668803,6,56884,90,853.26
43900,P14,9165,120430,0.727293193,84,762436,90,816.90
43900,P16,9160,280198,0.717459046,36,322340,90,805.85
43901,P09,9145,280103,0.815064103,45,457740,90,915.48
43901,P10,9175,280052,0.818287373,53,541248,90,919.10
43901,P10,9475,280052,0.813862179,8,81256,90,914.13
43901,P11,9148,120448,0.727987637,56,508776,90,817.68
43901,P12,9142,280225,0.251108156,8,22660,110,311.58
43901,P13,9153,280052,0.718455335,93,833868,90,806.97
43901,P15,9157,280103,0.747204416,90,839260,90,839.26
43901,P16,9161,280052,0.80495973,78,783580,90,904.13
43902,P12,9143,120430,0.608390023,36.75,279032,90,683.34
43903,P14,9166,280115,0.466386218,24,139692,90,523.85
43905,P09,9177,280166,0.663871884,28.9,239440,90,745.66
43905,P10,9179,241287,0.542714023,116.9,791772,90,609.58
43905,P11,9180,280169,0.71811899,64,573576,90,806.59
43905,P12,9181,120450,0.554300214,24,166024,90,622.59
43905,P13,9184,280052,0.658680556,24,197288,90,739.83
43905,P14,9187,120434,0.718116606,42,376408,90,806.59
43905,P15,9193,280198,0.756543803,48,453200,90,849.75
43905,P16,9198,280052,0.812115893,126,1277036,90,912.17
43906,P09,9178,280198,0.767937791,88,843380,90,862.55
43906,P12,9182,120451,0.556864316,24,166792,90,625.47
43906,P13,9185,280233,#DIV/0!,0,0,120,0.00
43906,P13,9186,280233,0.491631868,107,593380,120,665.47
43907,P12,9183,120436,0.71088064,68.7,609492,90,798.46
43907,P14,9189,120430,0.705208333,36,316836,90,792.09
43907,P15,9195,280198,0.703125,36,315900,90,789.75
43908,P11,9208,280198,0.746946057,53,494060,90,838.97
43908,P14,9190,120465,0.722174739,54,486688,90,811.15
43908,P15,9210,251200,0.702802059,66,578884,90,789.39
43910,P14,9192,120433,0.603899573,12,90440,90,678.30
43910,P16,9202,280212,0.823878205,24,246768,90,925.38
43911,P13,9224,280234,0.677497045,60,458530,120,917.06
43911,P14,9227,120431,0.575,48,344448,90,645.84
43911,P15,9231,280175,0.535158097,24,144878,110,664.02
43911,P16,9235,280222,0.779117357,78,758424,90,875.10
43912,P09,9211,280105,0.581512238,44,319320,90,653.15
43912,P10,9213,280222,0.474858597,68,402984,90,533.36
43912,P11,9216,241287,0.507864011,28,177468,90,570.43
43912,P12,9219,280095,0.435106383,36,176688,110,539.88
43912,P15,9232,280216,0.743452611,55,461238,110,922.48
43913,P09,9212,280172,0.787580128,72,707688,90,884.61
43913,P11,9217,120448,0.751228632,72,675024,90,843.78
43913,P12,9220,280096,0.531648936,16,95952,110,659.67
43913,P13,9225,280235,0.680499965,50.5,387640,120,921.12
43913,P14,9249,280107,0.537660256,24,161040,90,603.90
43914,P12,9221,280093,0.669007092,40,301856,110,830.10
43914,P14,9250,120436,0.640224359,78,623220,90,719.10
43915,P10,9214,280213,0.684575321,24,205044,90,768.92
43915,P15,9234,280216,0.808852431,83,757280,110,1003.62
43915,P16,9237,120430,0.781570513,12,117048,90,877.86
43915,P16,9237,280222,0.722547187,72,649252,90,811.57
43916,P10,9215,280214,0.67977208,31.5,267232,90,763.52
43916,P11,9218,120436,0.801022913,23.5,234924,90,899.71
43916,P12,9222,120448,0.666267339,30.5,253608,90,748.35
43916,P13,9288,280206,0.722834008,47.5,428496,90,811.89
43917,P09,9304,120448,0.825791855,6.8,70080,90,927.53
43917,P14,9150,120436,0.69463141,12,104028,90,780.21
43918,P13,9265,280206,0.657692308,36,295488,90,738.72
43918,P14,9269,120448,0.556757479,36,250140,90,625.35
43918,P15,9273,280216,0.853270292,54,519744,110,1058.74
43918,P16,9275,280214,0.774786325,30,290080,90,870.24
43919,P09,9307,280214,0.72696047,60,544348,90,816.52
43919,P10,9257,280206,0.685416667,60,513240,90,769.86
43919,P11,9258,120464,0.616142191,44,338336,90,692.05
43919,P12,9294,120437,0.704647436,12,105528,90,791.46
43920,P12,9262,120444,0.792047276,48,474468,90,889.63
43920,P13,9289,280206,0.54718661,18,122920,90,614.60
43920,P14,9296,120448,0.560233516,42,293652,90,629.25
43920,P16,9277,280214,0.750106838,48,449344,90,842.52
43921,P11,9259,280237,0.337259615,8,33672,90,378.81
43921,P13,9295,280214,0.78170406,24,234136,90,878.01
43921,P15,9299,280216,0.790189125,24,213920,110,980.47
43922,P09,9352,280214,0.834451045,62.8,653996,90,937.26
43922,P10,9353,280206,0.768356267,58,556167,90,863.02
43922,P12,9355,120444,0.722415865,32,288504,90,811.42
43922,P13,9356,280214,0.672960069,96,806260,90,755.87
43922,P14,9357,120448,0.591816239,60,443152,90,664.73
43922,P14,9358,280216,0.811347518,12,109824,110,1006.72
43922,P15,9358,280216,0.808035139,66,601566,110,1002.61
43922,P16,9359,280214,0.734163357,92,842937,90,824.61
43923,P11,9261,280239,0.585893134,29.8,217896,90,658.08
43923,P12,9263,120435,0.663201122,16,132428,90,744.91
43924,P12,9368,120448,0.691519129,12.6,108740,90,776.71
43925,P14,9272,280166,0.443108974,24,132720,90,497.70
43925,P15,9300,280216,0.86678487,24,234656,110,1075.51
43926,P09,9308,280103,#DIV/0!,0,3580,90,0.00
43926,P10,9311,251200,0.564663462,16,112752,90,634.23
43926,P10,9311,280214,0.412106643,44,226296,90,462.88
43926,P11,9314,280238,0.32671643,76,309884,90,366.97
43926,P12,9318,120448,0.661235368,92,759204,90,742.70
43926,P13,9364,280206,0.776940496,138,1338078,90,872.66
43926,P14,9361,120437,0.725267094,12,108616,90,814.62
43926,P14,9361,280166,0.73694578,48,441460,90,827.74
43926,P15,9324,280216,0.853822773,91,876432,110,1059.42
43926,P16,9327,280214,0.859783859,78,836948,90,965.71
43928,P10,9312,251200,0.585344343,30.8,224997,90,657.46
43928,P14,9322,120437,0.803319597,42,421068,90,902.29
43929,P09,9309,280103,0.720009158,56,503200,90,808.71
43929,P11,9315,280238,0.585689103,40,292376,90,657.85
43929,P16,9367,280214,0.813974359,60,609504,90,914.26
43930,P10,9409,241287,0.414674045,26.5,137141,90,465.76
43930,P12,9319,120436,0.858698225,32.5,348288,90,964.49
43930,P13,9363,280206,0.532478632,18,119616,90,598.08
43930,P14,9365,120437,0.584529915,60,437696,90,656.54
43930,P15,9366,280216,0.557135949,38.5,241953,110,691.29
43931,P09,9310,280166,0.693983938,8.7,75350,90,779.48
43931,P11,9360,241287,0.704712726,16.2,142476,90,791.53
43932,P15,9415,280206,0,12,0,90,0.00
43932,P16,9328,280205,0.693336004,24,207668,90,778.76
43933,P09,9371,241287,0.687835537,64,549388,90,772.58
43933,P10,9408,280206,0.775721498,116.5,1127837,90,871.29
43933,P11,9376,280012,0.501121795,16,100064,90,562.86
43933,P12,9379,120465,0.527134615,50,328932,90,592.08
43933,P13,9383,280206,0.810460373,66,667560,90,910.31
43933,P14,9388,120536,0.640396486,54,431576,90,719.29
43933,P15,9406,280206,0.57293956,42,300312,90,643.53
43933,P16,9395,280206,0.764579719,133,1269080,90,858.78
43934,P11,9377,280013,0.615104167,16,122824,90,690.89
43935,P11,9378,120447,0.579577324,32,231460,90,650.98
43935,P12,9381,280230,0.501041667,32,180856,110,621.69
43935,P14,9389,120532,0.704139957,12,105452,90,790.89
43935,P15,9413,280206,0.581764156,48,348500,90,653.44
43935,P16,280206,280206,0.723878205,12,108408,90,813.06
43936,P09,9372,280206,0.728803419,52.5,477512,90,818.59
43936,P11,9460,120436,0.76612426,32.5,310740,90,860.51
43936,P13,9411,280206,0.643936966,72,578616,90,723.27
43936,P14,9412,120532,0.706330128,48,423120,90,793.35
43937,P12,9382,280223,0.630141844,8,56864,110,781.88
43937,P12,9382,280230,0.560505319,24,151740,110,695.48
43937,P15,9410,280104,0.741452991,55.5,513560,90,832.80
43938,P12,9380,280223,0.627289086,6.7,47408,110,778.34
43938,P14,9387,120451,0.60426015,24,180988,90,678.71
43939,P13,9385,241283,0.43369391,24,129900,90,487.13
43939,P14,9386,120436,0.641119124,24,192028,90,720.11
43939,P16,9391,280212,0.907407407,9,101920,90,1019.20
43940,P09,9509,280198,0.701530067,84,735428,90,787.96
43940,P10,9511,280129,0.558605769,20,139428,90,627.43
43940,P11,9513,120464,0.656471893,52,426024,90,737.35
43940,P12,9517,280115,0.581634615,20,145176,90,653.29
43940,P13,9521,120464,0.728205128,90,817920,90,817.92
43940,P14,9526,120450,0.68909188,30,257996,90,773.99
43940,P15,9531,280104,0.697649573,27,235080,90,783.60
43940,P16,9536,280052,0.818349359,84,857892,90,919.17
43941,P10,9512,280130,0.617878606,64,493512,90,694.00
43941,P12,9518,120431,0.696758814,80,695644,90,782.60
43941,P14,9527,120453,0.660683761,24,197888,90,742.08
43942,P11,9514,280236,0.597773581,56,417772,90,671.42
43942,P14,9528,120454,0.59926104,36,269236,90,673.09
43942,P15,9532,280103,0.596376425,36,267940,90,669.85
43943,P15,9533,280106,0.635231755,78,618360,90,713.49
43943,P16,9537,280214,0.734377055,78,714872,90,824.85
43944,P09,9510,241287,0.598998188,38.2,285564,90,672.79
43944,P09,9522,241283,0.751201923,8,75000,90,843.75
43944,P10,9550,280052,0.806492527,37.4,376432,90,905.85
43944,P12,9519,280090,0.6546875,16,130728,90,735.35
43944,P13,9522,241288,0.671794872,24,201216,90,754.56
43944,P14,9548,120447,0.423183761,12,63376,90,475.32
43944,P14,9549,120445,0.568856838,54,383364,90,638.94
43945,P11,9515,280238,0.709837781,14.7,130224,90,797.29
43945,P12,9520,280164,0.583848443,5.6,40804,90,655.78
43945,P13,9523,280172,0.585004579,42,306636,90,657.08
43947,P09,9552,241283,0.711458333,60,532740,90,799.11
43947,P10,9555,280052,0.682349537,108,919698,90,766.42
43947,P11,9590,280238,0.288333333,20,71968,90,323.86
43947,P12,9558,120433,0.62205711,44,341584,90,698.69
43947,P13,9594,280052,0.714443109,48,427980,90,802.46
43947,P14,9566,120430,0.63761307,90,716167,90,716.17
43947,P15,9571,280166,0.723424145,24,216680,90,812.55
43947,P16,9574,280052,0.770221985,108,1038136,90,865.11
43948,P11,9556,280052,0.773758013,8,77252,90,869.09
43948,P11,9556,280239,0.459222756,40,229244,90,515.80
43948,P15,9572,280052,0.763393875,90,857444,90,857.44
43949,P12,9559,120434,0.599649439,32,239476,90,673.53
43949,P13,9598,280233,0.618971631,50.5,352591,120,837.84
43950,P09,9596,251200,0.784885817,32,313452,90,881.58
43950,P11,9557,280052,0.67625601,40,337587,90,759.57
43950,P12,9560,280223,0.450288121,32,162536,110,558.72
43951,P09,9593,280052,0.581775701,21.4,155376,90,653.45
43951,P14,9567,120532,0.740528178,24,221803,90,831.76
43952,P10,9633,280052,0.798408488,14.5,144480,90,896.77
43952,P11,9635,280052,0.779647436,14.4,140112,90,875.70
43952,P12,9561,280230,0.420171532,4.3,20380,110,521.35
43952,P12,9636,280223,0.61839539,8,55804,110,767.31
43952,P13,9637,280233,0.577760892,42,273720,120,782.06
43952,P14,9639,120465,0.622522703,48,372916,90,699.22
43952,P15,9640,280052,0.692848558,48,415044,90,778.21
43952,P16,9642,280212,0.707203192,48,423643,90,794.33
43954,P09,9600,280213,0.752978199,119.7,1124841,90,845.75
43954,P10,9601,280206,0.712653846,100,889392,90,800.45
43954,P11,9603,280121,0.501373626,28,175200,90,563.14
43954,P12,9630,280232,0.631855792,12,85528,110,784.01
43954,P13,9612,280233,0.629343972,72,511128,120,851.88
43954,P14,9615,280164,0.728009259,18,163540,90,817.70
43954,P14,9616,280244,0.642539948,138,1106608,90,721.70
43954,P15,9618,280052,0.787027963,156,1532249,90,883.99
43954,P16,9620,280222,0.790074889,156,1538181,90,887.41
43955,P11,9604,280222,0.758736033,93.4,884407,90,852.21
43955,P12,9605,280225,0.456648936,16,82416,110,566.61
43955,P12,9608,280287,0.330961879,32,119464,110,410.66
43957,P12,9607,280227,0.336214539,16,60680,110,417.18
43957,P12,9609,280228,0.478280142,8,43160,110,593.45
43957,P13,9613,280234,0.642050827,90,651810,120,869.08
43958,P10,9602,280129,0.464290528,21.4,123999,90,521.49
43958,P12,9610,280229,0.365868794,8,33016,110,453.97
43958,P12,9611,280245,0.446496463,29,161596,90,501.50
43961,P09,9680,280222,0.631813568,60,473102,90,709.65
43961,P10,9689,280130,0.575432692,20,143628,90,646.33
43961,P11,9656,280222,0.752727564,100,939404,90,845.46
43961,P12,9657,280244,0.63711859,100,795124,90,715.61
43961,P13,9660,280233,0.611027598,46,317050,120,827.09
43961,P14,9692,280245,0.749599359,84,785820,90,841.95
43961,P15,9668,280052,0.798361589,114,1135845,90,896.72
43961,P15,9668,280222,0.844197382,48,505708,90,948.20
43961,P16,9670,280222,0.78029044,162,1577560,90,876.42
43962,P10,9684,280206,0.754663462,80,753456,90,847.64
43963,P13,9691,120445,0.560077663,104,726936,90,629.08
43964,P09,9681,251200,0.673978365,48,403740,90,757.01
43964,P14,9693,120433,0.648828629,69.5,562768,90,728.76
43965,P10,9653,280222,0.709134615,13.6,120360,90,796.50
43965,P11,9690,120536,0.701559176,22.9,200500,90,787.99
43965,P12,9658,120448,0.675040064,8,67396,90,758.21
43966,P09,9682,280172,0.749313187,15.4,144012,90,841.63
43966,P10,9682,280172,0.743990385,8,74280,90,835.65
43966,P12,9688,120445,0.503509264,13.7,86088,90,565.54
43968,P09,9700,280222,0.457520604,28,159876,90,513.89
43968,P10,9701,280206,0.739327925,96,885774,90,830.41
43968,P11,9704,241287,0.527403846,36,236952,90,592.38
43968,P12,9705,120434,0.635032719,96,760820,90,713.27
43968,P13,9706,280212,0.68369391,48,409560,90,767.93
43968,P14,9709,120445,0.652412749,36,293116,90,732.79
43968,P15,9712,280206,0.656744092,142.42,1167298,90,737.65
43968,P16,9713,280206,0.749561839,126,1178671,90,841.91
43969,P09,9699,280106,0.775129292,67.8,655871,90,870.63
43969,P14,9710,280244,0.729326923,30,273060,90,819.18
43970,P11,9703,280238,0.554921207,48,332420,90,623.29
43970,P13,9708,280206,0.768600509,94.08,902428,90,863.29
43971,P14,9711,280166,0.627395476,75.63,592175,90,704.69
43972,P11,9702,280239,0.500560188,11.3,70591,90,562.23
43973,P16,9714,280198,0.681770571,15.3,130180,90,765.76
43977,P09,9730,280105,0.54908017,85.3,584520,90,616.73
43977,P10,9735,280206,0.754672897,85.6,806208,90,847.65
43977,P11,9733,120464,0.469397993,46,269472,90,527.23
43977,P12,9736,120447,0.569497863,54,383796,90,639.66
43977,P13,9739,280233,0.512588652,70,404740,120,693.84
43977,P14,9742,280107,0.730889423,64,583776,90,820.94
43977,P15,9745,251200,0.660456731,40,329700,90,741.83
43977,P16,9749,280214,0.623415927,52,404572,90,700.22
43979,P11,9764,120436,0.661378205,24,198096,90,742.86
43979,P12,9737,280012,0.619751603,8,61876,90,696.11
43979,P12,9737,280013,0.451762821,8,45104,90,507.42
43979,P15,9746,120444,0.733653846,12,109872,90,824.04
43979,P15,9763,241281,0.556690705,24,166740,90,625.28
43979,P16,9748,280052,0.766068376,60,573632,90,860.45
43980,P11,9761,120430,0.713481571,16,142468,90,801.38
43980,P12,9800,120448,0.660276442,16,131844,90,741.62
43980,P13,9740,280234,0.519693516,42,246210,120,703.46
43980,P14,9743,120448,0.738000801,48,442092,90,828.92
43980,P15,9744,280105,0.636324786,36,285888,90,714.72
43982,P09,9766,280105,0.67734375,80,676260,90,760.79
43982,P10,9768,280206,0.732692308,40,365760,90,822.96
43982,P11,9801,120430,0.549919872,16,109808,90,617.67
43982,P12,9776,120430,0.674713828,112,943088,90,757.84
43982,P13,9741,280235,0.55570331,24,150440,120,752.20
43982,P14,9780,280166,0.711902681,66,586380,90,799.61
43982,P15,9783,280216,0.748635289,66,557344,110,928.91
43982,P16,9785,280198,0.779040404,66,641680,90,875.02
43983,P11,9771,280236,0.425253739,24,127372,90,477.65
43983,P13,9778,280247,0.730971837,138,1137860,120,989.44
43984,P10,9769,280129,0.598237179,24,179184,90,671.94
43984,P11,9772,280238,0.39105235,24,117128,90,439.23
43985,P10,9770,280130,0.659718407,56,461064,90,741.00
43985,P11,9773,280239,0.458293269,40,228780,90,514.76
43985,P14,9808,280166,0.68502938,24,205180,90,769.43
43985,P15,9809,280216,0.829188337,90,841792,110,1028.86
43985,P16,9786,280169,0.705476079,82,721956,90,792.39
43985,P16,9810,280198,0.703952991,12,105424,90,790.68
43986,P09,9788,280172,0.764951923,40,381864,90,859.19
43986,P14,9781,120430,0.526189782,66,433412,90,591.02
43987,P11,9774,120532,0.537720353,16,107372,90,603.97
43987,P12,9777,120450,0.668709936,8,66764,90,751.10
43989,P09,9853,251200,0.593589744,12,88896,90,666.72
43989,P10,9854,280206,0.704578755,84,738624,90,791.38
43989,P11,9826,280214,0.727863712,92,835704,90,817.54
43989,P12,9828,120465,0.621752137,60,465568,90,698.35
43989,P13,9833,280247,0.810057711,102,932020,120,1096.49
43989,P14,9835,120450,0.721340812,24,216056,90,810.21
43989,P15,9839,280216,0.829200946,150,1403008,110,1028.87
43989,P16,9843,280213,0.710544872,20,177352,90,798.08
43990,P09,9821,280169,0.706330128,48,423120,90,793.35
43990,P14,9836,280166,0.678563034,60,508108,90,762.16
43990,P16,9844,280214,0.727206197,60,544532,90,816.80
43991,P15,280216,280216,0.888888889,12,120320,110,1102.93
43992,P09,9822,280198,0.641399573,48,384224,90,720.42
43992,P12,9829,120431,0.59989984,16,119788,90,673.81
43992,P12,9830,120437,0.713386525,47,418444,90,801.28
43992,P13,9867,280233,0.605732861,66,450956,120,819.92
43992,P14,9837,280166,0.782852564,12,117240,90,879.30
43992,P14,9837,280244,0.731196581,66,602272,90,821.28
43992,P16,9841,280222,0.760374494,76,721200,90,854.05
43993,P10,9864,280212,0.722179487,30,270384,90,811.15
43993,P11,9860,280222,0.806790865,32,322200,90,906.19
43994,P09,9823,280106,0.493017399,14,86140,90,553.76
43996,P09,9930,280103,0.574563746,36,258140,90,645.35
43996,P10,9925,280206,0.622884615,20,155472,90,699.62
43996,P11,9875,280052,0.60719697,44,333424,90,682.00
43996,P12,9918,280107,0.521538462,20,130176,90,585.79
43996,P13,9883,280247,0.771099291,150,1304700,120,1043.76
43996,P14,9890,120453,0.66315438,24,198628,90,744.86
43996,P15,9893,280216,0.833489843,162,1523086,110,1034.19
43996,P16,9896,280222,0.815328054,68,691920,90,915.78
43997,P10,9872,280052,0.727041629,92.57,839932,90,816.61
43997,P12,9919,120450,0.592928686,16,118396,90,665.98
43997,P14,9891,280098,0.656178775,36,294808,90,737.02
43998,P09,9910,280155,0.490614984,32,195932,90,551.06
43998,P09,9917,280105,0.598257212,16,119460,90,671.96
43998,P11,9927,280198,0.693694973,70.42,609648,90,779.16
43998,P12,9920,120452,0.666085737,16,133004,90,748.15
43998,P12,9929,120532,0.670352564,8,66928,90,752.94
43998,P14,9921,120431,0.678952991,18,152520,90,762.60
43999,P12,9878,120437,0.722474728,60.42,544776,90,811.48
43999,P14,9924,120444,0.702532051,60,526056,90,789.08
43999,P16,9897,280212,0.723076923,22,198528,90,812.16
44000,P09,9911,241287,0.724750402,37.83,342168,90,814.04
44000,P10,9926,280213,0.55556891,8,55468,90,624.02
44000,P11,9928,280121,0.239302885,8,23892,90,268.79
44000,P14,9923,120536,0.774025107,24,231836,90,869.39
44000,P16,9898,280214,0.75610755,36,339704,90,849.26
44001,P16,9914,280052,0.683983262,36,307300,90,768.25
44003,P09,9932,241283,0.726980311,84,762108,90,816.54
44003,P10,9975,280052,0.576927294,76,547204,90,648.00
44003,P11,9936,251200,0.701420455,44,385164,90,787.84
44003,P12,9939,120437,0.735204899,56,513820,90,825.78
44003,P13,9945,280247,0.796690307,45,404400,120,1078.40
44003,P14,9948,120444,0.798901099,42,418752,90,897.33
44003,P15,9955,280216,0.813760707,154,1413600,110,1009.71
44003,P16,9957,280222,0.776645299,90,872328,90,872.33
44003,P21,9936,280591,0.563862179,12,168888,90,1266.66
44005,P11,9937,241288,0.751382212,32,300072,90,843.95
44005,P12,9940,120431,0.66161859,16,132112,90,743.13
44005,P13,9947,280233,0.536531212,111,671780,120,726.25
44005,P14,9949,120430,0.606748575,36,272600,90,681.50
44005,P14,9977,120431,0.761030983,12,113972,90,854.79
44006,P10,9935,280222,0.614512292,48.5,371952,90,690.22
44006,P11,9938,120464,0.639508421,42.25,337200,90,718.30
44006,P12,9941,280115,0.632612179,8,63160,90,710.55
44006,P12,9942,280164,0.492528045,16,98348,90,553.21
44007,P09,9933,120464,0.753618421,38,357396,90,846.46
44007,P12,9943,280223,0.432446809,16,78048,110,536.58
44007,P14,9950,120454,0.335897436,4,16768,90,377.28
44007,P14,9951,280236,0.462019231,24,138384,90,518.94
44007,P16,9959,280198,0.754426129,42,395440,90,847.37
44008,P12,9944,280230,0.820330969,5.25,48580,110,1017.87
44008,P14,9952,280237,0.360737179,30,135060,90,405.18
44009,P16,9960,280155,0.613848825,24,183860,90,689.48
44010,P09,9979,280105,0.509895833,8,50908,90,572.72
44010,P09,9979,280169,0.545601852,36,245128,90,612.82
44010,P10,9982,280212,0.455512821,60,341088,90,511.63
44010,P11,9986,280222,0.60347465,44,331380,90,677.82
44010,P13,9994,280234,0.654196217,60,442760,120,885.52
44010,P14,10020,280237,0.557785791,24,167068,90,626.51
44010,P15,10003,280216,0.785643671,66,584896,110,974.83
44010,P16,10005,280052,0.765282229,72,687652,90,859.57
44011,P12,9987,280225,0.396897163,16,71632,110,492.47
44011,P12,9988,280226,0.539804965,8,48712,110,669.79
44011,P14,9997,280239,0.473183761,24,141728,90,531.48
44011,P14,10021,280238,0.551228632,12,82552,90,619.14
44012,P09,9980,280105,0.66015625,16,131820,90,741.49
44012,P11,9985,280213,0.639703526,16,127736,90,718.52
44012,P12,9989,280227,0.396276596,8,35760,110,491.70
44012,P12,9990,280229,0.604875887,8,54584,110,750.53
44012,P12,10059,120532,0.57287572,44.03,314792,90,643.45
44012,P13,9995,280235,0.593823877,12,80380,120,803.80
44012,P14,9999,280166,0.355475427,12,53236,90,399.27
44013,P09,9981,280172,0.657328183,27.78,227892,90,738.31
44013,P09,10056,280212,0.730048077,8,72888,90,819.99
44013,P10,9983,280129,0.557992788,16,111420,90,626.74
44013,P10,10056,280212,0.421875,16,84240,90,473.85
44013,P11,10019,280213,0.794466002,20.22,200480,90,892.34
44013,P11,10057,280213,0.739683494,16,147700,90,830.81
44013,P13,10060,280235,0.447358631,44.8,226070,120,605.54
44013,P14,10063,280166,0.697447768,27,235012,90,783.37
44013,P15,10064,280216,0.806338004,51.25,466144,110,1000.50
44013,P16,10065,280052,0.753236531,45.93,431760,90,846.04
44014,P10,9984,280130,0.500712251,4.05,25308,90,562.40
44014,P14,10000,120445,0.673338484,15.93,133864,90,756.29
44018,P09,10022,120437,0.605528846,20,151140,90,680.13
44018,P10,10025,280206,0.615884615,100,768624,90,691.76
44018,P11,10026,280206,0.755574981,99,933528,90,848.66
44018,P12,10027,280090,0.517660256,20,129208,90,581.44
44018,P13,10067,280234,0.625080593,55,387800,120,846.11
44018,P14,10033,241281,0.786879653,31,304428,90,883.82
44018,P15,10035,280216,0.718207579,129.57,1049696,110,891.15
44018,P16,10068,280206,0.662883169,133,1100280,90,744.55
44019,P09,10023,280222,0.772235577,16,154200,90,867.38
44019,P12,10028,120431,0.69385016,32,277096,90,779.33
44019,P14,10034,120437,0.796059578,102,1013352,90,894.13
44020,P09,10024,280206,0.645883413,64,515880,90,725.46
44020,P12,10029,120437,0.843772894,42,442272,90,947.73
44020,P13,10072,280235,0.842464539,20,190060,120,1140.36
44021,P13,10031,280233,0.598572389,58,391610,120,810.23
44024,P09,10074,280206,0.599717195,68,508944,90,673.60
44024,P10,10077,280214,0.655788462,100,818424,90,736.58
44024,P11,10080,280206,0.712980769,52,462696,90,800.82
44024,P12,10083,120437,0.693716262,38,328988,90,779.18
44024,P13,10088,280233,0.794621749,48,430240,120,1075.60
44024,P14,10092,280166,0.639409722,24,191516,90,718.19
44024,P14,10100,280166,0.629807692,12,94320,90,707.40
44024,P15,10098,280216,0.827705037,156,1456496,110,1027.02
44024,P16,10100,280206,0.685281065,104,889440,90,769.71
44025,P14,10093,120453,0.587152778,12,87932,90,659.49
44026,P11,10081,280198,0.594522665,56,415500,90,667.77
44026,P12,10084,120532,0.70688101,32,282300,90,793.97
44026,P13,10089,280234,0.605325968,78,532590,120,819.37
44026,P14,10094,280013,0.67037037,9,75296,90,752.96
44026,P14,10095,280098,0.577564103,12,86496,90,648.72
44027,P09,10076,280172,0.730949519,32,291912,90,821.00
44027,P12,10085,120465,0.636778846,16,127152,90,715.23
44027,P13,10096,120464,0.791346154,12,118512,90,888.84
44027,P14,10096,280236,0.595444833,33,245228,90,668.80
44028,P09,10075,241288,0.576003344,23,165336,90,646.97
44028,P10,10078,120441,0.243289263,16,48580,90,273.26
44028,P12,10086,120536,0.763421474,24,228660,90,857.48
44028,P14,10097,280239,0.535563568,24,160412,90,601.55
44028,P16,10117,280052,0.493259804,34,209300,90,554.03
44029,P10,10079,120531,0.27255609,8,27212,90,306.14
44029,P11,10082,280169,0.728090659,14,127212,90,817.79
44029,P12,10087,120435,0.883934295,8,88252,90,992.84
44029,P13,10090,280235,0.657481284,36,266990,120,889.97
44029,P14,10179,120531,0.542574786,12,81256,90,609.42
44030,P14,10180,120451,0.51494391,24,154236,90,578.39
44030,P16,10102,280214,0.626709402,24,187712,90,703.92
44031,P09,10120,280206,0.438512146,76,415920,90,492.54
44031,P10,10122,280206,0.648924578,123.13,997178,90,728.87
44031,P11,10171,251200,0.722355769,68,613020,90,811.35
44031,P12,10162,120445,0.622450466,44,341800,90,699.14
44031,P13,10133,280235,0.710549645,18,144270,120,961.80
44031,P14,10174,280164,0.521527778,6,39052,90,585.78
44031,P14,10175,120451,0.786137821,12,117732,90,882.99
44031,P15,10140,280216,0.837658249,107,1011020,110,1039.37
44031,P16,10146,280052,0.752682387,126,1183578,90,845.41
44031,P16,10146,280222,0.575480769,12,86184,90,646.38
44032,P13,10132,280234,0.687783528,55.5,430580,120,930.98
44032,P14,10136,120437,0.727339744,60,544632,90,816.95
44033,P12,10126,120465,0.629887821,16,125776,90,707.49
44034,P09,10170,280222,0.692189944,45.73,395040,90,777.47
44034,P11,10172,120437,0.739543269,16,147672,90,830.66
44034,P12,10127,120534,0.613488248,24,183752,90,689.07
44034,P13,10131,280233,0.662034006,78,582484,120,896.13
44034,P14,10176,120444,0.778125,24,233064,90,873.99
44035,P11,10173,241288,0.800388543,36.23,361896,90,899.00
44035,P12,10163,280223,0.591378546,16,106732,110,733.78
44035,P12,10164,280230,0.54858156,16,99008,110,680.68
44035,P14,10177,280166,0.655092593,54,441480,90,735.80
44035,P15,10178,280052,0.598508159,55,410816,90,672.24
44036,P12,10165,280232,0.567375887,4.05,25920,110,704.00
44037,P16,10168,280222,0.573076923,18,128736,90,643.68
44038,P09,10181,280206,0.48243007,44,264912,90,541.87
44038,P10,10184,280206,0.52468839,108,707196,90,589.33
44038,P11,10186,241288,0.716608392,44,393504,90,804.89
44038,P12,10191,120431,0.652141608,44,358104,90,732.49
44038,P13,10195,280233,0.726313875,78,639040,120,983.14
44038,P14,10199,120437,0.542140468,138,933696,90,608.93
44038,P15,10202,280052,0.716566797,138,1234100,90,804.85
44038,P16,10216,280213,0.711615251,96,852572,90,799.29
44040,P09,10182,280222,0.735464744,40,367144,90,826.07
44040,P11,10187,280172,0.629038462,40,314016,90,706.54
44040,P11,10188,120437,0.590865385,24,176976,90,663.66
44040,P12,10192,120532,0.649098558,16,129612,90,729.07
44040,P15,10182,280107,0.556009615,12,83268,90,624.51
44041,P12,10193,120465,0.615544872,24,184368,90,691.38
44041,P13,10196,280234,0.613290485,48,332060,120,830.15
44042,P09,10183,280103,0.647369124,38.4,310240,90,727.13
44042,P12,10194,120435,0.698383501,11.5,100232,90,784.42
44042,P12,10254,120444,0.708659455,15.43,136464,90,795.97
44042,P16,10217,280052,0.539476496,42,282772,90,605.94
44043,P10,10185,280130,0.518082664,13.4,86640,90,581.91
44043,P11,10255,280205,0.804737786,12.15,122024,90,903.88
44043,P13,10197,280235,0.487367021,12,65970,120,659.70
44044,P13,10260,280235,0.781397754,24,211540,120,1057.70
44044,P14,10261,120437,0.562059295,24,168348,90,631.31
44044,P15,10215,280205,0.639503205,12,95772,90,718.29
44044,P15,10263,280052,0.652884615,12,97776,90,733.32
44044,P16,10264,280052,0.575293803,24,172312,90,646.17
44045,P09,10219,280104,0.55495244,31,214700,90,623.32
44045,P10,10221,241283,0.397549628,31,153804,90,446.53
44045,P11,10223,280172,0.684491315,31,264816,90,768.82
44045,P12,10225,120453,0.710421523,33,292580,90,797.95
44045,P13,10230,280235,0.604871857,44,300210,120,818.75
44045,P14,10235,280166,0.724778694,42,379900,90,814.07
44045,P15,10241,280198,0.717020918,38,340040,90,805.36
44045,P16,10243,280169,0.654283217,44,359280,90,734.89
44053,P14,10282,280166,0.613553114,35,268000,90,689.14
44053,P16,10289,280169,0.680842791,61,518312,90,764.72
44054,P09,10272,280104,0.480721355,100.42,602460,90,539.95
44054,P10,10274,120464,0.650490929,94.17,764484,90,730.63
44054,P11,10270,280172,0.579750779,26.75,193544,90,651.18
44054,P12,10275,120437,0.587700321,32,234704,90,660.11
44054,P13,10278,280233,0.730440636,54,444926,120,988.72
44054,P14,1282,280166,0.581597222,12,87100,90,653.25
44054,P15,10288,280198,0.683728205,62.5,533308,90,767.96
44055,P11,10271,120464,0.584447833,76.67,559224,90,656.45
44055,P12,10276,120431,0.632491987,8,63148,90,710.42
44056,P12,10277,280090,0.571394231,8,57048,90,641.79
44056,P12,10284,120454,0.646794872,16,129152,90,726.48
44056,P13,10279,280234,0.709564618,54,432210,120,960.47
44056,P14,10283,120536,0.604059829,18,135696,90,678.48
44056,P16,10290,241287,0.768397436,30,287688,90,863.06
44057,P12,10291,120445,0.495317522,35.58,219940,90,556.34
44057,P14,10285,280236,0.558840812,24,167384,90,627.69
44057,P15,10343,280052,0.716292735,42,375452,90,804.54
44058,P14,10286,280239,0.497676282,12,74532,90,558.99
44058,P14,10350,120465,0.093269231,12,13968,90,104.76
44058,P16,10347,280052,0.677283654,24,202860,90,760.73
44059,P09,10300,280206,0.470865385,60,352584,90,528.88
44059,P10,10302,280206,0.566444376,124,876584,90,636.23
44059,P11,10303,280222,0.64775641,36,291024,90,727.56
44059,P12,10336,120433,0.426442308,20,106440,90,478.98
44059,P13,10340,280234,0.582471434,36,236530,120,788.43
44059,P14,10344,120465,0.640892094,24,191960,90,719.85
44059,P15,10302,280104,0.514957265,12,77120,90,578.40
44059,P15,10322,280052,0.76786859,12,114996,90,862.47
44059,P15,10351,280206,0.451473662,138,777546,90,507.10
44059,P16,10325,280052,0.408506944,24,122356,90,458.84
44060,P12,10309,280232,0.571054965,16,103064,110,708.57
44060,P13,10341,280235,0.45358247,19.5,99770,120,613.97
44060,P14,10319,120437,0.76102208,54,512868,90,854.78
44060,P16,10324,280098,0.459428419,12,68804,90,516.03
44060,P16,10348,280169,0.731162587,66,602244,90,821.24
44061,P11,10354,280213,0.571768162,24,171256,90,642.21
44061,P12,10307,280223,0.522185284,16,94244,110,647.93
44061,P12,10308,280230,0.627083333,8,56588,110,778.09
44062,P09,10352,280106,0.707724359,40,353296,90,794.92
44062,P09,10352,280206,0.363581731,8,36300,90,408.38
44062,P11,10355,120464,0.671163862,64,536072,90,753.85
44062,P12,10337,280093,0.460874704,24,124768,110,571.85
44062,P13,10356,280206,0.567300609,90.5,640732,90,637.19
44062,P14,10345,280107,0.639182692,12,95724,90,717.93
44063,P12,10338,280095,0.547916667,32,197776,110,679.86
44063,P14,10346,120436,0.678703704,72,609856,90,762.32
44063,P16,10349,280198,0.565965545,48,339036,90,635.69
44064,P09,10353,280105,0.721554487,16,144080,90,810.45
44064,P12,10353,280105,0.757179487,5,47248,90,850.46
44065,P16,10406,280198,0.311621928,48,186674,90,350.01
44066,P09,10357,280206,0.474627792,124,734496,90,533.10
44066,P10,10358,280206,0.403349876,124,624192,90,453.04
44066,P11,10401,120464,0.490376254,115,703788,90,550.79
44066,P12,10362,280227,0.249631751,52,146424,110,309.74
44066,P13,10371,241288,0.53323402,35.5,236244,90,598.93
44066,P14,10377,120434,0.700309829,30,262196,90,786.59
44066,P14,10405,120536,0.567975427,12,85060,90,637.95
44066,P15,10382,280104,0.492120726,24,147400,90,552.75
44067,P13,10372,120464,0.685576923,114,975384,90,770.04
44067,P15,10383,280105,0.592013889,36,265980,90,664.95
44067,P16,10400,280169,0.72936463,102,928452,90,819.22
44068,P12,10363,280226,0.351950355,24,95280,110,436.70
44068,P14,10378,120465,0.755475427,24,226280,90,848.55
44068,P15,10384,280103,0.486200142,18,109220,90,546.10
44069,P12,10364,280225,0.364184397,24,98592,110,451.88
44069,P14,10379,120433,0.80715812,12,120880,90,906.60
44069,P14,10380,120430,0.730074786,36,328008,90,820.02
44069,P15,10402,280214,0.607674501,72,546032,90,682.54
44070,P12,10367,280287,0.350886525,8,31664,110,435.38
44071,P12,10365,280229,#DIV/0!,0,14536,110,0.00
44071,P12,10366,280228,0.503404255,10,56784,110,624.62
44071,P14,10375,120436,0.836892713,19,198444,90,940.00
44071,P15,280214,280214,0.673637821,12,100884,90,756.63
44072,P09,10388,280013,0.695673077,8,69456,90,781.38
44072,P13,10373,251200,0.6875,12,102960,90,772.20
44072,P14,10376,120437,0.655852843,23,188256,90,736.65
44072,P16,10387,120445,0.665892094,12,99724,90,747.93
44072,P16,10388,280013,0.218242521,12,32684,90,245.13
44073,P09,10408,280222,0.416758242,28,145632,90,468.10
44073,P09,10434,120464,0.482692308,8,48192,90,542.16
44073,P10,10411,280206,0.446497253,28,156024,90,501.51
44073,P11,10434,120464,0.449690934,28,157140,90,505.09
44073,P12,10414,120431,0.365402422,36,164168,90,410.42
44073,P13,10435,120436,0.556009615,48,333072,90,624.51
44073,P14,10420,120437,0.687099359,36,308700,90,771.75
44073,P14,10435,120436,0.563461538,12,84384,90,632.88
44073,P15,10436,120436,0.5877442,42,308072,90,660.15
44073,P16,10426,280214,0.562393162,42,294784,90,631.68
44074,P10,10445,280206,0.709433198,95,841104,90,796.84
44074,P11,10446,120464,0.6859375,8,68484,90,770.45
44075,P09,10444,280222,0.514463141,16,102728,90,577.85
44075,P11,10412,280052,0.590144231,56,412440,90,662.85
44075,P12,10447,120431,0.640049079,64,511220,90,718.90
44075,P13,10449,280052,0.677194816,138,1166292,90,760.63
44075,P14,10450,120437,0.665985577,24,199476,90,748.04
44075,P15,10452,280052,0.683433203,138,1177036,90,767.63
44075,P16,10453,280214,0.609471154,60,456372,90,684.56
44076,P09,10410,280052,0.557010902,63.5,441420,90,625.63
44076,P14,10421,120444,0.710523504,18,159612,90,798.06
44077,P11,10413,280198,0.704973118,31,272740,90,791.83
44077,P12,10415,120536,0.389082532,16,77692,90,437.02
44077,P14,10422,120436,0.648363214,96,776791,90,728.24
44077,P16,10427,280052,0.696692143,78,678188,90,782.52
44078,P12,10416,120436,0.73125,8,73008,90,821.34
44081,P09,10454,280065,0.309615385,60,231840,90,347.76
44081,P10,10457,280130,0.408226496,36,183408,90,458.52
44081,P10,10457,280206,0.624939904,64,499152,90,701.93
44081,P11,10460,280013,0.459259259,36,206336,90,515.84
44081,P12,10463,120437,0.573929196,44,315156,90,644.64
44081,P13,10469,280052,0.619487179,90,695808,90,695.81
44081,P14,10473,280166,0.599481074,42,314224,90,673.34
44081,P15,10480,280212,0.502003205,48,300720,90,563.85
44081,P16,10484,280052,0.783505203,138,1349384,90,880.03
44083,P11,10461,241287,0.722211538,40,360528,90,811.19
44083,P12,10464,120431,0.642758413,32,256692,90,721.95
44083,P14,10477,120465,0.650480769,24,194832,90,730.62
44083,P15,10481,280222,0.723849068,66,596220,90,813.03
44084,P09,10455,280106,0.409214744,40,204280,90,459.63
44084,P11,10462,280169,0.809615385,24,242496,90,909.36
44084,P12,10465,120532,0.475520833,16,94952,90,534.11
44084,P14,10474,120433,0.557825855,12,83540,90,626.55
44084,P14,10474,280236,0.568255876,24,170204,90,638.27
44084,P14,10478,120435,0.56292735,12,84304,90,632.28
44084,P15,280222,280222,0.502403846,12,75240,90,564.30
44085,P12,10466,120534,0.763541667,8,76232,90,857.61
44085,P13,10470,280214,0.640544872,42,335748,90,719.46
44086,P14,10475,280238,0.571611722,21,149808,90,642.03
44086,P15,10482,251200,0.845432692,12,126612,90,949.59
44087,P09,10532,280052,0.422818917,120.5,635852,90,474.91
44087,P10,10500,280130,0.539302885,8,53844,90,605.75
44087,P10,10500,280206,0.55758547,108,751536,90,626.28
44087,P11,10502,280121,0.457264957,36,205440,90,513.60
44087,P12,10506,120431,0.465178571,28,162552,90,522.49
44087,P13,10512,280214,0.622042181,162,1257620,90,698.68
44087,P14,10517,120448,0.637970085,45,358284,90,716.57
44087,P15,10520,251200,0.832532051,12,124680,90,935.10
44087,P15,10521,280222,0.556367521,90,624912,90,624.91
44087,P16,10525,280052,0.654843305,126,1029728,90,735.52
44088,P12,10507,120532,0.703912927,24,210836,90,790.64
44089,P11,10503,280172,0.756670673,16,151092,90,849.89
44089,P11,10504,280214,0.678645833,24,203268,90,762.26
44089,P12,10508,280114,0.641967147,16,128188,90,721.06
44089,P14,10516,120437,0.775343407,42,406404,90,870.87
44090,P11,10505,280198,0.671718227,46,385620,90,754.47
44090,P12,10509,120445,0.513351362,32,205012,90,576.60
44091,P12,10510,120448,0.75728022,21,198468,90,850.58
44091,P14,10515,120436,0.447900641,60,335388,90,503.08
44091,P15,10522,280212,0.629938272,54,424528,90,707.55
44092,P10,10534,280130,0.548901099,7,47952,90,616.53
44092,P16,10524,280205,0.536324786,21,140560,90,602.40
44093,P14,10518,120444,0.750080128,12,112332,90,842.49
44093,P16,524,280205,0.596296296,9,66976,90,669.76
44094,P09,10540,280052,0.495362179,100,618212,90,556.39
44094,P10,10543,280206,0.62653536,124,969576,90,703.72
44094,P11,10544,280198,0.557612179,60,417540,90,626.31
44094,P12,10573,280164,0.440432692,20,109932,90,494.69
44094,P13,10549,280214,0.733949055,114,1044204,90,824.37
44094,P13,105449,280214,0.699626068,12,104776,90,785.82
44094,P14,10552,120437,0.601780627,90,675920,90,675.92
44094,P15,10557,280212,0.629967949,24,188688,90,707.58
44094,P16,10561,280205,0.679153312,24,203420,90,762.83
44095,P12,10572,280107,0.517427885,24,154980,90,581.18
44095,P15,10558,280222,0.778966346,48,466632,90,874.94
44095,P16,10562,280052,0.746290535,136,1266664,90,838.23
44096,P12,10547,120437,0.788100962,72,708156,90,885.20
44097,P11,10545,241283,0.720552885,24,215820,90,809.33
44097,P15,10559,280206,0.464802632,76,440856,90,522.07
44098,P09,10541,280214,0.671487714,24,201124,90,754.22
44098,P11,10546,280222,0.67642998,39,329232,90,759.77
44098,P14,10553,120431,0.529451567,36,237872,90,594.68
44098,P15,10553,120431,0.518589744,12,77664,90,582.48
44099,P13,10550,280213,0.755154915,36,339276,90,848.19
44099,P14,10555,120536,0.590731838,24,176936,90,663.51
44100,P14,10554,120465,0.636467236,18,142976,90,714.88
44101,P09,10609,280198,0.567498474,84,594920,90,637.41
44101,P10,10611,280206,0.630996964,76,598488,90,708.74
44101,P11,10614,280222,0.774381868,84,811800,90,869.79
44101,P12,10615,120448,0.668104757,76,633684,90,750.42
44101,P13,10624,280213,0.698952991,30,261688,90,785.06
44101,P14,10655,120465,0.610536859,24,182868,90,685.76
44101,P15,10636,280206,0.375567061,39,182796,90,421.84
44101,P16,10639,280052,0.666071937,90,748132,90,748.13
44102,P10,1061,280206,0.307211538,8,30672,90,345.06
44102,P13,10626,280052,0.589577991,60,441476,90,662.21
44102,P14,10630,120445,0.637081553,36,286228,90,715.57
44104,P12,10651,120450,0.646474359,8,64544,90,726.12
44104,P14,10633,280236,0.554754274,12,83080,90,623.10
44104,P14,10634,280238,0.475587607,12,71224,90,534.18
44104,P15,10638,280214,0.709628739,24,212548,90,797.06
44105,P09,10707,280198,0.485817308,40,242520,90,545.67
44105,P10,10612,280130,0.578877171,31,223956,90,650.19
44105,P10,10708,280206,0.554807692,8,55392,90,623.16
44105,P11,10709,280222,0.845118343,39,411336,90,949.24
44105,P12,10652,120453,0.590184295,8,58924,90,662.90
44105,P12,10710,120450,0.368990385,16,73680,90,414.45
44105,P13,10711,280052,0.602558167,54,406076,90,676.79
44105,P14,10712,280238,0.660523504,18,148380,90,741.90
44105,P15,10714,280214,0.628329772,36,282296,90,705.74
44105,P16,10716,280052,0.742160791,24,222292,90,833.60
44106,P12,10653,120451,0.725114469,14,126692,90,814.45
44106,P14,10635,280239,0.671919516,36,301880,90,754.70
44106,P15,10715,280052,0.672104701,30,251636,90,754.91
44106,P16,10641,280214,0.746040331,48,446908,90,837.95
44107,P13,10627,251200,0.539182692,12,80748,90,605.61
44107,P14,10656,280012,0.558680556,12,83668,90,627.51
44108,P09,10660,280052,0.580840456,69.3,502348,90,652.40
44108,P10,10663,280206,0.720657568,124,1115232,90,809.44
44108,P11,10663,280206,0.817788462,8,81648,90,918.54
44108,P11,10664,280222,0.749737762,44,411696,90,842.11
44108,P12,10672,120452,0.549172009,12,82244,90,616.83
44108,P13,10676,280169,0.633293269,24,189684,90,711.32
44108,P14,10681,120430,0.661102208,36,297020,90,742.55
44108,P15,10688,280052,0.677977395,114,964572,90,761.50
44108,P16,10719,280052,0.749819198,78,729904,90,842.20
44109,P12,10669,280228,0.416873522,24,112856,110,517.26
44109,P12,10673,280115,0.586185897,10,73156,90,658.40
44109,P13,10677,280198,0.565104167,24,169260,90,634.73
44109,P14,10684,120433,0.609882479,30,228340,90,685.02
44110,P11,10718,280214,0.775018057,71,686728,90,870.50
44110,P12,10666,280225,0.458599291,8,41384,110,569.03
44110,P12,10670,280229,0.418705674,8,37784,110,519.53
44110,P13,10678,280052,0.761639676,114,1083600,90,855.47
44111,P12,10667,280226,0.438430851,16,79128,110,544.01
44111,P12,10668,280227,0.360239362,16,65016,110,446.99
44111,P14,10682,120441,0.695726496,48,416768,90,781.44
44111,P16,10690,280214,0.71035503,78,691488,90,797.87
44112,P09,10662,280065,0.657155449,40,328052,90,738.12
44112,P12,10671,120444,0.674719551,24,202092,90,757.85
44113,P14,10683,120532,0.656971154,36,295164,90,737.91
44113,P15,10687,280214,0.734027778,48,439712,90,824.46
44114,P14,10685,280090,0.548370726,12,82124,90,615.93
44115,P09,10757,280169,0.559222028,44,307080,90,628.12
44115,P10,10733,280206,0.656802138,123.5,1012316,90,737.72
44115,P11,10759,280052,0.699690171,60,523928,90,785.89
44115,P12,10761,120431,0.459134615,20,114600,90,515.70
44115,P13,10737,280052,0.717638889,30,268684,90,806.05
44115,P14,10739,120437,0.708119658,54,477216,90,795.36
44115,P15,10745,280214,0.598085826,36,268708,90,671.77
44115,P16,10747,280214,0.694764957,12,104048,90,780.36
44115,P16,10767,280052,0.787967415,24,236012,90,885.05
44116,P12,10736,120431,0.641907051,8,64088,90,720.99
44116,P12,10736,120437,0.680716647,64,543702,90,764.58
44116,P13,10772,120436,0.584718407,84,612972,90,656.76
44116,P15,10764,280105,0.448492403,54,302248,90,503.75
44116,P16,10773,251200,0.737479226,54,497002,90,828.34
44117,P09,10758,280198,0.759610806,70,663596,90,853.19
44117,P09,17058,280198,0.618589744,8,61760,90,694.80
44117,P14,10741,120444,0.538047543,24,161156,90,604.34
44118,P11,10734,280205,0.633800748,24,189836,90,711.89
44118,P14,10743,120435,0.594350962,24,178020,90,667.58
44119,P11,10760,120437,0.777317554,39,378336,90,873.08
44119,P12,10762,241281,0.646754808,16,129144,90,726.44
44119,P14,10763,120536,0.599519231,12,89784,90,673.38
44119,P15,10765,280172,0.509695513,36,228996,90,572.49
44119,P16,10774,280052,0.769675926,72,691600,90,864.50
44120,P12,10820,280107,0.682427056,14.5,123492,90,766.50
44120,P13,10738,280222,0.75297619,42,394680,90,845.74
44120,P14,10742,120431,0.606043956,42,317664,90,680.71
44120,P15,10766,251200,0.689262821,36,309672,90,774.18
44122,P09,10779,280198,0.793371522,47,465360,90,891.11
44122,P10,10782,280206,0.59081596,107,788952,90,663.60
44122,P11,10786,241283,0.728739316,36,327408,90,818.52
44122,P12,10790,280107,0.645689103,20,161164,90,725.24
44122,P13,10797,280212,0.713782051,24,213792,90,801.72
44122,P14,10801,120447,0.588301282,24,176208,90,660.78
44122,P15,10807,120437,0.787686966,12,117964,90,884.73
44122,P15,10808,280214,0.726643414,102,924988,90,816.17
44122,P16,10810,280052,0.780119771,114,1109892,90,876.23
44123,P12,10791,280164,0.562259615,8,56136,90,631.53
44123,P12,10793,120531,0.612916667,20,152984,90,688.43
44123,P13,10798,280206,0.653550296,78,636192,90,734.07
44123,P14,10803,120450,0.655542201,48,392696,90,736.31
44124,P09,10780,280169,0.692200855,48,414656,90,777.48
44124,P11,10787,120464,0.864423077,30,323640,90,970.92
44124,P12,10794,120465,0.647943376,12,97036,90,727.77
44125,P11,10788,280205,0.583213141,16,116456,90,655.07
44125,P12,10795,120431,0.687286325,24,205856,90,771.96
44125,P14,10804,120431,0.123904915,12,18556,90,139.17
44125,P14,10826,120431,0.629567308,52,408564,90,707.13
44125,P15,10804,280052,0.485288462,10,60564,90,545.08
44126,P09,10781,280052,0.662300894,66,545524,90,743.90
44126,P10,10783,280129,0.614707977,54,414264,90,690.44
44126,P11,10789,280052,0.713274573,36,320460,90,801.15
44126,P12,10796,120437,0.767013889,36,344604,90,861.51
44126,P13,10796,120437,0.606570513,12,90840,90,681.30
44127,P13,10799,280052,0.532612179,48,319056,90,598.23
44127,P14,10822,120445,0.407865919,24,122164,90,458.12
44127,P15,10809,280214,0.605929487,42,317604,90,680.58
44127,P16,10811,280052,0.737606838,42,386624,90,828.48
44129,P09,10828,280052,0.637873932,12,95528,90,716.46
44129,P09,10829,280222,0.739262821,24,221424,90,830.34
44129,P10,10833,280130,0.593389423,24,177732,90,666.50
44129,P11,10835,280206,0.625667735,36,281100,90,702.75
44129,P12,10838,120448,0.686342593,36,308360,90,770.90
44129,P13,10843,280052,0.726896368,24,217720,90,816.45
44129,P13,10844,280222,0.754377914,132,1242732,90,847.32
44129,P14,10872,280013,0.692325499,18,155524,90,777.62
44129,P14,10873,120431,0.598605769,60,448236,90,672.35
44129,P15,10850,280213,0.691493056,24,207116,90,776.69
44129,P16,10854,280052,0.722934473,36,324800,90,812.00
44130,P09,10830,241288,0.695480769,30,260388,90,781.16
44130,P10,10834,280206,0.632427536,138,1089192,90,710.34
44130,P15,10851,280222,0.658943198,72,592100,90,740.13
44130,P16,10855,280222,0.701263198,102,892680,90,787.66
44131,P11,10836,280172,0.699358974,36,314208,90,785.52
44131,P12,10839,120434,0.688047543,24,206084,90,772.82
44132,P09,10831,120464,0.739783654,72,664740,90,830.93
44132,P11,10837,120464,0.823197115,48,493128,90,924.62
44132,P12,10840,120532,0.690144231,24,206712,90,775.17
44132,P14,10874,280237,0.40269765,48,241232,90,452.31
44133,P12,10841,120453,0.656436966,12,98308,90,737.31
44133,P12,10842,280098,0.702110043,24,210296,90,788.61
44133,P15,10852,280103,0.563060897,60,421620,90,632.43
44134,P12,10926,120430,#DIV/0!,0,0,90,0.00
44134,P14,10876,280166,0.297596154,6,22284,90,334.26
44135,P09,10832,241287,0.675761218,24,202404,90,759.02
44135,P14,10875,280236,0.562793803,24,168568,90,632.13
44135,P16,10856,280052,0.81204594,24,243224,90,912.09
44136,P09,10878,280198,0.479647436,6,35916,90,538.74
44136,P10,10882,280206,0.584299262,146,1064640,90,656.28
44136,P11,10883,280206,0.668621795,60,500664,90,751.00
44136,P12,10887,120445,0.674305556,12,100984,90,757.38
44136,P13,10892,280222,0.71204594,96,853088,90,799.77
44136,P14,10896,280107,0.654166667,24,195936,90,734.76
44136,P15,10901,280166,0.424439103,24,127128,90,476.73
44136,P16,10905,280052,0.732634576,161,1472068,90,822.90
44137,P09,10879,280198,0.625069677,46,358840,90,702.08
44137,P12,10888,120433,0.666015625,32,265980,90,748.07
44137,P14,10897,120437,0.692548077,48,414864,90,777.87
44137,P15,10902,280217,#DIV/0!,85.5,410666,,0.00
44138,P12,10889,120534,0.671714744,8,67064,90,754.47
44138,P12,10890,120431,0.543629808,24,162828,90,610.61
44139,P09,10880,280065,0.575827991,24,172472,90,646.77
44139,P11,10885,280052,0.80423344,24,240884,90,903.32
44139,P12,10885,280052,0.7015625,8,70044,90,788.00
44139,P12,10891,120437,0.756143162,36,339720,90,849.30
44139,P14,10898,120444,0.628878205,30,235452,90,706.36
44139,P15,10904,280052,0.669088319,36,300608,90,751.52
44140,P09,120880,280065,0.605128205,12,90624,90,679.68
44140,P11,10886,241287,0.73872549,25.5,235092,90,829.74
44140,P13,10893,280052,0.568410062,66,468188,90,638.44
44140,P14,10893,280052,0.725961538,12,108720,90,815.40
44140,P14,10899,120536,0.659188034,12,98720,90,740.40
44141,P09,10881,280052,0.750213675,42,393232,90,842.64
44141,P14,10900,120465,0.68079594,12,101956,90,764.67
44142,P14,10895,280166,0.49488515,24,148228,90,555.86
44143,P09,10928,280052,0.665678419,12,99692,90,747.69
44143,P09,10961,280105,0.713908921,48,427660,90,801.86
44143,P10,10932,280206,0.723575499,162,1462896,90,812.72
44143,P11,10933,280206,0.750128205,60,561696,90,842.54
44143,P12,10936,241281,0.598851496,36,269052,90,672.63
44143,P13,10939,280205,0.736465011,48,441172,90,827.20
44143,P14,10943,280166,0.505194979,24,151316,90,567.44
44143,P15,10964,280106,0.60536859,20,151100,90,679.95
44143,P16,10968,280121,0.601485043,30,225196,90,675.59
44144,P14,10944,120444,0.467019231,30,174852,90,524.56
44144,P15,10965,280104,0.652599715,36,293200,90,733.00
44144,P16,10954,280214,0.76994302,126,1210720,90,864.80
44145,P09,10929,280106,0.688568376,42,360920,90,773.40
44145,P12,10937,120448,0.70380609,48,421608,90,790.52
44145,P13,10963,280172,0.675730057,54,455388,90,758.98
44145,P14,10945,120437,0.63772703,24,191012,90,716.30
44145,P15,10966,280198,0.568561873,92,652800,90,638.61
44146,P11,10962,120464,0.775304487,60,580548,90,870.82
44146,P14,10946,120532,0.690900997,36,310408,90,776.02
44147,P09,10930,280103,0.774172009,48,463760,90,869.55
44147,P12,10938,120437,0.764129274,36,343308,90,858.27
44147,P13,10940,251200,0.70322516,48,421260,90,789.86
44148,P14,10947,280164,0.444524573,12,66572,90,499.29
44148,P14,11035,120445,0.601816239,30,225320,90,675.96
44149,P09,11037,280104,0.732505342,12,109700,90,822.75
44149,P13,10980,120437,0.385576923,12,57744,90,433.08
44150,P09,10983,280104,0.67301015,24,201580,90,755.93
44150,P10,10988,280206,0.747127712,156,1454568,90,839.17
44150,P11,10989,280198,0.48170406,12,72140,90,541.05
44150,P12,10993,120431,0.624713828,28,218300,90,701.68
44150,P13,10996,120464,0.660233516,42,346068,90,741.57
44150,P14,11000,280098,0.737526709,12,110452,90,828.39
44150,P14,11036,120445,0.522115385,12,78192,90,586.44
44150,P15,11006,280169,0.631907051,60,473172,90,709.76
44150,P16,11009,280214,0.748685897,160,1494976,90,840.92
44151,P09,10984,280105,0.688953488,21.5,184860,90,773.83
44151,P11,10990,280169,0.642925824,56,449328,90,722.13
44151,P12,11029,120465,0.61497062,48,368392,90,690.74
44151,P14,11032,120430,0.612994124,72,550812,90,688.52
44152,P09,10985,280205,0.646482176,20.5,165396,90,726.13
44152,P13,10997,241288,0.594491186,48,356124,90,667.73
44152,P15,11005,241287,0.518666056,42,271864,90,582.57
44153,P09,10987,280222,0.725782204,84,760852,90,815.20
44153,P11,11027,280238,0.592748397,24,177540,90,665.78
44153,P12,11030,120536,0.703966346,16,140568,90,790.70
44154,P11,11028,280239,0.61505867,29.5,226440,90,690.83
44154,P12,11031,280090,0.737989204,28.5,262488,90,828.91
44154,P13,10998,280222,0.83468661,54,562512,90,937.52
44154,P14,11007,280238,0.61295406,12,91796,90,688.47
44154,P14,11033,120436,0.766257123,54,516396,90,860.66
44154,P14,11034,120531,0.685790598,12,102704,90,770.28
44154,P15,11007,280214,0.65045406,24,194824,90,730.59
44155,P15,11008,280222,0.507959402,36,228216,90,570.54
44156,P09,11089,280324,0.542307692,12,81216,90,609.12
44157,P09,11038,280324,0.701060745,42,367468,90,787.43
44157,P10,11044,280206,0.734813862,81.97,751704,90,825.34
44157,P11,11046,120445,0.515384615,20,128640,90,578.88
44157,P12,11050,120435,0.581272894,28,203120,90,652.89
44157,P13,11057,280212,0.755065883,36,339236,90,848.09
44157,P14,11061,120436,0.7265625,24,217620,90,816.08
44157,P15,11068,280052,0.429125327,62.18,333004,90,481.99
44157,P15,11090,280217,#DIV/0!,12,43620,,0.00
44157,P16,11071,280214,0.823397436,12,123312,90,924.84
44157,P16,11072,280052,0.840555145,62.4,654584,90,944.11
44158,P11,11047,280169,0.680068109,16,135796,90,763.85
44158,P12,11051,120451,0.761999199,16,152156,90,855.88
44158,P13,11058,280052,0.813245403,45.17,458444,90,913.44
44158,P14,11062,120448,0.814148352,21,213372,90,914.45
44159,P09,11039,280324,0.589423077,12,88272,90,662.04
44159,P09,11039,280325,0.832710978,4.12,42816,90,935.30
44159,P09,11309,280324,0.545860043,12,81748,90,613.11
44159,P11,11048,280205,0.84576711,30.83,325416,90,949.97
44159,P12,11052,120437,0.682840379,20.78,177084,90,766.97
44159,P14,11063,120444,0.793137006,18.18,179952,90,890.85
44163,P09,11041,280325,0.603535894,21.57,162468,90,677.89
44163,P10,11045,280206,0.400841346,16,80040,90,450.23
44163,P11,11049,280205,0.366951567,18,82432,90,412.16
44163,P12,11053,120437,0.636119386,21.95,174256,90,714.49
44163,P13,11059,280052,0.767206393,19.87,190250,90,861.73
44163,P14,11128,120436,0.598009447,19.38,144636,90,671.68
44163,P15,11141,280052,0.282193732,18,63392,90,316.96
44163,P16,11073,280052,0.586005729,18.35,134200,90,658.20
44164,P09,11091,280222,0.667134081,24,199820,90,749.33
44164,P10,11095,280206,0.746754808,48,447336,90,838.76
44164,P11,11096,280213,0.707251603,16,141224,90,794.39
44164,P11,11097,280222,0.756903353,26,245600,90,850.15
44164,P12,11099,120436,0.784284856,24,234909,90,880.91
44164,P13,11106,280052,0.801901376,48,480371,90,900.70
44164,P14,11109,120436,0.741773504,24,222176,90,833.16
44164,P15,11116,280205,0.493656517,24,147860,90,554.48
44164,P16,11121,280052,0.844757326,42,442788,90,948.83
44165,P09,11092,280324,0.75045406,24,224776,90,842.91
44165,P12,11100,120437,0.727029915,24,217760,90,816.60
44165,P14,11110,120437,0.676362179,12,101292,90,759.69
44165,P15,11117,251200,0.531049679,24,159060,90,596.48
44166,P09,11150,120431,0.4875,6,36504,90,547.56
44166,P09,11150,280324,0.748611111,12,112112,90,840.84
44166,P10,11151,280206,0.622413405,114,885520,90,699.09
44166,P11,11098,280206,0.727023411,115,1043424,90,816.59
44166,P12,11153,120437,0.624412393,24,187024,90,701.34
44166,P13,11107,280214,0.784823718,60,587676,90,881.51
44166,P13,11154,280052,1.015224359,6,76020,90,1140.30
44166,P14,11111,280107,0.663060897,12,99300,90,744.75
44166,P14,11155,120437,0.656381119,11,90108,90,737.25
44166,P15,11118,241287,0.567307692,38,269040,90,637.20
44166,P16,11157,280052,0.797587719,114,1134744,90,895.85
44167,P09,11093,280103,0.737319712,48,441684,90,828.16
44167,P12,11101,120532,0.487977431,24,146159,90,548.10
44167,P14,11112,280166,0.636440527,36,285940,90,714.85
44168,P12,11102,280164,0.633653846,17,134436,90,711.72
44168,P14,111112,280166,0.464476496,12,69560,90,521.70
44168,P15,11120,280198,0.71883458,72,645916,90,807.40
44169,P09,11094,280065,0.646607906,48,387344,90,726.27
44169,P12,11103,280114,0.622676282,8,62168,90,699.39
44169,P12,11132,120450,0.569519231,40,284304,90,639.68
44169,P13,11108,251200,0.757071314,48,453516,90,850.34
44169,P14,1112,280166,0.46025641,12,68928,90,516.96
44169,P14,11115,120447,0.446607906,12,66884,90,501.63
44170,P14,11114,120445,0.224643875,9,25232,90,252.32
44171,P09,11159,280205,0.847559172,78,825048,90,951.98
44171,P10,11162,280206,0.668993352,162,1352544,90,751.41
44171,P11,11163,280206,0.704562828,161,1415664,90,791.36
44171,P12,11164,120431,0.751041667,20,187460,90,843.57
44171,P13,11171,120436,0.63883547,18,143508,90,717.54
44171,P14,11176,120445,0.529553953,24,158612,90,594.80
44171,P15,11181,280198,0.636351496,24,190600,90,714.75
44171,P16,11185,280052,0.729760344,132,1202178,90,819.67
44172,P12,11165,280227,0.461702128,8,41664,110,572.88
44172,P12,11186,280225,0.250810537,14,39608,110,311.21
44172,P13,11172,241283,0.874198718,12,130920,90,981.90
44172,P13,11173,280052,0.73900463,36,332020,90,830.05
44172,P14,11177,120465,0.667859687,36,300056,90,750.14
44172,P15,11183,280166,0.652154558,18,146500,90,732.50
44173,P12,11166,280226,0.300827423,24,81440,110,373.27
44173,P14,11178,280166,0.688422688,33,283520,90,773.24
44173,P15,11182,280052,0.774973291,12,116060,90,870.45
44173,P15,11182,280103,0.687945157,36,309080,90,772.70
44174,P09,11160,280214,0.702929131,36,315812,90,789.53
44174,P12,11167,280287,0.233274232,24,63152,110,289.45
44174,P13,11174,280213,0.824421296,36,370396,90,925.99
44174,P16,1185,280052,0.84142094,30,315028,90,945.08
44175,P12,11168,280229,0.361843972,10,40816,110,448.98
44175,P12,11170,120431,0.523815247,56,366084,90,588.35
44175,P13,11175,280212,0.562678063,54,379200,90,632.00
44175,P14,11179,120437,0.752534965,33,309924,90,845.25
44175,P14,11184,280052,0.808653846,12,121104,90,908.28
44175,P15,11184,280052,0.775772145,66,638988,90,871.35
44176,P09,11161,280052,0.74508547,42,390544,90,836.88
44177,P14,11180,120448,0.823157051,24,246552,90,924.57
44178,P09,11208,280052,0.541920406,24,162316,90,608.69
44178,P10,11211,280205,0.513461538,12,76896,90,576.72
44178,P10,11211,280206,0.621875,144,1117584,90,698.49
44178,P11,11212,280206,0.756125356,162,1528704,90,849.28
44178,P12,11215,120532,0.596606335,34,253152,90,670.11
44178,P13,11221,280212,0.689102564,24,206400,90,774.00
44178,P14,11225,120437,0.815311772,66,671556,90,915.76
44178,P14,11246,120448,0.812259615,12,121644,90,912.33
44178,P15,11232,280205,0.834054487,60,624540,90,936.81
44178,P16,11234,280052,0.731282457,158,1441972,90,821.38
44179,P09,11209,280214,0.789017722,102,1004388,90,886.22
44179,P12,11243,280090,0.522903312,24,156620,90,587.33
44179,P13,11222,120464,0.784848485,66,646464,90,881.54
44180,P12,11216,120465,0.577964744,32,230816,90,649.17
44180,P15,11233,241287,0.645581951,102,821800,90,725.12
44181,P14,11247,120433,0.664583333,36,298584,90,746.46
44182,P12,11244,120454,0.462780449,24,138612,90,519.80
44182,P13,11223,241288,0.698691239,36,313908,90,784.77
44183,P09,11210,280065,0.610496795,12,91428,90,685.71
44183,P12,11219,120450,0.648208899,34,275048,90,728.07
44183,P12,11245,120453,0.615024038,8,61404,90,690.80
44183,P13,11224,280172,0.704941239,36,316716,90,791.79
44183,P14,11230,120447,0.669938568,24,200660,90,752.48
44184,P09,11333,280198,0.38394765,12,57500,90,431.25
44184,P09,111210,280065,0.633840812,12,94924,90,711.93
44184,P14,11332,120436,0.755270655,18,169664,90,848.32
44185,P09,11258,280198,0.638762626,66,526136,90,717.46
44185,P10,11259,280206,0.773553358,80.97,781680,90,868.86
44185,P11,11260,280206,0.802564103,18,180288,90,901.44
44185,P11,11263,120444,0.449158654,8,44844,90,504.50
44185,P12,11263,120444,0.660416667,24,197808,90,741.78
44185,P13,11265,251200,0.855929487,18,192276,90,961.38
44185,P13,11265,280002,0.832291667,12,124644,90,934.83
44185,P14,11268,120445,0.754736467,36,339088,90,847.72
44185,P15,11270,280214,0.728206943,77.73,706412,90,817.92
44185,P16,11271,280052,0.708284024,74.75,660744,90,795.54
44186,P11,11264,120435,0.580228365,32,231720,90,651.71
44186,P12,11269,120536,0.607596154,40,303312,90,682.45
44186,P13,11267,280222,0.773183761,36,347376,90,868.44
44186,P14,11269,120536,0.764155983,24,228880,90,858.30
44186,P14,112698,120536,0.715144231,12,107100,90,803.25
44187,P11,11335,120430,0.73306164,15.1,138144,90,823.37
44187,P12,11336,120430,0.757023318,11.92,112616,90,850.29
44187,P14,11336,120430,0.905311747,4.68,52876,90,1016.85
44188,P09,11296,280169,0.81510658,4.15,42216,90,915.53
44188,P13,11337,280205,0.759262063,7.62,72204,90,852.80
44197,P09,11364,280169,0.468733647,14.7,85992,90,526.48
44197,P10,11366,280206,0.513081623,39.28,251520,90,576.29
44197,P11,11367,280206,0.284517393,39.25,139368,90,319.57
44197,P12,11368,120436,0.625144231,40,312072,90,702.16
44197,P13,11369,241283,0.614768199,26.83,205848,90,690.51
44197,P14,11370,120430,0.724278846,12,108468,90,813.51
44197,P14,11370,120436,0.552922954,16.72,115376,90,621.04
44197,P15,11372,280213,0.661048743,13.43,110796,90,742.49
44197,P16,11374,280213,0.641332515,28.2,225708,90,720.34
44198,P09,11365,280214,0.563047543,24,168644,90,632.42
44198,P13,11415,280172,0.661939103,12,99132,90,743.49
44198,P14,11371,280115,0.692815171,12,103756,90,778.17
44198,P15,11373,280214,0.757491987,24,226884,90,850.82
44198,P16,11375,280214,0.638488248,12,95620,90,717.15
44199,P09,11381,280065,0.694335664,55,476592,90,779.88
44199,P10,11383,280206,0.833241758,7,72792,90,935.90
44199,P10,11416,280052,0.568852946,151,1071992,90,638.94
44199,P11,11384,280206,0.609987593,31,235992,90,685.14
44199,P12,11386,120436,0.524679487,12,78576,90,589.32
44199,P12,11387,120448,0.730970149,67,611208,90,821.03
44199,P13,11392,280172,0.758914263,48,454620,90,852.41
44199,P14,11396,280115,0.453205128,12,67872,90,509.04
44199,P14,11397,120431,0.76676015,24,229660,90,861.23
44199,P15,11402,280214,0.744823372,139,1292060,90,836.59
44199,P16,11404,280214,0.707061377,127,1120664,90,794.17
44200,P11,11417,280052,0.672670604,127,1066156,90,755.54
44200,P14,11398,280236,0.552690817,43,296596,90,620.78
44201,P09,11418,280052,0.733560363,96,878864,90,823.94
44201,P13,11393,280169,0.705143113,21.5,189204,90,792.02
44202,P12,11388,241281,0.691346154,24,207072,90,776.52
44202,P13,11394,280198,0.633416344,69.5,549400,90,711.45
44202,P14,11399,280238,0.59389245,36,266824,90,667.06
44203,P12,11389,120444,0.371554487,24,111288,90,417.33
44204,P12,11390,120532,0.632857734,31,244840,90,710.83
44204,P14,11400,280239,0.582612179,36,261756,90,654.39
44204,P16,11405,280212,0.685096154,36,307800,90,769.50
44205,P09,11459,280222,0.551157982,31,213232,90,619.06
44205,P13,11395,280098,0.504139957,24,151000,90,566.25
44205,P14,11401,120445,0.638644689,7,55792,90,717.33
44205,P15,11403,280222,0.790865385,24,236880,90,888.30
44206,P10,11463,280052,0.642922009,24,192568,90,722.13
44206,P11,11465,280052,0.719303266,84,754060,90,807.92
44206,P12,11469,120450,0.546861645,24,163796,90,614.24
44206,P13,11478,280169,0.743674089,19,176340,90,835.29
44206,P14,11480,120445,0.74957265,24,224512,90,841.92
44206,P15,11487,280222,0.729765427,91,828780,90,819.67
44206,P16,11490,280222,0.75665001,127,1199260,90,849.87
44207,P09,11461,280105,0.649305556,24,194480,90,729.30
44207,P10,11464,280206,0.727324683,124.5,1130088,90,816.93
44207,P12,11470,280107,0.498076923,12,74592,90,559.44
44207,P12,11471,280225,0.46536643,12,62992,110,577.43
44207,P13,11479,280198,0.750645637,139,1302160,90,843.13
44207,P14,11482,120531,0.72210203,24,216284,90,811.07
44208,P09,11462,280106,0.729103288,44.25,402640,90,818.93
44208,P12,11472,280226,0.451950355,12,61176,110,560.78
44208,P12,11473,280227,0.525338491,11,65184,110,651.84
44208,P14,11483,120436,0.788782051,12,118128,90,885.96
44208,P14,11484,120437,0.772275641,24,231312,90,867.42
44209,P11,11466,280222,0.574392713,19,136200,90,645.16
44209,P12,11475,120431,0.557772436,44,306284,90,626.49
44209,P14,11485,120453,0.623637821,12,93396,90,700.47
44209,P14,11485,280166,0.624662005,55,428768,90,701.62
44210,P09,11460,280214,0.744828741,67,622796,90,836.59
44210,P11,11467,280130,0.414610043,36,186276,90,465.69
44210,P15,11488,280214,0.683859548,67,571816,90,768.11
44211,P12,11476,120465,0.584328259,48,350036,90,656.32
44211,P16,11493,280052,0.662003722,31,256116,90,743.56
44212,P11,11468,280121,0.63125,24,189072,90,709.02
44212,P14,11554,120451,0.628365385,12,94104,90,705.78
44213,P09,11494,280214,0.561431624,24,168160,90,630.60
44213,P10,11496,280206,0.698028238,158,1376400,90,784.03
44213,P11,11497,280241,0.514623397,24,154140,90,578.03
44213,P12,11501,280241,0.700157865,67,585444,90,786.42
44213,P13,11546,280052,0.621340812,36,279156,90,697.89
44213,P14,11506,120451,0.563995726,12,84464,90,633.48
44213,P14,11508,280237,0.405876068,24,121568,90,455.88
44213,P15,11550,280052,0.774113248,60,579656,90,869.48
44213,P16,11516,280052,0.727872817,163,1480668,90,817.55
44214,P09,11527,280105,0.766755698,36,344488,90,861.22
44214,P11,11533,280206,0.559279964,43,300132,90,628.18
44214,P13,11527,280243,0.812660256,12,121704,90,912.78
44214,P13,11547,280155,0.659922543,24,197660,90,741.23
44214,P14,11509,280239,0.60221688,24,180376,90,676.41
44215,P09,11553,280214,0.655024814,31,253416,90,735.72
44215,P13,11548,280198,0.718620761,31,278020,90,807.15
44215,P14,11507,280013,0.417445055,7,36468,90,468.87
44215,P15,11551,280213,0.5997622,31,232036,90,673.65
44216,P11,11534,280240,0.586485043,12,87832,90,658.74
44216,P11,11535,280206,0.7683837,84,805512,90,863.05
44216,P12,11502,280242,0.750813609,91,852684,90,843.31
44216,P14,11539,280204,0.629104345,36,282644,90,706.61
44217,P09,11528,251200,0.711244658,36,319548,90,798.87
44217,P13,11549,280169,0.797936699,48,477996,90,896.24
44217,P14,11541,280241,0.759428419,36,341196,90,852.99
44217,P15,11552,280214,0.675454458,67,564788,90,758.67
44218,P09,11529,241283,0.529531695,36,237908,90,594.77
44219,P13,11556,280241,0.711378205,24,213072,90,799.02
44219,P14,11540,280107,0.748517628,24,224196,90,840.74
44220,P09,11557,280052,0.686466088,31,265580,90,771.04
44220,P10,11561,280206,0.679326923,156,1322568,90,763.02
44220,P11,11562,280206,0.782307692,155,1513296,90,878.69
44220,P12,11589,280241,0.800360577,24,239724,90,898.97
44220,P13,11572,280243,0.834152872,79,822408,90,936.92
44220,P14,11596,280241,0.743809042,19,176372,90,835.45
44220,P15,11602,280213,0.444462865,29,160860,90,499.22
44220,P16,11581,280052,0.693671926,156,1350496,90,779.13
44221,P09,11559,280214,0.77855235,60,582980,90,874.47
44221,P12,11590,120444,0.790224359,24,236688,90,887.58
44221,P14,11597,280166,0.614276175,24,183988,90,689.96
44221,P15,11603,280212,0.772638889,60,578552,90,867.83
44222,P12,11591,241281,0.883814103,12,132360,90,992.70
44222,P12,11592,120434,0.591243722,48.5,357868,90,664.08
44222,P14,11599,120430,0.703899573,12,105416,90,790.62
44222,P14,11600,120431,0.778044872,36,349560,90,873.90
44224,P09,11560,280172,0.605250305,63,475872,90,679.82
44224,P13,11573,280169,0.80097589,67,669744,90,899.66
44224,P14,11601,120433,0.807705662,24,241924,90,907.22
44224,P15,11619,280214,0.748890165,67,626192,90,841.15
44225,P12,11594,120453,0.564075855,12,84476,90,633.57
44225,P12,11595,280107,0.536698718,36,241128,90,602.82
44225,P14,11598,280204,0.747725393,31,289280,90,839.85
44226,P14,11677,120430,0.457558761,12,68524,90,513.93
44227,P09,11622,280172,0.747435897,24,223872,90,839.52
44227,P10,11626,280206,0.654727564,24,196104,90,735.39
44227,P11,11627,280206,0.778846154,24,233280,90,874.80
44227,P12,11629,241281,0.849759615,12,127260,90,954.45
44227,P12,11658,120434,0.492361111,12,73736,90,553.02
44227,P13,11636,280169,0.729086538,24,218376,90,818.91
44227,P14,11640,120430,0.647676282,24,193992,90,727.47
44227,P15,11646,280214,0.783854167,24,234780,90,880.43
44227,P16,11649,280052,0.641312416,19,152068,90,720.32
44228,P09,11678,280172,0.687339744,24,205872,90,772.02
44228,P10,11679,280206,0.727434975,139,1261896,90,817.05
44228,P11,11680,280206,0.763832526,127,1210644,90,857.94
44228,P12,11681,120434,0.621784533,31,240556,90,698.39
44228,P13,11639,280235,0.623476554,103,724380,120,843.94
44228,P13,11682,280169,0.631196581,6,47264,90,708.96
44228,P13,11683,241287,0.759855769,24,227592,90,853.47
44228,P14,11683,120445,0.780194979,24,233684,90,876.32
44228,P15,11665,241283,0.610746083,36,274396,90,685.99
44228,P15,11684,280214,0.603311966,12,90352,90,677.64
44228,P16,11685,280052,0.760078348,36,341488,90,853.72
44229,P09,11623,280286,0.726816239,36,326544,90,816.36
44229,P10,11623,280206,0.581570513,12,87096,90,653.22
44229,P12,11659,280090,0.718669872,12,107628,90,807.21
44229,P14,11642,120447,0.70045406,12,104900,90,786.75
44229,P14,11643,280098,0.647836538,12,97020,90,727.65
44229,P16,11650,280213,0.624839744,12,93576,90,701.82
44230,P09,11624,280318,0.712398785,19,168924,90,800.17
44230,P12,11660,280164,0.622195513,12,93180,90,698.85
44230,P12,11661,120437,0.670726496,36,301344,90,753.36
44230,P14,11644,120431,0.780635198,55,535828,90,876.81
44230,P15,11647,280105,0.683512224,43,366800,90,767.72
44230,P16,11651,280222,0.61456044,91,697944,90,690.27
44231,P09,11625,280065,0.682751068,60,511244,90,766.87
44232,P12,11662,120444,0.719651442,48,431100,90,808.31
44232,P14,11645,120536,0.703418803,36,316032,90,790.08
44232,P15,11664,280103,0.604073184,48,361864,90,678.50
44233,P11,11628,280130,0.594391026,12,89016,90,667.62
44233,P13,11638,280233,0.732010934,24,198170,120,990.85
44234,P09,11692,280065,0.572702991,24,171536,90,643.26
44234,P10,11696,280206,0.657765336,158,1297008,90,738.80
44234,P11,11697,280206,0.816127069,158,1609272,90,916.67
44234,P12,11663,280241,0.916071429,7,80028,90,1028.93
44234,P12,11698,280284,0.747339744,60,559608,90,839.41
44234,P13,11701,280233,0.736854414,163,1354810,120,997.41
44234,P14,11702,280098,0.760576923,24,227808,90,854.28
44234,P15,11710,120534,0.610844017,12,91480,90,686.10
44234,P15,11710,280169,0.757665598,36,340404,90,851.01
44234,P16,11715,280052,0.719875728,163,1464400,90,808.56
44235,P09,11693,280315,0.523472527,87.5,571632,90,587.96
44235,P14,11703,120532,0.805769231,12,120672,90,905.04
44235,P14,11704,120534,0.780815018,7,68212,90,877.01
44236,P14,11705,120450,0.674839744,24,202128,90,757.98
44236,P15,11711,280205,0.771116577,43,413812,90,866.12
44237,P12,11699,120436,0.75506993,55,518280,90,848.09
44237,P14,11706,280236,0.634107906,12,94964,90,712.23
44237,P14,11707,280238,0.49821047,24,149224,90,559.59
44238,P15,11712,280214,0.765344551,48,458472,90,859.64
44239,P09,11694,280317,0.713942308,24,213840,90,801.90
44239,P12,11700,280285,0.717815171,36,322500,90,806.25
44239,P14,11708,280239,0.611885684,24,183272,90,687.27
44240,P09,11695,280317,0.641346154,24,192096,90,720.36
44240,P14,11709,280166,0.647435897,19,153520,90,727.20
44240,P15,11713,280052,0.673076923,24,201600,90,756.00
44241,P09,11735,280315,0.60907775,31,235640,90,684.12
44241,P10,11739,280206,0.724870222,163,1474560,90,814.17
44241,P11,11740,280206,0.459535256,24,137640,90,516.15
44241,P12,11745,120437,0.674105235,24,201908,90,757.16
44241,P13,11750,280233,0.657658431,31,229970,120,890.21
44241,P14,11752,280166,0.736318109,48,441084,90,827.03
44241,P15,11771,280214,0.743984794,43,399252,90,835.64
44241,P16,11762,280052,0.721252465,91,819112,90,810.11
44242,P09,11738,280169,0.088060897,12,13188,90,98.91
44242,P09,11738,280198,0.565535969,72,508168,90,635.21
44242,P11,11742,280130,0.625721154,24,187416,90,702.81
44242,P12,11746,120431,0.624158056,67,521896,90,701.05
44242,P13,11751,280234,0.703530742,127,1007850,120,952.30
44243,P11,11744,280172,0.668671068,67,559116,90,751.05
44243,P14,11770,120434,0.665731838,24,199400,90,747.75
44243,P15,11772,280205,0.702786681,36,315748,90,789.37
44244,P14,11754,120465,0.714169648,43,383252,90,802.16
44244,P15,11761,280103,0.709045584,45,398200,90,796.40
44245,P09,11737,280169,0.465541145,43,249828,90,522.90
44245,P12,11747,120532,0.497107304,59.5,369132,90,558.35
44245,P15,280103,280103,0.284722222,12,42640,90,319.80
44245,P16,11789,251200,0.609179971,53,402936,90,684.23
44246,P11,11743,251200,0.742147436,48,444576,90,833.58
44246,P14,11756,280164,0.476442308,24,142704,90,535.14
44247,P14,11757,120445,0.641720085,24,192208,90,720.78
44247,P15,11773,280204,0.609642094,24,182600,90,684.75
44247,P16,11790,280052,0.412633547,12,61796,90,463.47
44248,P09,11795,280286,0.476157407,36,213928,90,534.82
44248,P10,11796,280206,0.665092502,158,1311456,90,747.03
44248,P11,11797,251200,0.733653846,24,219744,90,824.04
44248,P12,11801,120433,0.682879274,24,204536,90,767.01
44248,P13,11831,280234,0.744057,27,226610,120,1007.16
44248,P14,11809,280107,0.753044872,12,112776,90,845.82
44248,P14,11833,280284,0.753605769,36,338580,90,846.45
44248,P15,11814,280222,0.803980356,163,1635489,90,903.03
44248,P16,11815,280052,0.747093755,163,1519768,90,839.14
44249,P09,11824,280065,0.538212251,36,241808,90,604.52
44249,P11,11798,280169,0.755568312,67,631776,90,848.65
44249,P12,11828,120448,0.789985486,53,522528,90,887.31
44249,P13,11807,280198,0.591544437,118,871132,90,664.42
44250,P12,118282,120448,0.857692308,12,128448,90,963.36
44250,P14,11808,280013,0.728146853,11,99960,90,817.85
44250,P14,11834,120436,0.718936966,12,107668,90,807.51
44251,P09,11825,280317,0.524689826,31,202992,90,589.33
44251,P12,11829,280169,#DIV/0!,0,24616,90,0.00
44251,P14,11836,120430,0.660657051,44,362780,90,742.05
44252,P09,11826,280106,0.561885684,24,168296,90,631.11
44252,P11,11799,241288,0.648904915,12,97180,90,728.85
44252,P11,11800,280214,0.797970085,60,597520,90,896.28
44252,P12,11830,120437,0.760472028,55,521988,90,854.16
44253,P09,11827,251200,0.606899929,36,272668,90,681.67
44253,P14,11835,280166,0.725674412,48,434708,90,815.08
44255,P09,11851,280104,0.652377137,24,195400,90,732.75
44255,P10,11852,280206,0.684775641,24,205104,90,769.14
44255,P11,11853,280214,0.688782051,19,163324,90,773.64
44255,P12,11854,120437,0.695432692,24,208296,90,781.11
44255,P14,11865,120430,0.654453441,19,155184,90,735.08
44255,P15,11871,280222,0.825404858,19,195720,90,927.09
44255,P16,11873,280052,0.663728632,24,198800,90,745.50
44256,P09,11909,280104,0.618856016,65,502016,90,695.10
44256,P10,11910,280206,0.731612811,134.5,1228056,90,821.75
44256,P11,11911,280214,0.809261023,137.3,1386672,90,908.96
44256,P12,11913,280227,0.381826241,24,103368,110,473.77
44256,P13,11914,241287,0.728283091,111,1008876,90,818.01
44256,P13,11941,241287,0.792857143,7,69264,90,890.54
44256,P14,11915,120430,0.784655449,24,235020,90,881.33
44256,P14,11941,280237,0.405729167,24,121524,90,455.72
44256,P15,11916,280214,0.387820513,12,58080,90,435.60
44256,P15,11916,280222,0.804527244,48,481944,90,903.65
44256,P16,11917,280052,0.646863216,136,1097908,90,726.56
44257,P12,11856,280228,0.341016548,12,46160,110,423.13
44257,P12,11857,280229,0.255319149,12,34560,110,316.80
44257,P14,11866,120435,0.765544872,24,229296,90,859.86
44258,P12,11858,280287,0.198463357,24,53728,110,246.25
44258,P14,11867,120465,0.771848291,12,115592,90,866.94
44258,P14,11868,280164,0.571948161,23,164172,90,642.41
44258,P15,11872,280214,0.737337048,77.3,711312,90,828.18
44259,P09,11895,280222,0.746655518,55.2,514368,90,838.64
44259,P12,11859,280225,0.188707038,26,55344,110,234.15
44259,P14,11870,120451,0.648277244,24,194172,90,728.15
44260,P12,11860,280226,0.306382979,12,41472,110,380.16
44260,P14,11869,120445,0.459842845,31,177904,90,516.50
44261,P12,11862,120450,0.513595085,24,153832,90,576.87
44262,P09,11918,280212,0.595559955,34,252708,90,668.93
44262,P10,11923,280206,0.60982189,149,1133976,90,684.95
44262,P11,11924,280214,0.762884615,70,666456,90,856.87
44262,P12,11927,120450,0.629128959,34,266952,90,706.64
44262,P13,11932,280169,0.656084218,58,474900,90,736.91
44262,P14,11936,120430,0.704259978,35.07,308236,90,791.02
44262,P15,11944,280214,0.693643162,12,103880,90,779.10
44262,P15,11945,280105,0.677516779,149,1259856,90,760.99
44262,P16,11946,280052,0.754910421,156,1469720,90,847.92
44263,P09,11919,280106,0.657311699,48,393756,90,738.29
44263,P12,11928,120453,0.708279915,12,106072,90,795.54
44264,P12,11929,120454,0.726163968,19,172188,90,815.63
44264,P13,11933,280198,0.580381242,19,137620,90,651.88
44264,P14,11937,120436,0.803445513,24,240648,90,902.43
44265,P09,11920,280315,0.487537269,43,261632,90,547.60
44265,P11,11925,280213,0.80506617,31,311464,90,904.25
44265,P12,11930,280107,0.545753205,24,163464,90,612.99
44265,P13,11934,280155,0.573303953,24,171716,90,643.94
44265,P14,11938,120444,0.777163462,12,116388,90,872.91
44265,P14,11940,280107,0.716594293,31,277236,90,804.88
44266,P11,11926,120444,0.667916667,60,500136,90,750.20
44266,P12,11931,241281,0.699626866,67,585000,90,785.82
44266,P13,11935,241283,0.726748252,55,498840,90,816.28
44267,P09,11921,280316,0.562962963,36,252928,90,632.32
44268,P14,11942,280239,0.506263355,24,151636,90,568.64
44269,P09,11977,280169,0.61840796,67,517088,90,694.60
44269,P10,11980,280206,0.551677204,146,1005200,90,619.64
44269,P11,11982,280130,0.579807692,19,137484,90,651.24
44269,P12,11986,120448,0.604086538,24,180936,90,678.51
44269,P13,11989,241287,0.671563545,115,963828,90,754.30
44269,P14,11991,120445,0.576068376,48,345088,90,647.04
44269,P15,11995,280214,0.682158796,158,1345108,90,766.20
44269,P16,12021,280052,0.758982561,127,1202957,90,852.49
44270,P10,11908,280206,0.372435897,12,55776,90,418.32
44270,P11,11983,120464,0.65570109,127,1039260,90,736.48
44270,P12,11987,120444,0.742174145,36,333444,90,833.61
44271,P12,11988,120436,0.650732601,91,739024,90,730.90
44271,P14,11992,120436,0.689609705,79,679900,90,774.57
44271,P14,11992,280236,0.607879274,12,91036,90,682.77
44272,P09,11978,280198,0.591034544,36,265540,90,663.85
44272,P16,1221,280052,0.792174145,12,118636,90,889.77
44273,P09,11979,280214,0.720304487,60,539364,90,809.05
44273,P16,120021,280052,0.801235147,20.5,204988,90,899.95
44274,P13,11990,280172,0.738882212,48,442620,90,829.91
44274,P14,11993,280236,0.594471154,12,89028,90,667.71
44275,P11,11984,280214,0.554540598,12,83048,90,622.86
44275,P12,11985,241281,0.725080128,12,108588,90,814.41
44275,P14,11994,280236,0.52545406,12,78692,90,590.19
44276,P09,12022,280214,0.443669872,16,88592,90,498.33
44276,P10,12027,280206,0.614567308,160,1227168,90,690.28
44276,P11,12029,280214,0.679838217,21,178172,90,763.59
44276,P12,12033,241281,0.665763403,33,274188,90,747.79
44276,P13,12041,120464,0.759017094,45,426264,90,852.53
44276,P14,12086,280238,0.675941506,16,134972,90,759.22
44276,P15,12051,280214,0.69896234,160,1395688,90,785.07
44276,P16,12053,280052,0.69516226,160,1388100,90,780.81
44277,P09,12024,280065,0.695132212,48,416412,90,780.77
44277,P11,12031,280198,0.729975728,103,938340,90,819.91
44277,P12,12073,120436,0.581603774,53,384696,90,653.26
44277,P14,12076,120536,0.664917201,24,199156,90,746.84
44278,P13,12043,251200,0.737437965,31,285300,90,828.29
44278,P14,12077,280090,0.800810185,36,359788,90,899.47
44279,P09,12025,280104,0.653445513,60,489300,90,733.95
44279,P13,12044,241288,0.571371337,84,598980,90,641.76
44279,P14,12084,120531,0.667735043,12,100000,90,750.00
44280,P12,12074,120448,0.669310897,60,501180,90,751.77
44280,P14,12083,120532,0.684009972,36,307312,90,768.28
44281,P09,12026,280106,0.739092225,31,285940,90,830.15
44281,P11,12032,280242,0.587366453,36,263892,90,659.73
44281,P14,12080,120451,0.559325889,31,216392,90,628.23
44282,P12,12082,280107,0.495432692,12,74196,90,556.47
44283,P09,12087,280106,0.599759615,48,359280,90,673.65
44283,P10,12091,280206,0.676120034,91,767856,90,759.42
44283,P11,12092,120448,0.684182164,91,777012,90,768.47
44283,P12,12095,120436,0.671712159,31,259872,90,754.47
44283,P13,12102,241288,0.641390877,43,344196,90,720.41
44283,P14,12135,280239,0.719991987,24,215652,90,808.70
44283,P15,12112,280205,0.74197684,31,287056,90,833.39
44283,P16,12114,280052,0.7527711,96,901880,90,845.51
44284,P12,12096,280223,0.261350801,27,79597,110,324.28
44284,P14,12106,120434,0.717254274,24,214832,90,805.62
44284,P15,12113,280222,0.749455128,60,561192,90,841.79
44285,P09,12088,280198,0.589930556,24,176696,90,662.61
44285,P13,12103,251200,0.655528846,36,294516,90,736.29
44285,P14,12107,120433,0.667013889,24,199784,90,749.19
44286,P09,12133,280325,0.787937063,22,216336,90,885.01
44286,P12,12097,280230,0.420837027,24,113929,110,522.17
44286,P13,12104,280172,0.691666667,12,103584,90,776.88
44286,P14,12108,120431,0.823937247,19,195372,90,925.45
44287,P09,12144,280325,0.664468864,21,174144,90,746.33
44287,P10,12145,280206,0.635801282,60,476088,90,714.13
44287,P11,12093,280326,0.713194444,36,320424,90,801.06
44287,P11,12146,120448,0.571794872,12,85632,90,642.24
44287,P12,12098,280232,0.175088652,12,23700,110,217.25
44287,P12,12151,280230,0.790121581,7,62388,110,980.38
44287,P13,12147,280172,0.540584936,24,161916,90,607.19
44287,P14,12148,120431,0.516813568,24,154796,90,580.49
44287,P15,12149,280222,0.711079219,67,594576,90,798.68
44287,P15,12149,280324,0.808974359,12,121152,90,908.64
44287,P16,12150,280052,0.764561806,67,639296,90,858.76
44288,P09,12090,120436,0.733079594,48,439144,90,823.40
44288,P12,12099,120436,0.756730769,12,113328,90,849.96
44288,P12,12100,120465,0.008373397,24,2508,90,9.41
44288,P13,12105,280212,0.617028536,31,238716,90,693.05
44288,P13,122105,280212,0.844230769,12,126432,90,948.24
44288,P14,12109,280164,0.64286859,12,96276,90,722.07
44288,P14,12110,120445,0.673370726,24,201688,90,756.33
44289,P10,12045,280206,0.765224359,12,114600,90,859.50
44289,P11,12094,280327,0.627637553,24,187990,90,704.96
44289,P12,12211,120436,0.627403846,12,93960,90,704.70
44289,P14,12111,120447,0.495486111,12,74204,90,556.53
44290,P09,12209,280104,0.6625,55,454740,90,744.12
44290,P10,12156,280206,0.657911392,158,1297296,90,738.97
44290,P11,12157,241283,0.606544665,31,234660,90,681.27
44290,P12,12212,120436,0.718354072,34,304812,90,806.86
44290,P13,12169,120464,0.606783767,127,961728,90,681.54
44290,P14,12171,120465,0.712019231,24,213264,90,799.74
44290,P15,12179,280213,0.673700142,36,302680,90,756.70
44290,P16,12183,280052,0.745599847,151,1405068,90,837.46
44291,P11,12161,280107,0.763782051,12,114384,90,857.88
44291,P12,12214,120448,0.614042934,43,329520,90,689.69
44291,P14,12172,120434,0.707726046,19,167816,90,794.92
44291,P15,12180,280205,0.684481838,24,205016,90,768.81
44292,P09,12210,280065,0.614363723,108,828064,90,690.05
44292,P11,12159,280172,0.69019765,36,310092,90,775.23
44292,P14,12173,120534,0.684294872,12,102480,90,768.60
44292,P14,12174,120536,0.719350962,48,430920,90,807.98
44292,P15,12181,280214,0.65407741,79,644868,90,734.66
44293,P11,12160,241287,0.624038462,31,241428,90,700.92
44293,P12,12199,120430,0.46696047,12,69932,90,524.49
44294,P12,12201,280228,0.269897557,36,109600,110,334.89
44294,P14,12175,280115,0.577831197,12,86536,90,649.02
44295,P11,12158,280264,0.541866987,48,324600,90,608.63
44295,P12,12202,280229,0.179669031,48,97280,110,222.93
44295,P13,12170,120448,0.796474359,36,357840,90,894.60
44295,P14,12176,280013,0.544925214,24,163216,90,612.06
44296,P14,12215,120465,0.708569501,19,168016,90,795.87
44296,P15,12182,280107,0.626602564,12,93840,90,703.80
44297,P09,12216,280315,0.630727874,31,244016,90,708.43
44297,P10,12219,280206,0.731465314,163,1487976,90,821.58
44297,P11,12219,280206,0.401373626,7,35064,90,450.82
44297,P11,12220,280206,0.627111951,112,876552,90,704.37
44297,P12,12273,280225,0.288698238,31,100952,110,358.22
44297,P13,12229,120448,0.646995192,24,193788,90,726.71
44297,P14,12232,120434,0.645423789,36,289976,90,724.94
44297,P15,12240,120436,0.557491987,24,166980,90,626.18
44297,P16,12243,280205,0.54253253,67,453644,90,609.37
44298,P09,12217,280317,0.712793803,48,426992,90,800.61
44298,P13,12231,241287,0.589982517,55,404964,90,662.67
44298,P14,12233,120435,0.698344017,24,209168,90,784.38
44298,P15,12241,241288,0.714045764,79,703992,90,802.02
44299,P12,12222,280226,0.569858156,12,77136,110,707.08
44299,P12,12223,280227,0.454196217,12,61480,110,563.57
44299,P14,12234,120532,0.659762286,24,197612,90,741.05
44300,P09,12218,280324,0.5499574,79,542214,90,617.71
44300,P12,12224,280114,0.347961182,36,156332,90,390.83
44300,P13,12230,280169,0.648614927,84,679956,90,728.52
44300,P14,12235,280098,0.361725427,24,108344,90,406.29
44300,P16,12244,280222,0.757354184,91,860112,90,850.66
44301,P12,120453,120453,0.588728632,12,88168,90,661.26
44301,P14,12236,280236,0.444323821,31,171900,90,499.06
44301,P15,12271,280214,0.644568765,55,442432,90,723.98
44302,P11,12221,280316,0.492770655,36,221392,90,553.48
44302,P12,12261,120431,0.494238223,43,265228,90,555.13
44303,P14,12237,280237,0.385550214,12,57740,90,433.05
44303,P14,12238,280238,0.250721154,12,37548,90,281.61
44304,P09,12279,280065,0.532564103,55,365552,90,598.18
44304,P10,12282,280206,0.715207645,163,1454904,90,803.32
44304,P11,12283,280206,0.666834099,67,557580,90,748.99
44304,P11,12321,280316,0.788141026,12,118032,90,885.24
44304,P12,12286,120431,0.483043981,72,434044,90,542.56
44304,P13,12289,280169,0.600516648,67,502128,90,674.50
44304,P14,12320,280238,0.540251068,24,161816,90,606.81
44304,P15,12296,280105,0.649660384,151,1224272,90,729.70
44304,P16,12298,280222,0.797530437,139,1383492,90,895.79
44305,P14,12292,120430,0.730875031,103,939496,90,820.92
44306,P09,12280,280315,0.631319444,60,472732,90,709.10
44307,P11,12306,280264,0.561518429,48,336372,90,630.70
44307,P12,12287,120465,0.609939955,79,601352,90,685.08
44307,P13,12291,120448,0.523050214,36,234996,90,587.49
44308,P13,12290,120464,0.678181818,55,465504,90,761.73
44309,P09,12281,241283,0.614983974,48,368400,90,690.75
44309,P11,12285,280352,0.580397022,31,224544,90,651.90
44309,P14,12293,120448,0.685389957,12,102644,90,769.83
44310,P12,12288,120448,0.63525641,12,95136,90,713.52
44310,P14,12294,120450,0.607986111,24,182104,90,682.89
44310,P15,12297,280172,0.566666667,12,84864,90,636.48
44310,P16,12323,280052,0.763848825,24,228788,90,857.96
44311,P09,12324,251200,0.491010733,43,263496,90,551.50
44311,P10,12329,280206,0.619113567,134,1035356,90,695.39
44311,P11,12330,280130,0.609655449,24,182604,90,684.77
44311,P12,12335,120436,0.765134545,91,868948,90,859.40
44311,P13,12340,120464,0.598277244,24,179196,90,671.99
44311,P14,12343,120453,0.726255342,24,217528,90,815.73
44311,P15,12377,120464,0.60244391,24,180444,90,676.67
44311,P16,12355,280052,0.753919941,139,1307840,90,846.80
44312,P11,12331,280129,0.565224359,12,84648,90,634.86
44312,P11,12332,280206,0.714435248,79,704376,90,802.45
44312,P13,12341,280169,0.634201505,115,910206,90,712.34
44312,P14,12344,120451,0.706646424,19,167560,90,793.71
44312,P15,12352,241288,0.655582265,36,294540,90,736.35
44313,P09,12325,241287,0.763114316,36,342852,90,857.13
44313,P14,12345,280164,0.692788462,12,103752,90,778.14
44313,P14,12346,120445,0.742000534,24,222244,90,833.42
44313,P15,12353,280106,0.691780627,45,388504,90,777.01
44314,P09,12326,280315,0.779220085,24,233392,90,875.22
44314,P14,12347,280236,0.491488604,36,220816,90,552.04
44315,P09,12327,280316,0.593227874,31,229508,90,666.31
44315,P12,12336,120430,0.520920139,48,312052,90,585.10
44316,P11,12333,280326,0.53525641,24,160320,90,601.20
44316,P14,12348,280238,0.523464209,24,156788,90,587.96
44316,P15,12354,280214,0.797596154,24,238896,90,895.86
44317,P09,12447,280316,0.569230769,24,170496,90,639.36
44317,P10,12448,280206,0.698637821,24,209256,90,784.71
44317,P11,12456,280326,0.544551282,24,163104,90,611.64
44317,P12,12457,120430,0.77071525,19,182752,90,865.67
44317,P13,12462,241287,0.635376603,24,190308,90,713.66
44317,P14,12349,280239,0.455540293,7,39796,90,511.66
44317,P14,12459,280238,0.512980769,12,76824,90,576.18
44317,P15,12460,280214,0.604273504,24,180992,90,678.72
44317,P16,12451,280052,0.70803953,12,106036,90,795.27
44317,P16,12461,280052,0.608012821,7,53116,90,682.92
44318,P09,12385,280105,0.781009615,60,584820,90,877.23
44318,P10,12388,280206,0.687376121,163,1398288,90,772.06
44318,P11,12468,120437,0.675272675,67,564636,90,758.47
44318,P12,12472,120436,0.662019231,12,99144,90,743.58
44318,P12,12486,120436,0.731810897,24,219192,90,821.97
44318,P13,12478,120437,0.820564516,31,317460,90,921.66
44318,P14,12481,120450,0.774759615,36,348084,90,870.21
44318,P15,12444,280212,0.740123733,43,397180,90,831.31
44318,P16,12408,280052,0.789741623,163,1606524,90,887.04
44319,P12,12473,120430,0.578062678,36,259712,90,649.28
44319,P13,12479,280107,0.70894765,36,318516,90,796.29
44319,P14,12482,120454,0.701949786,12,105124,90,788.43
44320,P09,123385,280105,0.720886752,12,107960,90,809.70
44320,P13,12398,280107,0.606810897,12,90876,90,681.57
44320,P14,12483,280166,0.603560606,55,414284,90,677.92
44320,P15,12445,120464,0.70005775,111,969776,90,786.30
44321,P09,12386,280325,0.679793341,67,568416,90,763.54
44321,P11,12485,280264,0.492441239,72,442488,90,553.11
44321,P12,12475,120433,0.664351852,36,298480,90,746.20
44321,P13,12480,280169,0.770416667,60,576888,90,865.33
44322,P12,12474,120435,0.631959707,7,55208,90,709.82
44322,P14,12484,280239,0.557649573,60,417568,90,626.35
44323,P12,12476,280013,0.371140491,24,111164,90,416.87
44324,P09,12387,120444,0.705448718,24,211296,90,792.36
44324,P11,12487,280327,0.554173344,24,165986,90,622.45
44324,P12,12477,120447,0.54176015,24,162268,90,608.51
44324,P13,12471,280318,0.605954791,19,143684,90,680.61
44325,P09,12490,120444,0.645072115,24,193212,90,724.55
44325,P10,12493,280206,0.609822298,158,1202472,90,684.95
44325,P11,12494,251200,0.719503444,67,601620,90,808.15
44325,P12,12498,120445,0.614436432,24,184036,90,690.14
44325,P13,12550,280213,0.697172619,84,730860,90,783.06
44325,P14,12509,120450,0.676148504,24,202520,90,759.45
44325,P15,12512,280103,0.725696767,115,1041520,90,815.10
44325,P16,12553,280198,0.70049355,163,1424972,90,786.79
44326,P09,12546,241283,0.609646402,31,235860,90,684.75
44326,P12,12503,120451,0.719871795,12,107808,90,808.56
44326,P12,12505,280090,0.298758741,55,205068,90,335.57
44326,P14,12532,120436,0.705099502,67,589576,90,791.97
44327,P09,125546,241283,0.654487179,12,98016,90,735.12
44328,P09,12548,280065,0.652630876,24,195476,90,733.04
44328,P11,12495,280130,0.564182692,24,168984,90,633.69
44328,P13,12551,280212,0.688111888,55,472320,90,772.89
44328,P13,12551,280355,0.681209936,24,204036,90,765.14
44329,P09,12549,280205,0.640451389,24,191828,90,719.36
44329,P11,12496,280129,0.503205128,24,150720,90,565.20
44329,P12,12523,280223,0.54213948,12,73384,110,672.69
44329,P12,12524,280230,0.520065012,12,70396,110,645.30
44329,P14,12533,280166,0.529380342,12,79280,90,594.60
44329,P14,12534,280204,0.749300699,55,514320,90,841.61
44330,P09,12547,280169,0.721556351,43,387216,90,810.45
44330,P11,12497,241283,0.703421288,43,377484,90,790.08
44330,P12,12525,280232,0.492996454,12,66732,110,611.71
44330,P12,12602,120536,0.517954545,55,355524,90,581.77
44330,P15,12578,280103,0.727447411,206,1870180,90,817.07
44332,P09,12558,280355,0.682331731,24,204372,90,766.40
44332,P10,12560,280206,0.681225421,163,1385776,90,765.15
44332,P11,12565,280245,0.761538462,48,456192,90,855.36
44332,P13,12573,280355,0.622916667,24,186576,90,699.66
44332,P14,616,120532,0.467788462,12,70056,90,525.42
44332,P14,12610,120532,0.759157509,84,795840,90,852.69
44332,P14,12610,120534,0.691552936,31,267548,90,776.75
44332,P16,12580,280205,0.556510716,67,465332,90,625.07
44332,P16,280205,280205,0.629326923,12,94248,90,706.86
44333,P09,12559,280324,0.64884477,139,1125564,90,728.78
44333,P12,12603,120531,0.50113515,24,150100,90,562.88
44333,P13,12574,280172,0.718990385,36,323028,90,807.57
44334,P11,12564,280352,0.614227208,36,275960,90,689.90
44334,P12,12572,280245,0.649947046,115,932804,90,730.02
44334,P13,12612,251200,0.792276675,31,306516,90,889.89
44335,P11,12563,280264,0.585808179,79,577560,90,657.98
44335,P16,12581,280052,0.73584875,79,725488,90,826.51
44336,P13,12575,280245,0.724866453,72,651336,90,814.17
44336,P14,12614,120534,0.463060897,36,208044,90,520.11
44339,P09,12617,280324,0.745536216,68.5,637344,90,837.39
44339,P10,12622,280206,0.648497643,154.68,1251864,90,728.39
44339,P11,12623,280246,0.778165064,24,233076,90,874.04
44339,P12,12627,280245,0.739823718,24,221592,90,830.97
44339,P13,12640,280246,0.734258952,146.07,1338520,90,824.72
44339,P14,12636,280244,0.686176869,157.37,1347636,90,770.71
44339,P15,12638,280166,0.652538314,153.12,1246960,90,732.93
44339,P16,12639,280222,0.644778207,155.62,1252248,90,724.21
44340,P11,12626,280245,0.656107354,91,745128,90,736.94
44340,P12,12630,280377,0.272635934,72,221424,110,338.29
44342,P09,12618,280315,0.636862421,46.5,369584,90,715.32
44342,P12,12628,280377,0.514874953,19,110348,110,638.86
44344,P11,12624,241283,0.705986418,37.72,332340,90,792.96
44344,P12,12631,280378,0.394931058,41.37,184296,110,490.03
44348,P09,12673,280103,0.540700415,68,458860,90,607.31
44348,P10,12675,280222,0.560833333,120,839904,90,629.93
44348,P11,12676,280264,0.628860294,68,533676,90,706.34
44348,P12,12680,241281,0.473867521,45,266124,90,532.25
44348,P13,12684,280052,0.665603378,63,523324,90,747.61
44348,P14,12685,280244,0.640351171,115,919032,90,719.24
44348,P15,12688,280106,0.668176329,69,575380,90,750.50
44348,P16,12691,280222,0.530311355,63,416952,90,595.65
44349,P12,12681,120444,0.559090909,22,153504,90,627.97
44351,P09,12674,280105,0.64889684,43,348224,90,728.84
44351,P11,12706,280236,0.172727273,22,47424,90,194.01
44351,P11,12706,280326,0.747115385,21,195804,90,839.16
44351,P12,12682,120437,0.630515491,48,377704,90,708.20
44351,P13,12708,280222,0.772716346,48,462888,90,867.92
44351,P15,12690,120464,0.575633572,43,308908,90,646.55
44351,P16,12710,280212,0.672475962,48,402840,90,755.33
44353,P09,12769,280315,0.465998932,24,139576,90,523.41
44353,P10,12718,280172,0.435462113,67,364116,90,489.11
44353,P10,12718,280222,0.494357566,91,561432,90,555.26
44353,P11,12779,280236,0.470058761,12,70396,90,527.97
44353,P11,12780,280237,0.244898504,12,36676,90,275.07
44353,P12,12728,120431,0.418910256,24,125472,90,470.52
44353,P13,12772,280222,0.686137821,24,205512,90,770.67
44353,P14,12709,280245,0.744791667,12,111540,90,836.55
44353,P14,12738,280245,0.469017094,12,70240,90,526.80
44353,P15,12746,280104,0.764155983,36,343320,90,858.30
44353,P15,12746,280324,0.596204453,19,141372,90,669.66
44353,P15,12747,280104,0.780849359,12,116940,90,877.05
44353,P15,12747,280324,0.642658253,96,769956,90,721.83
44353,P16,12749,280325,0.693762542,115,995688,90,779.23
44354,P09,12717,280324,0.727333518,139,1261720,90,816.94
44354,P11,12722,280129,0.594230769,12,88992,90,667.44
44354,P11,12723,280130,0.613541667,60,459420,90,689.13
44354,P12,12729,120431,0.536858974,24,160800,90,603.00
44354,P12,12729,120435,0.490526237,43,263236,90,550.96
44354,P13,12773,280212,0.71244862,131,1164768,90,800.22
44354,P14,12774,280164,0.520325855,12,77924,90,584.43
44354,P14,12775,120451,0.656864316,12,98372,90,737.79
44354,P17,12750,280105,0.18974359,40,189440,90,426.24
44355,P14,12776,120453,0.553038194,48,331292,90,621.17
44357,P11,12724,241283,0.539336969,67,450972,90,605.78
44357,P12,12731,280223,0.56356383,24,152568,110,699.27
44357,P14,12778,280326,0.600186567,67,501852,90,674.13
44358,P12,12732,120437,0.469276557,7,40996,90,527.09
44358,P12,12732,280230,0.629403073,24,170392,110,780.96
44358,P16,12748,280325,0.70625,48,423072,90,793.26
44359,P12,12803,280107,0.688402396,84,721666,90,773.21
44360,P09,12796,280324,0.61367048,158,1210060,90,689.27
44360,P10,12797,280206,0.696991505,163,1417848,90,782.86
44360,P11,12798,241288,0.631089744,36,283536,90,708.84
44360,P13,12807,280325,0.678804348,115,974220,90,762.43
44360,P14,12813,120430,0.541509324,55,371692,90,608.22
44360,P15,12858,280166,0.606134372,158,1195200,90,680.81
44360,P16,12821,280325,0.435752688,31,168584,90,489.44
44361,P11,12799,251200,0.484347614,79,477528,90,544.02
44361,P16,12856,280105,0.165598291,12,24800,90,186.00
44361,P16,12860,280324,0.369832776,115,530784,90,415.40
44361,P17,12856,280105,0.395090812,30,295844,90,887.53
44362,P14,12815,120431,0.666806891,48,399444,90,748.96
44363,P12,12804,120448,0.472104818,91,536160,90,530.27
44364,P14,12816,120532,0.544412393,60,407656,90,611.48
44364,P17,12862,280052,0.468349359,10,116900,90,1052.10
44365,P11,12833,120437,0.61497062,48,368392,90,690.74
44365,P13,12861,280052,0.625,43,335400,90,702.00
44367,P09,12907,280121,0.381436966,36,171372,90,428.43
44367,P10,12865,280206,0.547273612,158,1079136,90,614.70
44367,P11,12911,280206,0.631542113,158,1245300,90,709.35
44367,P12,12870,120437,0.552981949,163,1124898,90,621.11
44367,P13,12913,280222,0.744266163,163,1514016,90,835.96
44367,P14,12875,120531,0.235683761,12,35296,90,264.72
44367,P14,12877,120444,0.640331784,91,727212,90,719.22
44367,P15,12914,280104,0.649234905,31,251176,90,729.22
44367,P16,12884,280323,0.539001431,103,692854,90,605.41
44368,P09,12908,251200,0.515377044,127,816852,90,578.87
44368,P15,12915,280052,0.709596714,103,912144,90,797.02
44368,P17,12918,280323,0.263318331,47,308904,90,591.52
44369,P14,12878,280244,0.576746795,60,431868,90,647.80
44369,P16,12916,280325,0.574038462,60,429840,90,644.76
44370,P17,12889,120437,0.409222256,64,653708,90,919.28
44373,P15,12967,280166,0.579393697,24,173540,90,650.78
44374,P09,12925,280169,0.525500801,48,314796,90,590.24
44374,P10,12971,280206,0.665384615,141.5,1175016,90,747.36
44374,P11,12929,280326,0.498695691,36,224054,90,560.14
44374,P12,12932,120433,0.518796526,31,200712,90,582.71
44374,P13,12938,280052,0.483040158,119.12,718096,90,542.55
44374,P14,12941,120436,0.745753205,12,111684,90,837.63
44374,P14,12942,280236,0.48045406,60,359764,90,539.65
44374,P15,12972,280324,0.693162393,36,311424,90,778.56
44374,P16,12947,241287,0.620472756,24,185844,90,696.92
44375,P11,12930,280327,0.623170406,24,186652,90,699.95
44375,P12,12934,120536,0.597916667,24,179088,90,671.58
44375,P15,12946,280324,0.602787902,120.3,904992,90,677.05
44375,P16,12948,280324,0.513583026,124.63,798818,90,576.86
44375,P17,12949,280052,0.312118437,84,654400,90,701.14
44376,P09,12926,280325,0.682453119,67,570640,90,766.53
44376,P10,12791,280206,0.745512821,12,111648,90,837.36
44376,P11,12931,120464,0.599002323,94.72,708084,90,672.80
44376,P12,12935,280114,0.566239316,12,84800,90,636.00
44377,P09,12927,280065,0.618838796,39.38,304136,90,695.08
44377,P12,12936,120531,0.60476856,43,324543,90,679.28
44377,P12,12937,280244,0.674487932,37.48,315492,90,757.58
44377,P14,12943,280237,0.474045533,83.85,496064,90,532.45
44377,P17,12959,280052,0.441642342,28,308655,90,992.11
44387,P09,12994,280315,0.18170406,24,54424,90,204.09
44387,P10,13049,280206,0.484138386,170,1027148,90,543.78
44387,P11,12998,241288,0.105328526,24,31548,90,118.31
44387,P12,13053,280107,0.557725694,48,334100,90,626.44
44387,P13,13043,280247,0.313231383,48,169596,120,423.99
44387,P14,13057,120450,0.503585737,48,301668,90,565.63
44387,P15,13018,280103,0.263555021,24,78940,90,296.03
44387,P16,13021,280222,0.214663462,24,64296,90,241.11
44387,P17,13068,280052,0.232249695,84,486944,90,521.73
44387,P17,13068,280323,0.318161058,40,317652,90,714.72
44388,P09,13046,280315,0.473159636,31,183056,90,531.45
44388,P10,13046,280206,0.322115385,12,48240,90,361.80
44388,P11,13050,241288,0.419971955,48,251580,90,471.71
44388,P15,13062,280103,0.660664336,55,453480,90,742.06
44388,P16,13065,280222,0.632059147,163,1285760,90,709.93
44389,P09,13047,280318,0.160897436,12,24096,90,180.72
44389,P09,13047,280324,0.54622631,115,783944,90,613.52
44389,P12,13054,120448,0.72255609,48,432840,90,811.58
44389,P13,13044,280357,0.616822801,134,932340,120,834.93
44389,P14,13058,120465,0.615518162,12,92180,90,691.35
44389,P14,13060,280204,0.59002849,36,265088,90,662.72
44390,P11,13051,120437,0.633625144,67,529812,90,711.69
44390,P15,13063,280105,0.656537868,108,884908,90,737.42
44390,P17,13067,280323,0.223360043,60,334504,90,501.76
44391,P11,13052,280325,0.418028846,48,250416,90,469.53
44391,P12,13055,120444,0.697416526,91,792042,90,783.34
44391,P14,13061,280166,0.731959707,91,831272,90,822.14
44395,P09,13069,280104,0.495411325,60,370964,90,556.45
44395,P10,13071,280206,0.551166311,144,990512,90,619.07
44395,P11,13103,280206,0.501734421,158,989340,90,563.55
44395,P12,13077,120437,0.642668269,24,192492,90,721.85
44395,P13,13080,280235,0.535722055,163,985000,120,725.15
44395,P14,13082,280166,0.659254808,24,197460,90,740.48
44395,P15,13087,280052,0.638533912,31,247036,90,717.20
44395,P16,13090,280222,0.395490459,43,212236,90,444.21
44395,P17,13102,280052,0.361241236,160,1442653,90,811.49
44396,P12,13108,120444,0.326348825,24,97748,90,366.56
44396,P14,13083,120465,0.659920635,21,172952,90,741.22
44396,P15,13088,280106,0.536975066,127,851084,90,603.13
44397,P09,13070,280324,0.545504263,103,701213,90,612.71
44397,P12,13110,280377,0.3567823,115,462818,110,442.70
44397,P14,13084,280238,0.477362401,116,691068,90,536.17
44397,P16,13091,280052,0.28446767,115,408268,90,319.51
44402,P09,13130,280324,0.392163664,158,773284,90,440.48
44402,P10,13153,280206,0.492670805,158,971468,90,553.37
44402,P11,13134,280264,0.434428419,36,195180,90,487.95
44402,P12,13167,120531,0.357894737,19,84864,90,401.99
44402,P13,13145,280234,0.494196798,163,908650,120,668.94
44402,P14,13160,120453,0.485665954,45,272750,90,545.50
44402,P15,13146,280052,0.551325311,163,1121528,90,619.25
44402,P16,13147,280052,0.41901054,163,852368,90,470.63
44402,P17,13173,280052,0.448488898,152,1701531,90,1007.49
44403,P11,13135,280206,0.496812538,127,787428,90,558.02
44403,P12,13168,280114,0.555769231,12,83232,90,624.24
44403,P12,13169,280115,0.580128205,12,86880,90,651.60
44404,P12,13170,120431,0.527964744,48,316272,90,593.01
44404,P14,13161,120433,0.62711672,48,375668,90,704.38
44406,P12,13171,120434,0.487112514,67,407304,90,547.12
44406,P14,13162,120430,0.413509376,67,345760,90,464.45
44409,P09,13203,280325,0.502297009,36,225672,90,564.18
44409,P10,13206,280206,0.57863379,163,1177080,90,649.92
44409,P11,13207,280206,0.503044872,12,75336,90,565.02
44409,P11,13228,280264,0.475121359,103,610740,90,533.66
44409,P12,13212,120437,0.669498328,115,960864,90,751.98
44409,P13,13215,280234,0.53902251,115,699220,120,729.62
44409,P14,13218,120532,0.518063854,103,665940,90,581.89
44409,P14,130218,120532,0.567895299,12,85048,90,637.86
44409,P15,13221,280222,0.519509926,31,200988,90,583.51
44409,P16,13225,280222,0.611573856,163,1244088,90,686.92
44409,P17,13253,280052,0.329227876,108,887493,90,739.58
44410,P09,13204,280324,0.546322908,91,620448,90,613.63
44410,P15,13222,280325,0.560437653,84,587518,90,629.48
44414,P09,13205,280065,0.376139601,36,168992,90,422.48
44414,P11,13220,280264,0.609391771,43,327024,90,684.47
44414,P12,13322,120445,0.404306891,48,242196,90,454.12
44414,P13,13216,280233,0.607764308,43,294790,120,822.67
44414,P14,13220,280164,0.570726496,48,341888,90,641.04
44414,P15,13223,251200,0.542330054,43,291036,90,609.15
44414,P17,13261,280323,0.299482809,44,328904,90,672.76
44416,P09,13293,280212,0.574839744,12,86088,90,645.66
44416,P09,13293,280222,0.541153846,55,371448,90,607.82
44416,P10,13264,280206,0.511501947,158,1008600,90,574.52
44416,P11,13265,280206,0.582742475,115,836352,90,654.54
44416,P12,13266,120445,0.636228288,31,246144,90,714.61
44416,P13,13270,280233,0.544364313,163,1000890,120,736.85
44416,P14,13271,120534,0.45597166,19,108120,90,512.15
44416,P15,13277,280172,0.619471154,72,556632,90,695.79
44416,P16,13280,280222,0.421428571,7,36816,90,473.35
44416,P16,13308,280206,0.34654593,103,445464,90,389.24
44416,P17,13283,280324,0.303858674,64,485396,90,682.59
44417,P12,13315,120434,0.356837607,36,160320,90,400.80
44417,P14,13272,120465,0.682264957,12,102176,90,766.32
44417,P14,13273,120433,0.468687678,36,210572,90,526.43
44418,P09,13294,280212,0.44375,16,88608,90,498.42
44419,P12,13316,241281,0.53891237,91,612032,90,605.31
44419,P14,13274,120431,0.526802885,48,315576,90,591.71
44419,P15,13278,280169,0.64029517,43,343608,90,719.18
44419,P17,13284,280052,0.255627337,96,612524,90,574.24
44420,P09,13295,280052,0.524804131,72,471568,90,589.46
44421,P11,13376,280172,0.447115385,48,267840,90,502.20
44421,P14,13275,120437,0.724351521,43,388716,90,813.59
44421,P15,13279,280104,0.577290331,48,345820,90,648.41
44421,P16,13377,280213,0.522369124,48,312920,90,586.73
44423,P09,13323,280052,0.445244484,43,238936,90,500.10
44423,P10,13325,280206,0.495363379,163,1007688,90,556.39
44423,P11,13378,280172,0.525560897,12,78708,90,590.31
44423,P11,13379,120437,0.616025641,12,92256,90,691.92
44423,P12,13330,120532,0.632548794,67,528912,90,710.48
44423,P13,13332,280233,0.446217494,24,120800,120,604.00
44423,P13,13332,280234,0.796542553,4,35940,120,1078.20
44423,P14,13337,120436,0.626241987,24,187572,90,703.40
44423,P15,13342,280052,0.63460834,91,720712,90,712.79
44423,P16,13360,280213,0.55635808,43,298564,90,624.90
44423,P17,13347,280105,0.309094551,28,216020,90,694.35
44424,P11,13380,280129,0.378205128,24,113280,90,424.80
44424,P13,13334,251200,0.533530983,60,399508,90,599.26
44424,P14,13338,120448,0.65286548,67,545900,90,733.30
44424,P17,13348,280213,0.319923878,60,479118,90,718.68
44425,P09,13324,280324,0.514960981,115,739072,90,578.40
44425,P11,13381,280130,0.471397819,67,394164,90,529.47
44425,P12,13329,120536,0.518469551,48,310584,90,582.35
44425,P16,13346,280052,0.315785256,48,189168,90,354.69
44427,P13,13335,241287,0.406590545,48,243564,90,456.68
44427,P14,13340,120445,0.485888533,72,436600,90,545.75
44427,P15,13343,241288,0.610296474,48,365592,90,685.49
44427,P16,13361,280212,0.398611111,72,358176,90,447.72
44427,P17,13349,280323,0.380087515,64,607167,90,853.83
44428,P11,13383,280264,0.670272436,48,401520,90,752.85
44428,P12,13331,120437,0.658353365,48,394380,90,739.46
44429,P13,13336,280169,0.275151822,19,65244,90,309.05
44429,P15,13341,120430,0.340504808,24,101988,90,382.46
44430,P09,13387,280324,0.571684757,163,1162944,90,642.12
44430,P10,13389,280206,0.52872444,158,1042560,90,593.86
44430,P11,13390,280264,0.495112179,24,148296,90,556.11
44430,P12,13392,120437,0.515646004,103,662832,90,579.17
44430,P13,13395,280169,0.39211554,103,504041,90,440.42
44430,P14,13400,120430,0.701121795,12,105000,90,787.50
44430,P14,13401,120431,0.557987926,103,717260,90,626.73
44430,P15,13404,120436,0.619468569,31,239660,90,695.79
44430,P16,13407,280206,0.638017283,158,1258068,90,716.62
44430,P17,13350,280324,0.362980769,24,217440,90,815.40
44431,P11,13391,280240,0.464247558,84,486680,90,521.44
44431,P11,13435,120436,0.496978022,7,43416,90,558.21
44431,P15,13405,280323,0.667175197,127,1057446,90,749.37
44431,P17,13409,280324,0.374194841,124,1158148,90,840.59
44431,P17,134409,280324,0.475133547,12,142312,90,1067.34
44434,P12,13393,120444,0.616586538,36,277020,90,692.55
44434,P13,13417,241283,0.556730769,36,250128,90,625.32
44435,P11,13473,280326,0.517829457,43,277888,90,581.63
44435,P14,13402,120434,0.715845353,24,214410,90,804.04
44436,P12,13394,120436,0.590384615,24,176832,90,663.12
44436,P13,13418,251200,0.659014423,24,197388,90,740.21
44436,P14,13403,120450,0.699055331,19,165760,90,785.18
44437,P09,13436,280324,0.609421586,43,327040,90,684.50
44437,P10,13439,280206,0.660630342,72,593616,90,742.02
44437,P11,13440,280327,0.485109509,48,290600,90,544.88
44437,P11,13491,280326,0.605769231,12,90720,90,680.40
44437,P12,13445,120436,0.617221584,67,516096,90,693.26
44437,P13,13488,280121,0.515064103,24,154272,90,578.52
44437,P14,13449,120454,0.613541667,12,91884,90,689.13
44437,P14,13450,280236,0.47275641,24,141600,90,531.00
44437,P15,13455,280323,0.695726496,48,416768,90,781.44
44437,P16,13458,280206,0.65467853,67,547416,90,735.33
44437,P17,13492,280324,0.411771562,44,452224,90,925.00
44438,P13,13489,280318,0.53818109,24,161196,90,604.49
44438,P14,13451,280238,0.505261752,12,75668,90,567.51
44438,P17,13460,280324,0.279273504,12,83648,90,627.36
44439,P09,13437,280222,0.497676282,24,149064,90,558.99
44439,P11,13472,280352,0.333573718,12,49956,90,374.67
44439,P13,13490,280169,0.374190283,19,88728,90,420.29
44439,P14,13452,280239,0.465584936,24,139452,90,522.95
44439,P15,13456,280052,0.632692308,24,189504,90,710.64
44440,P09,13504,280222,0.569831731,48,341352,90,640.04
44440,P10,13505,280206,0.672469636,19,159456,90,755.32
44440,P11,13506,280352,0.373362215,91,424020,90,419.36
44440,P12,13507,120436,0.616286058,48,369180,90,692.21
44440,P13,13508,280169,0.617437901,96,739740,90,693.51
44440,P14,13453,280013,0.563862179,12,84444,90,633.33
44440,P14,13454,280166,0.600554918,67,502160,90,674.54
44440,P15,13510,280052,0.583072451,43,312900,90,654.91
44440,P16,13511,280206,0.439369658,36,197400,90,493.50
44440,P17,13503,280324,0.572794471,80,1143756,90,1286.73
44441,P10,13546,280351,0.365705128,12,54768,90,410.76
44441,P10,13547,280222,0.544455128,60,407688,90,611.53
44441,P16,13548,280351,0.508173077,60,380520,90,570.78
44442,P09,13438,280065,0.466129032,31,180336,90,523.56
44442,P09,280065,280065,0.613888889,12,91936,90,689.52
44442,P09,280166,280351,0.695681511,19,164960,90,781.39
44442,P12,13446,120437,0.480254919,43,257724,90,539.42
44442,P14,280166,280166,0.660790598,12,98960,90,742.20
44442,P15,13457,280325,0.445272436,48,266736,90,500.13
44444,P09,13514,280065,0.503053775,72,452024,90,565.03
44444,P10,13551,280222,0.500567239,139,868344,90,562.24
44444,P11,13518,120464,0.513254625,79,506028,90,576.49
44444,P11,13535,280351,0.244471154,12,36612,90,274.59
44444,P12,13522,280380,0.30570331,72,248280,110,379.32
44444,P12,13559,120437,0.184134615,12,27576,90,206.82
44444,P13,13525,280169,0.544029851,67,454896,90,611.05
44444,P14,13528,280166,0.628605769,24,188280,90,706.05
44444,P15,13525,280325,0.681410256,12,102048,90,765.36
44444,P15,13532,280325,0.667855404,158,1316904,90,750.14
44444,P16,13556,280351,0.588692795,158,1160808,90,661.22
44444,P17,13535,280324,0.405876068,24,243136,90,911.76
44445,P14,13531,120430,0.395130119,67,330392,90,443.81
44445,P17,13536,280323,0.388723776,88,853824,90,873.23
44447,P09,13516,241283,0.533777916,31,206508,90,599.54
44447,P11,13557,280351,0.509913004,84,534552,90,572.73
44447,P12,13523,280379,0.35094219,43,170221,110,435.45
44447,P13,13526,280325,0.558213141,48,334392,90,626.99
44448,P09,13549,280107,0.347542735,36,156144,90,390.36
44448,P14,13562,120465,0.5872151,36,263824,90,659.56
44449,P12,13524,280377,0.308687943,36,125352,110,383.02
44449,P13,13527,280107,0.646963563,19,153408,90,726.67
44449,P14,13554,120450,0.663221154,12,99324,90,744.93
44449,P17,13622,280052,0.327911325,36,294648,90,736.62
44450,P09,13558,120444,0.626722756,24,187716,90,703.94
44450,P10,13624,280351,0.574190283,19,136152,90,644.93
44450,P13,13623,120436,0.584014423,24,174924,90,655.97
44450,P14,13555,280098,0.478659188,24,143368,90,537.63
44450,P17,13591,280052,0.390274966,152,1480672,90,876.71
44451,P09,13571,280172,0.429090126,67,358788,90,481.95
44451,P09,13626,120444,0.523557692,12,78408,90,588.06
44451,P10,13574,280351,0.563346918,151,1061616,90,632.75
44451,P11,13575,280351,0.499841939,146,910752,90,561.42
44451,P12,13576,280375,0.450147754,24,121864,110,558.54
44451,P12,13625,280377,0.313120567,12,42384,110,388.52
44451,P13,13582,120436,0.774719551,24,232044,90,870.17
44451,P13,13582,280234,0.765026596,4,34518,120,1035.54
44451,P14,13585,120430,0.546106008,67,456632,90,613.39
44451,P14,13585,120431,0.613648504,12,91900,90,689.25
44451,P15,13589,280325,0.669877518,84,702246,90,752.41
44451,P16,13590,280351,0.594773478,163,1209912,90,668.05
44452,P12,13577,280375,0.465815603,10,52544,110,577.98
44452,P13,13584,280234,0.467624393,127,669900,120,632.98
44453,P12,13578,280378,0.25595838,19,54857,110,317.59
44454,P09,13572,241287,0.672339744,60,503448,90,755.17
44454,P12,13579,120436,0.393952991,60,294992,90,442.49
44454,P14,13586,120453,0.612406517,24,183428,90,687.86
44455,P14,13587,280090,0.616312416,19,146140,90,692.24
44455,P15,13628,280212,0.639552239,67,534768,90,718.35
44456,P12,13580,120437,0.525520833,24,157404,90,590.27
44456,P14,13588,280204,0.408742877,36,183640,90,459.10
44457,P09,13620,280325,0.356730769,24,106848,90,400.68
44457,P10,268360,280351,0.742467949,12,111192,90,833.94
44457,P12,13681,120448,0.414321862,19,98244,90,465.37
44457,P17,13700,280324,0.389091787,171,1660706,90,874.06
44458,P09,13674,280325,0.388647643,31,150360,90,436.53
44458,P10,13677,280351,0.573928919,158,1131696,90,644.64
44458,P11,13678,280264,0.419030449,48,251016,90,470.66
44458,P12,13682,241281,0.378405449,24,113340,90,425.03
44458,P13,13689,280234,0.451536643,24,122240,120,611.20
44458,P14,13692,120436,0.647702991,36,291000,90,727.50
44458,P15,13678,280323,0.714316239,12,106976,90,802.32
44458,P15,13697,280325,0.681836254,79,672236,90,765.84
44458,P16,13699,280351,0.637254025,43,341976,90,715.76
44459,P09,13675,280324,0.533342139,91,605706,90,599.05
44459,P12,13686,120531,0.430128205,24,128832,90,483.12
44459,P13,13690,280235,0.390913847,122,537960,120,529.14
44459,P14,13693,120430,0.613675214,24,183808,90,689.28
44460,P11,13714,241287,0.546946387,55,375424,90,614.33
44460,P12,13688,280164,0.403525641,24,120864,90,453.24
44460,P14,13694,120435,0.657422402,19,155888,90,738.42
44460,P16,13716,280324,0.661649944,115,949600,90,743.17
44461,P12,13702,280384,0.383754006,24,114942,90,431.03
44461,P14,13695,120536,0.547124288,36,245812,90,614.53
44461,P14,13698,280323,0.700080128,12,104844,90,786.33
44461,P15,13698,280323,0.641924858,72,576808,90,721.01
44462,P11,13715,241288,0.597820513,60,447648,90,671.47
44462,P12,13703,280385,0.457489879,19,108480,90,513.85
44462,P12,13715,241288,0.364102564,12,54528,90,408.96
44463,P09,13676,280315,0.313034188,36,140640,90,351.60
44463,P12,13704,280383,0.416987179,24,124896,90,468.36
44463,P14,13696,120532,0.618282585,24,185188,90,694.46
44464,P13,13691,280233,0.258495863,12,34990,120,349.90
44464,P14,13750,120430,0.594364316,12,89012,90,667.59
44465,P09,13722,280065,0.479166667,79,472420,90,538.20
44465,P10,13724,280351,0.64777592,115,929688,90,727.58
44465,P11,13725,280264,0.491048951,55,337056,90,551.55
44465,P12,13766,120437,0.676469017,36,303924,90,759.81
44465,P13,13732,280233,0.563024595,109,692250,120,762.11
44465,P14,13738,120448,0.783916084,44,430464,90,880.49
44465,P15,13740,280166,0.635117681,67,531060,90,713.36
44465,P16,13742,280222,0.631471572,115,906288,90,709.27
44465,P17,13743,280324,0.555615535,85.5,1185728,90,1248.13
44466,P12,13767,241281,0.628939637,24,188380,90,706.43
44467,P11,13726,280129,0.426201923,24,127656,90,478.71
44467,P12,13768,120430,0.508704453,19,120624,90,571.38
44467,P14,13739,120436,0.753575721,32,300948,90,846.42
44468,P09,13723,251200,0.504567308,36,226692,90,566.73
44468,P11,13727,280130,0.722088675,36,324420,90,811.05
44468,P12,13769,120433,0.413227831,36,185655,90,464.14
44468,P14,13737,120433,0.614850427,24,184160,90,690.60
44468,P15,13741,280106,0.611378205,48,366240,90,686.70
44469,P14,13771,280115,0.440384615,12,65952,90,494.64
44469,P17,13744,280323,0.680849359,24,407856,90,1529.46
44470,P09,13824,251200,0.635777244,48,380856,90,714.11
44470,P10,13825,280351,0.437660256,48,262176,90,491.58
44470,P11,13826,280130,0.560576923,19,132924,90,629.64
44470,P12,13833,120433,0.476762821,24,142800,90,535.50
44470,P13,13827,280107,0.156330128,24,46824,90,175.59
44470,P14,13818,120465,0.641717274,19,152164,90,720.78
44470,P14,13829,280115,0.596955128,12,89400,90,670.50
44470,P15,13830,280106,0.70322749,43,377380,90,789.87
44470,P16,13831,280222,0.281730769,48,168768,90,316.44
44470,P17,13832,280323,0.496741453,24,297568,90,1115.88
44471,P11,13835,280264,0.695392628,24,208284,90,781.07
44471,P12,13770,120451,0.43482906,12,65120,90,488.40
44471,P12,13817,120437,0.772996795,12,115764,90,868.23
44471,P13,13772,120436,0.163862179,24,49080,90,184.05
44471,P14,13836,120436,0.348878205,12,52248,90,391.86
44471,P17,13834,280324,0.573477564,16,229024,90,1288.26
44472,P09,13789,120464,0.597249164,115,857172,90,670.83
44472,P10,13791,280351,0.679358974,60,508704,90,763.06
44472,P11,13792,280264,0.573784804,163,1167216,90,644.48
44472,P12,13793,120437,0.704825175,55,483792,90,791.66
44472,P13,13796,120436,0.369800224,103,475356,90,415.36
44472,P14,13816,120436,0.646387229,103,830892,90,726.02
44472,P15,13802,280103,0.62962963,36,282880,90,707.20
44472,P16,13806,280222,0.685559117,72,616016,90,770.02
44472,P17,13808,280324,0.485871448,148,1794848,90,1091.46
44473,P15,13803,280105,0.537244401,79,529680,90,603.43
44474,P10,13838,280169,0.339049664,103,435828,90,380.82
44474,P12,13794,241281,0.682411859,24,204396,90,766.49
44475,P12,13795,280107,0.658173077,36,295704,90,739.26
44475,P16,13805,280052,0.560202991,84,587272,90,629.22
44476,P13,13797,280169,0.437867133,55,300552,90,491.81
44476,P14,13892,280166,0.76295406,60,571300,90,856.95
44476,P16,1805,280052,0.191346154,7,16716,90,214.92
44477,P09,13790,241288,0.431484794,43,231552,90,484.64
44477,P12,13887,120436,0.673181276,43,361256,90,756.12
44477,P15,13804,280166,0.712840545,48,427020,90,800.66
44477,P17,13807,280323,0.709188034,12,212416,90,1593.12
44479,P09,13839,280317,0.579344729,36,260288,90,650.72
44479,P10,13843,280169,0.538182382,31,208212,90,604.49
44479,P11,13846,280264,0.609744546,67,509844,90,684.87
44479,P12,13848,120436,0.339316239,60,254080,90,381.12
44479,P13,13851,280325,0.619220203,91,703236,90,695.51
44479,P14,13858,280166,0.617888622,48,370140,90,694.01
44479,P15,13859,280166,0.579200405,19,137340,90,650.56
44479,P16,13862,280052,0.506686254,36,227644,90,569.11
44479,P17,13864,280324,0.482932692,64,771456,90,1084.86
44480,P09,13840,280315,0.529131054,36,237728,90,594.32
44480,P10,13891,280351,0.472228952,127,748464,90,530.41
44480,P15,13860,280105,0.520879121,84,546048,90,585.05
44480,P16,13863,280222,0.746595208,122,1136736,90,838.58
44481,P12,13849,120448,0.663943864,103,853460,90,745.74
44481,P14,13854,120430,0.74106291,43,397684,90,832.36
44482,P09,13841,280065,0.514143921,62,397824,90,577.49
44482,P11,13847,280352,0.528432158,72,474828,90,593.54
44482,P17,13865,280213,0.599029558,36,538264,90,1345.66
44483,P13,13852,251200,0.620432692,48,371664,90,696.87
44483,P14,13855,120447,0.445512821,24,133440,90,500.40
44483,P15,13861,280212,0.650512821,55,446512,90,730.66
44483,P17,13866,280052,0.657992788,60,985410,90,1478.12
44484,P14,13856,120534,0.649412393,12,97256,90,729.42
44484,P14,13857,120437,0.736458333,36,330876,90,827.19
44485,P09,13842,280105,0.486778846,24,145800,90,546.75
44485,P11,13939,280351,0.377530364,19,89520,90,424.04
44485,P13,13853,241283,0.630288462,24,188784,90,707.94
44486,P09,13894,280105,0.601086009,103,772660,90,675.14
44486,P10,13896,280351,0.547888155,163,1114536,90,615.39
44486,P11,13897,280351,0.548230297,163,1115232,90,615.77
44486,P12,13898,120448,0.546823272,79,539124,90,614.19
44486,P13,13902,280172,0.675739645,91,767424,90,758.99
44486,P14,13905,120436,0.572828784,31,221616,90,643.40
44486,P15,13907,280212,0.48625,60,364104,90,546.16
44486,P16,13910,280351,0.56333176,163,1145952,90,632.73
44486,P17,13919,280052,0.319778312,24,191560,90,718.35
44487,P14,13906,280166,0.719286291,127,1140040,90,807.90
44487,P17,13918,280213,0.257341747,16,102772,90,578.09
44488,P15,13908,280103,0.6372669,55,437420,90,715.78
44488,P17,13942,280212,0.498691239,24,298736,90,1120.26
44489,P12,120448,120448,0.572155449,12,85686,90,642.65
44489,P17,13911,280324,0.573521384,64,916166,90,1288.36
44490,P09,13895,280106,0.548424145,60,410660,90,615.99
44490,P12,13899,241281,0.506810897,24,151800,90,569.25
44490,P13,13940,280222,0.639055944,55,438648,90,717.79
44490,P13,139021,280172,0.429487179,12,64320,90,482.40
44491,P12,13900,280107,0.6046875,24,181116,90,679.19
44491,P15,13909,280104,0.60579594,48,362896,90,680.43
44492,P12,14005,120434,0.519230769,19,123120,90,583.20
44492,P17,13917,280323,0.534742254,24,320332,90,1201.25
44493,P09,13992,280317,0.435562016,43,233740,90,489.22
44493,P10,13945,280351,0.588351996,158,1160136,90,660.84
44493,P11,13946,280351,0.540277778,36,242736,90,606.84
44493,P12,13948,120434,0.622435897,24,186432,90,699.12
44493,P13,13955,280222,0.737464387,108,993984,90,828.32
44493,P14,13956,120430,0.648103632,12,97060,90,727.95
44493,P14,13956,280166,0.67356437,48,403492,90,756.55
44493,P15,13962,241283,0.407960644,43,218928,90,458.22
44493,P16,13964,280351,0.671906953,163,1366820,90,754.69
44493,P17,13955,280324,0.808974359,12,242304,90,1817.28
44493,P17,13965,280324,0.611646804,142,2167872,90,1374.00
44494,P11,13990,280298,0.590190972,96,707096,90,662.90
44494,P11,13990,280351,0.367555831,31,142200,90,412.84
44494,P12,13949,120435,0.576282051,12,86304,90,647.28
44494,P12,13993,120536,0.44241453,36,198768,90,496.92
44494,P14,13987,120448,0.54644765,12,81836,90,613.77
44495,P09,13944,280169,0.521337793,115,748224,90,585.57
44495,P12,14009,280325,0.422115385,12,63216,90,474.12
44495,P13,14008,280325,0.542617866,31,209928,90,609.47
44495,P14,13997,120532,0.641066998,31,248016,90,720.05
44495,P15,13963,280222,0.675727318,91,767410,90,758.98
44495,P15,14009,280325,0.600961538,24,180000,90,675.00
44496,P12,13995,280384,0.422115385,12,63216,90,474.12
44496,P14,13959,280090,0.717467949,12,107448,90,805.86
44497,P12,13994,280383,0.484615385,19,114912,90,544.32
44497,P14,13998,280164,0.451028312,24,135092,90,506.60
44498,P12,13954,120448,0.59821047,36,268764,90,671.91
44498,P12,13996,280385,0.565064103,12,84624,90,634.68
44498,P14,13988,280204,0.768896902,24,230300,90,863.63
44499,P13,14021,280222,0.791907051,48,474384,90,889.47
44500,P09,14011,280169,0.607612179,12,90996,90,682.47
44500,P09,14071,241287,0.706690705,48,423336,90,793.76
44500,P10,14015,280351,0.674519231,24,202032,90,757.62
44500,P11,14017,280351,0.418218623,19,99168,90,469.74
44500,P12,14018,120448,0.562620192,24,168516,90,631.94
44500,P14,14024,280166,0.692908654,24,207540,90,778.28
44500,P15,14031,280105,0.540064103,24,161760,90,606.60
44500,P16,14059,280052,0.647807018,19,153608,90,727.62
44500,P17,14034,280324,0.504967949,24,302496,90,1134.36
44501,P10,14072,280351,0.563503044,139,977520,90,632.93
44501,P11,14073,280351,0.423557692,36,190296,90,475.74
44501,P12,14074,120448,0.55592576,43,298332,90,624.42
44501,P13,14022,241288,0.629342432,31,243480,90,706.88
44501,P13,14081,280222,0.70284965,55,482436,90,789.44
44501,P14,14076,280166,0.609842845,31,235936,90,684.98
44501,P15,14077,280105,0.507779113,48,304180,90,570.34
44501,P16,14078,280052,0.701307416,139,1216572,90,787.71
44501,P17,14079,280324,0.53875,40,537888,90,1210.25
44502,P09,14013,280325,0.600286416,47,352104,90,674.24
44502,P11,14094,280325,0.72093291,103,926716,90,809.75
44502,P14,14025,280107,0.522729701,48,313136,90,587.13
44502,P17,14035,280052,0.654652778,60,980408,90,1470.61
44503,P12,14019,120444,0.718596421,24,215234,90,807.13
44503,P13,14023,120437,0.605168269,48,362520,90,679.73
44503,P15,14032,280104,0.671502536,91,762612,90,754.23
44504,P12,14020,120431,0.733894231,12,109908,90,824.31
44504,P12,14020,120437,0.722211538,60,540792,90,811.19
44504,P14,14027,280238,0.456036325,12,68296,90,512.22
44505,P09,14014,280212,0.709815705,48,425208,90,797.27
44505,P14,14026,120451,0.538372093,43,288912,90,604.70
44505,P17,14036,280213,0.721960693,36,648725,90,1621.81
44507,P09,14134,280212,0.652977667,31,252624,90,733.42
44507,P10,14099,280351,0.550721154,48,329904,90,618.57
44507,P11,14102,280325,0.647596154,24,193968,90,727.38
44507,P12,14104,120436,0.601720648,19,142680,90,675.85
44507,P13,14109,280222,0.669647436,60,501432,90,752.15
44507,P14,14110,120430,0.539196047,48,323000,90,605.63
44507,P15,14158,280103,0.635048605,91,721212,90,713.29
44507,P16,14120,280052,0.738047543,72,663180,90,828.98
44507,P17,14122,280324,0.503471607,152,1910131,90,1131.00
44508,P09,14098,280065,0.648183761,48,388288,90,728.04
44508,P11,14154,241287,0.617235936,67,516108,90,693.28
44508,P12,14105,280376,0.24822695,60,168000,110,308.00
44509,P10,14160,280222,0.563719862,67,471360,90,633.17
44509,P13,14156,251200,0.589663462,48,353232,90,662.31
44509,P14,14111,120433,0.450026709,24,134792,90,505.47
44510,P09,14097,280316,0.773076923,12,115776,90,868.32
44510,P12,14106,280379,0.511505122,36,207712,110,634.68
44510,P14,14112,120536,0.507799145,24,152096,90,570.36
44510,P16,14121,280324,0.61617357,91,699776,90,692.09
44511,P09,14151,280315,0.574071948,67,480016,90,644.80
44511,P11,14204,280351,0.585456731,24,175356,90,657.59
44511,P13,14157,280318,0.590074442,31,228288,90,662.77
44511,P14,14113,280114,0.599797571,19,142224,90,673.69
44511,P15,14159,280324,0.737062937,55,505920,90,827.87
44512,P10,14153,280351,0.533333333,48,319488,90,599.04
44512,P11,14229,280264,0.683012821,48,409152,90,767.16
44512,P12,14107,280377,0.463232549,19,99280,110,574.78
44512,P14,14114,120531,0.614596688,24,184084,90,690.32
44513,P12,14108,280380,0.218617021,24,59184,110,271.26
44513,P13,14230,280052,0.575200321,24,172284,90,646.07
44513,P14,14115,280204,0.770900107,24,230900,90,865.88
44514,P09,14207,280315,0.552884615,12,82800,90,621.00
44514,P09,14208,280065,0.587246261,48,351784,90,659.60
44514,P10,14210,280351,0.665202045,158,1311672,90,747.15
44514,P11,14236,280264,0.625841346,24,187452,90,702.95
44514,P12,14249,280380,0.457683215,24,123904,110,567.89
44514,P13,14240,280052,0.66428953,24,198968,90,746.13
44514,P14,14221,280166,0.600019623,98,733848,90,673.94
44514,P15,14224,280324,0.759575321,48,455016,90,853.16
44514,P16,14243,280324,0.701562235,151,1322080,90,787.99
44514,P17,14245,280323,0.486217949,24,291264,90,1092.24
44515,P11,14237,280325,0.545936725,31,211212,90,613.20
44515,P12,14214,280378,0.375339835,24,101612,110,465.72
44515,P12,14237,120437,0.814423077,12,121968,90,914.76
44515,P13,14241,280325,0.68026909,91,772568,90,764.08
44515,P17,14214,280324,0.641987179,4,64096,90,1442.16
44515,P17,14246,280052,0.579051188,136,1965624,90,1300.78
44516,P09,14209,280325,0.536197663,79,528648,90,602.26
44516,P11,14238,280129,0.551682692,36,247860,90,619.65
44516,P12,14215,120448,0.606788175,67,507372,90,681.54
44516,P15,14225,280325,0.670879121,91,761904,90,753.53
44517,P14,14211,280166,0.598958333,12,89700,90,672.75
44518,P11,14239,280130,0.621814007,67,519936,90,698.42
44518,P12,14216,120437,0.538568376,24,161312,90,604.92
44518,P13,14242,280222,0.86474359,24,259008,90,971.28
44518,P14,14222,120430,0.64521234,48,386508,90,724.70
44520,P09,14327,280169,0.706209936,24,211524,90,793.22
44520,P12,14217,120532,0.467948718,24,140160,90,525.60
44520,P13,14328,120464,0.724238782,24,216924,90,813.47
44520,P15,14353,251200,0.597355769,24,178920,90,670.95
44520,P16,14234,280324,0.86517094,12,129568,90,971.76
44521,P09,14255,280169,0.612767891,67,512372,90,688.26
44521,P10,14259,280351,0.571173077,100,712824,90,641.54
44521,P11,14261,280352,0.403645833,24,120900,90,453.38
44521,P12,14266,120532,0.546474359,24,163680,90,613.80
44521,P13,14269,120464,0.531234491,93,616572,90,596.68
44521,P14,14329,280166,0.659188034,60,493600,90,740.40
44521,P15,14272,251200,0.665810958,106,880788,90,747.84
44521,P16,14330,280324,0.52111249,31,201608,90,585.31
44521,P17,14275,280052,0.549707768,102,1399512,90,1234.86
44522,P11,14355,280352,0.529066506,48,316932,90,594.25
44522,P12,14265,280164,0.551720648,19,130824,90,619.69
44522,P16,14331,280212,0.681153846,40,340032,90,765.07
44523,P12,14267,120437,0.576995646,53,381648,90,648.08
44523,P14,14271,280204,0.514548155,41,263284,90,577.94
44524,P09,14258,280065,0.378547009,30,141728,90,425.18
44524,P11,14262,120464,0.488202663,26,158412,90,548.35
44527,P14,14377,120437,0.508653846,12,76176,90,571.32
44527,P16,14378,280324,0.555876068,24,166496,90,624.36
44528,P09,14283,280065,0.605434367,67,506240,90,680.02
44528,P10,14286,280351,0.545432692,72,490104,90,612.63
44528,P11,14356,241283,0.708157568,31,273972,90,795.40
44528,P12,14336,120437,0.452737714,24,135604,90,508.52
44528,P13,14344,241283,0.436137821,24,130632,90,489.87
44528,P14,14370,120437,0.619070513,36,278136,90,695.34
44528,P15,14350,280222,0.613518944,67,513000,90,689.10
44528,P16,14351,280324,0.675712251,72,607168,90,758.96
44528,P17,14376,280052,0.553641827,60,829134,90,1243.70
44529,P11,14357,280240,0.371327457,24,111220,90,417.08
44529,P12,14360,120453,0.38525641,12,57696,90,432.72
44529,P12,14361,280013,0.585096154,24,175248,90,657.18
44529,P13,14345,280169,0.596690519,43,320208,90,670.20
44529,P14,14371,280107,0.584811828,31,226252,90,656.86
44530,P11,14358,280326,0.509615385,12,76320,90,572.40
44530,P12,14362,120445,0.433653846,12,64944,90,487.08
44531,P09,14399,280324,0.566837066,79,558856,90,636.67
44531,P10,14400,280351,0.531702654,57,378232,90,597.21
44531,P10,14419,280213,0.343677156,22,94360,90,386.02
44531,P11,14401,280326,0.566339476,24,169630,90,636.11
44531,P12,14403,120536,0.333989267,43,179232,90,375.14
44531,P13,14405,280169,0.498477564,12,74652,90,559.89
44531,P13,14413,120464,0.446198362,36,200468,90,501.17
44531,P14,14407,280166,0.673575499,36,302624,90,756.56
44531,P15,14412,120436,0.246821581,12,36964,90,277.23
44531,P15,14415,280103,0.370459402,12,55480,90,416.10
44531,P16,14409,280324,0.413060897,12,61860,90,463.95
44531,P16,14414,120464,0.453896761,19,107628,90,509.82
44531,P17,14410,280052,0.739100561,60,1106877,90,1660.32
44532,P09,14284,280166,0.566907051,12,84900,90,636.75
44532,P11,14420,280107,0.594511218,24,178068,90,667.76
44532,P14,14457,120437,0.803413834,43,431144,90,902.39
44532,P15,14423,280106,0.567441239,12,84980,90,637.35
44532,P15,14458,280222,0.658846154,60,493344,90,740.02
44532,P16,14424,280107,0.207211538,12,31032,90,232.74
44533,P11,14386,280351,0.515652952,43,276720,90,579.18
44533,P12,14404,280090,0.469871795,36,211104,90,527.76
44533,P13,14422,280213,0.446056947,43,239372,90,501.01
44533,P16,14352,280351,0.416105769,48,249264,90,467.37
44533,P17,14425,280323,0.618359375,16,246948,90,1389.08
44534,P10,1400,280351,0.538141026,12,80592,90,604.44
44534,P12,14365,280385,0.416987179,12,62448,90,468.36
44534,P14,14487,120431,0.620192308,12,92880,90,696.60
44534,P17,14486,280324,0.885897436,12,265344,90,1990.08
44535,P09,14427,280324,0.636526502,134,1064476,90,714.95
44535,P10,14428,280351,0.600362686,152,1138864,90,674.33
44535,P11,14429,280351,0.662087314,153,1264216,90,743.66
44535,P12,14489,280385,0.55708502,19,132096,90,625.72
44535,P13,14434,241283,0.432486264,28,151128,90,485.77
44535,P14,14441,120431,0.657518697,48,393880,90,738.53
44535,P15,14448,280324,0.64374483,31,249052,90,723.05
44535,P16,14449,280351,0.624983772,158,1232368,90,701.98
44535,P17,14450,280324,0.831709402,90,1868352,90,1868.35
44536,P12,14433,120465,0.715064103,12,107088,90,803.16
44536,P12,14460,120435,0.288234509,24,86332,90,323.75
44536,P12,14460,120465,0.449358974,12,67296,90,504.72
44536,P13,14436,280247,0.269998522,24,73094,120,365.47
44536,P15,14470,280169,0.557470414,65,452220,90,626.15
44537,P13,14437,280234,0.437648663,97.5,481326,120,592.40
44537,P14,14464,120465,0.629634081,24,188588,90,707.21
44538,P12,14461,120444,0.560877404,32,223992,90,629.98
44538,P14,14499,280237,0.743167605,20.5,190132,90,834.73
44539,P12,14462,120437,0.519376457,55,356500,90,583.36
44539,P14,14500,280239,0.624786325,60,467840,90,701.76
44539,P15,14471,241283,0.607444169,31,235008,90,682.28
44539,P17,14539,280323,0.768499599,16,306908,90,1726.36
44540,P17,14540,280052,0.68082265,48,815680,90,1529.40
44541,P09,14426,120436,0.630328526,24,188796,90,707.99
44541,P15,14472,280103,0.518389423,24,155268,90,582.26
44542,P09,14506,280318,0.609401709,24,182528,90,684.48
44542,P10,14563,280351,0.640282731,151,1206600,90,719.17
44542,P10,15463,280351,0.735576923,12,110160,90,826.20
44542,P11,14564,280351,0.597001817,127,946224,90,670.55
44542,P12,14541,120532,0.500747863,36,224976,90,562.44
44542,P13,14576,280234,0.403863599,43,195890,120,546.67
44542,P14,14565,280239,0.608030627,36,273176,90,682.94
44542,P15,14548,280325,0.676050024,163,1375248,90,759.34
44542,P16,14566,280351,0.707144596,158,1394376,90,794.26
44542,P17,14567,280052,0.744622305,88,1635548,90,1672.72
44543,P09,14507,280317,0.522214452,55,358448,90,586.55
44543,P12,14542,120465,0.555128205,12,83136,90,623.52
44543,P14,14571,280236,0.408042636,43,218972,90,458.31
44544,P12,14543,120531,0.543269231,24,162720,90,610.20
44544,P13,14531,280235,0.557771868,36,226500,120,755.00
44545,P09,14508,280316,0.600080128,48,359472,90,674.01
44545,P12,14545,120536,0.499253731,67,417456,90,560.76
44545,P13,14521,280233,0.635679854,64,458910,120,860.46
44545,P14,14568,280238,0.636867877,36,286132,90,715.33
44546,P17,14570,280212,0.550237046,24,329614,90,1236.05
44547,P09,14509,280315,0.66439206,31,257040,90,746.25
44547,P11,14620,280327,0.506695157,36,227648,90,569.12
44547,P14,14573,120454,0.60559562,24,181388,90,680.21
44547,P17,14550,280324,0.786698718,48,942528,90,1767.24
44548,P12,14546,280384,0.558814103,24,167376,90,627.66
44548,P13,14593,280222,0.488286713,55,335160,90,548.44
44548,P14,14574,280166,0.762887286,24,228500,90,856.88
44549,P09,14583,280103,0.585756258,84,614060,90,657.92
44549,P09,14595,251200,0.589823718,12,88332,90,662.49
44549,P10,14585,280351,0.597459882,102.63,765240,90,671.07
44549,P11,14586,280351,0.520144263,105.47,684648,90,584.23
44549,P12,14587,120451,0.409935897,12,61392,90,460.44
44549,P12,14621,280115,0.470192308,12,70416,90,528.12
44549,P14,14595,280166,0.716505465,110.15,984960,90,804.78
44549,P15,14596,280222,0.735160887,106.7,978952,90,825.73
44549,P16,14597,280351,0.811000224,102.9,1041480,90,910.92
44549,P17,14598,280324,0.78219697,88,1718080,90,1757.13
44550,P12,14622,120450,0.633832737,43,340140,90,711.92
44551,P13,14594,280172,0.409530359,56.77,290148,90,459.98
44552,P09,14584,280104,0.651362432,22.17,180220,90,731.61
44552,P12,14623,280107,0.647702991,36,291000,90,727.50
44553,P12,14624,120437,0.679077391,6.57,55680,90,762.74
44553,P17,14599,280213,0.642467949,17,272612,90,1443.24
44562,P09,14679,280315,0.536563009,36.82,246558,90,602.67
44562,P10,14683,280351,0.633103987,163.48,1291678,90,711.10
44562,P11,14684,280351,0.452104575,55.98,315854,90,507.80
44562,P12,14687,120531,0.51696528,26.93,173745,90,580.66
44562,P13,14694,280351,0.49465959,163.5,1009343,90,555.60
44562,P14,14695,280166,0.571991865,100.55,717772,90,642.46
44562,P15,14700,280052,0.626890441,164.5,1286981,90,704.12
44562,P16,14701,280351,0.733794731,22.75,208339,90,824.20
44562,P17,14703,280222,0.519458145,77.67,1007044,90,1166.91
44564,P09,14680,280316,0.597222222,12,89440,90,670.80
44564,P12,14688,120534,0.420165598,24,125848,90,471.93
44564,P16,14702,280052,0.722790998,139,1253840,90,811.84
44565,P09,14681,251200,0.590987371,67,494160,90,663.80
44565,P11,14685,280264,0.484888414,108,653552,90,544.63
44565,P12,14689,280385,0.644871795,12,96576,90,724.32
44565,P12,14690,280090,0.679069767,43,364416,90,762.73
44565,P14,14696,120450,0.493936966,24,147944,90,554.79
44566,P14,14698,280236,0.471127137,24,141112,90,529.17
44566,P17,14704,280212,0.675140224,12,202218,90,1516.64
44567,P12,14691,280164,0.625320513,12,93648,90,702.36
44567,P14,14699,280239,0.687010796,19,162904,90,771.65
44567,P17,14705,280052,0.669602475,72,1203356,90,1504.20
44568,P09,14718,280065,0.356129808,24,106668,90,400.01
44568,P12,14692,120465,0.533814103,24,159888,90,599.58
44569,P09,14715,280213,0.510763889,24,152984,90,573.69
44569,P12,14639,120436,0.72900641,12,109176,90,818.82
44569,P12,14693,120436,0.714262821,12,106968,90,802.26
44570,P09,14748,280106,0.526362179,60,394140,90,591.21
44570,P10,14721,280351,0.711148978,158,1402272,90,798.76
44570,P11,14751,280130,0.616211986,43,330684,90,692.13
44570,P12,14725,120436,0.56756993,22,155832,90,637.49
44570,P13,14730,280169,0.544051141,91,617868,90,611.08
44570,P14,14733,280166,0.648855891,79,639720,90,728.79
44570,P15,14759,280103,0.665901263,67,556800,90,747.94
44570,P16,14737,280052,0.651326567,36,292628,90,731.57
44570,P17,14739,280052,0.63502938,12,190204,90,1426.53
44570,P17,14761,280212,0.618253205,40,617264,90,1388.84
44571,P12,14726,280379,0.314877857,45,159832,110,390.70
44571,P16,14738,280351,0.708525136,127,1122984,90,795.82
44572,P09,14749,280235,0.52606383,12,71208,120,712.08
44572,P09,14749,280325,0.649859115,91,738032,90,729.92
44572,P11,14750,280129,0.587660256,12,88008,90,660.06
44572,P11,14752,280352,0.525608569,79,518208,90,590.36
44572,P13,1470,280169,0.023637821,12,3540,90,26.55
44572,P17,14763,280323,0.712820513,12,213504,90,1601.28
44573,P12,14727,280380,0.40293292,48,218164,110,499.96
44573,P14,14732,120454,0.626095085,12,93764,90,703.23
44573,P15,14760,280105,0.717376374,84,752040,90,805.76
44573,P17,14762,280324,0.711727855,88,1563296,90,1598.83
44574,P12,17730,280256,0.819348291,60,613528,90,920.29
44574,P13,17730,280169,0.720592949,12,107916,90,809.37
44574,P14,14756,120453,0.698571047,24,209236,90,784.64
44575,P12,14728,280376,0.215751278,43,104648,110,267.70
44575,P13,14754,241283,0.514524291,19,122004,90,577.91
44575,P14,14757,120435,0.656436966,12,98308,90,737.31
44575,P14,14758,120445,0.735184036,31,284428,90,825.76
44576,P11,14753,280351,0.673958333,24,201864,90,756.99
44576,P13,14755,280351,0.401442308,24,120240,90,450.90
44576,P15,14857,280166,0.767761752,12,114980,90,862.35
44577,P09,14796,251200,0.409294872,7,35756,90,459.72
44577,P09,14796,280222,0.553463452,67,462784,90,621.65
44577,P09,14831,280316,0.563995726,12,84464,90,633.48
44577,P10,14797,280351,0.545782343,88,599400,90,613.02
44577,P11,14799,280351,0.679965557,67,568560,90,763.74
44577,P12,14860,280377,0.459072104,24,124280,110,569.62
44577,P13,14806,280351,0.616060862,91,699648,90,691.96
44577,P14,14808,120433,0.498063568,24,149180,90,559.43
44577,P15,14815,280166,0.73811121,43,396100,90,829.05
44577,P16,14816,280351,0.671226874,79,661776,90,753.92
44577,P17,14818,280324,0.721561165,48,864488,90,1620.92
44578,P09,14795,251200,0.431463675,12,64616,90,484.62
44578,P12,14802,280375,0.50689273,32,182968,110,628.95
44578,P14,14809,120532,0.736921296,72,662168,90,827.71
44579,P09,14794,280065,0.536111111,48,321152,90,602.16
44579,P12,14803,280378,0.272754137,12,36920,110,338.43
44579,P15,14813,280105,0.538261218,24,161220,90,604.58
44579,P15,148815,280166,0.864316239,12,129440,90,970.80
44579,P17,14820,280212,0.50382946,24,301814,90,1131.80
44580,P11,14836,280326,0.643910256,36,289296,90,723.24
44580,P12,14804,120536,0.528881119,55,363024,90,594.04
44580,P15,14814,280103,0.773855891,79,762960,90,869.19
44580,P16,14817,280256,0.713834673,67,596880,90,801.78
44580,P16,14817,280351,0.468910256,12,70224,90,526.68
44580,P17,14819,280052,0.637192235,88,1399580,90,1431.39
44581,P10,14798,280256,0.365705128,72,328608,90,410.76
44581,P11,14838,280327,0.661480591,36,297190,90,742.98
44581,P13,14807,280222,0.730662393,72,656544,90,820.68
44581,P14,14837,280238,0.685420575,41,350716,90,769.86
44582,P12,14805,120532,0.760042735,36,341472,90,853.68
44583,P11,14926,280325,0.719791667,24,215592,90,808.47
44583,P14,14839,280239,0.560990919,24,168028,90,630.11
44584,P09,14863,280172,0.678327041,163,1379880,90,761.90
44584,P10,14864,280256,0.63288705,158,1247952,90,710.86
44584,P11,14865,280325,0.690384615,12,103392,90,775.44
44584,P11,14866,280351,0.696430453,146,1268952,90,782.23
44584,P12,14868,120433,0.640785256,48,383856,90,719.73
44584,P13,14928,280222,0.751098901,28,262464,90,843.63
44584,P14,14924,280236,0.509448451,48,305180,90,572.21
44584,P15,14882,280103,0.692574786,24,207440,90,777.90
44584,P16,14884,280256,0.663728632,36,298200,90,745.50
44584,P17,14888,280324,0.694410657,100,1733249,90,1559.92
44584,P17,14888,280325,0.755662393,12,226336,90,1697.52
44585,P13,14923,280235,0.530176272,103,615980,120,717.65
44585,P15,14883,280104,0.677367252,127,1073600,90,760.82
44585,P16,14885,280351,0.722365233,127,1144920,90,811.36
44586,P12,14869,120435,0.663736264,7,57984,90,745.51
44586,P12,14915,120465,0.560790598,36,251952,90,629.88
44586,P14,14919,280166,0.702618735,88,771644,90,789.18
44588,P12,14871,280098,0.531730769,24,159264,90,597.24
44589,P12,14916,280013,0.740384615,12,110880,90,831.60
44589,P12,14917,120450,0.73707265,36,331152,90,827.88
44589,P17,14886,280213,0.572977229,43,614965,90,1287.14
44590,P13,14918,280234,0.46320922,24,125400,120,627.00
44590,P14,14900,120430,0.357251603,24,107004,90,401.27
44590,P15,14956,280166,0.426510989,7,37260,90,479.06
44591,P09,14929,280065,0.551192606,43,295792,90,619.10
44591,P10,14931,280256,0.60869391,48,364632,90,683.69
44591,P11,14933,280351,0.64306891,48,385224,90,722.30
44591,P12,14934,120430,0.660121457,19,156528,90,741.45
44591,P13,14939,280234,0.746010638,48,403920,120,1009.80
44591,P14,14940,280166,0.461650268,43,247740,90,518.53
44591,P15,14943,280166,0.408173077,36,183384,90,458.46
44591,P16,14947,280351,0.531089744,12,79536,90,596.52
44591,P16,14948,280222,0.655769231,36,294624,90,736.56
44591,P17,14949,280222,0.478197497,21,250652,90,1074.22
44592,P12,14935,120536,0.699358974,24,209472,90,785.52
44592,P15,14944,251200,0.584214744,12,87492,90,656.19
44592,P17,14986,280222,0.758327908,96,1817075,90,1703.51
44593,P09,14978,280065,0.657451923,96,787680,90,738.45
44593,P10,14979,280256,0.671754808,48,402408,90,754.52
44593,P11,14980,280351,0.757274247,115,1086840,90,850.57
44593,P12,14981,120536,0.600160256,24,179760,90,674.10
44593,P13,14982,280234,0.759196731,115,984830,120,1027.65
44593,P14,14983,280166,0.581641738,36,261320,90,653.30
44593,P15,14984,251200,0.394511218,24,118164,90,443.12
44593,P16,14985,280222,0.824013378,115,1182624,90,925.53
44594,P12,14936,280383,0.696634615,24,208656,90,782.46
44594,P14,14941,280204,0.637917884,79,628936,90,716.51
44594,P15,14945,280169,0.668856838,36,300504,90,751.26
44595,P10,14932,280351,0.613490241,67,512976,90,689.07
44595,P12,14937,280384,0.73560794,31,284592,90,826.23
44595,P15,14946,280169,0.71043956,7,62064,90,797.97
44595,P15,14946,280325,0.743529647,48,445404,90,835.13
44596,P09,14930,280316,0.494669366,19,117296,90,555.61
44596,P12,14938,280107,0.564654558,36,253688,90,634.22
44596,P17,14957,280052,0.647816506,40,646780,90,1455.26
44598,P09,14990,280104,0.625320513,60,468240,90,702.36
44598,P10,14993,280351,0.60916706,163,1239192,90,684.22
44598,P11,14994,280351,0.739449064,37,341448,90,830.55
44598,P12,15002,120450,0.635336538,48,380592,90,713.61
44598,P13,15004,280234,0.692080378,12,93680,120,936.80
44598,P13,15006,280233,0.739203221,146,1217379,120,1000.59
44598,P14,15007,280166,0.665422454,144,1195844,90,747.40
44598,P15,15011,280169,0.741540529,155,1434436,90,832.90
44598,P16,15012,280351,0.724513145,79,714312,90,813.77
44598,P17,15015,280052,0.653788919,112,1827680,90,1468.67
44600,P09,14991,280172,0.585087251,36,262868,90,657.17
44600,P11,14995,280264,0.699434225,115,1003828,90,785.60
44600,P12,15003,120465,0.629807692,12,94320,90,707.40
44600,P12,15024,280401,0.673237179,24,201648,90,756.18
44601,P12,15025,280403,0.443406593,7,38736,90,498.03
44601,P16,15013,280325,0.809302326,43,434304,90,909.01
44602,P09,14992,241283,0.625784539,67,523256,90,702.88
44602,P12,15026,280403,0.721474359,12,108048,90,810.36
44602,P12,15027,120430,0.643269231,24,192672,90,722.52
44602,P14,15008,120445,0.733470696,7,64076,90,823.83
44602,P14,15009,120451,0.685202991,6,51308,90,769.62
44603,P12,15029,120435,0.402777778,12,60320,90,452.40
44603,P16,15014,280169,0.690678419,36,310308,90,775.77
44603,P17,15016,280324,0.740090812,48,886688,90,1662.54
44604,P12,15028,120444,0.521474359,24,156192,90,585.72
44605,P09,15046,280065,0.560460909,163,1140112,90,629.51
44605,P10,15047,280351,0.53040409,158,1045872,90,595.75
44605,P11,15050,280222,0.707799145,108,954000,90,795.00
44605,P12,15052,120448,0.766815742,43,411504,90,861.29
44605,P13,15058,280233,0.781966691,89,785032,120,1058.47
44605,P14,15060,280204,0.726816239,48,435392,90,816.36
44605,P15,15103,280213,0.678175991,55,465500,90,761.73
44605,P16,15066,280325,0.733878205,60,549528,90,824.29
44605,P17,15068,280324,0.669624126,88,1470816,90,1504.24
44607,P12,15051,120436,0.761404915,36,342084,90,855.21
44607,P14,15100,120430,0.606893939,55,416572,90,681.66
44607,P15,15104,251200,0.824519231,12,123480,90,926.10
44607,P15,15104,280052,0.734855769,36,330156,90,825.39
44607,P16,15067,280222,0.731928008,78,712488,90,822.10
44608,P12,15053,280107,0.700240385,12,104868,90,786.51
44609,P11,15049,280405,0.791801619,19,187752,90,889.35
44609,P12,15094,280114,0.403685897,24,120912,90,453.42
44609,P13,15099,280256,0.672130178,65,545232,90,754.94
44609,P14,1501,120532,0.438969017,12,65740,90,493.05
44609,P15,15105,251200,0.671774194,31,259896,90,754.54
44609,P17,15069,280052,0.767232734,62,1187308,90,1723.51
44610,P11,15093,251200,0.68974359,36,309888,90,774.72
44610,P12,15095,280115,0.595192308,12,89136,90,668.52
44610,P12,15096,120531,0.734294872,12,109968,90,824.76
44610,P14,15107,120532,0.750026709,12,112324,90,842.43
44610,P14,120536,120536,0.616319444,12,92300,90,692.25
44611,P12,15097,280164,0.75242915,19,178416,90,845.13
44611,P14,15102,120536,0.649519231,24,194544,90,729.54
44611,P15,15163,241283,0.724439103,24,216984,90,813.69
44611,P16,15164,280052,0.79039797,24,236740,90,887.78
44612,P09,15143,280065,0.729582146,54,491680,90,819.47
44612,P10,15110,280351,0.70244219,163,1428936,90,788.98
44612,P11,15112,280327,0.623686594,46,358046,90,700.52
44612,P12,15114,120430,0.753205128,12,112800,90,846.00
44612,P12,15115,120433,0.669818376,72,601872,90,752.34
44612,P13,15119,280256,0.636914986,103,818716,90,715.38
44612,P14,15151,120435,0.455533063,19,108016,90,511.65
44612,P15,15127,241283,0.580929487,36,261000,90,652.50
44612,P16,15130,280052,0.701860191,158,1383956,90,788.33
44612,P17,15131,280052,0.627786124,96,1504276,90,1410.26
44613,P09,15161,280315,0.680891331,84,713792,90,764.78
44613,P14,15121,280236,0.57454594,60,430220,90,645.33
44613,P15,15128,280169,0.517136255,43,277516,90,580.85
44614,P11,15111,280326,0.454720535,57,323470,90,510.74
44615,P12,15145,280383,0.623321678,55,427848,90,700.11
44615,P14,15122,280238,0.644115028,36,289388,90,723.47
44615,P15,15129,280052,0.770516878,79,759668,90,865.44
44616,P11,15113,280052,0.488368298,55,335216,90,548.54
44616,P13,15120,280052,0.790940171,60,592256,90,888.38
44616,P17,15132,280324,0.598379342,62,926004,90,1344.20
44617,P14,15123,280239,0.564093137,34,239356,90,633.59
44617,P14,15124,280237,0.669159544,9,75160,90,751.60
44618,P09,15198,280316,0.7875,20,196560,90,884.52
44618,P09,15216,280316,0.258119658,12,38656,90,289.92
44618,P12,15118,120448,0.745806624,36,335076,90,837.69
44619,P09,15199,280052,0.689218305,36,309652,90,774.13
44619,P10,15171,280351,0.635867621,43,341232,90,714.21
44619,P11,15172,280052,0.472035256,12,70692,90,530.19
44619,P11,15173,280405,0.822863248,36,369696,90,924.24
44619,P12,15175,120448,0.466428867,31,180452,90,523.89
44619,P13,15177,280052,0.783378056,43,420392,90,879.89
44619,P14,15181,280166,0.800614316,48,479600,90,899.25
44619,P15,15184,280052,0.754500534,48,451976,90,847.46
44619,P16,15186,280052,0.695606303,48,416696,90,781.31
44619,P17,15189,280222,0.671153846,24,402048,90,1507.68
44619,P17,15190,280324,0.441239316,12,132160,90,991.20
44620,P17,15233,280222,0.524032769,91.5,1196807,90,1177.19
44621,P09,15224,280052,0.646334135,24,193590,90,725.96
44621,P10,15225,280351,0.682692308,115,979800,90,766.80
44621,P11,15226,280405,0.726320321,67,607320,90,815.80
44621,P12,15227,120448,0.663141026,12,99312,90,744.84
44621,P12,15227,120532,0.443589744,12,66432,90,498.24
44621,P13,15229,280052,0.613203348,36,275500,90,688.75
44621,P14,15230,280166,0.744785687,67,622760,90,836.54
44621,P15,15185,280405,0.66814476,103,858860,90,750.46
44621,P16,15187,280405,0.758682984,99,937368,90,852.15
44621,P16,15232,280052,0.512900641,12,76812,90,576.09
44622,P09,15170,280316,0.590659341,7,51600,90,663.43
44622,P09,15170,280317,0.718742369,84,753472,90,807.29
44622,P12,15228,120532,0.768906395,83,796464,90,863.64
44622,P13,15178,280325,0.657211538,24,196848,90,738.18
44623,P13,15180,280172,0.618269231,31,239196,90,694.44
44624,P11,15174,280352,0.719731571,48,431148,90,808.40
44624,P14,15182,120454,0.529500534,24,158596,90,594.74
44625,P12,15280,120450,0.836538462,8,83520,90,939.60
44625,P13,15200,280318,0.415705128,12,62256,90,466.92
44625,P13,15279,280169,0.569471154,12,85284,90,639.63
44625,P14,15183,120532,0.75511485,24,226172,90,848.15
44625,P15,15278,280405,0.679086538,12,101700,90,762.75
44625,P17,15281,280222,0.696634615,24,417312,90,1564.92
44626,P09,15237,280052,0.764068602,151,1439872,90,858.20
44626,P10,15238,280351,0.669077395,163,1361064,90,751.51
44626,P11,15239,280352,0.631443743,67,527988,90,709.24
44626,P12,15243,120450,0.569230769,24,170496,90,639.36
44626,P13,15245,280169,0.559935897,24,167712,90,628.92
44626,P14,15248,120431,0.715906047,67,598612,90,804.11
44626,P15,15251,280395,0.689696252,325,2797408,90,774.67
44626,P16,15253,280256,0.573387097,31,221832,90,644.03
44626,P17,15256,280052,0.628589493,64,1004134,90,1412.06
44627,P12,15244,120453,0.745405983,36,334896,90,837.24
44627,P13,15246,280325,0.687586806,48,411892,90,772.30
44627,P16,15254,280351,0.614329594,24,184004,90,690.02
44628,P09,25137,280052,0.817601496,12,122444,90,918.33
44628,P12,15242,120431,0.651642628,96,780720,90,731.93
44628,P16,15255,280052,0.829614049,96,993944,90,931.82
44629,P11,15240,280129,0.530117866,31,205092,90,595.43
44629,P13,15247,280052,0.664472387,91,754628,90,746.34
44629,P14,15249,120448,0.652635328,36,293216,90,733.04
44629,P15,15252,280391,0.669036172,84,701364,90,751.46
44629,P17,15257,280396,0.645104667,64,1030516,90,1449.16
44630,P11,15241,280130,0.692911449,43,371844,90,778.28
44630,P14,15250,280166,0.739691142,55,507724,90,830.82
44632,P11,15330,280256,0.761057692,12,113976,90,854.82
44632,P12,15329,120436,0.70625,12,105768,90,793.26
44632,P15,15328,280172,0.588862179,12,88188,90,661.41
44632,P16,15301,280351,0.779875566,170,1654584,90,875.96
44632,P17,15302,280324,0.592574786,48,709952,90,1331.16
44633,P09,15282,280052,0.530263158,19,125736,90,595.59
44633,P10,15287,280351,0.687647475,163,1398840,90,772.37
44633,P11,15288,280256,0.7350215,161,1476864,90,825.58
44633,P12,15312,120436,0.590953267,31,228628,90,663.76
44633,P13,15295,280052,0.701923077,12,105120,90,788.40
44633,P13,15296,280325,0.458741259,55,314880,90,515.26
44633,P14,15298,280166,0.783906513,137,1340292,90,880.48
44633,P15,15299,280172,0.679301619,19,161076,90,762.99
44634,P09,15333,280325,0.415384615,24,124416,90,466.56
44634,P12,15290,280377,0.339716312,32,122624,110,421.52
44634,P14,15338,280098,0.624051816,24,186916,90,700.94
44634,P15,15334,280325,0.663060897,24,198600,90,744.75
44634,P17,15327,280222,0.696791042,136,2365299,90,1565.27
44635,P09,15283,280222,0.643549679,48,385512,90,722.84
44635,P15,15300,280405,0.672591486,103,864576,90,755.45
44636,P12,15292,280376,0.549143026,24,148664,110,681.38
44636,P13,15297,280222,0.610693153,91,693552,90,685.93
44637,P09,15284,280065,0.680042097,67,568624,90,763.82
44637,P12,15293,280379,0.486524823,24,131712,110,603.68
44638,P12,15294,280380,0.601401946,43,291704,110,746.22
44640,P09,15339,280052,0.701077279,72,629960,90,787.45
44640,P10,15341,280351,0.692234664,158,1364976,90,777.52
44640,P11,15342,280256,0.60088141,24,179976,90,674.91
44640,P12,15350,120444,0.717828526,24,215004,90,806.27
44640,P13,15352,280222,0.788141026,12,118032,90,885.24
44640,P13,15353,280212,0.579807692,12,86832,90,651.24
44640,P14,15355,280166,0.759833916,22,208620,90,853.45
44640,P15,15358,280052,0.68534188,60,513184,90,769.78
44640,P16,15360,280256,0.787871638,163,1602720,90,884.94
44640,P17,15361,280222,0.705099588,28,492780,90,1583.94
44641,P11,15343,280264,0.617254792,103,793444,90,693.30
44641,P12,15351,280107,0.657611299,91,746836,90,738.63
44641,P13,15354,280052,0.644230769,139,1117560,90,723.60
44641,P14,15356,280362,0.641254579,63,504180,90,720.26
44641,P17,15362,280324,0.758276843,100,1892659,90,1703.39
44642,P12,15347,120451,0.675373932,24,202288,90,758.58
44642,P15,15374,280105,0.627110694,20.5,160440,90,704.37
44643,P09,15340,280325,0.72220483,86,775128,90,811.18
44643,P15,15376,280323,0.59031339,22.5,165760,90,663.04
44644,P11,115343,280264,0.817548077,12,122436,90,918.27
44644,P14,15357,280365,0.708950964,68.5,606068,90,796.29
44644,P15,15423,280396,0.727844551,12,109002,90,817.52
44645,P15,15377,280166,0.728472222,48,436384,90,818.22
44646,P11,15344,280327,0.44788328,24,134150,90,503.06
44646,P12,15427,120445,0.502630876,24,150548,90,564.56
44646,P17,15415,280324,0.779127318,112,2178066,90,1750.23
44647,P09,15424,280405,0.69136396,72,621232,90,776.54
44647,P10,15397,280351,0.730635452,115,1048608,90,820.65
44647,P11,15398,280327,0.724038462,7,63252,90,813.24
44647,P11,15399,280351,0.73583734,96,881592,90,826.49
44647,P12,15402,120430,0.69775641,24,208992,90,783.72
44647,P13,15404,280052,0.650146253,103,835724,90,730.24
44647,P14,15406,280238,0.619123932,12,92720,90,695.40
44647,P14,15407,280239,0.636196981,53.5,424776,90,714.58
44647,P15,15410,280212,0.797863248,36,358464,90,896.16
44647,P16,15413,280256,0.780853762,91,886800,90,877.05
44648,P12,15403,120436,0.796847704,91,904964,90,895.02
44649,P15,15411,280222,0.676121795,36,303768,90,759.42
44650,P09,15425,280315,0.67450805,43,361968,90,757.61
44650,P14,15408,280166,0.767995459,48,460060,90,862.61
44650,P15,15436,280324,0.820012019,48,491220,90,921.04
44650,P16,15414,280351,0.770753205,24,230856,90,865.71
44651,P11,15498,280351,0.799193548,31,309192,90,897.65
44651,P13,15405,280212,0.787179487,12,117888,90,884.16
44651,P17,15504,280052,0.59128539,60,885509,90,1328.26
44652,P09,15496,280315,0.797970085,24,239008,90,896.28
44652,P10,15497,280351,0.718309295,48,430296,90,806.81
44652,P12,15499,120436,0.684214744,24,204936,90,768.51
44652,P13,15500,280212,0.655248397,48,392520,90,735.98
44652,P14,15501,280166,0.752757901,43,403960,90,845.50
44652,P15,15502,280324,0.78337469,31,303072,90,879.89
44652,P16,15503,280256,0.761538462,31,294624,90,855.36
44653,P09,15510,251200,0.514249466,24,154028,90,577.61
44653,P11,15400,280405,0.750440705,24,224772,90,842.90
44653,P12,15472,280013,0.649038462,24,194400,90,729.00
44653,P16,15511,280351,0.626923077,12,93888,90,704.16
44653,P17,15461,280052,0.734287027,143,2620876,90,1649.50
44654,P09,15437,251200,0.575685654,79,567580,90,646.61
44654,P10,15440,280351,0.714901818,158,1409672,90,802.98
44654,P11,15441,280169,0.695131451,79,685344,90,780.77
44654,P12,15444,120434,0.695533499,31,269088,90,781.22
44654,P12,15447,120450,0.711217949,12,106512,90,798.84
44654,P13,15449,280212,0.781578947,19,185328,90,877.87
44654,P14,15453,280166,0.682329989,115,979280,90,766.39
44654,P15,15456,280324,0.783547009,24,234688,90,880.08
44654,P16,15459,280351,0.7696816,91,874112,90,864.51
44655,P13,15450,280052,0.700605413,72,629536,90,786.92
44655,P15,15457,280391,0.792312476,67,662500,90,889.93
44656,P12,15445,120435,0.667441239,24,199912,90,749.67
44657,P09,15438,241283,0.689476496,36,309768,90,774.42
44657,P11,15442,280352,0.660670406,72,593652,90,742.07
44657,P12,15446,120465,0.65306891,40,326012,90,733.53
44658,P13,15452,280169,0.580541958,55,398484,90,652.06
44658,P15,15458,280169,0.69392094,60,519608,90,779.41
44658,P16,15460,280052,0.727394419,34,308648,90,817.01
44659,P09,15439,280172,0.595793269,48,356904,90,669.20
44659,P12,15443,120448,0.747517889,43,401148,90,839.61
44659,P14,15454,120436,0.690892094,36,310404,90,776.01
44659,P16,15547,280256,0.653846154,36,293760,90,734.40
44660,P11,15563,280130,0.712900641,12,106764,90,800.73
44660,P13,15451,280172,0.518269231,12,77616,90,582.12
44660,P14,15455,120448,0.771714744,12,115572,90,866.79
44660,P17,15462,280213,0.526542468,16,210280,90,1182.83
44661,P09,15513,241283,0.515415633,31,199404,90,578.91
44661,P10,15516,280351,0.703445021,163,1430976,90,790.11
44661,P11,15519,280130,0.64931891,24,194484,90,729.32
44661,P12,15520,280114,0.793589744,12,118848,90,891.36
44661,P12,15521,120453,0.789663462,24,236520,90,886.95
44661,P13,15526,120464,0.648330662,72,582564,90,728.21
44661,P14,15528,280107,0.782638889,36,351624,90,879.06
44661,P15,15531,280105,0.718571937,36,322840,90,807.10
44661,P15,15538,280324,0.598611111,12,89648,90,672.36
44661,P16,15535,280052,0.831928008,91,944804,90,934.42
44661,P16,15537,280052,0.679620726,12,101780,90,763.35
44661,P17,15537,280052,0.629754274,12,188624,90,1414.68
44661,P17,15538,280324,0.668693694,148,2470208,90,1502.15
44662,P09,15514,280212,0.753285256,48,451248,90,846.09
44662,P11,15517,280352,0.70401419,103,904968,90,790.75
44662,P11,15518,280129,0.534026055,31,206604,90,599.82
44662,P12,15522,120454,0.643269231,12,96336,90,722.52
44662,P14,15529,120436,0.783400417,43,420404,90,879.92
44663,P12,15523,280164,0.604166667,12,90480,90,678.60
44663,P12,15524,120451,0.524599359,12,78564,90,589.23
44663,P15,15532,280106,0.58431555,31,226060,90,656.30
44664,P09,15515,280052,0.706304771,79,696360,90,793.32
44664,P12,15525,120437,0.77440124,91,879472,90,869.81
44664,P13,15527,280405,0.655466329,91,744400,90,736.22
44664,P14,15530,280166,0.757264957,60,567040,90,850.56
44664,P15,15533,251200,0.770423789,36,346136,90,865.34
44665,P16,15536,280256,0.770527728,43,413496,90,865.46
44666,P15,15534,280052,0.834241453,36,374808,90,937.02
44667,P14,15618,280166,0.785456731,24,235260,90,882.23
44667,P16,15619,280052,0.801709402,12,120064,90,900.48
44668,P09,15581,280052,0.755101496,24,226168,90,848.13
44668,P10,15585,280256,0.667147436,12,99912,90,749.34
44668,P10,15585,280351,0.528685897,12,79176,90,593.82
44668,P10,15586,280256,0.717526013,138,1235752,90,805.93
44668,P11,15588,280264,0.733733974,72,659304,90,824.13
44668,P12,15590,120437,0.763067439,98,933262,90,857.08
44668,P13,15592,280213,0.643258892,31,248864,90,722.51
44668,P14,15595,280166,0.753861061,43,404552,90,846.74
44668,P15,15600,280104,0.8125,24,243360,90,912.60
44668,P15,15615,280052,0.749954212,7,65516,90,842.35
44668,P16,15603,280052,0.798825877,98,976996,90,897.24
44668,P17,15607,280323,0.763856016,52,991424,90,1715.93
44669,P09,15582,280065,0.772354312,55,530144,90,867.51
44669,P13,15593,280172,0.631169872,84,661668,90,708.93
44669,P17,15606,280324,0.666987179,12,199776,90,1498.32
44670,P09,15616,120464,0.636111111,12,95264,90,714.48
44670,P14,15596,120534,0.666933761,12,99880,90,749.10
44670,P14,15597,120435,0.718856838,36,322968,90,807.42
44670,P15,15616,120464,0.660729246,101,832836,90,742.13
44671,P09,15583,280315,0.633119658,48,379264,90,711.12
44671,P11,15589,120464,0.719938715,91,817620,90,808.64
44671,P17,15608,280052,0.656178457,84,1375770,90,1474.04
44672,P12,15591,120448,0.65,55,446160,90,730.08
44672,P13,15591,280362,0.334201389,12,50050,90,375.38
44672,P14,15598,120450,0.801066434,55,549852,90,899.76
44672,P16,15604,120464,0.821794872,36,369216,90,923.04
44673,P13,15594,241288,0.474552773,43,254664,90,533.02
44674,P09,15584,280316,0.372469636,19,88320,90,418.36
44674,P14,15679,120465,0.694097222,12,103948,90,779.61
44674,P15,15602,280318,0.59508547,12,89120,90,668.40
44674,P16,15605,241288,0.722569444,24,216424,90,811.59
44674,P17,15688,280324,0.670663265,49,820248,90,1506.58
44675,P09,15623,280065,0.652977929,79,643784,90,733.42
44675,P10,15686,280052,0.561428919,79,553524,90,630.60
44675,P11,15689,241283,0.733978705,147.5,1351108,90,824.40
44675,P12,15629,120448,0.764983974,36,343692,90,859.23
44675,P13,15634,280169,0.733016159,96,878212,90,823.32
44675,P14,15675,120465,0.500267094,12,74920,90,561.90
44675,P14,15690,120431,0.685747863,60,513488,90,770.23
44675,P15,15684,280103,0.743018395,115,1066380,90,834.56
44675,P16,15700,280324,0.772214452,55,530048,90,867.35
44676,P12,15631,280107,0.800080128,24,239640,90,898.65
44677,P12,15630,120436,0.808426816,24,242140,90,908.03
44677,P14,15674,280090,0.673116987,24,201612,90,756.05
44677,P16,15691,280222,0.842216117,84,882912,90,945.98
44677,P17,15703,280052,0.479856938,48,574907,90,1077.95
44678,P09,15622,280317,0.773878205,24,231792,90,869.22
44678,P10,15692,280222,0.635929893,79,626976,90,714.28
44678,P12,15693,120437,0.787027972,55,540216,90,883.99
44678,P14,15641,120536,0.76450579,31,295772,90,858.69
44679,P09,15621,280316,0.73427251,43,394040,90,824.73
44679,P13,15694,280222,0.722472084,62,559020,90,811.48
44679,P17,15678,280105,0.578051132,64,923402,90,1298.53
44680,P14,15642,120445,0.508440171,12,76144,90,571.08
44680,P14,15643,280013,0.648076923,12,97056,90,727.92
44680,P15,15645,280104,0.713728632,24,213776,90,801.66
44681,P09,15757,280318,0.706730769,12,105840,90,793.80
44681,P12,15696,120431,0.721794872,9,81072,90,810.72
44681,P14,15753,120451,0.634214744,12,94980,90,712.35
44681,P15,15755,280351,0.773450855,12,115832,90,868.74
44681,P16,15754,280351,0.752964744,24,225528,90,845.73
44682,P09,15706,280318,0.697916667,12,104520,90,783.90
44682,P09,15707,280169,0.681049679,24,203988,90,764.96
44682,P10,15709,280351,0.725460123,163,1475760,90,814.84
44682,P13,15710,280351,0.598186465,158,1179528,90,671.88
44682,P14,15729,120431,0.638309717,19,151356,90,716.95
44682,P15,15715,280351,0.671137705,139,1164236,90,753.82
44682,P16,15716,280351,0.751277661,146,1368888,90,843.84
44682,P17,15738,280213,0.792307692,12,237312,90,1779.84
44682,P17,15739,280324,0.717856571,60,1075062,90,1612.59
44683,P09,15735,251200,0.640972222,36,287976,90,719.94
44683,P14,15730,120437,0.663157051,60,496572,90,744.86
44685,P09,15736,280315,0.400961538,12,60048,90,450.36
44685,P09,15736,280351,0.328908189,31,127248,90,369.43
44685,P14,15731,280204,0.728846154,55,500280,90,818.64
44685,P17,15742,280052,0.255924479,16,102206,90,574.91
44686,P09,15737,280315,0.483440171,36,217200,90,543.00
44686,P09,15737,280351,0.466987179,12,69936,90,524.52
44686,P17,15740,280104,0.604714209,60,905620,90,1358.43
44687,P11,15799,280351,0.532432432,46.25,307320,90,598.03
44687,P15,157115,280351,0.397275641,12,59496,90,446.22
44688,P14,15825,120448,0.682091346,24,204300,90,766.13
44688,P16,15782,280351,0.80534188,72,723648,90,904.56
44688,P17,15787,280103,0.711105769,40,709968,90,1597.43
44689,P10,15759,280351,0.719546891,146,1311072,90,808.20
44689,P11,15801,241288,0.483012821,24,144672,90,542.52
44689,P13,15777,280169,0.733867521,36,329712,90,824.28
44689,P14,15814,120448,0.752937063,13.75,129204,90,845.70
44689,P14,15874,120448,0.664342949,12,99492,90,746.19
44689,P15,15778,280351,0.513461538,12,76896,90,576.72
44689,P15,15779,241287,0.799439983,91,907908,90,897.93
44690,P11,15802,280236,0.57780027,19,137008,90,648.99
44690,P12,15809,120465,0.587937063,22,161424,90,660.37
44690,P13,15775,280365,0.659588675,60,493900,90,740.85
44690,P17,15791,280106,0.612741815,84,1284699,90,1376.46
44690,P18,15789,280324,0.434087799,89,964300,90,975.13
44691,P11,15803,280237,0.402764423,24,120636,90,452.39
44691,P12,15810,280164,0.456730769,12,68400,90,513.00
44691,P12,15811,120433,0.678196225,36,304700,90,761.75
44691,P16,15783,280169,0.79751704,79,786288,90,895.77
44692,P10,15760,280388,0.815064103,12,122064,90,915.48
44692,P11,15804,280238,0.566613248,12,84856,90,636.42
44692,P11,15805,280239,0.598637821,12,89652,90,672.39
44692,P12,15808,120451,0.62724359,24,187872,90,704.52
44692,P15,1577,241287,0.910096154,12,136296,90,1022.22
44693,P11,15806,280129,0.562179487,24,168384,90,631.44
44693,P13,15776,280172,0.667247895,67,557926,90,749.45
44694,P09,15870,280324,0.57149672,43,306688,90,641.91
44694,P11,15807,280130,0.58984375,48,353340,90,662.51
44694,P12,15813,120431,0.58504025,43,313956,90,657.12
44694,P15,15781,280104,0.865694789,15.5,167460,90,972.35
44694,P17,15788,280052,0.359044471,16,143388,90,806.56
44694,P18,15788,280052,0.592618189,40,591670,90,1331.26
44695,P16,15784,241288,0.552083333,24,165360,90,620.10
44695,P17,15786,280105,0.626552484,24,375330,90,1407.49
44696,P09,15860,280324,0.494802824,79,487836,90,555.76
44696,P10,15867,280256,0.768571074,148.67,1426008,90,863.26
44696,P12,15872,120437,0.656410256,24,196608,90,737.28
44696,P13,15838,280362,0.754062314,43,404660,90,846.96
44696,P16,15850,280324,0.750530469,158,1479926,90,843.00
44696,P17,15844,280105,0.709935897,12,212640,90,1594.80
44696,P17,15846,280166,0.453921569,34,385216,90,1019.69
44696,P18,15848,280052,0.714511218,20,356684,90,1605.08
44696,P18,15849,280324,0.607648709,136,2062700,90,1365.02
44697,P12,15871,120448,0.534807692,10,66744,90,600.70
44697,P12,15875,280256,0.468895688,44,257480,90,526.66
44697,P14,15842,280166,0.741892911,136,1259200,90,833.29
44698,P13,15840,241287,0.540785256,60,404940,90,607.41
44698,P17,15847,280324,0.352855283,112,986414,90,792.65
44699,P09,15861,280169,0.605582265,36,272076,90,680.19
44699,P12,15876,280426,0.157801418,12,21360,110,195.80
44700,P11,15937,241288,0.831213018,52,539424,90,933.62
44700,P12,15877,280380,0.394715168,31,138024,110,489.76
44700,P13,15839,280172,0.770392628,24,230748,90,865.31
44701,P09,15862,280065,0.723717949,36,325152,90,812.88
44701,P12,15878,280376,0.564450355,24,152808,110,700.37
44701,P13,15841,280169,0.761933224,27.67,263112,90,855.80
44702,P09,15950,251200,0.748798077,12,112140,90,841.05
44702,P12,15949,280379,0.711583924,12,96320,110,882.93
44703,P09,15928,251200,0.715587045,19,169680,90,803.75
44703,P11,15933,241288,0.756857566,91,859548,90,850.10
44703,P12,15897,280377,0.411140662,24,111304,110,510.14
44703,P14,15904,280166,0.696130322,109,946960,90,781.89
44703,P16,15908,280324,0.794135379,84,832508,90,891.97
44703,P17,15909,280324,0.331438301,40,330908,90,744.54
44703,P18,15911,280324,0.707337698,47,829792,90,1588.96
44704,P09,15951,280166,0.65803953,48,394192,90,739.11
44704,P12,15896,280379,0.4208308,17.5,83072,110,522.17
44704,P12,15898,280378,0.603882046,9.5,64712,110,749.30
44704,P15,15905,280391,0.657629986,36,295460,90,738.65
44705,P12,15899,120453,0.600641026,12,89952,90,674.64
44705,P17,15910,280105,0.385763889,24,231088,90,866.58
44705,P18,15912,280052,0.629487179,37.5,589200,90,1414.08
44706,P09,15932,280317,0.592628205,24,177504,90,665.64
44706,P12,15900,120532,0.617094017,36,277248,90,693.12
44706,P15,15906,280104,0.762278801,35.5,337720,90,856.19
44706,P16,15934,241287,0.645614035,19,153088,90,725.15
44706,P17,15935,280106,0.328298611,36,294996,90,737.49
44707,P09,15931,280315,0.778520387,15.25,148168,90,874.43
44707,P11,15948,280169,0.828708791,7,72396,90,930.81
44707,P12,15952,120430,0.843076923,3.75,39456,90,946.94
44707,P16,15985,280052,0.909551282,5,56756,90,1021.61
44712,P09,15953,280316,0.40900223,27.6,140880,90,459.39
44712,P10,15956,241288,0.550603318,51,350448,90,618.44
44712,P11,15958,241288,0.621159453,34.3,265896,90,697.69
44712,P12,15961,120531,0.556643357,16.5,114624,90,625.22
44712,P13,15988,280172,0.621211081,28,217076,90,697.74
44712,P14,15967,280166,0.690316421,47,404912,90,775.36
44712,P16,15992,280324,0.731530769,62.5,570594,90,821.66
44712,P17,15973,280106,0.425875036,88,935426,90,956.69
44712,P18,15996,280324,0.619466416,97.25,1503668,90,1391.57
44713,P12,15986,120436,0.686940966,43,368640,90,771.57
44713,P15,15969,280103,0.753106811,81.5,766000,90,845.89
44714,P09,15954,241288,0.690736146,31,267232,90,775.83
44714,P11,15959,280352,0.506223291,36,227436,90,568.59
44714,P13,15989,280327,0.595285791,24,178300,90,668.63
44715,P09,15955,280324,0.720063212,36,323510,90,808.78
44715,P10,15957,120464,0.535856079,31,207312,90,601.87
44715,P12,15987,120444,0.505475427,36,227100,90,567.75
44715,P13,15990,280365,0.672342415,12,100690,90,755.18
44715,P14,15968,120436,0.623490919,48,373496,90,700.31
44715,P16,15993,280172,0.726282051,12,108768,90,815.76
44716,P11,15960,280240,0.521541132,24,156212,90,585.80
44716,P13,15991,280362,0.555555556,24,166400,90,624.00
44716,P16,15994,241287,0.755168269,24,226188,90,848.21
44717,P09,15997,280324,0.658400306,67,550528,90,739.52
44717,P10,15999,241288,0.590985577,48,354024,90,663.80
44717,P11,16050,280222,0.713157254,158,1406232,90,801.02
44717,P12,16003,120437,0.684875801,48,410268,90,769.25
44717,P13,16008,120437,0.624627792,31,241656,90,701.58
44717,P14,16011,280166,0.608391608,55,417600,90,683.35
44717,P15,16016,280166,0.704879861,151,1328332,90,791.72
44717,P16,16017,241287,0.6230322,43,334344,90,699.79
44717,P17,16028,280103,0.637787126,48,764120,90,1432.73
44717,P18,16021,280324,0.597662576,152,2267484,90,1342.59
44718,P13,16009,120448,0.652772809,43,350304,90,733.19
44719,P10,16000,280222,0.652451395,91,740976,90,732.83
44719,P12,16004,120431,0.540165531,79,532560,90,606.71
44719,P14,16012,120433,0.606196581,12,90784,90,680.88
44719,P16,16018,280324,0.698383501,115,1002320,90,784.42
44719,P17,16030,280105,0.491693376,24,294544,90,1104.54
44720,P09,15998,280065,0.68125,96,816192,90,765.18
44720,P13,16010,280222,0.656684982,84,688416,90,737.59
44720,P14,16013,280090,0.675267094,24,202256,90,758.46
44720,P17,16031,280166,0.408462631,88,897180,90,917.57
44721,P14,16014,120536,0.66696047,24,199768,90,749.13
44722,P12,16005,280384,0.579807692,12,86832,90,651.24
44722,P14,16015,120434,0.602497018,43,323324,90,676.72
44723,P10,16001,280388,0.671153846,24,201024,90,753.84
44723,P12,16006,280385,0.609294872,12,91248,90,684.36
44723,P12,16007,280115,0.648557692,12,97128,90,728.46
44724,P09,16051,280065,0.851098901,7,74352,90,955.95
44724,P09,16052,280166,0.633906102,108,854404,90,712.00
44724,P10,16054,280351,0.674339311,163,1371768,90,757.42
44724,P11,16055,280351,0.608778362,139,1056060,90,683.78
44724,P12,16057,120532,0.663995726,36,298320,90,745.80
44724,P13,16061,280351,0.717718983,158,1415227,90,806.14
44724,P14,16062,120437,0.744744244,98,910852,90,836.50
44724,P15,16064,280351,0.753425879,151,1419816,90,846.25
44724,P16,16065,280351,0.715089665,163,1454664,90,803.19
44724,P17,16066,280324,0.467886619,40,467138,90,1051.06
44724,P18,16070,280324,0.441452991,24,264448,90,991.68
44725,P12,16058,120431,0.654818259,91,743664,90,735.49
44725,P18,16071,280222,0.585741987,50,731006,90,1315.81
44726,P17,16069,280166,0.501666302,66,826425,90,1126.94
44728,P14,16063,280166,0.826736111,60,619060,90,928.59
44728,P18,16096,280324,0.479682614,41,490888,90,1077.56
44729,P09,16053,280169,0.680008945,43,364920,90,763.79
44729,P12,16059,280164,0.694871795,12,104064,90,780.48
44729,P17,16067,280103,0.627457265,24,375872,90,1409.52
44730,P11,16056,280264,0.565571581,24,169400,90,635.25
44730,P12,16060,120445,0.430769231,12,64512,90,483.84
44730,P12,16149,280107,0.448798077,12,67212,90,504.09
44730,P17,16114,280106,0.416574551,63.5,660254,90,935.79
44730,P18,16119,280324,0.513482777,166,2127544,90,1153.49
44731,P09,16127,280107,0.6625,24,198432,90,744.12
44731,P10,16099,280351,0.754138267,158,1487040,90,847.05
44731,P11,16100,280264,0.597876005,67,499920,90,671.53
44731,P12,16101,280107,0.604262342,67,505260,90,678.71
44731,P13,16103,280351,0.724374705,163,1473552,90,813.62
44731,P14,16104,280166,0.404994658,12,60652,90,454.89
44731,P14,16105,280107,0.743990385,36,334260,90,835.65
44731,P15,16109,280351,0.779335826,36,350140,90,875.35
44731,P16,16113,280351,0.694218598,158,1368888,90,779.75
44732,P09,16129,280318,0.582291667,12,87204,90,654.03
44732,P09,280318,280318,0.731810897,24,219192,90,821.97
44733,P09,16150,280222,0.697273612,79,687456,90,783.18
44733,P14,16106,120437,0.735957066,43,394944,90,826.63
44733,P15,16134,280256,0.783492196,115,1124468,90,880.02
44733,P17,16115,280103,0.496394231,24,297360,90,1115.10
44734,P11,16132,280351,0.694150641,48,415824,90,779.67
44734,P12,16102,280256,0.654628064,91,743448,90,735.28
44734,P17,16116,280166,0.404340581,88,888126,90,908.31
44735,P14,16107,120435,0.728458868,24,218188,90,818.21
44736,P09,16130,280315,0.673931624,24,201856,90,756.96
44736,P11,16133,280264,0.512840545,48,307212,90,576.02
44736,P14,16108,120465,0.690798611,24,206908,90,775.91
44737,P09,16185,280317,0.757692308,12,113472,90,851.04
44737,P14,16182,120450,0.680582265,12,101924,90,764.43
44737,P14,16182,280090,0.539556624,12,80804,90,606.03
44738,P09,16152,280317,0.409348291,12,61304,90,459.78
44738,P09,16175,280222,0.691272189,91,785064,90,776.44
44738,P10,16154,280351,0.695483416,109,946080,90,781.17
44738,P11,16155,280264,0.548541843,91,622968,90,616.12
44738,P12,16158,280256,0.714162473,107,953664,90,802.15
44738,P13,16159,280351,0.649296016,112,907560,90,729.29
44738,P14,16161,120450,0.657371795,7,57428,90,738.36
44738,P14,16162,120436,0.640571581,36,287796,90,719.49
44738,P15,16165,280256,0.780769231,24,233856,90,876.96
44738,P16,16166,280351,0.768565089,104,997536,90,863.25
44738,P17,16177,280052,0.363065905,64,579976,90,815.59
44738,P18,16180,280222,0.447168803,24,267872,90,1004.52
44739,P18,16181,280166,1.281650641,4,127960,90,2879.10
44739,P18,16188,280222,0.468858409,34,397892,90,1053.24
44740,P14,16163,120437,0.662393162,36,297600,90,744.00
44741,P14,16164,280204,0.759260775,23.5,222676,90,852.80
44741,P17,16186,280222,0.38850263,39,378184,90,872.73
44741,P18,16187,280323,0.598691239,48,717280,90,1344.90
44742,P11,16156,280351,0.682051282,21,178752,90,766.08
44743,P10,16220,280351,0.946153846,2,23616,90,1062.72
44743,P16,16228,280256,0.575699301,11,79032,90,646.63
44743,P18,16189,280166,0.424679487,10,106000,90,954.00
44755,P09,16230,280315,0.612594268,68,519872,90,688.07
44755,P10,16231,280351,0.771853817,87,838048,90,866.95
44755,P13,16237,280351,0.666496267,79,657112,90,748.61
44755,P14,16238,280365,0.500158604,48.5,302736,90,561.78
44755,P15,16240,280351,0.638958333,75,598065,90,717.68
44755,P16,16242,280351,0.448160535,92,514560,90,503.37
44755,P17,16243,280105,0.483469203,92,1110200,90,1086.07
44755,P18,16244,280323,0.419905533,19,199136,90,943.28
44756,P11,16232,280169,0.652847915,65.5,533664,90,733.28
44756,P18,16245,280324,0.559001068,72,1004592,90,1255.74
44757,P12,16233,280401,0.363473866,26,117940,90,408.25
44758,P09,16309,280317,0.517200855,12,77456,90,580.92
44758,P12,16236,120532,0.392815171,12,58828,90,441.21
44758,P14,16288,280383,0.54909188,12,82232,90,616.74
44758,P14,16289,280383,0.713354701,12,106832,90,801.24
44758,P15,16241,251200,0.802003205,12,120108,90,900.81
44759,P09,16255,280317,0.639089482,24.5,195408,90,717.83
44759,P10,16258,280351,0.669193548,155,1294488,90,751.64
44759,P11,16259,280169,0.645587045,47.5,382704,90,725.12
44759,P12,16262,120437,0.344060701,24.5,105200,90,386.45
44759,P13,16267,280351,0.554578335,109,754404,90,622.90
44759,P14,16291,120536,0.580047404,29.75,215360,90,651.51
44759,P15,16273,251200,0.597237762,27.5,204972,90,670.82
44759,P16,16275,280351,0.770973154,149,1433640,90,865.96
44759,P17,16276,280105,0.53259732,144.25,1917606,90,1196.43
44759,P18,16279,280052,0.624502854,137,2135500,90,1402.88
44760,P09,16254,280065,0.629189028,43,337648,90,706.71
44760,P12,16263,280426,0.338445626,24,91624,110,419.94
44761,P11,16260,280129,0.557110912,43,298968,90,625.75
44761,P12,16264,280380,0.328214055,55,203624,110,407.25
44761,P14,16292,120436,0.83583734,48,500700,90,938.81
44761,P15,16274,280169,0.742793129,103,954816,90,834.31
44762,P09,16257,280213,0.542628205,72,487584,90,609.48
44763,P11,16261,280130,0.547900641,60,410268,90,615.40
44763,P14,16293,120437,0.760239541,19,180268,90,853.90
44763,P15,16269,280169,0.699038462,12,104688,90,785.16
44764,P12,16265,280375,0.493971631,36,200592,110,612.92
44764,P13,16268,280169,0.810523504,36,364152,90,910.38
44764,P14,16283,280362,0.796407585,12,119270,90,894.53
44764,P14,16294,280362,0.562099359,12,84180,90,631.35
44765,P09,16290,280169,0.620432692,12,92916,90,696.87
44765,P12,16266,280377,0.534160757,12,72304,110,662.79
44765,P14,16383,280362,0.728599092,24,218230,90,818.36
44766,P09,16313,280169,0.503087045,19,119292,90,565.07
44766,P10,16318,280351,0.667575463,158,1316352,90,749.82
44766,P11,16358,280352,0.418329327,48,250596,90,469.87
44766,P12,16323,280377,0.385224586,24,104288,110,477.99
44766,P13,16328,280169,0.446834936,24,133836,90,501.89
44766,P13,16329,241283,0.639797009,36,287448,90,718.62
44766,P14,16338,120436,0.627310363,24,187892,90,704.60
44766,P15,16339,280169,0.596955128,12,89400,90,670.50
44766,P15,16340,280351,0.621681885,139,1078444,90,698.27
44766,P16,16341,280351,0.746201038,163,1517952,90,838.13
44766,P17,16343,280324,0.612514569,88,1345376,90,1375.95
44766,P18,16346,280052,0.503336449,72,904556,90,1130.70
44767,P09,16314,280318,0.568028846,36,255204,90,638.01
44767,P11,16321,280240,0.547570306,31,211844,90,615.03
44767,P12,16325,280376,0.477827548,19,102408,110,592.89
44767,P14,16360,280204,0.670595533,31,259440,90,753.21
44768,P09,16355,251200,0.560096154,36,251640,90,629.10
44768,P12,16326,280379,0.51000788,36,207104,110,632.82
44768,P13,16330,280351,0.620664336,55,426024,90,697.13
44768,P14,16367,280239,0.643830128,12,96420,90,723.15
44769,P11,16359,280169,0.629861111,72,565968,90,707.46
44769,P12,16324,280378,0.524024823,24,141864,110,650.21
44769,P14,16361,120445,0.621830484,36,279376,90,698.44
44769,P18,16344,280212,0.522288389,88,1147196,90,1173.27
44770,P09,16356,280315,0.517681624,24,155056,90,581.46
44770,P12,16327,280256,0.653479021,55,448548,90,733.99
44770,P14,16362,280383,0.709748932,12,106292,90,797.19
44770,P17,16386,280052,0.357431335,72,642347,90,802.93
44771,P09,16357,280065,0.616912642,43,331060,90,692.92
44771,P13,16331,280256,0.644150641,24,192936,90,723.51
44771,P14,16364,280385,0.731623932,24,219136,90,821.76
44772,P11,16322,280264,0.610416667,12,91416,90,685.62
44772,P13,16332,280222,0.535336538,24,160344,90,601.29
44772,P14,16366,120453,0.579473825,24,173564,90,650.87
44773,P09,16387,241283,0.491947115,24,147348,90,552.56
44773,P10,16390,280351,0.679967949,24,203664,90,763.74
44773,P11,16393,280264,0.297874494,19,70632,90,334.57
44773,P12,16395,280256,0.749198718,24,224400,90,841.50
44773,P13,16429,241283,0.574839744,12,86088,90,645.66
44773,P14,16406,120532,0.737297571,19,174828,90,828.13
44773,P15,16407,280351,0.544671474,24,163140,90,611.78
44773,P16,16410,280351,0.665785256,24,199416,90,747.81
44773,P17,16466,280405,0.517427885,24,309960,90,1162.35
44773,P17,16485,280405,0.386955282,52,502237,90,869.26
44773,P18,16460,280052,0.653739316,12,195808,90,1468.56
44773,P18,16486,280052,0.579882948,148,2142134,90,1302.65
44774,P09,16477,241283,0.672542735,24,201440,90,755.40
44774,P10,16478,280351,0.744444444,36,334464,90,836.16
44774,P11,16479,280264,0.529739011,84,555336,90,595.00
44774,P12,16480,280256,0.602660004,127,955192,90,676.91
44774,P13,16481,241283,0.575839161,55,395256,90,646.78
44774,P14,16482,120532,0.588060897,36,264204,90,660.51
44774,P15,16483,280172,0.652463942,48,390852,90,732.85
44775,P09,16388,280316,0.721724942,55,495392,90,810.64
44775,P10,16391,280388,0.802564103,12,120192,90,901.44
44775,P14,16432,280164,0.719391026,12,107736,90,808.02
44776,P10,16392,280351,0.693448859,91,787536,90,778.88
44776,P13,16430,280365,0.687071729,58,497330,90,771.72
44776,P14,16433,120445,1.1625,2,29016,90,1305.72
44776,P14,16434,280136,0.531009615,12,79524,90,596.43
44776,P14,16434,280236,0.501976496,12,75176,90,563.82
44776,P15,16441,280169,0.62662285,79,617800,90,703.82
44776,P16,16484,280351,0.360897436,24,108096,90,405.36
44777,P09,16389,280317,0.702393162,60,525952,90,788.93
44777,P11,16394,280352,0.74527972,55,511560,90,837.10
44777,P14,16435,280238,0.717173284,31,277460,90,805.53
44777,P16,16456,280405,0.57542735,36,258528,90,646.32
44777,P17,16487,280213,0.500133547,24,299600,90,1123.50
44778,P16,16412,280172,0.643629808,24,192780,90,722.93
44778,P17,16462,280105,0.187920673,40,187620,90,422.15
44779,P12,16397,120444,0.563301282,12,84360,90,632.70
44779,P13,16431,280326,0.294345238,21,77142,90,330.61
44779,P14,16436,280239,0.738755342,24,221272,90,829.77
44779,P16,16547,280351,0.704166667,12,105456,90,790.92
44780,P09,16490,280065,0.569284188,24,170512,90,639.42
44780,P10,16493,280351,0.70115636,153,1338816,90,787.54
44780,P11,16494,280256,0.33455335,31,129432,90,375.77
44780,P11,16548,280352,0.501041667,12,75036,90,562.77
44780,P12,16497,120437,0.596834936,24,178764,90,670.37
44780,P13,16499,120464,0.693108974,24,207600,90,778.50
44780,P14,16501,120450,0.673041311,36,302384,90,755.96
44780,P15,16508,280103,0.760349893,24,227740,90,854.03
44780,P16,16510,280351,0.570557449,158,1125048,90,640.85
44780,P17,16511,280213,0.642352208,36,577192,90,1442.98
44780,P18,16516,280052,0.713681891,40,712540,90,1603.22
44781,P09,16489,280315,0.534533393,43,286852,90,600.39
44781,P12,16498,280256,0.707734114,115,1015740,90,794.93
44781,P12,16531,120436,0.704086538,12,105444,90,790.83
44781,P13,16500,280222,0.713046486,139,1236936,90,800.89
44781,P14,16502,280013,0.598771368,24,179344,90,672.54
44781,P15,16509,280013,0.596821581,12,89380,90,670.35
44781,P15,16509,280391,0.66053818,91,750160,90,741.92
44781,P17,16512,280222,0.443184651,72,796456,90,995.57
44782,P11,16495,280351,0.706730769,72,635040,90,793.80
44782,P14,16503,120536,0.63114192,43,338696,90,708.90
44782,P18,16517,280212,0.582011218,24,348648,90,1307.43
44783,P09,16491,251200,0.617040598,36,277224,90,693.06
44783,P18,16518,280324,0.524198718,64,837376,90,1177.56
44784,P09,16492,120464,0.752814685,55,516732,90,845.56
44784,P14,16504,120534,0.659348291,12,98744,90,740.58
44784,P17,16513,280105,0.479824863,28,335340,90,1077.88
44785,P11,16496,280222,0.713461538,43,382872,90,801.36
44785,P14,16506,120436,0.728979701,36,327516,90,818.79
44785,P14,16530,120531,0.59465812,12,89056,90,667.92
44786,P12,16600,280107,0.759375,12,113724,90,852.93
44786,P15,16519,280105,0.67701656,24,202780,90,760.43
44786,P17,16572,280324,0.582675689,135,1963384,90,1308.92
44786,P18,16575,280052,0.56260027,183,2569778,90,1263.83
44787,P09,16549,251200,0.638755342,24,191320,90,717.45
44787,P10,16551,280351,0.710933048,162,1437336,90,798.52
44787,P11,16552,280222,0.703125,24,210600,90,789.75
44787,P12,16557,280107,0.689797009,12,103304,90,774.78
44787,P12,16558,120448,0.590555211,31,228474,90,663.31
44787,P13,16559,280222,0.737991453,90,828912,90,828.91
44787,P14,16561,120436,0.657451923,12,98460,90,738.45
44787,P14,16562,120448,0.559126181,19,132580,90,628.01
44787,P15,16568,280105,0.692331611,67,578900,90,777.63
44787,P16,16571,280351,0.595061728,162,1203072,90,668.37
44788,P09,16550,280065,0.648282469,138,1116498,90,728.15
44788,P11,16553,280256,0.65609976,48,393030,90,736.93
44788,P14,16563,120433,0.705582265,36,317004,90,792.51
44789,P12,16556,280256,0.827884615,114,1177848,90,929.88
44790,P11,16554,280130,0.496869065,54,334850,90,558.08
44790,P14,16564,280090,0.407954545,11,56004,90,458.21
44790,P14,16565,120465,0.667935363,24,200060,90,750.23
44790,P15,165668,280105,0.738344988,11,101360,90,829.31
44791,P13,16560,280213,0.602463942,72,541350,90,676.69
44791,P14,16566,120431,0.367307692,24,110016,90,412.56
44791,P15,16569,280106,0.499354191,67,417540,90,560.87
44792,P11,16555,280352,0.588586182,36,264440,90,661.10
44792,P14,16567,120437,0.787479322,31,304660,90,884.50
44792,P17,16573,280405,0.612850561,48,734244,90,1376.71
44794,P09,16601,280065,0.53974359,12,80832,90,606.24
44794,P09,16602,280315,0.715687646,55,491248,90,803.86
44794,P10,16606,280351,0.741407011,158,1461936,90,832.75
44794,P11,1667,280352,0.458814103,12,68712,90,515.34
44794,P11,16667,280352,0.406490385,12,60876,90,456.57
44794,P12,16610,120436,0.722980101,24,216547,90,812.05
44794,P13,16618,280327,0.523848267,91,594924,90,588.39
44794,P14,16623,120430,0.63392094,60,474680,90,712.02
44794,P15,16631,280106,0.726228632,24,217520,90,815.70
44794,P16,16633,280351,0.779294479,163,1585272,90,875.30
44794,P17,16634,280212,0.594641919,61,905378,90,1335.80
44794,P18,16637,280323,0.619571314,64,989728,90,1391.81
44795,P11,16607,280326,0.379647436,43,203734,90,426.42
44795,P12,16611,120436,0.707291667,12,105924,90,794.43
44795,P12,16611,120448,0.671394231,36,301644,90,754.11
44795,P15,16630,280103,0.679309117,36,305200,90,763.00
44795,P15,16630,280104,0.586084402,12,87772,90,658.29
44796,P14,16621,120431,0.551229875,43,295812,90,619.14
44796,P15,16650,280204,0.729504049,19,172980,90,819.38
44797,P09,16603,280316,0.495940171,24,148544,90,557.04
44797,P11,16608,280264,0.637679628,91,724200,90,716.24
44797,P12,16613,280383,0.412687617,41,211164,90,463.53
44797,P15,16651,280166,0.579760951,48,347300,90,651.19
44797,P17,16636,280222,0.613621795,44,673904,90,1378.44
44797,P18,16638,280324,0.643108974,24,385248,90,1444.68
44798,P09,16604,280169,0.619925214,36,278520,90,696.30
44798,P13,16619,241283,0.807894737,19,191568,90,907.43
44798,P14,16649,120433,0.630101496,24,188728,90,707.73
44798,P18,16639,280222,0.536735652,64,857403,90,1205.72
44799,P09,16605,120436,0.758733974,36,340884,90,852.21
44799,P12,16614,120465,0.551282051,12,82560,90,619.20
44799,P12,16648,120532,0.615224359,24,184272,90,691.02
44799,P13,16620,241281,0.51480057,45,289112,90,578.22
44799,P14,16625,120451,0.685202991,12,102616,90,769.62
44799,P17,16635,280405,0.439547276,40,438844,90,987.40
44800,P12,16737,120431,0.723717949,12,108384,90,812.88
44800,P14,16626,120454,0.781383547,12,117020,90,877.65
44800,P14,16627,120453,0.621073718,12,93012,90,697.59
44800,P15,16632,280107,0.798397436,12,119568,90,896.76
44800,P15,16737,280169,0.670913462,12,100476,90,753.57
44801,P09,16668,120436,0.714262821,12,106968,90,802.26
44801,P09,16669,120464,0.593543956,7,51852,90,666.67
44801,P10,16672,280351,0.765304487,96,916896,90,859.59
44801,P11,16673,280264,0.56786859,48,340176,90,637.83
44801,P12,16676,120431,0.683653846,24,204768,90,767.88
44801,P13,16686,120436,0.62996592,79,621096,90,707.58
44801,P14,16690,120431,0.689449786,12,103252,90,774.39
44801,P14,16739,280239,0.653018162,12,97796,90,733.47
44801,P15,16738,280107,0.771714744,24,231144,90,866.79
44801,P16,16698,280351,0.80841082,91,918096,90,908.01
44801,P17,16700,280405,0.558333333,72,1003392,90,1254.24
44801,P18,16705,280222,0.596981838,48,715232,90,1341.06
44802,P09,16670,251200,0.651346154,60,487728,90,731.59
44802,P12,16684,120445,0.534440559,22,146736,90,600.28
44802,P14,16691,120437,0.71183432,26,230976,90,799.53
44802,P15,16696,280166,0.796741453,60,596600,90,894.90
44803,P11,16674,280352,0.643986658,43,345589,90,723.33
44803,P12,16714,280164,0.577338287,33,237771,90,648.47
44803,P14,16692,120448,0.777884615,33,320364,90,873.72
44803,P18,16706,280324,0.639262821,24,382944,90,1436.04
44804,P09,16671,280172,0.726842949,12,108852,90,816.39
44804,P12,16715,120436,0.761538462,12,114048,90,855.36
44804,P13,16687,280362,0.604300214,12,90500,90,678.75
44804,P17,16716,280105,0.554667468,20,276890,90,1246.01
44804,P18,16797,280222,0.638786604,88,1403082,90,1434.97
44805,P09,16747,280172,0.529735936,67,442944,90,595.00
44805,P10,16783,280351,0.703415614,67,588168,90,790.08
44805,P11,16749,280352,0.569911859,24,170700,90,640.13
44805,P12,16793,120436,0.599255475,48,358978,90,673.08
44805,P13,16794,280362,0.52454594,60,392780,90,589.17
44805,P14,16795,120436,0.693830128,12,103908,90,779.31
44805,P14,16799,120437,0.661875,60,495612,90,743.42
44805,P15,16788,280166,0.795878056,43,427100,90,893.93
44805,P15,167788,280166,0.620459402,12,92920,90,696.90
44805,P16,16789,280351,0.734902411,67,614496,90,825.44
44805,P17,16796,280391,0.525151353,18,235940,90,1179.70
44806,P11,16675,120464,0.688561699,48,412476,90,773.39
44806,P17,16719,280103,0.629957933,48,754740,90,1415.14
44807,P12,16814,120437,0.788581731,24,236196,90,885.74
44807,P13,16689,280213,0.640731838,12,95956,90,719.67
44807,P15,16697,280103,0.800747863,12,119920,90,899.40
44808,P09,16750,120436,0.696033654,24,208476,90,781.79
44808,P10,16755,280351,0.704247286,163,1432608,90,791.01
44808,P11,16756,241283,0.633293269,24,189684,90,711.32
44808,P12,16760,120437,0.602570449,101,759528,90,676.81
44808,P13,16762,280052,0.725730282,79,715512,90,815.14
44808,P14,16768,120437,0.704635476,67,589188,90,791.45
44808,P15,16769,280103,0.689703526,24,206580,90,774.68
44808,P16,16771,280351,0.770316187,163,1567008,90,865.22
44808,P17,16773,280105,0.65216847,64,1041800,90,1465.03
44808,P18,16775,280052,0.691060434,152,2621828,90,1552.40
44809,P09,16751,120437,0.586217949,24,175584,90,658.44
44809,P11,16757,280264,0.553316327,49,338364,90,621.48
44809,P15,16770,280405,0.696690137,127,1104226,90,782.52
44810,P09,16752,280169,0.626578645,67,523920,90,703.77
44811,P11,16758,280256,0.607842158,77,584112,90,682.73
44811,P13,16763,280405,0.578213242,79,570072,90,649.45
44811,P14,1664,120436,0.787259615,12,117900,90,884.25
44811,P14,16764,120436,0.694938879,43,372932,90,780.56
44811,P17,16772,280103,0.67895015,94,1592980,90,1525.19
44812,P12,16761,280256,0.449123125,53,297068,90,504.46
44813,P09,16753,280318,0.471127137,48,282224,90,529.17
44813,P14,16765,120430,0.792521368,12,118688,90,890.16
44814,P14,16767,120431,0.586137821,24,175560,90,658.35
44815,P09,16818,280317,0.492450142,36,221248,90,553.12
44815,P10,16822,280351,0.67056962,158,1322256,90,753.18
44815,P11,16823,280351,0.603353938,84,632508,90,677.69
44815,P12,16827,280256,0.559911488,151,1055142,90,628.89
44815,P13,16830,280222,0.718829598,151,1354620,90,807.39
44815,P14,16836,120436,0.705788366,67,590152,90,792.74
44815,P15,16837,280169,0.733474218,91,832992,90,823.84
44815,P16,16839,280351,0.71317754,158,1406272,90,801.04
44815,P17,16840,280052,0.74849865,38,709936,90,1681.43
44815,P18,16844,280052,0.713141026,24,427200,90,1602.00
44816,P09,16819,280065,0.471328671,55,323520,90,529.40
44816,P18,16845,280213,0.630248397,24,377544,90,1415.79
44817,P17,16841,280103,0.768134278,38,728560,90,1725.54
44817,P18,16860,280324,0.647351234,106,1712736,90,1454.21
44818,P11,16824,280130,0.598878205,24,179376,90,672.66
44818,P14,16833,120532,0.68215812,24,204320,90,766.20
44819,P09,16861,280315,0.524001068,60,392372,90,588.56
44819,P11,16825,280264,0.585769231,55,402072,90,657.94
44819,P14,16855,120431,0.731645299,60,547856,90,821.78
44819,P17,16843,280166,0.629173344,24,376900,90,1413.38
44820,P15,16838,241283,0.788481571,48,472332,90,885.62
44820,P17,16917,280052,0.725330529,40,724170,90,1629.38
44821,P09,16821,280391,0.459020147,7,40100,90,515.57
44821,P12,16828,280107,0.719230769,12,107712,90,807.84
44821,P13,16831,241283,0.497195513,12,74460,90,558.45
44821,P14,16919,120453,0.74911859,12,112188,90,841.41
44822,P09,16864,241283,0.530401584,34,225060,90,595.75
44822,P10,16867,280351,0.694014264,151,1307856,90,779.52
44822,P11,16898,120437,0.540865385,12,81000,90,607.50
44822,P11,16899,120448,0.490144231,24,146808,90,550.53
44822,P12,16870,120436,0.507692308,12,76032,90,570.24
44822,P12,16871,280256,0.601659642,146,1096272,90,675.78
44822,P13,16872,120437,0.616105769,12,92268,90,692.01
44822,P13,16873,120448,0.48361014,22,132780,90,543.19
44822,P14,16875,120450,0.672889957,12,100772,90,755.79
44822,P14,16878,120430,0.711207382,91,807704,90,798.83
44822,P15,16880,120436,0.847874494,19,201048,90,952.33
44822,P16,16882,280351,0.762701348,156,1484888,90,856.67
44822,P17,16883,280052,0.747746394,48,895860,90,1679.74
44822,P18,16888,280324,0.761645299,48,912512,90,1710.96
44823,P09,16865,280169,0.461538462,12,69120,90,518.40
44823,P11,16900,280169,0.592807096,43,318124,90,665.84
44823,P13,16902,280169,0.500492495,41,256092,90,562.15
44823,P15,16881,280256,0.734057971,115,1053520,90,824.49
44824,P09,16866,280166,0.531924764,114,756780,90,597.46
44824,P17,16884,280212,0.705755876,24,422776,90,1585.41
44824,P18,16889,280323,0.720137675,88,1581768,90,1617.72
44825,P11,16901,280352,0.771520147,84,808800,90,866.57
44825,P13,16874,280405,0.679235638,79,669672,90,762.92
44825,P17,16885,280391,0.622063301,40,621068,90,1397.40
44826,P14,16877,120534,0.635750534,24,190420,90,714.08
44826,P16,16682,280351,0.510989011,7,44640,90,573.94
44826,P18,16890,280222,0.64173344,24,384424,90,1441.59
44827,P14,16879,120430,0.498076923,7,43512,90,559.44
44827,P14,16879,120436,0.63193109,24,189276,90,709.79
44827,P17,16886,280105,0.624666132,48,748400,90,1403.25
44828,P15,16998,280213,0.836485043,12,125272,90,939.54
44829,P09,16921,280166,0.490064103,12,73392,90,550.44
44829,P09,16924,251200,0.622743056,24,186524,90,699.47
44829,P10,16927,280351,0.66163941,127,1048672,90,743.15
44829,P11,16928,280352,0.631872769,79,622976,90,709.72
44829,P12,16931,280107,0.509775641,12,76344,90,572.58
44829,P12,16973,120437,0.565019587,36,253852,90,634.63
44829,P13,16939,280405,0.777857906,60,582460,90,873.69
44829,P14,16943,120436,0.765064103,12,114576,90,859.32
44829,P14,16944,280236,0.483940972,24,144950,90,543.56
44829,P15,16951,280213,0.708026175,24,212068,90,795.26
44829,P16,16955,280351,0.742586123,139,1288179,90,834.07
44829,P17,16956,280104,0.650641026,40,649600,90,1461.60
44829,P18,16963,280324,0.760714286,112,2126592,90,1708.87
44830,P09,16926,280169,0.478287841,31,185040,90,537.21
44830,P14,16979,280237,0.486485043,12,72856,90,546.42
44830,P15,16952,280222,0.691746795,24,207192,90,776.97
44831,P12,16938,241281,0.619831731,12,92826,90,696.20
44831,P12,16975,120436,0.730979021,55,501744,90,821.04
44831,P13,16940,280212,0.55725828,24,166910,90,625.91
44831,P14,16946,280238,0.595619658,12,89200,90,669.00
44831,P14,16947,280239,0.612972335,19,145348,90,688.49
44831,P15,16954,280169,0.781247086,55,536248,90,877.50
44831,P17,16958,280106,0.857298535,17.5,374468,90,1925.84
44832,P09,16925,280318,0.514334046,36,231080,90,577.70
44832,P11,16929,280264,0.614504662,55,421796,90,690.21
44832,P13,16942,280327,0.60152972,55,412890,90,675.64
44832,P14,16948,280362,0.4932838,55,338590,90,554.06
44832,P17,16959,280222,0.640745192,40,639720,90,1439.37
44833,P09,16923,280315,0.587660256,24,176016,90,660.06
44834,P09,16980,280065,0.788247863,12,118048,90,885.36
44834,P10,19627,280351,0.721314103,12,108024,90,810.18
44834,P12,16976,120536,0.37321047,24,111784,90,419.19
44834,P15,17048,280052,0.70224359,24,210336,90,788.76
44834,P17,17089,280052,0.662075154,48,793219,90,1487.29
44834,P17,19627,280222,0.67628673,137,2312576,90,1519.21
44834,P18,17090,280324,0.545160256,40,544288,90,1224.65
44835,P09,17069,280065,0.518162393,24,155200,90,582.00
44835,P10,17070,280351,0.657287449,19,155856,90,738.27
44835,P11,17079,280264,0.53125,24,159120,90,596.70
44835,P12,17080,120536,0.606089744,12,90768,90,680.76
44835,P12,17083,120430,0.643910256,12,96432,90,723.24
44835,P13,17085,280326,0.365037393,24,109336,90,410.01
44835,P14,17086,280365,0.526509081,24,157700,90,591.38
44835,P15,16999,280052,0.820219017,24,245672,90,921.27
44835,P16,17088,280351,0.800400641,24,239736,90,899.01
44836,P09,17001,280317,0.533094812,43,286080,90,598.77
44836,P10,17003,280351,0.624905616,163,1271208,90,701.89
44836,P11,17004,280264,0.656387363,84,688104,90,737.25
44836,P12,17006,120531,0.43974359,12,65856,90,493.92
44836,P12,17091,280384,0.398717949,12,59712,90,447.84
44836,P13,17013,120436,0.638661859,24,191292,90,717.35
44836,P14,17017,120436,0.746113782,48,446952,90,838.04
44836,P14,17052,280166,0.67457265,12,101024,90,757.68
44836,P15,17022,280052,0.82481444,19,195580,90,926.43
44836,P16,17026,280351,0.736209834,158,1451688,90,826.91
44836,P17,17027,280052,0.650352039,61,990200,90,1460.95
44836,P18,17032,280324,0.725498575,72,1303808,90,1629.76
44837,P12,17008,120536,0.506410256,24,151680,90,568.80
44837,P13,17014,241287,0.644210419,94.5,759756,90,723.58
44837,P15,17023,280222,0.709668803,24,212560,90,797.10
44838,P09,17000,280316,0.643282585,24,192676,90,722.54
44838,P12,17009,120435,0.546423752,19,129568,90,613.74
44838,P14,17053,120448,0.690314685,55,473832,90,775.36
44838,P15,17024,280256,0.841386218,24,252012,90,945.05
44839,P09,17002,120464,0.741127069,79,730692,90,832.43
44839,P11,17005,280351,0.688680623,79,678984,90,773.53
44839,P12,17010,120444,0.686217949,24,205536,90,770.76
44839,P15,17025,120464,0.703326842,79,693424,90,789.98
44839,P17,17028,280103,0.586698718,20,292880,90,1317.96
44839,P18,17033,280323,0.525418169,16,209831,90,1180.30
44840,P12,17050,120532,0.584375,48,350064,90,656.37
44840,P17,17030,280391,0.576746971,45.5,655000,90,1295.60
44840,P18,17035,280212,0.705168269,24,422424,90,1584.09
44841,P13,17015,280169,0.430448718,36,193392,90,483.48
44841,P14,17019,280090,0.541065705,24,162060,90,607.73
44841,P18,17036,280213,0.711501736,24,426218,90,1598.32
44842,P09,17156,280065,0.624679487,12,93552,90,701.64
44842,P12,17012,120436,0.525988248,12,78772,90,590.79
44842,P12,17049,120436,0.659375,12,98748,90,740.61
44842,P14,17020,280013,0.524973291,12,78620,90,589.65
44842,P14,17021,120454,0.523050214,12,78332,90,587.49
44842,P17,17031,280166,0.47542735,12,142400,90,1068.00
44842,P17,17121,280104,0.521430288,40,520596,90,1171.34
44842,P17,17121,280324,0.705074786,24,422368,90,1583.88
44842,P18,17125,280323,0.712464387,36,640192,90,1600.48
44842,P18,17155,280323,0.719955262,12,215641,90,1617.31
44843,P09,17096,280065,0.68792735,84,721168,90,772.68
44843,P10,17100,280351,0.761516174,151,1435062,90,855.33
44843,P11,17098,280351,0.681810897,24,204216,90,765.81
44843,P12,17109,120436,0.750238521,43,402608,90,842.67
44843,P13,17111,241287,0.420214669,43,225504,90,471.99
44843,P14,17114,120436,0.678018422,103,871552,90,761.55
44843,P15,17119,120437,0.670118343,91,761040,90,752.68
44843,P16,17120,280351,0.684304703,163,1392040,90,768.61
44844,P09,170065,280065,0.563141026,12,84336,90,632.52
44844,P11,17102,280256,0.786987684,127,1247344,90,883.94
44844,P11,17103,280212,0.66207265,12,99152,90,743.64
44844,P12,17134,280375,0.453398345,24,122744,110,562.58
44844,P17,17122,280105,0.55423344,36,498012,90,1245.03
44844,P18,17122,280222,0.786312217,17,333648,90,1766.37
44844,P18,17126,280324,0.727433894,64,1162032,90,1634.11
44845,P12,17135,280380,0.615122636,48,333052,110,763.24
44845,P13,17112,120436,0.5581664,48,334364,90,626.93
44846,P17,17123,280234,0.502733452,12,136100,120,1361.00
44846,P17,17123,280324,0.647781065,52,840768,90,1455.18
44847,P09,17094,251200,0.691426282,24,207096,90,776.61
44847,P09,17095,280315,0.75521978,7,65976,90,848.26
44847,P09,17117,120464,0.777003205,12,116364,90,872.73
44847,P12,17137,280376,#DIV/0!,0,0,110,0.00
44847,P12,17138,120450,0.605055831,31,234084,90,679.60
44847,P13,17113,120437,0.510332951,67,426720,90,573.21
44847,P14,17115,280204,0.666933761,24,199760,90,749.10
44847,P15,17117,120464,0.722580128,60,541068,90,811.60
44848,P10,17101,280388,0.716666667,12,107328,90,804.96
44848,P14,17116,120448,0.715105459,31,276660,90,803.21
44848,P18,17124,280222,0.880119048,35,768872,90,1977.10
44849,P09,17093,120464,0.666546474,24,199644,90,748.67
44849,P15,17174,120448,0.776486014,55,532980,90,872.15
44850,P09,17158,120436,0.680608974,12,101928,90,764.46
44850,P09,120436,120436,0.725400641,12,108636,90,814.77
44850,P10,17161,280351,0.680416261,158,1341672,90,764.24
44850,P11,17162,280256,0.636600496,31,246288,90,715.03
44850,P12,17170,120436,0.78839726,91,895367,90,885.53
44850,P12,120436,120436,0.366880342,9,41208,90,412.08
44850,P13,17171,120436,0.710817308,60,532260,90,798.39
44850,P14,17173,120448,0.733028551,163,1491156,90,823.34
44850,P14,120436,120436,0.952115385,5,59412,90,1069.42
44850,P16,17177,280351,0.715701071,79,705624,90,803.88
44850,P17,17181,280103,0.447969322,70,782692,90,1006.32
44850,P18,17185,280324,0.732980115,98,1792928,90,1646.57
44850,P18,17210,280052,0.755458185,59.25,1117232,90,1697.06
44851,P09,17160,241283,0.649615385,55,445896,90,729.65
44851,P11,17164,280213,0.690651709,12,103432,90,775.74
44852,P11,17163,280212,0.366920406,24,109900,90,412.13
44852,P13,17172,280169,0.695873786,103,894504,90,781.61
44852,P15,17175,241287,0.740884463,84,776684,90,832.16
44853,P09,17159,280315,0.657326007,84,689088,90,738.31
44853,P11,17165,280130,0.598530983,36,268908,90,672.27
44853,P16,17178,280169,0.444547225,79,438288,90,499.32
44853,P17,17182,280104,0.277510684,18,124680,90,623.40
44854,P11,17166,280129,0.662099359,12,99156,90,743.67
44854,P12,17168,120430,0.653952991,36,293808,90,734.52
44854,P12,17169,120431,0.673397436,36,302544,90,756.36
44854,P17,17183,280105,0.444110577,72,798120,90,997.65
44855,P11,17167,120448,0.527929338,43,283308,90,592.97
44855,P15,17176,280106,0.663862179,12,99420,90,745.65
44856,P15,17272,280166,0.596069501,19,141340,90,669.51
44857,P09,17212,280316,0.671492452,31,259787,90,754.22
44857,P10,17215,280351,0.782786692,163,1592376,90,879.23
44857,P11,17216,120437,0.49208734,48,294780,90,552.71
44857,P12,17220,120430,0.508600427,12,76168,90,571.26
44857,P12,17224,120437,0.678380893,31,262452,90,761.96
44857,P13,17226,280169,0.720152244,24,215700,90,808.88
44857,P14,17229,120436,0.808293269,24,242100,90,907.88
44857,P15,17235,251200,0.690504808,24,206820,90,775.58
44857,P16,17236,280169,0.60713141,12,90924,90,681.93
44857,P16,17239,280351,0.761458333,48,456144,90,855.27
44857,P17,17240,280103,0.612246261,12,183380,90,1375.35
44857,P17,17241,280166,0.664072516,40,663010,90,1491.77
44857,P18,17254,280324,0.588915598,12,176392,90,1322.94
44857,P18,17255,280052,0.721277522,92,1656284,90,1620.28
44858,P09,17214,280065,0.654625178,72,588220,90,735.28
44858,P13,17227,241287,0.746991315,31,288996,90,839.02
44858,P14,17230,120437,0.672355769,36,302076,90,755.19
44858,P15,17234,120464,0.693768928,127,1099596,90,779.24
44859,P11,17217,280264,0.670171629,31,259276,90,752.74
44859,P12,17223,120444,0.455769231,12,68256,90,511.92
44859,P12,17225,280256,0.692831197,60,518792,90,778.19
44859,P13,17228,251200,0.733447802,84,768888,90,823.81
44859,P14,17231,280365,0.609079254,55,418072,90,684.12
44859,P15,17421,280405,0.769797141,161,1546738,90,864.64
44859,P16,17238,280256,0.765607757,79,754828,90,859.93
44859,P17,17421,280166,0.598290598,12,179200,90,1344.00
44860,P11,17218,280326,0.587649573,60,440032,90,660.05
44861,P09,17213,280317,0.668548387,31,258648,90,750.91
44862,P12,17256,280384,0.518454791,19,122936,90,582.33
44862,P14,17232,280362,0.601428953,48,360280,90,675.53
44862,P17,17242,280222,0.677056624,24,405584,90,1520.94
44863,P09,17327,280318,0.572035256,24,171336,90,642.51
44863,P11,17219,280327,0.527143429,24,157890,90,592.09
44863,P12,17222,120536,0.663621795,24,198768,90,745.38
44863,P13,17326,241287,0.779767628,24,233556,90,875.84
44863,P15,17233,280106,0.575160256,12,86136,90,646.02
44863,P16,17237,280213,0.587606838,24,176000,90,660.00
44863,P17,17243,280324,0.271334135,16,108360,90,609.53
44864,P09,17274,280318,0.636858974,12,95376,90,715.32
44864,P09,17275,120437,0.727029915,36,326640,90,816.60
44864,P10,17276,280351,0.763938581,43,409960,90,858.06
44864,P11,17277,280351,0.682334526,43,366168,90,766.40
44864,P12,17279,120532,0.758653846,36,340848,90,852.12
44864,P13,17284,241287,0.773777579,43,415240,90,869.11
44864,P14,17286,280107,0.823958333,24,246792,90,925.47
44864,P14,17329,280362,0.358928571,7,31356,90,403.15
44864,P15,17291,120436,0.769050481,48,460692,90,863.80
44864,P16,17295,280351,0.790913462,40,394824,90,888.35
44865,P12,17338,280090,0.634935897,12,95088,90,713.16
44865,P14,17342,120436,0.738415751,21,193524,90,829.39
44866,P09,17335,120437,0.726287625,115,1042368,90,815.77
44866,P10,17336,280351,0.831270903,115,1193040,90,933.68
44866,P11,17337,280351,0.687123746,46,394464,90,771.78
44866,P12,17281,120465,0.778365385,24,233136,90,874.26
44866,P13,17339,241287,0.690326745,72,620300,90,775.38
44866,P14,17288,120430,0.652977929,79,643784,90,733.42
44866,P15,17292,280166,0.677265951,43,363448,90,760.71
44866,P16,17344,280351,0.76115942,115,1092416,90,854.93
44867,P12,17282,120435,0.42032967,7,36720,90,472.11
44867,P12,17282,120453,0.866666667,12,129792,90,973.44
44868,P11,17278,280352,0.68568695,67,573344,90,770.16
44868,P12,17283,280256,0.781606125,72,702320,90,877.90
44868,P15,17293,280105,0.687494992,48,411837,90,772.19
44869,P13,17285,120436,0.708750745,43,380344,90,796.07
44869,P14,17289,120431,0.677537393,24,202936,90,761.01
44869,P15,17294,280106,0.716359509,24,214564,90,804.62
44869,P17,17298,280103,0.499298878,40,498500,90,1121.63
44869,P18,17299,280052,0.761785524,48,912680,90,1711.28
44871,P09,17348,280065,0.68134448,67,569713,90,765.29
44871,P10,17349,280351,0.80232421,163,1632120,90,901.17
44871,P11,17350,280352,0.73337149,84,768808,90,823.72
44871,P12,17349,280351,0.703018162,12,105284,90,789.63
44871,P12,17352,280256,0.795131605,132,1309868,90,893.09
44871,P13,17357,120448,0.65453125,120,980226,90,735.17
44871,P14,17359,120430,0.628748219,36,282484,90,706.21
44871,P15,17362,120437,0.776705955,31,300492,90,872.40
44871,P16,17363,280351,0.801518012,163,1630480,90,900.27
44872,P09,17347,280315,0.760683761,60,569600,90,854.40
44872,P14,17360,120437,0.712679628,91,809376,90,800.48
44872,P15,17361,120464,0.769938685,115,1105016,90,864.80
44873,P13,17356,241283,0.708901985,31,274260,90,796.24
44874,P11,17351,280264,0.786165206,79,775096,90,883.02
44875,P13,17355,280213,0.454807692,12,68112,90,510.84
44876,P09,17449,280317,0.665402709,31,257431,90,747.38
44876,P14,17378,120536,0.624238782,24,186972,90,701.15
44876,P15,17448,241281,1.004395604,7,87744,90,1128.14
44876,P17,17367,280166,0.567908654,16,226800,90,1275.75
44876,P18,17370,280222,0.778078259,24,466100,90,1747.88
44877,P12,17353,120534,0.497015224,24,148866,90,558.25
44877,P14,17414,120532,0.710880743,24,212923,90,798.46
44878,P09,17398,280316,0.622716346,24,186516,90,699.44
44878,P10,17402,280351,0.781744705,161,1570744,90,878.06
44878,P11,17403,280264,0.684224061,43,367182,90,768.52
44878,P12,17407,120531,0.645192308,12,96624,90,724.68
44878,P12,17408,280385,0.689663462,24,206568,90,774.63
44878,P13,17411,120448,0.551923077,12,82656,90,619.92
44878,P13,17412,241288,0.625514507,76,593288,90,702.58
44878,P14,17415,120451,0.725725371,19,172084,90,815.13
44878,P16,17422,280351,0.81541266,160,1628216,90,915.87
44879,P09,17400,280391,0.704950142,36,316720,90,791.80
44879,P12,17409,120448,0.795712251,45,446872,90,893.74
44879,P14,17416,280236,0.57522703,24,172292,90,646.10
44880,P09,17401,280103,0.769070513,100,959800,90,863.82
44880,P11,17404,241283,0.729937261,47,428152,90,819.87
44880,P14,17417,280237,0.69298433,9,77836,90,778.36
44880,P14,17417,280238,0.667307692,12,99936,90,749.52
44880,P17,17424,280104,0.365549585,34,310220,90,821.17
44880,P18,17428,280324,0.788290598,67.5,1328112,90,1770.82
44881,P12,17410,280256,0.743101799,67,621352,90,834.65
44881,P14,17418,280239,0.631984509,24,189292,90,709.85
44882,P11,17405,280327,0.77799813,24,233026,90,873.85
44882,P12,1741,280256,0.852884615,12,127728,90,957.96
44882,P13,17413,280169,0.733940873,67,613692,90,824.36
44882,P14,17419,120437,0.696503497,55,478080,90,782.31
44883,P11,17406,280240,0.604086538,12,90468,90,678.51
44883,P11,17499,280264,0.581110422,31,224820,90,652.70
44883,P17,17425,280405,0.49796274,20,248583,90,1118.62
44885,P09,17456,280103,0.473824786,12,70960,90,532.20
44885,P09,17457,280315,0.632932692,24,189576,90,710.91
44885,P10,17459,280351,0.737543313,74,681136,90,828.41
44885,P11,17462,280264,0.726570247,36.2,328247,90,816.08
44885,P12,17465,120437,0.789014079,81.5,802522,90,886.22
44885,P13,17466,280169,0.634409623,81,641312,90,712.57
44885,P14,17466,280166,0.461538462,12,69120,90,518.40
44885,P14,17467,120437,0.429807692,12,64368,90,482.76
44885,P14,17468,280166,0.62813059,43,337080,90,705.52
44885,P15,17471,251200,0.839397229,62,649492,90,942.81
44885,P16,17472,280351,0.719230769,19,170544,90,807.84
44886,P09,17458,280065,0.78579132,37,362847,90,882.60
44886,P09,17506,280065,0.758547009,12,113600,90,852.00
44886,P11,17461,280130,0.573530983,24,171784,90,644.19
44886,P16,17506,280405,0.824782404,54.5,560984,90,926.40
44887,P11,17460,280129,0.644537927,24,193052,90,723.95
44888,P14,17469,280204,0.652472527,7,57000,90,732.86
44888,P15,17547,120437,0.818515779,13,132796,90,919.36
44891,P09,17509,280065,0.732612842,60.5,553152,90,822.87
44891,P10,17513,280351,0.746339744,100,931432,90,838.29
44891,P11,17569,280351,0.814232772,8,81293,90,914.55
44891,P12,17567,280130,0.847771673,10.5,111092,90,952.22
44891,P14,17568,280166,0.749434389,8.5,79500,90,841.76
44891,P16,17571,280351,0.606410256,6.5,49192,90,681.12
44892,P11,17515,280212,0.671302922,43,360248,90,754.01
44892,P12,17517,120437,0.787857238,24,235979,90,884.92
44892,P13,17524,280169,0.629842913,91,715300,90,707.44
44892,P14,17526,280166,0.601348972,91,682940,90,675.44
44892,P15,17529,280172,0.845311568,86,907256,90,949.45
44892,P16,17531,280351,0.85325187,96,1022264,90,958.37
44893,P12,17518,120431,0.677232538,29,245104,90,760.67
44894,P11,17516,280405,0.705548878,48,422652,90,792.47
44894,P12,17519,120532,0.630021368,12,94352,90,707.64
44895,P09,17510,280317,0.866773504,12,129808,90,973.56
44895,P09,17510,280318,0.559081197,12,83728,90,627.96
44895,P12,17520,120536,0.641853632,24,192248,90,720.93
44896,P09,17623,280318,0.862053571,28,301236,90,968.26
44896,P10,17624,280351,0.830759215,64,663544,90,933.11
44896,P11,17625,280405,0.753665865,64,601968,90,846.52
44896,P12,17521,280164,0.729166667,12,109200,90,819.00
44896,P12,17626,120536,0.617307692,12,92448,90,693.36
44896,P13,17627,280169,0.544340659,35,237768,90,611.40
44896,P14,17628,280166,0.581410256,12,87072,90,653.04
44896,P14,17629,120448,0.617434562,48,369868,90,693.50
44896,P15,17630,280172,0.690892094,36,310404,90,776.01
44896,P16,17631,280351,0.747385022,63,587624,90,839.46
44897,P09,17512,120448,0.662339744,24,198384,90,743.94
44897,P12,17522,280383,0.530128205,12,79392,90,595.44
44897,P12,17548,280013,0.680528846,24,203832,90,764.37
44897,P13,17525,280325,0.669337607,36,300720,90,751.80
44897,P15,17530,251200,0.769230769,12,115200,90,864.00
44897,P17,17536,280222,0.75206044,21,394200,90,1689.43
44897,P18,17633,280052,0.752630876,24,450856,90,1690.71
44898,P09,17578,280316,0.73610666,36,330718,90,826.80
44898,P12,17583,120437,0.711326694,28,248566,90,798.96
44898,P14,17528,280107,0.811525107,12,121534,90,911.51
44898,P15,17650,280324,0.66673344,24,199700,90,748.88
44899,P10,17580,280351,0.767590845,163,1561464,90,862.16
44899,P11,17581,280264,0.642195513,60,480876,90,721.31
44899,P13,17590,280324,0.532692308,12,79776,90,598.32
44899,P13,17590,280325,0.73420182,31,284048,90,824.66
44899,P14,17593,120437,0.816596199,141,1436948,90,917.20
44899,P15,17595,280324,0.801117392,91,909813,90,899.82
44899,P16,17597,280351,0.740849535,91,841368,90,832.12
44900,P09,17579,280323,0.728978404,103,937058,90,818.79
44900,P12,17585,280379,0.488682033,36,198444,110,606.36
44901,P11,17582,280352,0.726146689,103,933418,90,815.61
44901,P12,17586,280376,0.773104201,13,113368,110,959.27
44901,P13,17591,241287,0.643293574,79,634236,90,722.55
44902,P12,17587,280377,0.601182033,18,122064,110,745.95
44903,P12,17584,280375,0.624601064,24,169092,110,775.01
44903,P15,17596,280323,0.804731152,67,672884,90,903.87
44903,P16,17598,280222,0.780261752,72,701112,90,876.39
44903,P17,17599,280222,0.432300252,42,453189,90,971.12
44903,P18,17602,280052,0.672112046,48,805244,90,1509.83
44904,P09,17577,280318,0.921035762,19,218396,90,1034.51
44904,P12,17588,280380,0.652762659,21.5,158308,110,809.95
44904,P13,17592,241288,0.502435007,36,225734,90,564.34
44905,P09,17655,120437,0.604887821,12,90588,90,679.41
44905,P12,17719,280426,0.25912654,9.5,27768,110,321.52
44905,P14,17720,120436,0.687740385,12,102996,90,772.47
44906,P09,17656,280315,0.72026862,84,755072,90,809.01
44906,P10,17658,280351,0.653975982,158,1289536,90,734.55
44906,P11,17659,280264,0.673629706,79,664145,90,756.62
44906,P12,17665,280401,0.550961538,28,192528,90,618.84
44906,P13,17670,241288,0.728107194,36,327124,90,817.81
44906,P14,17673,120436,0.668389423,24,200196,90,750.74
44906,P15,17678,280323,0.5515625,12,82602,90,619.52
44906,P15,17679,280405,0.769933004,72,691831,90,864.79
44906,P16,17682,280222,0.718406593,7,62760,90,806.91
44906,P16,17683,280351,0.855641875,151,1612440,90,961.06
44907,P09,17565,280315,0.68992674,7,60272,90,774.93
44907,P12,17666,280090,0.545886752,12,81752,90,613.14
44907,P12,17666,280401,0.726153846,10,90624,90,815.62
44907,P13,17671,280169,0.649153272,67,542796,90,729.13
44907,P14,17674,120448,0.795295699,31,307684,90,893.28
44908,P12,17668,120453,0.544123932,12,81488,90,611.16
44908,P14,17676,120431,0.727556649,43,390436,90,817.19
44909,P11,17660,280213,0.767908654,24,230004,90,862.52
44909,P12,17669,280256,0.744593015,96,892082,90,836.33
44909,P15,17680,280104,0.756552256,79,745900,90,849.76
44910,P09,17657,280065,0.663995726,72,596640,90,745.80
44910,P11,17661,280212,0.657532051,24,196944,90,738.54
44910,P13,17672,280405,0.646317016,55,443632,90,725.94
44910,P14,17677,280204,0.745192308,36,334800,90,837.00
44910,P17,17684,280324,1.103739316,1.5,41324,90,2479.44
44910,P18,17690,280222,0.587256277,24,351790,90,1319.21
44911,P11,17662,280351,0.831160969,36,373424,90,933.56
44911,P18,17691,280324,0.565743978,33,465992,90,1270.89
44912,P14,17770,280166,0.858653846,24,257184,90,964.44
44913,P09,17723,280065,0.669738248,24,200600,90,752.25
44913,P10,17726,280351,0.849069119,115,1218584,90,953.67
44913,P11,17727,280351,0.760533869,67,635928,90,854.23
44913,P13,17734,280405,0.783992993,43,420722,90,880.58
44913,P14,17737,280166,0.805977937,43,432520,90,905.27
44913,P15,17742,280391,0.750300481,48,449460,90,842.74
44913,P16,17744,280351,0.867019027,118.25,1279512,90,973.84
44914,P09,17724,241288,0.803472222,48,481312,90,902.46
44915,P12,17731,120450,0.787179487,12,117888,90,884.16
44915,P13,17735,241283,0.654425748,60,490034,90,735.05
44915,P14,17738,120436,0.700787927,24,209900,90,787.13
44915,P15,17743,280213,0.889472387,65,721540,90,999.06
44916,P09,17725,280169,0.806885856,31,312168,90,906.29
44916,P11,17728,280352,0.703645833,24,210756,90,790.34
44916,P12,17732,120433,0.721794872,24,216192,90,810.72
44916,P14,17739,120531,0.445526175,24,133444,90,500.42
44917,P09,17812,280169,0.761396011,2.25,21380,90,855.20
44917,P09,17812,280391,0.712339744,12,106680,90,800.10
44917,P11,17729,280130,0.736199458,26,238882,90,826.90
44917,P12,17733,280384,0.727472527,7,63552,90,817.10
44917,P12,17813,120534,0.819615385,10,102288,90,920.59
44917,P13,17736,280362,0.727640415,10.5,95350,90,817.29
44917,P14,17740,120532,0.619871795,24,185664,90,696.24
44918,P14,17741,120532,0.725037707,4.25,38456,90,814.36
44928,P09,17814,280391,0.680283947,71,602786,90,764.09
44928,P10,17776,280351,0.774869867,133,1286160,90,870.33
44928,P11,17777,280130,0.671821581,18,150918,90,754.59
44928,P12,17821,280256,0.611278373,61,465354,90,686.59
44928,P13,17787,251200,0.613841223,65,497948,90,689.47
44928,P14,17824,120433,0.697923634,23,200332,90,783.91
44928,P15,17795,280052,0.705064103,60,527952,90,791.93
44928,P16,17798,280351,0.633024691,27,213304,90,711.01
44929,P11,17817,280352,0.727516026,60,544764,90,817.15
44929,P14,17825,280164,0.597355769,12,89460,90,670.95
44929,P16,17800,280256,0.738995726,108,996048,90,830.04
44930,P11,17818,280240,0.699385684,12,104740,90,785.55
44930,P12,17818,120532,0.709294872,12,106224,90,796.68
44930,P14,17826,280237,0.622863248,12,93280,90,699.60
44930,P14,17827,280239,0.769003739,24,230332,90,863.75
44931,P09,17870,280169,0.654985755,36,294272,90,735.68
44931,P12,17820,280107,0.777383814,48,465684,90,873.16
44931,P13,17822,241283,0.591773504,36,265872,90,664.68
44931,P14,17828,120448,0.776282051,12,116256,90,871.92
44931,P15,17830,280212,0.781508191,36,351116,90,877.79
44932,P11,17886,280169,0.660275045,43,354330,90,741.62
44932,P13,17823,241287,0.653662634,31,252889,90,734.19
44932,P14,17829,280204,0.748464209,24,224180,90,840.68
44932,P15,17831,280405,0.797950053,24,239002,90,896.26
44932,P18,17832,280222,0.64876636,24,388637,90,1457.39
44933,P09,17816,280315,0.636004274,12,95248,90,714.36
44933,P09,17835,280316,0.725961538,24,217440,90,815.40
44933,P12,17842,280256,0.681576087,115,978198,90,765.55
44933,P14,17887,280166,0.58296643,19,138233,90,654.79
44933,P15,17856,280405,0.800289352,36,359554,90,898.89
44934,P09,17836,280318,0.560189326,43,300620,90,629.20
44934,P10,17838,280351,0.72933453,158,1438131,90,819.19
44934,P11,17839,280264,0.600500023,141.5,1060435,90,674.48
44934,P13,17845,241283,0.72316818,36,324905,90,812.26
44934,P14,17850,280166,0.734797342,48,440173,90,825.32
44934,P16,17858,280351,0.748282967,98,915180,90,840.47
44935,P12,17843,120437,0.645820289,43,346573,90,725.39
44935,P13,17847,280327,0.561492674,91,637676,90,630.67
44935,P15,17857,280325,0.666908247,67,557642,90,749.07
44935,P16,17859,280169,0.748056891,60,560145,90,840.22
44936,P09,17837,280391,0.737387227,108,993880,90,828.23
44936,P14,17851,120430,0.488461538,24,146304,90,548.64
44937,P14,17854,120532,0.665474061,43,357120,90,747.46
44938,P15,17917,280169,0.854712017,67,714676,90,960.01
44939,P12,17844,120444,0.645466079,12,96665,90,724.99
44939,P13,17848,280362,0.449188702,24,134541,90,504.53
44939,P14,17853,120451,0.671621261,24,201164,90,754.37
44939,P18,17861,280052,0.799372329,24,478856,90,1795.71
44940,P11,17894,280256,0.492664881,100.5,617920,90,553.36
44940,P13,17849,280222,0.762713675,12,114224,90,856.68
44940,P14,17855,120448,0.604487179,12,90528,90,678.96
44940,P14,17872,120450,0.520886752,12,78008,90,585.06
44941,P09,17888,280391,0.754020979,55,517560,90,846.92
44941,P10,17893,280351,0.69192229,163,1407536,90,777.17
44941,P12,17896,280256,0.730338936,127,1157558,90,820.32
44941,P13,17897,280222,0.67826114,103,871864,90,761.82
44941,P14,17899,280107,0.7234375,24,216684,90,812.57
44941,P15,17905,280405,0.772511623,91,877326,90,867.69
44941,P16,17907,280351,0.731481045,163,1488008,90,821.60
44942,P14,17900,280013,0.592134081,24,177356,90,665.09
44943,P09,17919,280104,0.775774573,12,116180,90,871.35
44943,P09,17919,280391,0.483974359,12,72480,90,543.60
44943,P14,17903,120430,0.726118881,55,498408,90,815.58
44944,P09,17890,280104,0.699185363,24,209420,90,785.33
44945,P09,17891,280105,0.725792848,19,172100,90,815.21
44945,P11,17895,120464,0.488883266,57,347772,90,549.11
44945,P13,17898,120464,0.790870726,60,592204,90,888.31
44945,P14,17904,280166,0.704620726,60,527620,90,791.43
44945,P15,17906,241287,0.744273823,67,622332,90,835.97
44946,P09,17892,280166,0.743656517,24,222740,90,835.28
44946,P12,17989,120437,0.85478766,36,384039,90,960.10
44946,P17,17972,280052,0.803952991,24,481600,90,1806.00
44946,P18,17920,280052,0.858814103,16,342976,90,1929.24
44947,P09,178,280166,0.726896368,12,108860,90,816.45
44948,P09,17938,280103,0.866987179,24,259680,90,973.80
44948,P10,17942,280351,0.64308432,156,1252008,90,722.31
44948,P11,17943,120464,0.659468483,72,592572,90,740.72
44948,P12,17945,120437,0.698642272,36,313886,90,784.72
44948,P13,17951,120464,0.66821446,158,1317612,90,750.54
44948,P14,17952,280166,0.73362228,132,1208540,90,824.00
44948,P15,17955,241287,0.511338141,24,153156,90,574.34
44948,P16,17958,280351,0.771202532,79,760344,90,866.21
44949,P09,1622144,280103,0.671607906,12,100580,90,754.35
44949,P12,17946,280426,0.464699154,31,162496,110,576.60
44949,P15,17956,120464,0.724291498,19,171744,90,813.52
44950,P09,17939,280315,0.376483516,17.5,82224,90,422.87
44950,P15,17957,280405,0.797332769,108,1074677,90,895.56
44951,P09,17940,280065,0.513157656,53,339423,90,576.38
44951,P11,17944,280352,0.657947907,79,648684,90,739.01
44951,P12,17947,280380,0.450955477,36,183124,110,559.55
44951,P16,17959,280405,0.714703019,79,704640,90,802.75
44951,P17,17973,280052,0.801239316,60,1199936,90,1799.90
44952,P12,17948,280378,0.666555851,12,90225,110,827.06
44953,P12,17949,280376,0.425192395,23.5,112710,110,527.58
44953,P18,17963,280052,0.606965311,48,727193,90,1363.49
44954,P09,179,280317,0.644798344,12,96565,90,724.24
44954,P09,17941,280317,0.471187233,12,70565,90,529.24
44954,P12,17950,280377,0.620600037,19,133007,110,770.04
44954,P14,17953,120430,0.532371795,12,79728,90,597.96
44954,P14,17954,120448,0.826041667,12,123708,90,927.81
44954,P15,18034,280169,0.680227605,79,670650,90,764.03
44955,P09,17991,280065,0.69493383,31,268856,90,780.55
44955,P10,17996,280351,0.611222732,67,511080,90,686.53
44955,P11,17997,280352,0.709695513,36,318852,90,797.13
44955,P12,18002,280375,0.557387707,12,75448,110,691.61
44955,P12,18060,280377,0.604151891,12,81778,110,749.63
44955,P13,18006,241287,0.775814637,72,697116,90,871.40
44955,P14,18025,120437,0.728324723,67,608996,90,818.05
44955,P16,18017,280405,0.650921474,48,389928,90,731.12
44956,P09,17992,280318,0.835657051,24,250296,90,938.61
44956,P11,17998,280129,0.526648352,7,46008,90,591.53
44956,P12,17992,280256,0.720352564,12,107880,90,809.10
44956,P12,18001,280379,0.65376562,21,154864,110,811.19
44957,P09,17993,251200,0.62936031,12,94253,90,706.90
44957,P11,18000,280169,0.700430689,24,209793,90,786.72
44957,P12,18003,120437,0.689536592,12,103265,90,774.49
44957,P12,18004,120437,0.629380342,12,94256,90,706.92
44957,P16,18018,280351,0.751522436,24,225096,90,844.11
44958,P09,18070,251200,0.717601496,36,322404,90,806.01
44958,P10,18071,280351,0.668216399,91,758880,90,750.54
44958,P11,18072,280264,0.756773391,94,887786,90,850.01
44958,P12,18073,120437,0.714004953,55,490093,90,801.97
44958,P13,18074,241287,0.659169101,79,649888,90,740.38
44958,P14,18076,280365,0.592965888,28,207206,90,666.02
44958,P15,18077,280212,0.730699119,24,218859,90,820.72
44958,P15,18078,280351,0.839697802,7,73356,90,943.15
44958,P16,18076,280351,0.743269231,12,111312,90,834.84
44958,P16,18078,280351,0.656735553,67,549136,90,737.65
44959,P09,17994,241283,0.673157051,24,201624,90,756.09
44959,P14,18026,120453,0.674973291,24,202168,90,758.13
44959,P15,18033,241287,0.637099359,48,381648,90,715.59
44960,P09,17995,280169,0.641531714,19,152120,90,720.57
44960,P12,18005,280256,0.779987981,36,350433,90,876.08
44960,P14,18027,120531,0.656944444,12,98384,90,737.88
44960,P17,18021,280405,0.705749199,16,281848,90,1585.40
44960,P18,18024,280222,0.604407051,24,362064,90,1357.74
44961,P09,18133,280315,0.481303419,12,72080,90,540.60
44961,P13,18131,241283,0.837900641,12,125484,90,941.13
44961,P14,18030,120431,0.619097222,24,185432,90,695.37
44961,P15,18134,280169,0.768108974,12,115032,90,862.74
44962,P09,18081,280315,0.742013889,72,666744,90,833.43
44962,P10,18085,280351,0.662946214,160,1323771,90,744.62
44962,P11,18086,280264,0.742816894,31,287381,90,834.33
44962,P12,18090,280256,0.71969531,79,709562,90,808.36
44962,P13,18092,241283,0.609592075,55,418424,90,684.69
44962,P14,18095,120431,0.623473976,67,521324,90,700.29
44962,P15,18101,280169,0.750846728,67,627828,90,843.35
44962,P16,18104,280351,0.724196326,67,605544,90,813.42
44963,P11,18087,280130,0.803685897,12,120360,90,902.70
44963,P17,18106,280405,0.659919872,30,494148,90,1482.44
44963,P18,18108,280222,0.626884615,25,391176,90,1408.23
44964,P11,18088,280213,0.625,36,280800,90,702.00
44964,P13,18094,280365,0.661542913,36,297218,90,743.05
44964,P17,18107,280052,0.783689459,18,352096,90,1760.48
44964,P18,18109,280324,0.616185897,16,246080,90,1384.20
44965,P09,18082,280316,0.707478632,12,105952,90,794.64
44965,P11,18089,280052,0.677001177,79,667469,90,760.41
44965,P12,18091,120436,0.673225733,84,705756,90,756.17
44965,P14,18096,120532,0.618496261,24,185252,90,694.70
44965,P15,18102,241283,0.674893162,24,202144,90,758.04
44965,P16,18105,280324,0.771902296,91,876634,90,867.00
44966,P09,18083,280317,0.783076923,5,48864,90,879.55
44966,P09,18084,280065,0.731517094,60,547760,90,821.64
44966,P13,18093,280327,0.759911131,55,521603,90,853.53
44966,P14,18097,120450,0.667318031,31,258172,90,749.53
44966,P15,18103,280052,0.812802707,72,730352,90,912.94
44967,P14,18098,280236,0.554727564,12,83076,90,623.07
44968,P13,18144,280169,0.570103276,36,256136,90,640.34
44968,P14,18099,280238,0.693349359,12,103836,90,778.77
44968,P14,18100,280239,0.553472222,12,82888,90,621.66
44969,P09,18136,280065,0.751864316,45,422247,90,844.49
44969,P10,18139,280351,0.69632643,156,1355664,90,782.11
44969,P11,18140,280052,0.652851229,48,391084,90,733.28
44969,P12,18142,120436,0.791035209,134,1322864,90,888.49
44969,P14,18146,280166,0.715886159,108,964900,90,804.08
44969,P15,18148,280052,0.754457364,43,404872,90,847.41
44969,P16,18151,280324,0.80323295,72,721753,90,902.19
44970,P13,18145,280325,0.667807833,91,758416,90,750.08
44970,P14,18145,280166,0.661172161,7,57760,90,742.63
44971,P09,18137,280106,0.715987371,67,598680,90,804.20
44971,P11,18141,280222,0.68111204,115,977532,90,765.03
44971,P15,18150,280104,0.672832087,72,604580,90,755.73
44972,P16,18152,280325,0.747770499,91,849228,90,839.90
44974,P09,18138,280105,0.623165954,36,279976,90,699.94
44974,P13,18143,241283,0.768910256,48,460608,90,863.64
44974,P14,17147,120437,0.553766026,12,82932,90,621.99
44974,P14,18147,120437,0.805849359,36,362052,90,905.13
44974,P15,18149,280103,0.733452594,43,393600,90,823.81
44974,P17,18153,280052,0.670751463,46,770130,90,1506.78
44975,P09,18226,280065,0.756303419,12,113264,90,849.48
44975,P12,18225,280256,0.655488782,24,196332,90,736.25
44976,P09,18176,280065,0.712955466,19,169056,90,800.79
44976,P10,18179,280351,0.735700802,163,1496592,90,826.34
44976,P11,18180,280352,0.672921836,31,260340,90,755.83
44976,P12,18182,280256,0.745337576,139,1292952,90,837.16
44976,P13,18183,280169,0.804487179,12,120480,90,903.60
44976,P13,18184,280213,0.679934462,67,568534,90,763.70
44976,P14,18186,120437,0.817596154,20,204072,90,918.32
44976,P15,18193,280103,0.755542201,24,226300,90,848.63
44976,P16,18197,280325,0.766499126,88,841800,90,860.93
44977,P09,18177,280315,0.780753968,84,818480,90,876.94
44977,P11,18181,280264,0.693850318,127,1099725,90,779.33
44977,P14,18187,120436,0.830737179,30,311028,90,933.08
44977,P15,18196,280391,0.783876425,36,352180,90,880.45
44978,P14,18188,120430,0.779850427,30,291976,90,875.93
44978,P15,18195,280166,0.736063778,79,725700,90,826.75
44978,P16,18198,280351,0.733021978,70,640368,90,823.33
44979,P13,18210,280052,0.641472939,79,632441,90,720.50
44980,P09,18178,280316,0.52576774,43,282148,90,590.54
44980,P14,18189,120431,0.612580128,24,183480,90,688.05
44981,P14,18190,120536,0.463274573,12,69380,90,520.35
44981,P14,18191,120444,0.56717033,7,49548,90,637.05
44981,P15,18194,280204,0.581797543,24,174260,90,653.48
44981,P17,18201,280405,0.843162393,12,252544,90,1894.08
44982,P09,18281,280318,0.65782967,7,57468,90,738.87
44982,P12,18280,120448,0.760026042,24,227643,90,853.66
44982,P14,18192,120448,0.672773279,19,159528,90,755.66
44983,P09,18229,280318,0.634935897,12,95088,90,713.16
44983,P09,18230,241283,0.72900641,12,109176,90,818.82
44983,P10,18232,280351,0.748670111,67,626008,90,840.91
44983,P11,18233,280264,0.73483185,67,614437,90,825.36
44983,P12,18237,120448,0.815749378,67,682097,90,916.25
44983,P13,18238,280052,0.585867621,43,314400,90,658.05
44983,P14,18240,120448,0.809855769,12,121284,90,909.63
44983,P14,18241,280107,0.724759615,36,325620,90,814.05
44983,P15,18247,280166,0.783520299,12,117340,90,880.05
44983,P15,18248,280324,0.639004953,55,438613,90,717.73
44983,P16,18260,280325,0.801761151,48,480287,90,900.54
44984,P09,18282,241283,0.51696047,12,77420,90,580.65
44984,P09,18286,280052,0.710799501,36,319348,90,798.37
44985,P13,18239,280405,0.679513889,24,203528,90,763.23
44985,P14,18242,120453,0.795005342,12,119060,90,892.95
44985,P14,18243,120454,0.535844017,12,80248,90,601.86
44985,P16,18287,280324,0.739740251,24,221567,90,830.88
44986,P09,18294,280052,0.582709177,19,138172,90,654.50
44986,P10,18295,280351,0.753986378,96,903336,90,846.88
44986,P11,18296,280264,0.771976981,55,529885,90,867.08
44986,P12,18236,280256,0.562104143,67,470009,90,631.36
44986,P12,18297,120448,0.558620459,12,83659,90,627.44
44986,P13,18298,280405,0.767656382,91,871812,90,862.23
44986,P14,18244,280383,0.744551282,19,176548,90,836.28
44986,P14,18299,120454,0.545726496,12,81728,90,612.96
44986,P15,18300,280324,0.77416878,91,879208,90,869.55
44986,P16,18301,280324,0.685338402,86,735560,90,769.77
44987,P09,18227,280315,0.730448718,24,218784,90,820.44
44987,P11,18235,280130,0.713385862,36,320510,90,801.28
44987,P14,18245,280090,0.597649573,24,179008,90,671.28
44988,P09,18228,280317,0.565847578,36,254224,90,635.56
44988,P09,18228,280324,0.707371795,12,105936,90,794.52
44988,P14,18246,120532,0.722569444,36,324636,90,811.59
44988,P17,18302,280323,#DIV/0!,0,0,90,0.00
44989,P12,18356,120436,0.791713408,12,118567,90,889.25
44990,P09,18305,280316,0.740491453,12,110896,90,831.72
44990,P09,18306,280065,0.659299656,67,551280,90,740.53
44990,P10,18309,280351,0.617788985,153,1179631,90,693.90
44990,P11,18310,280264,0.658828106,103,846884,90,740.00
44990,P12,18342,120436,0.757929354,48,454030,90,851.31
44990,P13,18315,280169,0.783616486,163,1594064,90,880.16
44990,P14,18316,120431,0.739308266,67,618180,90,830.39
44990,P15,18324,280169,0.707211538,12,105912,90,794.34
44990,P15,18325,280103,0.731858352,103,940760,90,822.02
44990,P16,18327,280324,0.771051105,163,1568503,90,866.04
44992,P12,18343,120437,0.62057227,31,240087,90,697.03
44993,P09,18308,251200,0.716947115,48,429480,90,805.28
44993,P12,18344,280256,0.786000935,24,235423,90,882.84
44993,P14,18317,120531,0.689797009,12,103304,90,774.78
44993,P14,18347,280385,0.74019765,12,110852,90,831.39
44994,P11,18311,280352,0.602447552,55,413520,90,676.67
44994,P12,18386,120437,0.743572382,60,556787,90,835.18
44994,P14,18348,280384,0.464690171,12,69592,90,521.94
44994,P14,18349,120451,0.757505342,24,226888,90,850.83
44995,P09,18307,280315,0.424866453,12,63628,90,477.21
44995,P09,18307,280318,0.79104251,19,187572,90,888.50
44995,P14,18350,280013,0.523637821,12,78420,90,588.15
44995,P15,18326,280391,0.800580929,48,479580,90,899.21
44995,P17,18385,280405,0.779262821,10,194504,90,1750.54
44996,P14,18351,280166,0.806957799,24,241700,90,906.38
44997,P09,18361,280052,0.739823718,48,443184,90,830.97
44997,P10,18362,280351,0.690160453,163,1403952,90,775.19
44997,P11,18363,280352,0.656230922,84,687940,90,737.08
44997,P12,18363,280352,0.682612179,12,102228,90,766.71
44997,P12,18387,120448,0.755497403,79,744860,90,848.57
44997,P13,18367,280325,0.752587451,151,1418236,90,845.31
44997,P14,18368,280166,0.7363694,91,836280,90,827.09
44997,P15,18373,280391,0.732891107,79,722572,90,823.18
44997,P16,18376,280324,0.806101399,55,553308,90,905.41
44999,P09,18358,280317,0.448659674,55,307960,90,503.93
44999,P16,18377,280052,0.807230769,100,1007424,90,906.68
45000,P11,18364,280212,0.642679901,31,248640,90,721.86
45000,P15,18375,280052,0.846401331,79,834484,90,950.68
45000,P17,18394,280324,0.383928571,56,536640,90,862.46
45001,P09,18359,280315,0.701949786,48,420496,90,788.43
45001,P12,18389,120536,0.688782051,24,206304,90,773.64
45001,P14,18369,280204,0.748397436,12,112080,90,840.60
45001,P14,18370,120430,0.600314685,55,412056,90,674.27
45002,P11,18365,280052,0.394818376,48,236512,90,443.46
45002,P12,18390,280164,0.716987179,12,107376,90,805.32
45002,P12,18391,120430,0.829558405,36,372704,90,931.76
45003,P09,18406,280065,0.550080128,36,247140,90,617.85
45003,P13,18420,280169,0.830521092,31,321312,90,932.84
45004,P10,18411,280351,0.699180602,115,1003464,90,785.32
45004,P11,18412,280052,0.668349971,65.5,546336,90,750.69
45004,P12,18418,120436,0.791295547,19,187632,90,888.78
45004,P14,18423,280239,0.598357372,24,179220,90,672.08
45004,P15,18426,280052,0.782825855,36,351708,90,879.27
45004,P16,18429,280052,0.663221154,12,99324,90,744.93
45004,P16,18430,280324,0.767689761,151,1446696,90,862.27
45004,P17,18431,280324,0.396186099,159,1572320,90,889.99
45005,P09,18407,280318,0.69599359,12,104232,90,781.74
45005,P12,18417,120437,0.787039263,48,471468,90,884.00
45005,P13,18421,280326,0.672275641,12,100680,90,755.10
45005,P13,18422,280327,0.811520655,36,364600,90,911.50
45005,P14,18425,280365,0.691422943,48,414190,90,776.61
45005,P15,18427,280213,0.70503792,35.5,312360,90,791.90
45006,P09,18408,251200,0.667866005,31,258384,90,750.15
45007,P09,18409,280169,0.596875,36,268164,90,670.41
45007,P11,18413,280240,0.568643162,36,255480,90,638.70
45007,P12,18419,120448,0.704594017,36,316560,90,791.40
45007,P13,18456,280052,0.73690124,91,836884,90,827.69
45007,P14,18413,280166,0.857371795,12,128400,90,963.00
45007,P14,18424,280362,0.738104043,91,838250,90,829.04
45007,P15,18428,280405,0.619482045,103,796307,90,695.80
45008,P11,18414,280130,0.357491987,24,107076,90,401.54
45008,P12,18451,280256,0.725151822,19,171948,90,814.49
45009,P09,18410,280169,0.73974359,12,110784,90,830.88
45009,P09,18410,280324,0.626949786,36,281676,90,704.19
45009,P10,18454,280351,0.777057245,43,417000,90,872.79
45009,P11,18415,280264,0.587748139,31,227388,90,660.16
45009,P12,18452,120431,0.608333333,24,182208,90,683.28
45010,P12,18500,280107,0.789342949,12,118212,90,886.59
45011,P09,18457,280052,0.761902539,103,979380,90,855.77
45011,P10,18501,280351,0.780893747,139,1354632,90,877.10
45011,P11,18461,280264,0.711135913,84,745498,90,798.75
45011,P12,18466,280107,0.808553686,36,363267,90,908.17
45011,P13,18467,280052,0.808060109,61,615160,90,907.61
45011,P14,18469,280362,0.702867087,64,561394,90,789.46
45011,P15,18472,280405,0.786811024,127,1247064,90,883.75
45011,P16,18499,280405,0.831257176,134,1390128,90,933.67
45012,P12,18465,280256,0.778723736,36,349865,90,874.66
45013,P17,18474,280104,0.507301683,48,607788,90,1139.60
45014,P11,18498,280052,0.481025641,50,300160,90,540.29
45014,P12,18463,120431,0.584021263,41,298832,90,655.97
45014,P13,18468,280212,0.769497863,72,691440,90,864.30
45014,P14,18470,280238,0.665403469,17,141172,90,747.38
45015,P09,18458,280169,0.636734905,31,246340,90,715.18
45015,P14,18471,280166,0.765958868,24,229420,90,860.33
45016,P12,18464,120430,0.522462607,24,156488,90,586.83
45016,P12,18557,280166,0.570405983,12,85424,90,640.68
45016,P14,18557,280166,0.868589744,19,205960,90,975.60
45016,P17,18483,280324,0.488721955,8,97588,90,1097.87
45016,P17,18560,280324,0.785977564,48,941664,90,1765.62
45016,P18,18484,280052,0.658333333,20,328640,90,1478.88
45016,P18,18484,280213,0.657093455,19,311620,90,1476.09
45017,P09,18552,280169,0.646676788,19,153340,90,726.35
45017,P10,18553,280351,0.859935897,24,257568,90,965.88
45017,P11,18554,280052,0.528340081,19,125280,90,593.43
45017,P12,18555,120430,0.587286325,12,87952,90,659.64
45017,P13,18562,280052,0.691212607,24,207032,90,776.37
45017,P14,18513,280166,0.741377993,151,1397112,90,832.72
45017,P15,18558,280405,0.846437634,24,253525,90,950.72
45017,P16,18559,280405,0.574089069,19,136128,90,644.82
45018,P09,18502,280324,0.654696121,158,1290956,90,735.35
45018,P10,18503,280351,0.726219129,163,1477304,90,815.69
45018,P11,18504,280052,0.531997863,12,79672,90,597.54
45018,P11,18506,280264,0.70231871,80,701195,90,788.84
45018,P12,18507,120531,0.742307692,12,111168,90,833.76
45018,P12,18508,120532,0.697394541,31,269808,90,783.31
45018,P13,18511,280052,0.758416046,31,293416,90,851.85
45018,P15,18515,280405,0.700313228,55,480695,90,786.59
45018,P16,18518,280405,0.816185897,12,122232,90,916.74
45018,P16,18519,280351,0.791737109,91,899160,90,889.28
45019,P13,18510,280212,0.690533186,48,413657,90,775.61
45020,P12,18523,280256,0.770453595,115,1105755,90,865.37
45020,P15,18516,280324,0.750974893,36,337398,90,843.50
45021,P13,18512,280327,0.69228335,79,682536,90,777.57
45022,P11,18505,280352,0.646741453,60,484280,90,726.42
45022,P15,18517,280391,0.776023728,67,648880,90,871.63
45022,P16,18520,280256,0.779545455,55,535080,90,875.59
45024,P14,18514,120444,0.675480769,12,101160,90,758.70
45025,P09,18565,241287,0.736416084,55,505476,90,827.14
45025,P10,18568,280351,0.679782328,139,1179232,90,763.53
45025,P11,18569,280130,0.609127938,12,91223,90,684.17
45025,P11,18570,280264,0.63098633,117,921341,90,708.72
45025,P12,18572,280401,0.558653846,12,83664,90,627.48
45025,P12,18573,280403,0.577083333,24,172848,90,648.18
45025,P13,18580,280237,0.597773104,24,179045,90,671.42
45025,P13,18580,280327,0.6980836,12,104545,90,784.09
45025,P14,18583,280090,0.45803953,24,137192,90,514.47
45025,P15,18585,280391,0.702742165,36,315728,90,789.32
45025,P16,18588,280351,0.793561873,115,1138920,90,891.33
45025,P17,18590,280324,0.696889569,88,1530704,90,1565.49
45025,P18,18591,280052,0.720026588,88,1581524,90,1617.47
45026,P12,18574,280403,0.721714744,12,108084,90,810.63
45026,P12,18584,280378,0.266084093,7,21010,110,330.16
45026,P12,18584,280379,0.582779255,12,78885,110,723.11
45026,P13,18581,241283,0.72287001,79,712692,90,811.93
45026,P14,18584,280166,0.585383673,136,993560,90,657.50
45026,P15,18586,280405,0.716454674,127,1135552,90,804.72
45027,P09,18566,251200,0.729065452,57,518628,90,818.89
45027,P12,18575,280376,0.578091755,48,313002,110,717.30
45030,P09,18567,280065,0.605485987,43,324928,90,680.08
45030,P10,16868,280351,0.815384615,12,122112,90,915.84
45030,P12,18577,280379,0.296323385,36,120331,110,367.68
45030,P13,18582,280405,0.783814103,48,469536,90,880.38
45030,P16,18600,280388,0.538701923,24,161352,90,605.07
45031,P11,18571,241287,0.572836538,24,171576,90,643.41
45031,P12,18678,280375,1.159270517,7,91536,110,1438.42
45031,P16,18589,280222,0.799358974,24,239424,90,897.84
45032,P09,18620,280065,0.650178063,36,292112,90,730.28
45032,P10,18625,280351,0.760106969,163,1546240,90,853.75
45032,P11,18676,241287,0.680916132,24,203948,90,764.81
45032,P12,18677,280377,0.550716608,12,74545,110,683.33
45032,P12,280377,280380,0.533089539,12,72159,110,661.46
45032,P13,18633,280405,0.831356838,36,373512,90,933.78
45032,P14,18637,280166,0.660021368,75,617780,90,741.34
45032,P15,18641,280405,0.645032051,12,96600,90,724.50
45032,P15,18642,280391,0.692097136,68.5,591660,90,777.36
45032,P16,18644,280222,0.727190171,12,108904,90,816.78
45032,P16,18645,280351,0.740645855,146,1349516,90,831.89
45033,P09,18621,280316,0.691253102,31,267432,90,776.42
45033,P11,18626,280169,0.710042735,48,425344,90,797.52
45033,P12,18630,280380,0.545438091,24,147661,110,676.78
45033,P13,18634,280212,0.713533912,31,276052,90,801.44
45034,P12,18631,280426,0.591265398,19,126720,110,733.64
45035,P09,18622,280317,0.764443755,31,295748,90,858.62
45035,P11,18629,280351,0.626019814,55,429700,90,703.15
45035,P12,18632,280256,0.687778779,96,824014,90,772.51
45035,P13,18635,280052,0.681372863,60,510212,90,765.32
45035,P14,18638,280204,0.555956197,12,83260,90,624.45
45036,P09,18623,251200,0.430916132,24,129068,90,484.01
45036,P14,18639,120536,0.644871795,24,193152,90,724.32
45036,P15,18643,280103,0.754233639,67,630660,90,847.16
45037,P09,18624,280421,0.657229345,36,295280,90,738.20
45037,P11,18627,280130,0.593108974,36,266472,90,666.18
45037,P13,18636,280169,0.646164185,31,249988,90,725.77
45037,P14,18640,120431,0.614646691,43,329844,90,690.37
45037,P17,18698,280324,0.672836538,64,1074816,90,1511.46
45037,P18,18650,280324,0.817628205,48,979584,90,1836.72
45039,P09,18681,280106,0.710510003,91,806912,90,798.04
45039,P10,18683,280351,0.722979552,158,1425600,90,812.05
45039,P11,18729,280130,0.459294872,12,68784,90,515.88
45039,P11,18730,280264,0.610798817,26,198192,90,686.05
45039,P12,18687,280256,0.727744805,145,1316927,90,817.40
45039,P13,18688,280169,0.690142639,151,1300560,90,775.17
45039,P14,18689,280236,0.778044872,12,116520,90,873.90
45039,P14,18690,280238,0.488648504,12,73180,90,548.85
45039,P15,18693,280103,0.556071937,36,249832,90,624.58
45039,P15,18694,280318,0.632411859,24,189420,90,710.33
45039,P16,18697,280351,0.820167965,158,1617240,90,921.21
45039,P18,18700,280324,0.82142094,24,492064,90,1845.24
45040,P11,18684,280318,0.733517815,43,393635,90,823.89
45040,P14,18691,280239,0.549539263,24,164598,90,617.24
45040,P15,18696,280212,0.84822516,60,635151,90,952.73
45041,P14,18692,280365,0.556123252,55,381723,90,624.64
45043,P09,18682,241287,0.828565705,72,744516,90,930.65
45043,P14,18768,280166,0.579967949,60,434280,90,651.42
45043,P15,18695,280222,0.818043754,43,438995,90,918.83
45044,P11,18686,280352,0.629057223,41,321876,90,706.56
45044,P17,18699,280052,0.72671274,48,870660,90,1632.49
45044,P18,18701,280052,0.847960069,48,1015924,90,1904.86
45045,P13,18747,241283,0.709134615,36,318600,90,796.50
45046,P09,18733,241287,0.683031674,17,144912,90,767.18
45046,P10,18736,280351,0.638621795,24,191280,90,717.30
45046,P11,18737,280352,0.634495192,24,190044,90,712.67
45046,P12,18740,280256,0.697475962,24,208908,90,783.41
45046,P14,18751,280166,0.836726998,17,177520,90,939.81
45046,P15,18752,280103,0.726829594,24,217700,90,816.38
45046,P16,18755,280351,0.751041667,24,224952,90,843.57
45046,P17,18756,280052,0.841880342,12,252160,90,1891.20
45047,P09,18787,241287,0.775308341,79,764392,90,870.83
45047,P10,18795,280351,0.779690094,139,1352544,90,875.75
45047,P11,18797,280264,0.638994057,48,382783,90,717.72
45047,P12,18798,280256,0.775376722,67,648339,90,870.90
45047,P13,18799,241283,0.690040184,67,576984,90,775.05
45047,P14,18800,280166,0.707055098,84,741220,90,794.16
45047,P15,18802,280103,0.72983871,31,282360,90,819.75
45047,P16,18803,280351,0.783536248,139,1359216,90,880.07
45047,P18,18803,280351,0.718397098,616,11045614,90,1613.81
45048,P15,18753,280106,0.810730502,48,485660,90,910.61
45049,P11,18739,280052,0.717272471,91,814592,90,805.64
45049,P17,18757,280324,0.709588675,12,212536,90,1594.02
45050,P09,18734,280316,0.581196581,24,174080,90,652.80
45050,P12,18741,120450,0.557264957,24,166912,90,625.92
45050,P12,19741,120450,0.764529915,12,114496,90,858.72
45050,P13,18748,280052,0.644377671,72,579012,90,723.77
45050,P14,18769,280384,0.549332265,24,164536,90,617.01
45050,P15,18754,280391,0.826019814,55,566980,90,927.79
45051,P09,18735,280317,0.707799145,24,212000,90,795.00
45051,P12,18742,120454,0.732051282,12,109632,90,822.24
45051,P14,18770,120532,0.692661943,19,164244,90,778.00
45052,P09,18858,251200,0.823477564,12,123324,90,924.93
45052,P12,18743,280164,0.721437634,24,216085,90,810.32
45052,P14,18771,120536,0.633360043,12,94852,90,711.39
45053,P09,18806,251200,0.857258065,31,331656,90,962.87
45053,P10,18811,280351,0.682904672,163,1389192,90,767.04
45053,P11,18812,280129,0.511030983,12,76532,90,573.99
45053,P12,18812,280129,0.765235806,7,66851,90,859.51
45053,P12,18815,280256,0.80054657,151,1508614,90,899.17
45053,P13,18816,280052,0.696018893,19,165040,90,781.77
45053,P14,18819,280013,0.56438969,12,84523,90,633.92
45053,P14,18820,280362,0.724472756,100,904142,90,813.73
45053,P15,18823,280391,0.74599359,24,223440,90,837.90
45053,P16,18828,280351,0.664203992,158,1309704,90,746.03
45054,P09,18807,280169,0.782532051,24,234384,90,878.94
45054,P11,18813,280352,0.693015802,43,371900,90,778.40
45054,P13,18817,241287,0.78079594,108,1052388,90,876.99
45054,P15,18824,280103,0.797676282,24,238920,90,895.95
45055,P09,18808,280169,0.858253205,12,128532,90,963.99
45055,P14,18821,120436,0.713421474,24,213684,90,801.32
45055,P15,18825,280104,0.779736467,36,350320,90,875.80
45056,P09,18809,280169,0.684341613,48,409948,90,768.65
45056,P09,18809,280451,0.568309295,24,170220,90,638.33
45056,P11,18814,280264,0.667246761,96,799415,90,749.45
45056,P14,18822,280166,0.831997863,24,249200,90,934.50
45056,P15,18826,280105,0.773616734,19,183440,90,868.93
45056,P15,18826,280106,0.867120726,12,129860,90,973.95
45058,P13,18818,280169,0.578125,36,259740,90,649.35
45058,P15,18827,280106,0.920957403,31,356300,90,1034.42
45058,P15,280106,280106,0.771501068,12,115540,90,866.55
45058,P17,18829,280052,0.589449786,48,706208,90,1324.14
45059,P09,18810,280166,0.73060054,19,173240,90,820.61
45060,P09,18861,280166,0.711805556,24,213200,90,799.50
45060,P10,18865,280351,0.734603213,158,1448520,90,825.11
45060,P11,18866,280256,0.733601014,91,833136,90,823.98
45060,P12,18868,280256,0.819728744,163,1667525,90,920.72
45060,P13,18869,280169,0.622032395,84,652089,90,698.67
45060,P14,18874,280362,0.760906339,9,85465,90,854.65
45060,P14,18875,120444,0.498397436,22,136840,90,559.80
45060,P15,18882,280421,0.783253205,24,234600,90,879.75
45060,P15,18897,280106,0.752938034,12,112760,90,845.70
45060,P16,18885,280351,0.729046823,115,1046328,90,818.87
45061,P09,18862,280166,0.634989316,60,475480,90,713.22
45061,P14,18876,280107,0.599906517,24,179684,90,673.82
45061,P15,18883,280052,0.620311568,43,332884,90,696.73
45062,P14,18877,120450,0.752483974,24,225384,90,845.19
45063,P09,18863,280065,0.805689103,12,120660,90,904.95
45063,P09,18863,280166,0.700186966,12,104860,90,786.45
45063,P13,18870,280052,0.582692308,7,50904,90,654.48
45063,P14,18878,120451,0.725534188,12,108656,90,814.92
45063,P15,18884,280391,0.770699786,60,577100,90,865.65
45064,P11,18867,280352,0.8297669,55,569552,90,931.99
45064,P12,120532,120532,0.729166667,12,109200,90,819.00
45064,P13,18871,280213,0.77767094,12,116464,90,873.48
45064,P13,18872,280169,0.750981571,48,449868,90,843.50
45064,P14,18879,120532,0.742347756,24,222348,90,833.81
45064,P14,120532,120532,0.562633547,12,84260,90,631.95
45065,P09,18864,280065,0.699750712,36,314384,90,785.96
45065,P14,18880,280166,0.761734905,31,294700,90,855.58
45065,P16,18886,280256,0.743669872,48,445488,90,835.29
45066,P11,19005,280240,0.537199519,12,80451,90,603.38
45066,P13,18772,280169,0.499819712,12,74853,90,561.40
45066,P15,19004,280324,0.781473691,24,234067,90,877.75
45067,P09,18916,280065,0.711502849,36,319664,90,799.16
45067,P09,18916,280324,0.091575092,7,8000,90,102.86
45067,P10,18918,280351,0.83440302,163,1697376,90,937.20
45067,P11,18919,280240,0.582799145,12,87280,90,654.60
45067,P11,18920,280213,0.717619302,36,322412,90,806.03
45067,P12,18923,280256,0.773031477,67,646378,90,868.27
45067,P13,18944,280327,0.793643784,43,425901,90,891.42
45067,P14,18930,280166,0.57586583,36,258725,90,646.81
45067,P15,18938,280324,0.79336803,103,1019827,90,891.11
45067,P15,18939,280324,0.742207532,12,111153,90,833.65
45067,P15,18939,280351,0.564903846,12,84600,90,634.50
45067,P16,18939,280351,0.810532348,151,1527432,90,910.39
45068,P09,18917,280324,0.720484776,120,1078998,90,809.25
45068,P12,18925,280403,0.578125,31,223665,90,649.35
45068,P14,18931,280365,0.665523572,79,656153,90,747.52
45069,P11,18921,280130,0.677176816,24,202828,90,760.61
45069,P12,18924,280401,0.748878205,24,224304,90,841.14
45069,P13,18927,280318,0.78107305,24,233947,90,877.30
45070,P11,18922,280264,0.749575585,91,851278,90,841.92
45070,P12,18926,280401,0.746153846,12,111744,90,838.08
45070,P13,18929,280052,0.774837858,85,821948,90,870.30
45071,P12,19008,120431,0.636057692,24,190512,90,714.42
45072,P14,18933,120534,0.480769231,24,144000,90,540.00
45072,P15,18937,280106,0.811993927,19,192540,90,912.03
45073,P14,18934,120536,0.568643162,12,85160,90,638.70
45073,P14,18935,280090,0.770940171,12,115456,90,865.92
45073,P15,19013,280421,0.780715812,12,116920,90,876.90
45073,P16,18970,280351,0.733401792,103,942744,90,823.76
45074,P09,18953,280324,0.54221464,62,419544,90,609.02
45074,P10,18956,280351,0.719103973,91,816672,90,807.70
45074,P11,18957,280264,0.798909024,91,907305,90,897.33
45074,P12,19009,280256,0.716424613,48,429167,90,804.69
45074,P13,18963,280052,0.733763389,79,723432,90,824.16
45074,P14,19014,280383,0.507478632,24,152000,90,570.00
45074,P15,18968,280421,0.766993857,48,459460,90,861.49
45075,P14,18966,280166,0.679535017,67,568200,90,763.25
45076,P12,19015,120431,0.583680556,48,349648,90,655.59
45076,P15,18969,280104,0.70102386,36,314956,90,787.39
45077,P09,18955,280324,0.748424145,24,224168,90,840.63
45077,P15,18967,280324,0.713404304,7,62323,90,801.30
45078,P09,18954,280315,0.653443649,43,350664,90,733.95
45078,P09,19070,280222,0.573290598,12,85856,90,643.92
45078,P10,19071,280351,0.699196326,67,584640,90,785.34
45078,P11,19072,280264,0.668518519,72,600704,90,750.88
45078,P12,19073,280426,0.44241788,19,94819,110,548.95
45078,P13,19074,280052,0.777995905,72,699076,90,873.85
45078,P14,19075,280166,0.606510716,67,507140,90,681.23
45078,P15,19076,280324,0.698208244,72,627382,90,784.23
45078,P16,19077,280351,0.730773601,55,501603,90,820.80
45079,P12,18950,280380,0.545330969,24,147632,110,676.65
45079,P12,18960,280380,0.699202128,12,94644,110,867.57
45080,P09,19104,280065,0.476362179,12,71340,90,535.05
45080,P12,18961,280375,0.608392435,12,82352,110,754.89
45080,P16,19103,280324,0.808707265,12,121112,90,908.34
45081,P09,19030,251200,0.725574252,24,217324,90,814.97
45081,P10,19035,280351,0.654348829,139,1135112,90,734.96
45081,P11,19037,280264,0.697963308,67,583609,90,783.95
45081,P12,19041,280376,0.603106531,24,163273,110,748.33
45081,P12,19106,280375,0.509389775,12,68951,110,632.05
45081,P13,19046,280213,0.844079254,55,579376,90,948.07
45081,P14,19048,280166,0.771340812,60,577580,90,866.37
45081,P15,19052,280324,0.735473424,24,220289,90,826.08
45081,P16,19083,280324,0.807847222,60,604916,90,907.37
45082,P09,19031,241287,0.682816142,55,468685,90,766.94
45082,P11,19038,280352,0.6178608,72,555185,90,693.98
45082,P12,19042,280378,0.620766844,24,168054,110,770.25
45082,P15,19053,280169,0.782305807,170,1659740,90,878.69
45083,P09,19032,241287,0.756098647,36,339700,90,849.25
45083,P12,19043,280379,0.703886711,19,150857,110,873.38
45083,P13,19047,241283,0.754943294,91,857374,90,847.95
45083,P14,19049,120531,0.613541667,24,183768,90,689.13
45083,P16,19054,280351,0.774839744,84,812280,90,870.30
45084,P10,280351,280351,0.594209402,90,667416,90,667.42
45084,P12,19044,280377,0.646609043,24,175050,110,802.31
45084,P13,280351,280351,0.654487179,12,98016,90,735.12
45084,P14,19050,120453,0.486431624,24,145696,90,546.36
45085,P11,19039,280130,0.762828947,19,180882,90,856.81
45085,P12,19045,280107,0.555351896,48,332678,90,623.77
45085,P14,19051,120431,0.741583333,50,462748,90,832.95
45086,P09,19033,280453,0.616185897,12,92280,90,692.10
45086,P09,19034,280104,0.714075855,36,320820,90,802.05
45087,P12,19158,280256,0.670920139,12,100477,90,753.58
45087,P13,19159,280327,0.564783654,12,84582,90,634.37
45087,P16,19160,280222,0.822916667,12,123240,90,924.30
45088,P09,19108,280104,0.756625526,67,632660,90,849.84
45088,P10,19111,280351,0.764067662,163,1554297,90,858.20
45088,P11,19112,280264,0.728056178,163,1481041,90,817.75
45088,P12,19113,280256,0.693331102,79,683569,90,778.75
45088,P13,19118,280327,0.757317041,60,567079,90,850.62
45088,P14,19121,120532,0.673798077,36,302724,90,756.81
45088,P14,19162,120431,0.549652778,12,82316,90,617.37
45088,P16,19130,280222,0.779290409,158,1536636,90,875.30
45089,P15,19128,280105,0.7265625,48,435240,90,816.08
45090,P13,19119,280213,0.804942101,31,311416,90,904.11
45090,P14,19122,120536,0.637259615,12,95436,90,715.77
45090,P14,19123,120450,0.780494505,7,68184,90,876.65
45091,P09,19109,280391,0.713595085,48,427472,90,801.51
45091,P12,19114,280383,0.490758547,12,73496,90,551.22
45091,P12,19114,280384,0.530662393,12,79472,90,596.04
45091,P14,19124,280365,0.696291845,36,312830,90,782.08
45091,P15,19126,280451,0.833008763,79,821280,90,935.64
45091,P17,19133,280421,0.640491453,48,767360,90,1438.80
45091,P17,19134,280103,0.889523237,16,355240,90,1998.23
45091,P18,19161,280324,0.674206731,40,673128,90,1514.54
45092,P12,19115,280384,0.393376068,12,58912,90,441.84
45092,P13,19120,280052,0.754473825,72,677940,90,847.43
45092,P14,19125,280166,0.646087073,60,483790,90,725.69
45093,P09,19110,280315,0.692193962,31,267796,90,777.47
45093,P12,19116,280385,0.562339744,10,70180,90,631.62
45093,P12,19117,120431,0.671270396,33,276456,90,753.97
45094,P09,19214,120464,0.434935897,12,65136,90,488.52
45094,P18,19136,280103,0.635717147,24,380820,90,1428.08
45095,P09,19163,120464,0.754576211,72,678032,90,847.54
45095,P10,19216,280222,0.675641026,12,101184,90,758.88
45095,P10,19216,280351,0.473076923,7,41328,90,531.36
45095,P11,19169,280264,0.604668736,79,596155,90,679.16
45095,P12,19215,120431,0.653632479,12,97888,90,734.16
45095,P13,19174,280052,0.780820926,31,302084,90,877.02
45095,P14,19178,280166,0.840822868,49,514180,90,944.41
45095,P15,19180,280451,0.79416558,59,584760,90,892.01
45095,P16,19184,280222,0.791993857,48,474436,90,889.57
45096,P10,19167,280222,0.677371795,60,507216,90,760.82
45096,P12,19171,120532,0.68928953,48,412912,90,774.21
45096,P13,19175,241283,0.734066173,48,439735,90,824.50
45097,P11,19170,280264,0.578846154,7,50568,90,650.16
45097,P11,19170,280352,0.760594729,72,683440,90,854.30
45097,P14,19179,280365,0.670548042,91,761528,90,753.16
45097,P15,19182,241287,0.767283368,56,536239,90,861.81
45097,P16,19185,280052,0.81800473,103,1051496,90,918.78
45098,P09,19166,241283,0.784115981,43,420788,90,880.72
45098,P10,19168,280405,0.673592178,79,664108,90,756.58
45098,P12,19172,120534,0.603810541,9,67820,90,678.20
45098,P12,19173,280256,0.481314493,82,492558,90,540.61
45098,P13,19176,280169,0.662980769,79,653646,90,744.66
45099,P17,19187,280106,0.745364348,136,2530184,90,1674.39
45099,P18,19190,280324,0.751479033,12,225083,90,1688.12
45099,P18,19191,280052,0.71745664,124,2220557,90,1611.69
45100,P09,19164,280318,0.745245726,96,892864,90,837.06
45100,P15,19183,280169,0.760069444,36,341484,90,853.71
45101,P14,19267,120451,0.661351496,12,99044,90,742.83
45101,P15,19265,251200,0.918830128,12,137604,90,1032.03
45101,P16,19266,280351,0.827564103,12,123936,90,929.52
45102,P10,19220,280351,0.739230769,110,1014816,90,830.30
45102,P11,19221,280264,0.685924145,24,205448,90,770.43
45102,P12,19223,280256,0.758874199,12,113649,90,852.37
45102,P12,19224,280107,0.756376714,43,405902,90,849.56
45102,P13,19229,280169,0.723417468,96,866712,90,812.54
45102,P14,19232,120451,0.639556624,12,95780,90,718.35
45102,P14,19233,120454,0.486538462,12,72864,90,546.48
45102,P15,19236,251200,0.805929487,12,120696,90,905.22
45102,P15,19237,280421,0.671725083,31,259877,90,754.48
45102,P16,19241,280351,0.772011834,130,1252512,90,867.12
45103,P11,19222,280351,0.81812661,104.5,1066968,90,918.92
45103,P14,19234,120430,0.585496795,12,87684,90,657.63
45103,P14,19235,280166,0.833597046,79,821860,90,936.30
45104,P09,19219,251200,0.771187003,29,279108,90,866.20
45104,P12,19225,120444,0.542354434,12,81223,90,609.17
45104,P15,19238,280103,0.803641382,36,361060,90,902.65
45105,P09,19218,120464,0.758755061,38,359832,90,852.23
45105,P12,19226,120536,0.588301282,24,176208,90,660.78
45105,P15,19239,280391,0.904887821,40,451720,90,1016.37
45106,P12,19227,280164,0.618643162,24,185296,90,694.86
45106,P13,19230,280318,0.785953177,23,225600,90,882.78
45106,P18,19252,280052,0.5993957,12,179531,90,1346.48
45107,P12,19228,120431,0.634594017,15,118796,90,712.78
45118,P09,19268,120436,0.54604367,32,218068,90,613.32
45118,P10,19271,280351,0.593708452,108,800224,90,666.85
45118,P11,19272,280351,0.670356975,109,911900,90,752.94
45118,P12,19273,120433,0.571620475,68,485100,90,642.04
45118,P13,19277,120436,0.648006567,41,331572,90,727.84
45118,P14,19279,280166,0.733846154,45,412128,90,824.26
45118,P15,19284,280452,0.537343652,41,274948,90,603.54
45118,P16,19287,280351,0.593413462,80,592464,90,666.52
45118,P17,19289,280106,0.534728065,48,640647,90,1201.21
45118,P17,19289,280391,0.491623613,67,822152,90,1104.38
45118,P18,19291,280106,0.407978584,55,560073,90,916.48
45118,P18,19291,280324,0.563237847,36,506103,90,1265.26
45119,P09,19269,280166,0.684695513,36,307620,90,769.05
45120,P13,19278,280213,0.735074627,67,614640,90,825.64
45120,P14,19280,120430,0.682042379,36,306428,90,766.07
45120,P15,19285,280256,0.697093858,67,582882,90,782.98
45120,P16,19288,280388,0.790037393,24,236632,90,887.37
45120,P18,19292,280324,0.515064103,24,308544,90,1157.04
45121,P09,19270,280324,0.664961613,43,356845,90,746.88
45121,P12,19274,120453,0.385210623,7,33652,90,432.67
45121,P14,19281,120531,0.668509615,12,100116,90,750.87
45122,P12,19275,120450,0.588461538,12,88128,90,660.96
45122,P12,19276,280256,0.533226496,12,79856,90,598.92
45122,P14,19282,280090,0.706292173,19,167476,90,793.31
45123,P09,19351,280324,0.501362179,12,75084,90,563.13
45123,P09,19352,241288,0.721671598,91,819588,90,810.58
45123,P09,19354,280351,0.698931624,12,104672,90,785.04
45123,P10,19354,280351,0.604547578,199,1501406,90,679.03
45123,P11,19354,280351,0.791499733,60,592675,90,889.01
45123,P11,19355,280130,0.730512153,48,437606,90,820.51
45123,P12,19358,280256,0.687579145,163,1398701,90,772.29
45123,P13,19360,280052,0.707861467,36,318028,90,795.07
45123,P14,19363,120434,0.696661325,48,417328,90,782.49
45123,P15,19367,280256,0.685389957,24,205288,90,769.83
45123,P16,19371,280351,0.64955711,55,445856,90,729.58
45123,P17,19376,280104,0.649287648,264,4278442,90,1458.56
45123,P18,19377,280324,0.731962251,72,1315424,90,1644.28
45124,P13,19361,280212,0.727264402,77,698872,90,816.86
45124,P15,19368,280391,0.662297144,79,652972,90,743.89
45125,P11,19357,280352,0.734067673,79,723732,90,824.50
45125,P14,19365,280239,0.695873397,24,208428,90,781.61
45125,P16,19372,241287,0.692867575,79,683112,90,778.23
45126,P14,19366,120430,0.797596154,12,119448,90,895.86
45126,P14,19366,120448,0.762329601,79,751596,90,856.25
45126,P18,19378,280166,0.667466947,40,666399,90,1499.40
45127,P15,19369,280450,0.571454327,36,256743,90,641.86
45128,P09,19353,120464,0.77072898,43,413604,90,865.68
45128,P11,19356,280129,0.67760603,86,727261,90,761.09
45128,P13,19362,120448,0.676050984,43,362796,90,759.34
45129,P15,19370,251200,0.736892713,19,174732,90,827.68
45129,P16,19373,280169,0.585964209,24,175508,90,658.16
45130,P09,19382,251200,0.731110422,31,282852,90,821.18
45130,P12,19390,280256,0.67222087,158,1325512,90,755.04
45130,P13,19391,241287,0.778425859,53,514882,90,874.33
45130,P14,19393,120436,0.750425296,91,852243,90,842.88
45130,P15,19397,280351,0.776888666,163,1580378,90,872.60
45130,P16,19398,280351,0.674561507,163,1372220,90,757.67
45131,P09,19383,280450,0.692040598,24,207280,90,777.30
45132,P09,19384,280450,0.565438034,12,84680,90,635.10
45132,P09,19384,280451,0.605591168,36,272080,90,680.20
45132,P10,19387,280351,0.699587069,163,1423128,90,785.78
45132,P13,19392,280264,0.725574122,103,932682,90,814.96
45134,P09,19385,280453,0.647759324,55,444622,90,727.56
45134,P14,19394,120532,0.703699252,24,210772,90,790.40
45135,P11,19389,280351,0.812109045,91,922296,90,912.16
45135,P14,19395,120536,0.705315171,48,422512,90,792.21
45135,P17,19400,280052,0.631071142,28,441043,90,1417.64
45135,P17,19400,280222,0.55088141,12,165000,90,1237.50
45135,P17,19401,280052,0.505832781,29,366142,90,1136.30
45135,P17,19401,280405,0.787326389,12,235820,90,1768.65
45135,P18,19403,280052,0.732288132,34,621449,90,1645.01
45135,P18,19404,280052,0.712393162,12,213376,90,1600.32
45135,P18,19404,280324,0.794444444,12,237952,90,1784.64
45137,P09,19432,241287,0.605929487,12,90744,90,680.58
45137,P09,19486,280169,0.621741453,36,279336,90,698.34
45137,P12,19437,280256,0.819312567,48,490801,90,920.25
45137,P12,19949,280375,0.58125,26,170469,110,721.22
45137,P13,19440,280264,0.793785056,48,475509,90,891.58
45137,P14,19444,120532,0.780853576,19,185156,90,877.05
45137,P15,19449,280351,0.70828214,36,318217,90,795.54
45137,P15,19949,280351,0.823551015,12,123335,90,925.01
45137,P16,19450,280351,0.742039356,43,398208,90,833.46
45138,P14,19487,120431,0.79309562,24,237548,90,890.81
45139,P09,19497,280169,0.743986797,67,622092,90,835.65
45139,P10,19499,280351,0.701865672,67,586872,90,788.34
45139,P11,19435,280129,0.569684829,12,85316,90,639.87
45139,P11,19497,280169,0.822115385,12,123120,90,923.40
45139,P12,19501,280256,0.734615385,19,174192,90,825.12
45139,P13,19508,280264,0.765841466,67,640366,90,860.19
45139,P14,19445,120536,1.011263736,7,88344,90,1135.85
45139,P14,19502,120431,0.628258547,12,94088,90,705.66
45139,P15,19504,280351,0.647868217,129,1043016,90,727.69
45139,P16,19505,280351,0.67322565,139,1167858,90,756.17
45139,P17,19505,280351,0.642271845,19,304591,90,1442.80
45139,P17,19507,280052,0.678805492,67,1135180,90,1524.87
45140,P10,19436,280352,0.779407051,24,233448,90,875.43
45140,P11,19436,280352,0.696047009,72,625440,90,781.80
45140,P12,19438,120448,0.648985043,48,388768,90,728.94
45140,P14,19447,280013,0.635496795,12,95172,90,713.79
45140,P14,19448,120448,0.726682692,24,217656,90,816.21
45141,P14,19534,120436,0.720629371,55,494640,90,809.41
45142,P09,19533,280107,0.756189904,48,452988,90,849.35
45142,P10,19533,280107,0.859214744,24,257352,90,965.07
45142,P11,19439,120436,0.765224359,24,229200,90,859.50
45142,P12,19439,120436,0.679647436,48,407136,90,763.38
45142,P13,19441,280327,0.695172276,48,416436,90,780.82
45142,P17,19453,280052,0.549859776,40,548980,90,1235.21
45144,P09,19509,280318,0.806835811,59.5,599124,90,906.24
45144,P10,19510,280351,0.674006623,151,1270152,90,757.04
45144,P11,19511,280351,0.770264064,67,644064,90,865.16
45144,P12,19513,280256,0.747896635,60,560025,90,840.04
45144,P13,19514,280327,0.787199883,55,540334,90,884.18
45144,P14,19516,120437,0.668823451,48,400652,90,751.22
45145,P15,19520,280351,0.850387382,139,1475184,90,955.16
45145,P16,19520,280351,0.411378205,12,61608,90,462.06
45145,P16,19521,280351,0.710599637,127,1126272,90,798.15
45145,P17,19521,280351,0.496861645,12,148820,90,1116.15
45145,P17,19524,280052,0.608150183,70,1062560,90,1366.15
45145,P18,19524,280052,1.32119391,4,131908,90,2967.93
45146,P13,19515,280264,0.729303585,103,937476,90,819.15
45146,P14,19517,280164,0.674136396,36,302876,90,757.19
45146,P18,19525,280213,0.534530543,25.5,340218,90,1200.77
45147,P10,19519,280351,0.784294872,12,117456,90,880.92
45147,P11,19512,280052,0.746304087,96,894132,90,838.25
45147,P14,19518,280238,0.796978022,7,69624,90,895.17
45147,P14,19519,280365,0.636300303,72,571754,90,714.69
45148,P17,19523,280391,0.663267895,48,794648,90,1489.97
45148,P18,19523,280391,0.75403312,12,225848,90,1693.86
45148,P18,19526,280052,0.767598157,16,306548,90,1724.33
45148,P18,19526,280351,0.71727208,36,644512,90,1611.28
45151,P10,19557,280351,0.616350427,225,1730712,90,692.28
45151,P11,19558,280052,0.638488248,12,95620,90,717.15
45151,P11,19559,280130,0.554704301,31,214604,90,623.04
45151,P13,19567,280264,0.781314581,67,653304,90,877.57
45151,P14,19568,280362,0.670311179,91,761259,90,752.89
45151,P15,19574,280405,0.437533387,48,262100,90,491.44
45151,P16,19578,280351,0.714954076,134,1195632,90,803.04
45151,P17,19578,280052,0.71744312,71,1271424,90,1611.66
45151,P17,19579,280052,0.752535306,32,601065,90,1690.50
45151,P18,19580,280052,0.685244606,112,1915615,90,1539.33
45152,P09,19553,280166,0.535547786,22,147040,90,601.53
45152,P12,19561,280380,0.484101154,59,322179,110,600.67
45152,P15,19575,280324,0.511140046,36,229645,90,574.11
45153,P09,19555,280421,0.628271902,24,188180,90,705.68
45153,P11,19560,280264,0.678462235,115,973729,90,762.05
45153,P15,19576,280318,0.734695513,24,220056,90,825.21
45154,P09,19554,280453,0.690829772,36,310376,90,775.94
45154,P15,19577,280169,0.64229021,55,440868,90,721.42
45155,P09,19556,251200,0.581600328,43,312110,90,653.25
45155,P12,19563,280376,0.394246168,31,137860,110,489.18
45155,P14,19569,120444,0.644517544,19,152828,90,723.92
45156,P09,19566,251200,0.613141026,12,91824,90,688.68
45156,P12,19562,280375,0.468761082,24,126903,110,581.64
45156,P13,19562,280375,#DIV/0!,0,0,110,0.00
45156,P14,19570,120534,0.607558761,12,90988,90,682.41
45156,P14,19571,280383,0.323904915,12,48508,90,363.81
45157,P12,19614,280379,0.630998818,12,85412,110,782.94
45157,P13,19614,280379,#DIV/0!,0,0,110,0.00
45157,P14,19572,280166,0.852163462,24,255240,90,957.15
45157,P16,19624,280222,0.704673807,158,1389504,90,791.49
45158,P09,19606,251200,0.563212251,36,253040,90,632.60
45158,P11,19612,280264,0.694241495,127,1100345,90,779.77
45158,P12,19636,280379,0.49779477,24,134763,110,617.66
45158,P14,19620,280166,0.652751068,12,97756,90,733.17
45158,P14,19621,280090,0.623624466,48,373576,90,700.46
45158,P15,19623,280169,0.720061109,91,817759,90,808.77
45159,P09,19607,280450,0.875240385,12,131076,90,983.07
45159,P12,19615,280377,0.479369709,31,167626,110,594.80
45159,P13,19618,280169,0.596621261,48,357400,90,670.13
45159,P14,19638,120430,0.583892774,55,400784,90,655.83
45160,P09,19609,280451,0.6938689,31,268444,90,779.35
45160,P09,190607,280450,0.840384615,12,125856,90,943.92
45160,P12,19617,280256,0.686010238,103,881825,90,770.53
45161,P09,190609,280451,0.677483974,12,101460,90,760.95
45161,P10,19611,280351,0.683878205,80,682784,90,768.13
45161,P11,19611,280351,0.574759615,24,172152,90,645.57
45161,P13,19619,280318,0.664102564,24,198912,90,745.92
45162,P09,19608,280452,0.759014423,24,227340,90,852.53
45162,P13,19646,120436,0.634012629,67,530136,90,712.12
45162,P15,19649,280323,0.607989927,42,318684,90,682.89
45163,P09,19610,280421,0.63960114,36,287360,90,718.40
45163,P11,1916,280264,0.453365385,12,67896,90,509.22
45163,P14,19669,120436,0.704038462,35,307524,90,790.78
45163,P15,9649,280323,0.843803419,12,126368,90,947.76
45163,P18,19628,280052,0.698099438,121,2108372,90,1568.21
45164,P11,19613,280351,0.699919872,24,209640,90,786.15
45164,P14,19665,120436,0.731406935,96.5,880848,90,821.52
45164,P15,19672,280323,0.697098214,14,121797,90,782.98
45164,P16,19625,280405,0.723637821,48,433488,90,812.79
45165,P09,19640,280421,0.717695682,19,170180,90,806.12
45165,P10,19643,280351,0.711353423,97,861136,90,798.99
45165,P11,19643,280351,0.702530364,19,166584,90,789.08
45165,P12,19645,280256,0.735120809,52,477064,90,825.69
45165,P13,19671,120436,0.807526116,81,816312,90,907.01
45165,P15,19650,280324,0.801908832,67.5,675528,90,900.70
45166,P09,19641,280166,0.635149573,24,190240,90,713.40
45166,P16,19651,280405,0.710576923,12,106416,90,798.12
45166,P16,19685,280052,0.824367637,37,380660,90,925.93
45167,P09,19642,280324,0.740252294,54.5,503490,90,831.45
45167,P11,19686,280256,0.66474359,24,199104,90,746.64
45168,P11,19687,120436,0.712348178,28.5,253368,90,800.11
45168,P13,19647,120448,0.792708333,12,118716,90,890.37
45175,P09,19706,280052,0.747566719,49,457152,90,839.67
45175,P11,19689,280352,0.762224437,41,390015,90,856.13
45175,P12,19690,280256,0.645688712,41,330386,90,725.24
45175,P13,19693,120448,0.621075499,45,348796,90,697.59
45175,P15,19695,280324,0.71671415,27,241504,90,805.01
45175,P16,19698,280351,0.61258268,78.5,600135,90,688.05
45175,P17,19693,120448,0.578716716,13,187782,90,1300.03
45175,P17,19698,280324,0.714529915,24,428032,90,1605.12
45175,P18,19693,120448,0.763461538,2,38112,90,1715.04
45175,P18,19698,280052,0.722262286,24,432664,90,1622.49
45176,P15,19696,280351,0.550387597,43,295360,90,618.20
45177,P09,19707,280452,0.604967949,24,181200,90,679.50
45177,P11,19744,280264,0.334955929,48,200652,90,376.22
45177,P12,19691,280385,0.387044534,19,91776,90,434.73
45177,P13,19694,280213,0.532409064,43,285712,90,598.00
45177,P17,19699,280324,0.703918998,88,1546144,90,1581.28
45178,P09,19708,280421,0.691303888,91,785100,90,776.47
45178,P10,19708,280421,0.730769231,0.05,456,90,820.80
45178,P12,19692,120430,0.528685897,24,158352,90,593.82
45178,P15,19726,280256,0.677136752,36,304224,90,760.56
45178,P17,19732,280405,0.548524306,72,985764,90,1232.21
45178,P18,19700,280052,0.700794605,72,1259412,90,1574.27
45178,P18,19734,280052,0.789663462,64,1261440,90,1773.90
45179,P11,19713,280130,0.465420494,67,389166,90,522.76
45179,P12,19715,120531,0.485897436,12,72768,90,545.76
45179,P12,19716,120433,0.668589744,12,100128,90,750.96
45179,P12,19716,280383,0.697863248,9,78384,90,783.84
45179,P13,19723,251200,0.494613317,31,191356,90,555.55
45179,P16,19730,280351,0.800244568,249,2486776,90,898.83
45180,P10,19711,280351,0.731128943,139,1268304,90,821.20
45180,P12,19717,120536,0.57275641,24,171552,90,643.32
45180,P13,19724,280169,0.630037964,103,809876,90,707.66
45180,P15,19727,280351,0.857211538,48,513504,90,962.82
45181,P12,19718,280383,0.613782051,12,91920,90,689.40
45182,P09,19709,280453,0.610309829,12,91400,90,685.50
45182,P11,19712,280352,0.547626582,79,539916,90,615.09
45182,P11,19714,280240,0.642361111,12,96200,90,721.50
45182,P12,19720,280401,0.33006993,22,90624,90,370.73
45182,P15,19729,280318,0.589844804,19,139864,90,662.51
45183,P09,19745,280105,0.63365863,67,529840,90,711.73
45183,P12,19721,280404,0.514847089,24,154207,90,578.28
45183,P15,19746,280105,0.645996503,55,443412,90,725.58
45184,P12,19722,120436,0.428685897,12,64200,90,481.50
45184,P16,19731,280388,0.642788462,12,96264,90,721.98
45184,P17,19733,280324,0.563314637,12,168724,90,1265.43
45184,P17,19733,280451,0.573654604,148,2119126,90,1288.66
45185,P12,19807,280256,0.553365385,24,165744,90,621.54
45185,P13,19725,280264,0.522796474,24,156588,90,587.21
45185,P15,19808,280213,0.444348853,19,105364,90,499.09
45185,P18,19736,280222,0.682671024,128,2181052,90,1533.55
45186,P09,19766,241287,0.635275545,67,531192,90,713.54
45186,P09,19789,280105,0.521875,12,78156,90,586.17
45186,P10,19767,280351,0.703748163,157,1378896,90,790.45
45186,P11,19768,280352,0.557832532,48,334164,90,626.56
45186,P12,19772,280256,0.600912393,112.5,843681,90,674.94
45186,P13,19773,280264,0.610332951,134,1020672,90,685.53
45186,P15,19776,280213,0.324082977,36,145604,90,364.01
45188,P11,19769,280264,0.624411875,103,802644,90,701.34
45188,P15,19791,280105,0.537099359,24,160872,90,603.27
45189,P09,19790,280169,0.72973138,84,764992,90,819.63
45189,P15,19775,280169,0.389301363,79,383820,90,437.26
45191,P12,19771,280164,0.531637717,31,205680,90,597.14
45191,P16,19777,280351,0.772569738,91,877392,90,867.75
45191,P17,19779,280324,0.614789707,139,2132976,90,1381.06
45191,P18,19782,280324,0.680429688,160,2717364,90,1528.52
45192,P11,19868,280169,0.785910791,24,235396,90,882.74
45192,P13,19806,120464,0.663663968,19,157368,90,745.43
45193,P09,19810,251200,0.698599865,19,165652,90,784.67
45193,P10,19813,280351,0.438461538,141,771552,90,492.48
45193,P11,19814,280130,0.523397436,19,124108,90,587.88
45193,P12,19816,120532,0.58349359,24,174768,90,655.38
45193,P13,19824,120464,0.621437845,79,612688,90,698.00
45193,P15,19848,280169,0.575423904,62,445240,90,646.32
45194,P09,19811,241288,0.572863248,60,428960,90,643.44
45194,P10,19815,280264,#DIV/0!,0,0,90,0.00
45194,P11,19815,280264,0.493619008,115,708442,90,554.43
45194,P12,19846,120536,0.570032051,24,170736,90,640.26
45194,P14,19864,280166,0.729411611,123,1119676,90,819.28
45195,P12,19820,120450,0.426602564,12,63888,90,479.16
45195,P12,19821,280107,0.63736014,55,437484,90,715.88
45195,P16,19831,280351,0.678091613,72,609306,90,761.63
45196,P09,19845,120464,0.568264061,62,439700,90,638.27
45196,P13,19847,120436,0.681570513,16,136096,90,765.54
45196,P15,19849,120448,0.646561165,48,387316,90,726.22
45197,P09,198845,120464,0.678285256,12,101580,90,761.85
45197,P11,198115,280264,0.638828793,12,95671,90,717.53
45198,P12,19822,120436,0.670526175,48,401672,90,753.14
45198,P15,19828,280103,0.548798077,12,82188,90,616.41
45198,P16,19869,280324,0.591329285,19,140216,90,664.18
45198,P17,19832,280324,0.626670172,64,1001068,90,1407.75
45199,P15,19830,280222,0.727657585,24,217948,90,817.31
45199,P16,19894,280324,0.458934295,24,137460,90,515.48
45199,P18,19899,280324,0.724724933,134,2423944,90,1628.02
45200,P09,19870,241288,0.717107372,24,214788,90,805.46
45200,P10,19870,241288,0.880769231,9,98928,90,989.28
45200,P10,19875,280264,#DIV/0!,0,0,90,0.00
45200,P11,19875,280264,0.605015372,49,369979,90,679.55
45200,P12,19881,120448,0.713992388,24,213855,90,801.96
45200,P13,19935,120436,0.708618625,91,804764,90,795.92
45200,P14,19920,280236,0.857239819,17,181872,90,962.85
45200,P15,19890,280222,0.696981838,24,208760,90,782.85
45200,P16,19895,280323,0.602394943,36,270644,90,676.61
45201,P09,19871,280450,0.680008013,24,203676,90,763.79
45201,P10,19919,280351,0.825415053,139,1431864,90,927.11
45201,P12,19882,120534,0.621153846,12,93024,90,697.68
45201,P12,19885,120454,0.747069597,7,65264,90,839.11
45201,P14,19921,280239,0.721314103,2,18004,90,810.18
45201,P15,19913,280405,0.59343963,79,585084,90,666.55
45201,P16,19916,120437,0.75481352,55,518104,90,847.81
45201,P17,19897,280324,0.690060376,86,1481256,90,1550.15
45202,P09,19873,280169,0.806089744,24,241440,90,905.40
45202,P11,19907,280352,0.703722084,31,272256,90,790.42
45202,P12,19884,120451,0.57205711,22,157064,90,642.53
45203,P09,19872,280318,0.805557904,91,914856,90,904.80
45203,P12,19883,120431,0.679246795,24,203448,90,762.93
45204,P11,19908,280129,0.713322368,19,169143,90,801.20
45204,P12,19886,280256,0.689064294,67,576168,90,773.96
45204,P13,19887,280169,0.206623932,12,30944,90,232.08
45204,P13,19888,241283,0.585616987,48,350808,90,657.77
45204,P15,19914,280104,0.692009541,43,371360,90,777.27
45204,P16,19917,280107,0.654166667,12,97968,90,734.76
45204,P16,19918,241283,0.662079327,48,396612,90,743.65
45205,P11,19911,280256,0.518767806,36,233072,90,582.68
45205,P18,19900,280052,0.737467949,40,736288,90,1656.65
45206,P11,19912,280405,0.565010684,12,84616,90,634.62
45206,P13,19889,280264,0.595860043,12,89236,90,669.27
45206,P15,19915,280421,0.598424145,12,89620,90,672.15
45206,P16,19991,120444,0.578766026,12,86676,90,650.07
45206,P17,19898,280052,0.492167468,24,294828,90,1105.61
45207,P09,19937,120448,0.811010144,91,921048,90,910.93
45207,P10,19939,280351,0.829674145,24,248504,90,931.89
45207,P11,19942,280212,0.595673077,12,89208,90,669.06
45207,P11,19943,280351,0.728341409,127,1154392,90,818.07
45207,P12,19946,120453,0.599465812,24,179552,90,673.32
45207,P13,19953,280264,0.701708049,158,1383656,90,788.16
45207,P15,19993,280421,0.694845085,24,208120,90,780.45
45207,P16,19959,280351,0.797911383,182,1812344,90,896.21
45207,P17,19960,280052,0.645176568,112,1803604,90,1449.32
45207,P18,19964,280052,0.668425195,112,1868596,90,1501.55
45208,P12,19947,120433,0.68960114,36,309824,90,774.56
45208,P15,19955,280166,0.627973647,36,282136,90,705.34
45209,P12,19950,280376,0.679681423,31,237671,110,843.35
45209,P15,19977,120437,0.768094406,55,527220,90,862.72
45211,P09,19976,120437,0.73818109,24,221100,90,829.13
45212,P09,20036,241283,0.765758547,36,344040,90,860.10
45212,P10,19941,280351,0.736498397,48,441192,90,827.24
45212,P12,19951,280378,0.572429078,24,154968,110,710.27
45212,P15,19957,280351,0.598330662,48,358424,90,672.05
45212,P17,19961,280052,0.635697115,24,380808,90,1428.03
45213,P09,20049,120437,0.622527473,7,54384,90,699.22
45213,P11,19944,280130,0.622128739,24,186340,90,698.78
45213,P12,19952,280380,0.642316785,12,86944,110,796.99
45213,P17,19962,280391,0.651253771,34,552680,90,1462.98
45213,P18,19966,280324,0.654594017,48,784256,90,1470.48
45214,P09,19994,120437,0.749712874,96,898216,90,842.08
45214,P10,19999,280351,0.796649944,115,1143352,90,894.80
45214,P10,19999,280452,0.804757085,19,190824,90,903.90
45214,P11,19999,280351,0.765562678,18,171976,90,859.88
45214,P12,19999,280351,0.517394498,12,77485,90,581.14
45214,P12,20004,280380,0.514073582,12,69585,110,637.86
45214,P13,20007,280264,0.713595085,24,213736,90,801.51
45214,P15,20009,280351,0.759375,24,227448,90,852.93
45215,P10,20001,280240,0.835176282,24,250152,90,938.07
45215,P11,20001,280240,0.667377137,60,499732,90,749.60
45215,P11,20005,120437,0.719791667,24,215592,90,808.47
45215,P12,20005,280379,0.986288416,3,33376,110,1223.79
45215,P12,20008,120436,0.706410256,24,211584,90,793.44
45215,P12,20022,280013,0.634740803,46,364392,90,712.94
45215,P13,20008,120436,0.679527244,120,1017660,90,763.25
45215,P13,20010,280256,0.596912955,19,141540,90,670.45
45215,P15,20010,280256,0.781722408,115,1121928,90,878.03
45215,P15,20022,280013,0.795913462,24,238392,90,893.97
45215,P16,20014,280222,0.815587045,19,193392,90,916.07
45215,P16,20022,280013,0.847676282,72,761688,90,952.11
45215,P17,2016,280323,0.654963942,20,326958,90,1471.31
45215,P17,20014,280222,0.650010572,72,1168147,90,1460.18
45215,P18,2016,280323,0.656343483,84,1376116,90,1474.41
45216,P11,20002,120437,0.801522436,12,120036,90,900.27
45216,P12,20023,120450,0.704487179,12,105504,90,791.28
45218,P09,19995,280107,0.65536859,12,98148,90,736.11
45218,P09,20021,280452,0.596899767,55,409712,90,670.44
45219,P11,20003,120436,0.683363148,43,366720,90,767.55
45219,P12,20025,120434,0.635062612,43,340800,90,713.30
45219,P16,20011,280351,0.806490385,48,483120,90,905.85
45219,P17,20013,280451,0.5328125,40,531960,90,1196.91
45219,P18,20017,280324,0.633685897,40,632672,90,1423.51
45221,P09,20051,280421,0.690371261,24,206780,90,775.43
45221,P10,20054,280351,0.769111722,210,2015688,90,863.87
45221,P11,20055,120436,0.764463141,24,228972,90,858.65
45221,P12,20058,120531,0.624679487,12,93552,90,701.64
45221,P12,20059,120431,0.63858402,70,557867,90,717.26
45221,P13,20062,120436,0.724224806,43,388648,90,813.45
45221,P15,20066,280256,0.718112701,43,385368,90,806.58
45221,P16,20069,280351,0.800625295,163,1628664,90,899.26
45221,P17,20070,280451,0.568076033,180,2552252,90,1276.13
45221,P18,20101,280324,0.6654644,233,3870128,90,1494.90
45222,P09,20082,280104,0.647091103,66,532996,90,726.81
45222,P11,20099,280169,0.608326747,146,1108420,90,683.27
45223,P13,20100,241287,0.647139423,60,484578,90,726.87
45223,P15,20067,280351,0.730758664,91,829908,90,820.79
45223,P19,20076,280052,0.364595661,13,118304,90,819.03
45225,P09,20053,280318,0.738222611,55,506716,90,829.17
45225,P12,20060,280090,0.466927549,86,501144,90,524.45
45225,P13,20064,280362,0.556477564,50,347242,90,625.04
45225,P17,20073,280166,0.60173778,96,1441860,90,1351.74
45226,P15,20068,280212,0.714912281,19,169520,90,802.99
45226,P19,20104,280323,0.337940705,75,632625,90,759.15
45228,P09,20105,251200,0.555585055,67,464558,90,624.03
45228,P11,20111,280256,0.436858974,12,65424,90,490.68
45228,P13,20117,280169,0.686111111,72,616512,90,770.64
45228,P15,20120,280213,0.727027972,110,998064,90,816.60
45228,P16,20122,280351,0.618389075,115,887512,90,694.57
45229,P11,20112,280264,0.644726446,43,345986,90,724.16
45229,P12,20113,280256,0.684495192,48,410040,90,768.83
45231,P09,20165,120464,0.701222421,43,376304,90,787.61
45231,P11,20166,280264,0.747155008,91,848529,90,839.20
45231,P12,20167,280256,0.715081909,36,321272,90,803.18
45231,P13,20168,280264,0.725084531,91,823464,90,814.41
45232,P12,20114,120451,0.435042735,12,65152,90,488.64
45233,P09,20108,280452,0.57688969,48,345580,90,647.96
45233,P12,20115,120436,0.478667263,43,256872,90,537.64
45233,P15,20169,280351,0.741266026,48,444048,90,832.59
45233,P16,20170,280351,0.775670841,43,416256,90,871.23
45233,P17,20173,280222,0.733886218,40,732712,90,1648.60
45233,P18,20171,280323,0.473782051,40,473024,90,1064.30
45235,P09,20175,280453,0.733440171,24,219680,90,823.80
45235,P11,20179,280264,0.703978476,109,957636,90,790.71
45235,P12,20183,120448,0.588196589,137,1005675,90,660.66
45235,P13,20185,120448,0.718255876,48,430264,90,806.75
45235,P14,20220,120430,0.703525641,6,52680,90,790.20
45235,P15,20222,280351,0.735918803,60,551056,90,826.58
45235,P15,20223,280351,0.687334574,31,265916,90,772.01
45235,P16,20223,280351,0.798568507,163,1624480,90,896.95
45235,P17,20224,280405,0.656760197,113,1852379,90,1475.35
45235,P18,20200,280323,0.720899153,112,2015288,90,1619.43
45236,P09,20177,280421,0.691537629,77,664540,90,776.74
45236,P14,20191,120532,0.609472934,36,273824,90,684.56
45237,P13,20187,280169,0.548202341,115,786780,90,615.74
45237,P14,20192,120536,0.609308226,48,365000,90,684.38
45239,P09,20178,280106,0.777613412,52,504640,90,873.42
45239,P14,20190,120430,0.735390819,31,284508,90,825.99
45239,P15,20195,280391,0.666331803,67,557160,90,748.42
45240,P11,20225,280351,0.560456731,48,335736,90,629.51
45240,P12,20229,280256,0.714102564,24,213888,90,802.08
45240,P14,20221,280166,0.729166667,24,218400,90,819.00
45240,P17,20228,280052,0.579069845,48,693772,90,1300.82
45240,P18,20227,280052,0.719701522,48,862260,90,1616.74
45242,P09,20232,280106,0.715243509,79.5,709636,90,803.36
45242,P11,20235,280264,0.569613604,36,255916,90,639.79
45242,P12,20236,280256,0.855858676,43,459288,90,961.30
45242,P13,20241,280169,0.701019814,55,481180,90,787.39
45242,P14,20244,280166,0.713434829,12,106844,90,801.33
45242,P14,20249,120430,0.664449786,48,398032,90,746.31
45242,P15,20250,280391,0.70906339,36,318568,90,796.42
45242,P16,20252,280351,0.80262706,112,1121880,90,901.51
45242,P17,20253,280052,0.766713527,112,2143363,90,1722.35
45242,P18,20256,280052,0.632692308,105,1658160,90,1421.28
45243,P11,20234,280351,0.736043492,79,725680,90,826.72
45243,P15,20251,280323,0.763892281,94.5,900904,90,858.00
45243,P19,20259,280324,0.56987722,96,1365517,90,1280.17
45244,P09,20233,280318,0.679226763,48,406884,90,762.91
45244,P12,20239,280090,0.577056624,36,259260,90,648.15
45244,P13,20242,120436,0.645913462,36,290196,90,725.49
45244,P14,20246,120450,0.741126856,19,175736,90,832.43
45245,P12,20237,280107,0.750564236,24,224809,90,843.03
45245,P14,20248,120454,0.734855769,12,110052,90,825.39
45246,P12,20240,120434,0.577457265,12,86480,90,648.60
45246,P13,20243,280405,0.672702991,36,302232,90,755.58
45246,P14,20247,120453,0.708026175,24,212068,90,795.26
45247,P12,20238,280383,0.582905983,9,65472,90,654.72
45247,P14,202447,120453,0.541794872,10,67616,90,608.54
45257,P09,20322,280421,0.744290865,48,445860,90,835.99
45257,P11,20326,280264,0.624065482,86,669797,90,700.95
45257,P12,20331,280375,0.501551418,36,203670,110,622.33
45257,P13,20331,280375,0.22570922,12,30552,110,280.06
45257,P13,20334,280212,0.478632479,36,215040,90,537.60
45257,P14,20340,120430,0.681450321,24,204108,90,765.41
45257,P15,20346,280323,0.53664363,48,321471,90,602.76
45257,P16,20346,280351,0.833814103,24,249744,90,936.54
45257,P17,20346,280222,0.531709402,75,995360,90,1194.43
45257,P18,20346,280323,0.583046559,76,1106016,90,1309.76
45257,P19,20346,280324,0.600701357,85,1274448,90,1349.42
45258,P12,20332,280379,0.667423907,48,361370,110,828.14
45258,P14,20341,280238,0.663541667,12,99372,90,745.29
45258,P14,20343,280107,0.688985303,41,352540,90,773.87
45258,P16,20349,280351,0.775028703,67,648048,90,870.51
45259,P09,20323,280453,0.728031517,48,436120,90,817.73
45259,P13,20335,241283,0.625616542,36,281077,90,702.69
45259,P15,20347,280318,0.758133013,24,227076,90,851.54
45260,P09,20324,280391,0.781116453,12,116980,90,877.35
45260,P10,20324,280391,0.826442308,4,41256,90,928.26
45260,P12,20333,280377,0.668971631,12,90552,110,830.06
45260,P13,20336,241288,0.739835165,7,64632,90,830.98
45260,P14,20344,280166,0.741586538,12,111060,90,832.95
45260,P15,20348,280169,0.676415598,12,101300,90,759.75
45260,P15,20425,280169,0.791649184,55,543388,90,889.18
45261,P09,20357,280450,0.326602564,10,40760,90,366.84
45261,P09,20357,280451,0.715611645,24,214340,90,803.78
45261,P09,20421,280166,0.740384615,9,83160,90,831.60
45261,P11,20327,120444,0.568215812,24,170192,90,638.22
45261,P12,20420,280377,0.600223964,19,128640,110,744.76
45261,P13,20423,241288,0.718028846,24,215064,90,806.49
45261,P14,20424,280166,0.601584758,36,270280,90,675.70
45261,P16,20426,280351,0.714102564,48,427776,90,802.08
45261,P17,20351,280213,0.571458778,36,513490,90,1283.73
45261,P18,20355,280052,0.671390892,24,402190,90,1508.21
45261,P18,20428,280323,0.597485978,4,59653,90,1342.19
45261,P19,20429,280324,0.667330586,28,466384,90,1499.09
45262,P11,20328,280240,0.642027244,24,192300,90,721.13
45262,P12,20443,280376,0.651891253,24,176480,110,808.87
45262,P13,20337,251200,0.857211538,12,128376,90,962.82
45262,P13,20382,120464,0.664935007,72,597484,90,746.86
45262,P14,20446,120531,0.602190171,12,90184,90,676.38
45262,P17,20398,280405,0.699611414,113,1973240,90,1571.61
45262,P17,20447,280052,0.736645299,12,220640,90,1654.80
45262,P18,20401,280324,0.60982906,12,182656,90,1369.92
45262,P18,20447,280052,0.721937958,112,2018192,90,1621.76
45262,P19,20401,280324,0.617497764,172,2650992,90,1387.15
45263,P09,20368,280451,0.710570246,48,425660,90,798.11
45263,P11,20375,280256,0.646324786,120,967936,90,725.95
45263,P11,20445,280435,0.668936966,12,100180,90,751.35
45263,P12,20378,280378,0.65644208,12,88856,110,814.51
45263,P12,20379,280380,0.688800236,24,186472,110,854.66
45263,P14,20387,120430,0.675320513,19,160132,90,758.52
45263,P15,20395,280169,0.781987179,60,585552,90,878.33
45263,P16,20397,280351,0.763398487,122,1162320,90,857.45
45264,P10,20449,280351,0.675271621,118,994432,90,758.47
45264,P12,20380,280426,0.518597321,36,210592,110,643.48
45264,P13,20384,241287,0.619965278,24,185692,90,696.35
45264,P14,20384,280384,0.620352564,12,92904,90,696.78
45264,P14,20388,120534,0.641853632,12,96124,90,720.93
45265,P09,20369,280453,0.711271368,24,213040,90,798.90
45265,P13,20383,280327,0.613409091,55,421044,90,688.98
45265,P14,20390,280164,0.707211538,12,105912,90,794.34
45265,P14,20391,280236,0.649385684,12,97252,90,729.39
45265,P15,20396,280351,0.671413502,79,661960,90,754.13
45266,P09,20370,280104,0.693151147,19,164360,90,778.55
45266,P12,20381,280256,0.745267934,89,827784,90,837.08
45266,P14,20392,280365,0.665069444,60,498004,90,747.01
45266,P16,28397,280351,0.797435897,12,119424,90,895.68
45266,P20,28397,280323,0.83392586,76,1581924,90,1873.33
45267,P09,20371,280452,0.595361467,36,267484,90,668.71
45268,P17,20399,280222,0.558613782,40,557720,90,1254.87
45268,P18,20400,280480,0.694070513,48,831552,90,1559.16
45269,P09,20372,280450,0.533199786,12,79852,90,598.89
45269,P11,20374,280130,0.538060897,24,161160,90,604.35
45269,P13,20385,241288,0.576128763,23,165372,90,647.11
45269,P14,20393,120436,0.7453125,24,223236,90,837.14
45269,P15,20486,280212,0.638728632,12,95656,90,717.42
45269,P15,20488,280213,0.651853147,55,447432,90,732.16
45269,P16,20485,280256,0.690317139,19,163688,90,775.36
45270,P09,20451,120448,0.576816239,12,86384,90,647.88
45270,P09,20453,120436,0.730959916,79,720668,90,821.01
45270,P10,20456,280351,0.668614025,132,1101448,90,750.99
45270,P11,20490,280130,0.720239049,48,431452,90,808.97
45270,P12,20460,280256,0.813439586,146,1482152,90,913.66
45270,P13,20461,280264,0.647101244,68,549156,90,726.82
45270,P14,20463,120436,0.768376068,12,115072,90,863.04
45270,P14,20464,120436,0.833611111,60,624208,90,936.31
45270,P16,20473,280256,0.622776442,96,746136,90,699.50
45270,P17,20475,280222,0.783497563,121,2366288,90,1760.05
45270,P18,20477,280480,0.616918835,136,2094168,90,1385.85
45270,P19,20477,280480,0.454393697,24,272200,90,1020.75
45270,P19,20478,280323,0.642337858,85,1362784,90,1442.95
45272,P11,20457,120430,0.807161458,24,241761,90,906.60
45272,P11,20457,120436,0.742206886,31,287145,90,833.65
45272,P15,20470,280421,0.618856838,60,463400,90,695.10
45273,P13,20462,280169,0.610812905,91,693688,90,686.07
45273,P14,20465,120437,0.729213287,55,500532,90,819.05
45274,P09,20454,280166,0.57946047,48,347120,90,650.85
45274,P11,20458,280169,0.721607906,24,216136,90,810.51
45274,P15,20471,280391,0.608216783,55,417480,90,683.15
45275,P11,20459,280318,0.728125,24,218088,90,817.83
45275,P14,20466,120532,0.55849359,12,83640,90,627.30
45275,P16,20489,280351,0.717067308,48,429552,90,805.41
45275,P17,20476,280480,0.669878472,24,401284,90,1504.82
45275,P19,20479,280323,0.597507123,36,536896,90,1342.24
45276,P09,20455,280452,0.63284413,19,150060,90,710.81
45276,P10,20498,280351,0.496084169,138,854376,90,557.20
45276,P11,20499,280318,0.670431235,55,460184,90,753.03
45276,P12,20502,280256,0.824439103,48,493872,90,926.01
45276,P14,20467,280090,0.480769231,24,144000,90,540.00
45276,P17,20519,280480,0.715267413,134,2392312,90,1606.78
45276,P18,20521,280480,0.666394652,133,2212217,90,1496.99
45276,P19,20522,280323,0.771009553,128,2463283,90,1732.00
45277,P09,20495,280453,0.706196581,36,317280,90,793.20
45277,P13,20506,241287,0.763808761,36,343164,90,857.91
45277,P14,20509,120430,0.776228632,12,116248,90,871.86
45277,P14,20511,280107,0.749545079,31,289984,90,841.89
45277,P15,20514,280166,0.658974359,36,296064,90,740.16
45277,P16,20518,280327,0.73125,12,109512,90,821.34
45277,P16,20518,280351,0.764080834,118,1125216,90,858.22
45278,P09,20496,280103,0.665685862,91.5,760160,90,747.70
45278,P12,20503,120437,0.646400908,24,193610,90,726.04
45278,P13,20507,241283,0.649194991,43,348384,90,729.18
45278,P15,20515,120464,0.739636752,36,332304,90,830.76
45279,P11,20500,280264,0.717081998,60,536951,90,805.43
45279,P11,20513,280264,0.718830128,12,107652,90,807.39
45279,P12,20504,120448,0.66503155,64,531174,90,746.96
45279,P14,20513,120430,0.569297543,12,85258,90,639.44
45279,P14,20513,120448,0.846233974,24,253464,90,950.49
45280,P13,20508,280327,0.590134914,43,316690,90,662.84
45280,P14,20512,280362,0.749122596,40,373962,90,841.41
45280,P15,20532,280324,0.69851856,43,374853,90,784.58
45281,P11,20501,280130,0.790797908,19,187514,90,888.22
45282,P15,20516,280213,0.674074074,9,75712,90,757.12
45293,P09,20534,280103,0.658076923,37.5,307980,90,739.15
45293,P10,20536,280315,0.50849359,12,76152,90,571.14
45293,P10,20536,280351,0.650377685,92.5,750796,90,730.50
45293,P11,20537,280130,0.731937416,38,347114,90,822.11
45293,P12,20542,120436,0.47430105,41.5,245650,90,532.73
45293,P13,20544,280365,0.542704798,68,460561,90,609.57
45293,P14,20546,120430,0.512117252,51.5,329148,90,575.21
45293,P15,20549,280212,0.552615385,37.5,258624,90,620.70
45293,P16,20552,280351,0.762876254,57.5,547440,90,856.86
45293,P17,20554,280324,0.544496855,53,720304,90,1223.16
45293,P18,20556,280480,0.534234398,53,706728,90,1200.10
45293,P19,20558,280323,0.758635426,87,1647392,90,1704.20
45295,P09,20535,280104,0.697582799,72,626820,90,783.53
45295,P11,20539,280264,0.813665736,31,314791,90,913.91
45295,P12,20543,280256,0.754419975,62,583740,90,847.36
45295,P14,20547,280013,0.361004274,12,54064,90,405.48
45295,P15,20550,280222,0.249797571,19,59232,90,280.57
45296,P11,20540,280240,0.319110577,24,95580,90,358.43
45296,P13,20545,280362,0.530278749,33,218390,90,595.61
45296,P14,20548,120437,0.517378917,45,290560,90,581.12
45296,P15,20548,120437,0.685657051,24,205368,90,770.13
45296,P15,20551,280454,0.298878205,24,89520,90,335.70
45296,P16,20553,280256,0.711658654,48,426312,90,799.34
45296,P17,20555,280405,0.599248798,48,717948,90,1346.15
45296,P18,20557,280213,0.501570513,40,500768,90,1126.73
45296,P19,20559,280324,0.780929487,16,311872,90,1754.28
45297,P11,20541,241283,0.505769231,7,44184,90,568.08
45298,P09,20568,280166,0.623060054,19,147740,90,699.82
45298,P09,20597,280323,0.787339744,12,117912,90,884.34
45298,P10,20572,280351,0.67264843,187,1569800,90,755.52
45298,P11,20573,280264,0.746213942,160,1490040,90,838.15
45298,P11,20623,241283,0.563862179,12,84444,90,633.33
45298,P12,20574,280256,0.678913238,43,364332,90,762.56
45298,P13,20577,280327,0.567109729,34,240636,90,636.98
45298,P14,20579,120436,0.742174145,48,444592,90,833.61
45298,P15,20585,280454,0.801217137,79,789936,90,899.93
45298,P16,20588,280256,0.68525641,12,102624,90,769.68
45298,P16,20589,280351,0.77533196,168,1625592,90,870.85
45298,P17,20590,280166,0.48692508,160,1944584,90,1093.83
45298,P18,20595,280480,0.687593149,160,2745972,90,1544.61
45298,P19,20597,280323,0.722693506,107,1930112,90,1623.46
45299,P09,20567,280452,0.58818109,24,176172,90,660.65
45299,P13,20578,120464,0.711886038,151,1341535,90,799.59
45300,P09,20570,280318,0.651802885,24,195228,90,732.11
45300,P12,20575,120448,0.793547266,83,821988,90,891.31
45300,P14,20580,120430,0.697565059,67,583276,90,783.51
45301,P09,20569,241288,0.69480057,36,312160,90,780.40
45301,P15,20586,280351,0.377824985,86,405512,90,424.37
45302,P09,20571,280169,0.628855721,67,525824,90,706.33
45302,P14,20581,120531,0.680555556,24,203840,90,764.40
45303,P12,20576,120436,0.657071314,48,393612,90,738.02
45303,P14,20582,120532,0.655021368,12,98096,90,735.72
45303,P14,20583,120454,0.540090812,12,80884,90,606.63
45303,P19,20672,280480,0.624302217,48,747964,90,1402.43
45304,P14,20584,280204,0.710470085,24,212800,90,798.00
45304,P15,20987,280212,0.196794872,12,29472,90,221.04
45305,P09,20624,280169,0.758880876,72,681900,90,852.38
45305,P10,20626,280351,0.669790652,158,1320720,90,752.31
45305,P11,20627,280264,0.671957157,79,662496,90,754.74
45305,P12,20631,120436,0.765369401,79,754593,90,859.66
45305,P13,20634,280405,0.652072518,163,1326472,90,732.41
45305,P14,20635,280166,0.539524291,19,127932,90,605.99
45305,P15,20638,280212,0.641720085,24,192208,90,720.78
45305,P16,20641,280351,0.719671229,163,1463984,90,808.33
45305,P17,20642,280421,0.629958648,112,1761062,90,1415.14
45305,P18,20646,280480,0.60008377,132,1977108,90,1348.03
45305,P19,20647,280324,0.670388121,160,2677262,90,1505.96
45306,P14,20636,120444,0.651041667,12,97500,90,731.25
45306,P14,20637,120448,0.716240157,127,1135212,90,804.48
45306,P15,20639,280222,0.62548951,55,429336,90,702.55
45308,P09,20625,241287,0.734949252,72,660396,90,825.50
45308,P11,20628,241287,0.824038462,24,246816,90,925.56
45308,P12,20632,120437,0.69067162,55,474077,90,775.76
45308,P15,20640,280351,0.241709979,74,223224,90,271.49
45309,P11,20629,241288,0.672652057,43,360972,90,755.52
45310,P17,20645,280166,0.352363782,24,211080,90,791.55
45311,P09,20677,280105,0.727005069,43,390140,90,816.57
45311,P11,20682,280107,0.722409188,36,324564,90,811.41
45311,P12,20633,120448,0.696674679,24,208668,90,782.51
45311,P17,20726,280104,0.348192195,57,495380,90,782.18
45311,P18,20707,280480,0.691674421,62,1070380,90,1553.78
45312,P10,20681,280351,0.676687228,106,895176,90,760.06
45312,P12,20686,120448,0.835496795,48,500496,90,938.43
45312,P13,20689,280405,0.689835165,7,60264,90,774.82
45312,P13,20690,280222,0.65650641,60,491592,90,737.39
45312,P14,20694,120448,0.639035791,24,191404,90,717.77
45312,P15,20723,280351,0.680148883,31,263136,90,763.94
45312,P16,20701,280351,0.764375943,136,1297360,90,858.55
45312,P18,20681,280351,0.715034054,16,285556,90,1606.25
45312,P19,20711,280324,0.7377849,72,1325888,90,1657.36
45313,P09,20678,280106,0.729300214,36,327660,90,819.15
45313,P11,20683,280264,0.76551917,53,506345,90,859.83
45313,P14,20695,120430,0.666312767,48,399148,90,748.40
45313,P15,20724,280256,0.642147436,60,480840,90,721.26
45313,P19,20709,280323,0.761185897,80,1519936,90,1709.93
45314,P12,20687,120436,0.736157129,83,762541,90,826.85
45314,P14,520695,120430,0.728846154,12,109152,90,818.64
45314,P17,20747,280451,0.673019331,64,1075108,90,1511.87
45314,P18,20708,280405,0.607950111,46,698024,90,1365.70
45315,P09,20679,280391,0.697716346,24,208980,90,783.68
45315,P11,20684,280169,0.603141026,30,225816,90,677.45
45315,P13,20691,280212,0.425560897,24,127464,90,477.99
45315,P14,20696,120431,0.482959402,36,216984,90,542.46
45317,P09,20719,280452,0.66551133,43,357140,90,747.50
45317,P13,20722,251200,0.670440447,31,259380,90,753.04
45317,P14,1220431,120431,0.629220085,12,94232,90,706.74
45317,P15,20700,280454,0.747368813,43,401068,90,839.44
45317,P17,20808,280453,0.629924546,48,754700,90,1415.06
45318,P11,20685,280240,0.547075321,16,109240,90,614.48
45318,P13,20693,120464,0.683733974,12,102396,90,767.97
45318,P14,20813,280164,0.623771368,12,93416,90,700.62
45319,P09,20752,280104,0.70281339,36,315760,90,789.40
45319,P10,20755,280351,0.746173878,96,893976,90,838.10
45319,P11,20756,280213,0.61544665,31,238104,90,691.27
45319,P12,20758,120430,0.740678419,12,110924,90,831.93
45319,P12,20758,120436,0.82697582,79,815332,90,928.86
45319,P13,20759,120464,0.687319712,48,411732,90,772.00
45319,P14,20764,120450,0.706436966,24,211592,90,793.47
45319,P14,20814,120451,0.735870726,12,110204,90,826.53
45319,P15,20772,280351,0.75849359,12,113592,90,851.94
45319,P15,20811,280454,0.741466346,48,444168,90,832.82
45319,P16,20772,280351,0.698537885,89,775880,90,784.60
45319,P17,20773,280421,0.694295317,72,1247732,90,1559.67
45319,P18,20775,280222,0.689871201,108,1859672,90,1549.73
45319,P19,20777,280324,0.703746439,90,1580896,90,1580.90
45320,P09,20753,280391,0.647435897,24,193920,90,727.20
45320,P11,20757,280264,0.707324576,56,494335,90,794.47
45320,P14,20765,280090,0.665979853,7,58180,90,748.03
45320,P17,20774,280480,0.764578882,36,687020,90,1717.55
45321,P09,20754,280169,0.637687887,29,230792,90,716.25
45321,P13,20760,280327,0.533717105,38,253110,90,599.47
45321,P14,20766,120430,0.66842281,48,400412,90,750.77
45321,P15,20768,280212,0.505128205,12,75648,90,567.36
45322,P15,20769,280256,0.630208333,24,188760,90,707.85
45323,P09,20817,280169,0.528880495,56,369624,90,594.04
45323,P10,20818,280351,0.738885747,68,627048,90,829.92
45323,P11,20819,280264,0.723502679,67,604964,90,812.64
45323,P12,20820,120436,0.747820958,36,335981,90,839.95
45323,P13,20821,280327,0.600447031,19,142378,90,674.42
45323,P14,20822,120430,0.809615385,12,121248,90,909.36
45323,P14,20822,120436,0.6975,55,478764,90,783.43
45323,P15,20823,280256,0.382915921,43,205488,90,430.09
45323,P16,20824,280351,0.548477564,72,492840,90,616.05
45324,P13,20762,241288,0.457345085,36,205476,90,513.69
45324,P17,20825,280480,0.732321715,48,877380,90,1645.09
45324,P18,20826,280480,0.624863114,48,748636,90,1403.69
45324,P19,20778,280323,0.552590812,48,662048,90,1241.34
45325,P09,208169,280169,0.787820513,12,117984,90,884.88
45325,P12,20908,280404,0.363461538,24,108864,90,408.24
45325,P13,20763,280318,0.392387821,12,58764,90,440.73
45325,P15,20770,241287,0.225400641,24,67512,90,253.17
45326,P09,20834,280169,0.790987371,67,661392,90,888.44
45326,P09,20837,280351,0.713141026,24,213600,90,801.00
45326,P09,20870,280323,0.720299145,24,215744,90,809.04
45326,P10,20837,280351,0.695508839,161,1397472,90,781.20
45326,P11,20838,280264,0.692970085,60,518896,90,778.34
45326,P12,20909,120436,0.675927198,28,236196,90,759.20
45326,P13,20910,280318,0.717267628,24,214836,90,805.64
45326,P14,20852,120436,0.787873932,36,353976,90,884.94
45326,P15,20859,120464,0.49367677,151,930324,90,554.50
45326,P15,20911,241287,0.275961538,12,41328,90,309.96
45326,P16,20861,280351,0.730004931,156,1421232,90,819.94
45326,P17,20862,280480,0.718429487,28,502096,90,1613.88
45326,P18,20866,280480,0.775104167,40,773864,90,1741.19
45326,P19,20870,280323,0.741723901,112,2073504,90,1666.21
45327,P12,20843,280488,0.615070922,12,83256,110,763.18
45327,P13,20847,280450,0.613107287,19,145380,90,688.64
45327,P14,20853,120444,0.178846154,12,26784,90,200.88
45327,P17,20863,280421,0.6982667,76,1324584,90,1568.59
45328,P11,20839,280256,0.618784695,97,749076,90,695.02
45328,P12,20844,280379,0.5706952,43,276810,110,708.12
45328,P13,20848,280264,0.561004274,36,252048,90,630.12
45328,P14,20883,120536,0.637540064,24,190956,90,716.09
45328,P18,20867,280213,0.799067397,72,1436020,90,1795.03
45329,P13,20849,241287,0.478055015,79,471324,90,536.95
45329,P14,20856,120453,0.53346688,12,79892,90,599.19
45329,P14,20884,120431,0.665641026,10,83072,90,747.65
45330,P12,20845,280375,0.703073286,24,190336,110,872.37
45330,P14,20886,120448,0.616963261,67,515880,90,692.97
45331,P09,20836,280452,0.664841524,36,298700,90,746.75
45331,P12,20846,280377,0.701447991,24,189896,110,870.36
45331,P17,20865,280166,0.696142399,28,486520,90,1563.81
45331,P18,20869,280454,0.288988834,31,223608,90,649.18
45331,P19,20871,280324,0.625412088,28,437088,90,1404.93
45332,P09,20964,280451,0.628071581,12,94060,90,705.45
45332,P12,20963,280376,0.777603583,19,166656,110,964.85
45332,P17,20966,280454,0.455048077,12,136296,90,1022.22
45332,P18,20936,280454,0.515560159,76,977997,90,1158.15
45332,P19,20940,280324,0.719613135,28.5,511904,90,1616.54
45333,P09,20912,280451,0.696637007,134,1165000,90,782.46
45333,P09,20914,280351,0.773704594,24,231740,90,869.03
45333,P10,20914,280351,0.720552336,146,1312904,90,809.32
45333,P11,20915,280480,0.703249644,36,315956,90,789.89
45333,P12,20921,280376,0.845449173,12,114440,110,1049.03
45333,P12,20923,280380,0.792836879,20,178864,110,983.75
45333,P13,20968,120430,0.63213141,12,94668,90,710.01
45333,P13,20968,241288,0.756850962,24,226692,90,850.10
45333,P14,20969,120448,0.733680556,12,109876,90,824.07
45333,P14,20971,280107,0.73974359,2,18464,90,830.88
45333,P15,20934,280169,0.607524038,80,606552,90,682.37
45333,P15,20935,280351,0.620239049,24,185774,90,696.65
45333,P15,20970,120464,0.545467033,7,47652,90,612.67
45333,P16,20935,280351,0.691517225,163,1406712,90,776.71
45333,P18,20935,280351,0.630464744,40,629456,90,1416.28
45334,P11,20917,280256,0.743094406,55,510060,90,834.64
45334,P12,20924,280426,0.487234043,12,65952,110,604.56
45334,P13,20928,280318,0.68659188,36,308472,90,771.18
45335,P12,20925,280401,0.571153846,24,171072,90,641.52
45336,P12,20926,280256,0.65400641,12,97944,90,734.58
45336,P12,20927,280256,0.668823631,74,617672,90,751.22
45336,P13,20929,280450,0.785024315,29,284116,90,881.74
45337,P11,20918,241283,0.653392094,36,293556,90,733.89
45338,P11,20919,241288,0.705902778,36,317148,90,792.87
45338,P13,20930,280264,0.260516827,48,156060,90,292.61
45338,P15,20932,120463,0.445850202,38,211440,90,500.78
45338,P18,20938,280103,0.699919872,26,454220,90,1572.30
45339,P10,21021,280388,0.718108974,12,107544,90,806.58
45340,P09,20974,280451,0.711672009,24,213160,90,799.35
45340,P10,20978,280351,0.770216346,160,1537968,90,865.11
45340,P11,20980,241288,0.585856865,79,577608,90,658.03
45340,P11,20981,280169,0.637860577,24,191052,90,716.45
45340,P12,20985,280256,0.751265823,79,740688,90,843.82
45340,P13,20981,280264,0.618910256,12,92688,90,695.16
45340,P13,20991,280264,0.570895522,67,477360,90,641.23
45340,P15,21024,120463,0.637117165,36,286244,90,715.61
45340,P16,20996,280351,0.751131938,158,1481112,90,843.67
45340,P17,20997,280421,0.623707022,66,1027470,90,1401.10
45340,P18,20997,280421,0.606886733,112,1696564,90,1363.31
45341,P09,20975,280452,0.772569444,24,231400,90,867.75
45341,P15,20994,280453,0.362831079,91,412060,90,407.53
45342,P09,20976,280103,0.818509615,12,122580,90,919.35
45342,P09,20977,120448,0.753612771,103,968724,90,846.46
45343,P12,20988,280090,0.667628205,12,99984,90,749.88
45343,P13,20992,241287,0.611912393,36,274920,90,687.30
45344,P11,20983,280107,0.481325911,19,114132,90,540.63
45344,P12,20989,120433,0.584679487,60,437808,90,656.71
45345,P11,20982,280130,0.359188034,36,161376,90,403.44
45345,P13,20993,120437,0.632444169,31,244680,90,710.36
45345,P17,21026,280391,0.394653668,36,354620,90,886.55
45345,P18,20998,280405,0.612506677,48,733832,90,1375.94
45345,P19,21001,280324,0.344871795,6,51648,90,774.72
45345,P19,21009,280480,0.578596866,36,519904,90,1299.76
45346,P12,21085,280256,0.601098901,7,52512,90,675.15
45346,P13,21041,120437,0.563087607,36,252984,90,632.46
45346,P17,21081,280324,1.027884615,4,102624,90,2309.04
45347,P09,21061,280169,0.672249553,43,360756,90,755.07
45347,P10,21031,280351,0.669336627,109,910512,90,751.80
45347,P11,21062,241287,0.626642628,72,563076,90,703.85
45347,P12,21040,280256,0.723798077,96,867168,90,812.97
45347,P15,21089,280453,0.5254884,21,137720,90,590.23
45347,P16,21047,280351,0.727365555,113,1025760,90,816.98
45347,P17,21048,280324,0.604483926,98.5,1486160,90,1357.91
45347,P18,21090,280212,0.681600561,16,272204,90,1531.15
45347,P19,21088,280480,0.73024172,24,437444,90,1640.42
45348,P13,21042,280365,0.279727564,12,41892,90,314.19
45348,P13,21043,280264,0.700410068,68,594396,90,786.70
45348,P15,21044,280480,0.649637681,46,372944,90,729.67
45348,P18,21050,280405,0.600506265,88,1319000,90,1348.98
45348,P19,21053,280323,0.672161458,80,1342172,90,1509.94
45349,P09,21028,280451,0.884615385,16,176640,90,993.60
45350,P09,21030,280105,0.579293536,48,347020,90,650.66
45350,P11,21033,280240,0.538848364,29,195020,90,605.23
45350,P15,21046,280323,0.547080329,48,327723,90,614.48
45351,P11,21034,280222,0.587179487,12,87936,90,659.52
45351,P12,21038,120450,0.602777778,12,90272,90,677.04
45351,P12,210450,120450,0.733516484,7,64080,90,823.89
45351,P13,21038,120450,0.006730769,2,168,90,7.56
45352,P09,21139,280105,0.473986285,43,254360,90,532.38
45352,P10,21140,280351,0.514042934,43,275856,90,577.37
45352,P11,21141,280222,0.652203526,24,195348,90,732.56
45352,P12,21036,280164,0.541666667,12,81120,90,608.40
45352,P12,21149,280401,0.648717949,12,97152,90,728.64
45352,P13,21144,280264,0.585877404,48,350964,90,658.06
45352,P15,21145,280323,0.297018485,43,159392,90,333.61
45352,P16,21146,280351,0.761698718,48,456288,90,855.54
45352,P18,21147,280480,0.423561699,40,422884,90,951.49
45352,P19,21148,280324,0.686004274,48,821888,90,1541.04
45353,P11,21063,280318,0.498557692,12,74664,90,559.98
45353,P11,21100,120448,0.649642218,43,348624,90,729.68
45353,P12,21037,120536,0.680128205,12,101856,90,763.92
45353,P12,21064,120531,0.554487179,12,83040,90,622.80
45354,P09,21094,280452,0.6875,24,205920,90,772.20
45354,P10,21099,280351,0.623326211,162,1260216,90,700.12
45354,P12,21108,120431,0.625961538,12,93744,90,703.08
45354,P12,21150,280383,0.758974359,12,113664,90,852.48
45354,P13,21106,280264,0.717374571,127,1137010,90,805.76
45354,P15,21173,280323,0.727368234,36,326792,90,816.98
45354,P16,21121,280351,0.721594806,157,1413864,90,810.50
45354,P18,21157,280454,0.784188034,12,234880,90,1761.60
45354,P18,21158,280222,0.713789297,94,1674721,90,1603.46
45354,P19,21126,280324,0.547596154,24,328032,90,1230.12
45355,P09,21095,280453,0.698317308,36,313740,90,784.35
45355,P11,21102,280130,0.546073718,24,163560,90,613.35
45355,P12,21151,280385,0.584935897,12,87600,90,657.00
45355,P12,21152,120534,0.731410256,12,109536,90,821.52
45355,P15,21119,120463,0.567586974,103,729599,90,637.51
45355,P19,21127,280323,0.677651515,88,1488448,90,1522.28
45356,P09,21096,280166,0.651976496,24,195280,90,732.30
45356,P11,21103,280435,0.497128739,24,148900,90,558.38
45356,P12,21153,120536,0.659615385,24,197568,90,740.88
45357,P09,21097,120436,0.664423077,67,555564,90,746.28
45357,P11,21104,280264,0.656091969,36,294769,90,736.92
45357,P12,21154,280164,0.773626374,7,67584,90,868.94
45357,P12,21155,120453,0.608012821,12,91056,90,682.92
45358,P12,21156,120448,0.716400908,60,536441,90,804.66
45359,P11,21105,280169,0.71771978,42,376200,90,806.14
45359,P13,21107,280327,0.663995726,24,198880,90,745.80
45359,P18,21159,280212,0.74551964,47,874584,90,1674.74
45359,P19,21128,280480,0.69017094,39,671840,90,1550.40
45360,P09,21098,120448,0.491783217,11,67512,90,552.37
45360,P12,21221,280256,0.739335664,11,101496,90,830.42
45360,P13,21222,241283,0.084965035,11,11664,90,95.43
45360,P15,21120,280348,0.170735786,23,49008,90,191.77
45361,P09,21175,120448,0.649839744,12,97320,90,729.90
45361,P09,21203,280318,0.710958165,95,842912,90,798.55
45361,P10,21179,280351,0.62505899,163,1271520,90,702.07
45361,P11,21180,280169,0.71900641,60,538392,90,807.59
45361,P12,21186,280256,0.741387864,146,1350868,90,832.73
45361,P13,21187,241283,0.649937965,31,251448,90,730.01
45361,P15,21224,280348,0.731177156,55,501880,90,821.26
45361,P16,21191,280351,0.680250118,163,1383792,90,764.06
45361,P18,21193,280454,0.739252804,64,1180912,90,1660.66
45361,P19,21193,280454,0.742597531,64,1186255,90,1668.17
45361,P19,21196,280323,0.712419872,48,853536,90,1600.38
45362,P13,21188,280264,0.656127599,127,1039936,90,736.96
45363,P11,21181,120436,0.637246261,24,190868,90,715.76
45363,P15,21189,120463,0.451210084,108,608159,90,506.80
45364,P11,21182,280256,0.655735493,19,155488,90,736.52
45364,P18,21194,280480,0.720924312,48,863725,90,1619.48
45365,P11,21183,280213,0.652288105,36,293060,90,732.65
45366,P09,21177,280421,0.596601073,43,320160,90,670.10
45366,P18,21192,280405,0.54150641,12,162192,90,1216.44
45366,P18,21294,280480,0.58558837,28,409256,90,1315.47
45366,P19,21195,280480,0.551806223,48,661108,90,1239.58
45367,P11,21184,280107,0.747676282,12,111972,90,839.79
45367,P11,21296,120436,0.692227564,12,103668,90,777.51
45367,P12,21297,280384,0.503205128,12,75360,90,565.20
45368,P09,21227,280451,0.757834758,45,425600,90,851.20
45368,P10,21231,280351,0.432424537,158,852672,90,485.70
45368,P11,21232,120436,0.694871795,12,104064,90,780.48
45368,P11,21238,241288,0.582892628,24,174588,90,654.71
45368,P12,21272,280090,0.615918803,24,184480,90,691.80
45368,P13,21247,280264,0.694711538,24,208080,90,780.30
45368,P15,21253,120463,0.413706294,55,283968,90,464.67
45368,P16,21256,280351,0.764964633,87,830568,90,859.21
45368,P18,21258,280480,0.788034188,72,1416192,90,1770.24
45368,P19,21262,280480,0.698046875,64,1115088,90,1568.09
45369,P11,21234,280238,0.33958706,43,182236,90,381.42
45369,P12,21273,120531,0.669551282,12,100272,90,752.04
45369,P12,21274,120430,0.68215812,36,306480,90,766.20
45369,P13,21248,280169,0.699172009,36,314124,90,785.31
45370,P09,21228,280453,0.83840812,24,251120,90,941.70
45370,P13,21249,280362,0.681761787,31,263760,90,765.75
45370,P15,21254,280348,0.801923077,36,360288,90,900.72
45370,P16,21254,280348,0.736538462,12,110304,90,827.28
45371,P09,21229,280453,0.66710199,67,557804,90,749.29
45371,P11,21235,280239,0.408885328,36,183704,90,459.26
45371,P12,21275,120451,0.615625,12,92196,90,691.47
45371,P12,21276,280013,0.423624897,31,163892,90,475.82
45371,P18,21259,280222,0.671147983,82,1373652,90,1507.67
45371,P19,21261,280324,0.815598291,24,488576,90,1832.16
45372,P13,21264,280365,0.681907719,48,408490,90,765.92
45372,P15,21252,280213,0.411228288,31,159096,90,461.89
45372,P16,21257,280256,0.529545455,55,363480,90,594.79
45372,P19,21260,280323,0.654678736,64,1045810,90,1470.67
45373,P11,21233,280236,0.396928419,36,178332,90,445.83
45373,P12,21277,120444,0.341907051,12,51204,90,384.03
45373,P12,21278,120448,0.694660345,36,312097,90,780.24
45373,P15,21255,280318,0.381063034,36,171204,90,428.01
45374,P09,21230,280318,0.531570513,24,159216,90,597.06
45374,P11,21236,280129,0.312820513,12,46848,90,351.36
45374,P13,21349,280327,0.439670139,24,131690,90,493.84
45375,P09,21299,280318,0.678525641,12,101616,90,762.12
45375,P09,21301,241283,0.831209936,24,248964,90,933.62
45375,P10,21305,280351,0.629184364,163,1279912,90,706.70
45375,P11,21353,280130,0.506933198,19,120204,90,569.39
45375,P12,21309,120436,0.738490676,55,506900,90,829.47
45375,P12,21354,120448,0.675240385,12,101124,90,758.43
45375,P13,21315,280327,0.824519231,3,30870,90,926.10
45375,P15,21318,280318,0.708894231,12,106164,90,796.23
45375,P15,21319,120436,0.620913462,12,92988,90,697.41
45375,P16,21322,280256,0.80400641,12,120408,90,903.06
45375,P16,21323,280351,0.618418511,146,1126808,90,694.61
45375,P18,21325,280454,0.684304029,70,1195616,90,1537.22
45375,P19,21327,280324,0.666720085,24,399392,90,1497.72
45376,P09,21302,241287,0.759289044,55,521176,90,852.83
45376,P11,21307,280264,0.747878272,96,896018,90,840.02
45376,P15,21320,280323,0.707231571,24,211830,90,794.36
45376,P19,21328,280480,0.563001726,130,1826828,90,1264.73
45377,P15,21321,280256,0.6171767,115,885772,90,693.21
45378,P12,21310,120430,0.571100427,24,171056,90,641.46
45378,P18,21324,280222,0.531846192,84,1115090,90,1194.74
45379,P09,21303,280452,0.628939637,24,188380,90,706.43
45379,P12,21311,120433,0.527403846,24,157968,90,592.38
45380,P09,21304,280421,0.554153312,48,331960,90,622.43
45380,P11,21308,280256,0.473114192,43,253892,90,531.40
45380,P12,21312,120434,0.615384615,24,184320,90,691.20
45381,P12,21313,120450,0.617399267,21,161808,90,693.46
45382,P09,21358,280391,0.730010121,19,173100,90,819.95
45382,P10,21361,280351,0.628205128,24,188160,90,705.60
45382,P11,21362,280130,0.55400641,24,165936,90,622.26
45382,P12,21366,120453,0.554647436,22,152284,90,622.98
45382,P15,21373,280166,0.616786859,24,184740,90,692.78
45382,P16,21376,280351,0.726602564,24,217632,90,816.12
45382,P18,21377,280480,0.917628205,4,91616,90,2061.36
45382,P18,21422,280480,0.507799145,12,152096,90,1140.72
45382,P19,21380,280480,0.750574252,12,224812,90,1686.09
45382,P19,21423,280480,0.69420406,12,207928,90,1559.46
45383,P09,21357,280453,0.700673077,40,349776,90,787.00
45383,P09,21415,280391,0.608173077,12,91080,90,683.10
45383,P10,21416,280351,0.673105626,134,1125648,90,756.03
45383,P11,21365,280264,0.68657127,127,1088188,90,771.16
45383,P11,21417,280130,0.522195513,12,78204,90,586.53
45383,P12,21418,120536,0.41474359,12,62112,90,465.84
45383,P12,21419,120433,0.494230769,12,74016,90,555.12
45383,P15,21374,280348,0.698568873,43,374880,90,784.63
45383,P16,21421,280351,0.72619721,136,1232560,90,815.66
45383,P18,21392,280344,0.524606036,96,1257040,90,1178.48
45383,P19,21381,280222,0.457051282,43,490544,90,1026.72
45384,P12,21369,280380,0.626508546,61,431088,110,777.37
45385,P09,21359,280106,0.633012821,36,284400,90,711.00
45385,P15,21375,280169,0.594294167,91,674928,90,667.51
45385,P19,21394,280323,0.581330128,88,1276880,90,1305.90
45387,P09,21360,241287,0.658184258,43,353208,90,739.27
45387,P12,21370,280376,0.597369976,24,161720,110,741.22
45387,P18,21428,280324,0.527564103,36,474048,90,1185.12
45388,P12,21372,280375,0.692966903,24,187600,110,859.83
45389,P09,21429,241287,0.750921474,24,224916,90,843.44
45389,P10,21434,280351,0.658187824,163,1338912,90,739.28
45389,P11,21469,280264,0.682077991,12,102148,90,766.11
45389,P11,21486,280323,0.74332265,12,111320,90,834.90
45389,P12,21440,280378,0.473995272,12,64160,110,588.13
45389,P12,21485,280375,0.781146572,12,105736,110,969.25
45389,P15,21447,280256,0.668429487,36,300312,90,750.78
45389,P16,21451,280351,0.769510711,158,1517352,90,864.31
45389,P18,21452,280324,0.570753205,48,683808,90,1282.14
45389,P19,21486,280323,0.537562438,38.5,516576,90,1207.58
45390,P09,21430,280169,0.66806891,24,200100,90,750.38
45390,P11,21435,241288,0.498901099,7,43584,90,560.37
45390,P11,21436,280318,0.639503205,36,287316,90,718.29
45390,P12,21441,280379,0.646926714,24,175136,110,802.71
45390,P15,21448,280222,0.576963141,48,345624,90,648.05
45390,P20,21458,280166,0.662594872,62.5,1033648,90,1488.45
45391,P09,21431,280222,0.713470442,36,320548,90,801.37
45391,P12,21442,280488,0.466489362,4,21048,110,578.82
45391,P12,21443,120430,0.469347319,33,193296,90,527.17
45391,P17,21487,280480,0.630544433,91.25,1436128,90,1416.46
45391,P18,21453,280480,0.632098416,68,1072848,90,1419.95
45391,P19,21455,280324,0.674519231,48,808128,90,1515.24
45391,P20,21466,120448,0.453078259,24,271412,90,1017.80
45392,P09,21432,280451,0.347492697,79,342600,90,390.30
45392,P11,21437,241283,0.768509615,24,230184,90,863.19
45392,P15,21449,280348,0.624813896,31,241728,90,701.79
45393,P11,21438,280107,0.610536859,24,182868,90,685.76
45393,P12,21444,120431,0.630384615,60,472032,90,708.05
45393,P19,21456,280480,0.544819211,64,870316,90,1223.88
45394,P11,21439,280365,0.593264375,33,244330,90,666.35
45394,P15,21450,120463,0.485737179,48,290976,90,545.58
45394,P18,21454,280222,0.574839744,36,516528,90,1291.32
45394,P20,21459,280391,0.356011479,43,382100,90,799.74
45395,P11,21542,280365,0,10,0,90,0.00
45395,P12,21445,120434,0.316987179,12,47472,90,356.04
45396,P09,21488,280451,0.320779915,24,96080,90,360.30
45396,P10,21494,280351,0.70684285,163,1437888,90,793.93
45396,P11,21495,280327,0.474893162,36,213360,90,533.40
45396,P12,21500,120454,0.497596154,24,149040,90,558.90
45396,P12,21543,120434,0.683846154,5,42672,90,768.10
45396,P15,21507,120463,0.654961785,52,425044,90,735.65
45396,P16,21512,280351,0.755037754,163,1535928,90,848.06
45396,P17,21538,280480,0.448076923,69,771696,90,1006.56
45396,P18,21513,280222,0.693292125,28,484528,90,1557.41
45396,P19,21515,280222,0.553605769,48,663264,90,1243.62
45396,P20,21517,280166,0.526742788,48,631080,90,1183.28
45397,P09,21489,280105,0.568083127,31,219780,90,638.07
45397,P11,21496,280238,0.452003205,12,67692,90,507.69
45397,P12,21501,120431,0.744871795,12,111552,90,836.64
45397,P18,21514,280324,0.624570926,124,1933072,90,1403.04
45398,P09,21490,280421,0.655248397,24,196260,90,735.98
45398,P11,21497,280239,0.548130342,12,82088,90,615.66
45398,P11,21498,241287,0.718231889,103,923244,90,806.72
45398,P12,21502,280164,0.670032051,24,200688,90,752.58
45398,P15,21508,280324,0.527350427,24,157952,90,592.32
45398,P19,21516,280480,0.550693252,112,1539474,90,1237.08
45398,P20,21518,280106,0.709402412,76,1345708,90,1593.60
45399,P09,21491,280453,0.550146902,24,164780,90,617.93
45399,P12,21504,120531,0.554487179,24,166080,90,622.80
45399,P15,21509,280213,0.640046296,36,287560,90,718.90
45399,P17,21539,280324,0.586121795,40,585184,90,1316.66
45400,P09,21492,280121,0.586974715,36,263716,90,659.29
45400,P12,21506,120448,0.606029946,67,506738,90,680.69
45401,P15,21510,280480,0.599786325,36,269472,90,673.68
45401,P20,21584,280323,0.596198362,36,535720,90,1339.30
45402,P09,21493,120464,0.577682186,19,136980,90,648.85
45402,P15,21511,280405,0.521794872,12,78144,90,586.08
45403,P09,21550,280169,0.61161859,24,183192,90,686.97
45403,P10,21554,280351,0.718585686,158,1416936,90,807.12
45403,P11,21555,280169,0.592628205,12,88752,90,665.64
45403,P11,21556,280264,0.714898563,91,811896,90,802.97
45403,P12,21558,280256,0.744487179,60,557472,90,836.21
45403,P15,21562,280405,0.707979334,67,591984,90,795.20
45403,P16,21566,280351,0.66312074,158,1307568,90,744.82
45403,P18,21567,280324,0.516372863,48,618656,90,1159.98
45403,P19,21569,280480,0.67723107,64,1081836,90,1521.33
45403,P20,21571,280323,0.583728056,88,1282147,90,1311.29
45403,P20,21571,280324,0.650160256,24,389472,90,1460.52
45404,P17,21592,280324,0.553762085,61,843136,90,1243.97
45405,P09,21551,280318,0.625019135,67,522616,90,702.02
45405,P12,21559,120450,0.551282051,12,82560,90,619.20
45405,P18,21568,280489,0.638229739,112,1784184,90,1433.72
45406,P12,21560,120430,0.473128619,31,183044,90,531.42
45406,P15,21563,280222,0.704647436,48,422112,90,791.46
45406,P19,21570,280489,0.572906651,96,1372776,90,1286.98
45407,P11,21557,280362,0.730989583,48,437892,90,821.05
45407,P12,21561,120448,0.692155449,60,518286,90,777.43
45408,P09,21552,280421,0.778645833,48,466440,90,874.58
45408,P15,21564,120463,0.665421884,43,357092,90,747.40
45408,P20,21653,280324,0.419083868,48,502096,90,941.43
45409,P11,21601,280264,0.547967381,79,540252,90,615.48
45410,P09,21594,280104,0.338274573,12,50660,90,379.95
45410,P09,21595,280105,0.869123932,12,130160,90,976.20
45410,P10,21600,280351,0.702190171,72,630960,90,788.70
45410,P12,21603,120448,0.614342949,12,92004,90,690.03
45410,P12,21604,120534,0.670512821,12,100416,90,753.12
45410,P15,21611,280104,0.635176282,36,285372,90,713.43
45410,P16,21615,280351,0.770486111,72,692328,90,865.41
45410,P18,21618,280489,0.639647436,40,638624,90,1436.90
45410,P19,21622,280489,0.658263221,64,1051536,90,1478.72
45410,P20,21625,280323,0.544551282,24,326208,90,1223.28
45411,P09,21597,280452,0.721153846,36,324000,90,810.00
45411,P12,21605,120536,0.714285714,7,62400,90,802.29
45411,P12,21606,280164,0.669551282,12,100272,90,752.04
45411,P15,21612,280348,0.84957265,36,381696,90,954.24
45411,P17,21616,280103,0.324363365,36.5,295508,90,728.65
45411,P20,21628,280169,0.467628205,48,560256,90,1050.48
45412,P09,21596,280391,0.769917582,7,67260,90,864.77
45412,P12,21607,280090,0.529166667,12,79248,90,594.36
45412,P12,21608,280401,0.655929487,24,196464,90,736.74
45412,P18,21620,280480,0.654053152,24,391804,90,1469.27
45413,P09,21664,280391,0.776308761,24,232520,90,871.95
45413,P10,21674,280351,0.379698997,115,544944,90,426.48
45413,P11,21666,280264,0.554977965,96,664908,90,623.35
45413,P12,21610,280256,0.70194421,91,797184,90,788.42
45413,P15,21613,120463,0.782247151,36,351448,90,878.62
45413,P15,21668,280348,0.961423993,7,83990,90,1079.87
45413,P16,21669,280351,0.684882943,115,982944,90,769.26
45413,P17,21670,280103,0.355769231,31,275280,90,799.20
45413,P18,21619,280324,0.551081731,72,990360,90,1237.95
45413,P19,21672,280222,0.605208333,24,362544,90,1359.54
45413,P20,21673,280169,0.625140224,24,374484,90,1404.32
45414,P09,21598,280493,0.67568109,24,202380,90,758.93
45414,P11,21602,280425,0.567257085,19,134508,90,637.14
45414,P19,21624,280480,0.556357672,64,888748,90,1249.80
45414,P20,21626,120436,0.655989583,16,261976,90,1473.62
45415,P09,21599,280166,0.753205128,24,225600,90,846.00
45415,P15,21614,241288,0.586212607,60,438956,90,658.43
45415,P20,21627,120448,0.627273638,48,751524,90,1409.11
45416,P09,21732,280104,0.750868056,24,224900,90,843.38
45416,P18,21621,280344,0.473393054,64,756217,90,1063.43
45417,P09,21733,280105,0.557425214,12,83480,90,626.10
45417,P09,21736,280421,0.808582621,9,90820,90,908.20
45417,P12,21689,120430,0.67257326,84,705072,90,755.43
45417,P15,21734,120436,0.719951923,12,107820,90,808.65
45417,P19,21705,280480,0.572487981,160,2286288,90,1286.04
45417,P20,21629,241287,0.666526442,48,798552,90,1497.29
45418,P09,21679,280421,0.371357809,22,101960,90,417.11
45418,P10,21681,280351,0.490190924,139,850344,90,550.58
45418,P11,21682,280264,0.65006993,55,446208,90,730.16
45418,P15,21693,280107,0.763141026,12,114288,90,857.16
45418,P15,21694,241283,0.709615385,19,168264,90,797.04
45418,P16,21698,280351,0.719888023,79,709752,90,808.58
45419,P09,21678,280453,0.617147436,36,277272,90,693.18
45419,P15,21695,280212,0.73974359,24,221568,90,830.88
45419,P18,21702,280451,0.4558961,24,273100,90,1024.13
45419,P20,21708,280169,0.681346154,20,340128,90,1530.58
45420,P09,21718,280324,0.604620726,36,271644,90,679.11
45420,P11,21691,120433,0.550080128,12,82380,90,617.85
45420,P12,21691,120433,0.524038462,12,78480,90,588.60
45420,P15,21696,280222,0.70849359,48,424416,90,795.78
45420,P18,21719,280489,0.602631766,45,676876,90,1353.75
45420,P20,21709,120437,0.65147951,84,1365918,90,1463.48
45420,P20,21710,120448,0.527163462,8,105264,90,1184.22
45421,P11,21683,280129,0.362259615,12,54252,90,406.89
45421,P11,21684,280130,0.462807158,24,138620,90,519.83
45421,P12,21690,120431,0.604289044,55,414784,90,678.74
45421,P16,21699,280256,0.633525641,60,474384,90,711.58
45422,P09,21680,280405,0.684615385,43,367392,90,768.96
45422,P11,21686,280240,0.540576033,36,242870,90,607.18
45422,P15,21697,280256,0.659801489,31,255264,90,741.09
45422,P18,21703,280323,0.559919872,40,559024,90,1257.80
45424,P09,21739,280405,0.77747062,48,465736,90,873.26
45424,P10,21744,280351,0.531694255,158,1048416,90,597.20
45424,P11,21790,280327,0.775759926,31,300126,90,871.33
45424,P12,21479,120436,0.687847222,12,103012,90,772.59
45424,P12,21749,120436,0.855092593,36,384176,90,960.44
45424,P15,21751,280256,0.757959402,12,113512,90,851.34
45424,P15,21752,280212,0.758386752,12,113576,90,851.82
45424,P16,21757,280256,0.732692308,12,109728,90,822.96
45424,P16,21758,280351,0.753279768,146,1372536,90,846.08
45424,P17,21758,280323,0.759722222,12,227552,90,1706.64
45424,P18,21759,280323,0.684401709,12,204992,90,1537.44
45424,P18,21760,280324,0.689367816,87,1496976,90,1548.60
45424,P19,21761,280222,0.679667468,48,814296,90,1526.81
45424,P20,21764,120436,0.613569712,40,612588,90,1378.32
45425,P11,21745,280365,0.657725694,24,197002,90,738.76
45425,P15,21753,280421,0.672097578,36,301960,90,754.90
45426,P09,21740,280493,0.705261752,12,105620,90,792.15
45426,P09,21741,280104,0.641871439,36,288380,90,720.95
45426,P11,21746,280169,0.745833333,24,223392,90,837.72
45426,P12,21748,280403,0.358603239,19,85032,90,402.78
45426,P15,21754,280451,0.575053419,48,344480,90,645.90
45427,P11,21747,280264,0.802297009,72,720912,90,901.14
45427,P12,21773,280256,0.803525641,96,962688,90,902.52
45427,P19,21762,280213,0.632819177,24,379084,90,1421.57
45427,P20,21765,280166,0.462479968,48,554088,90,1038.92
45428,P09,21742,280103,0.521660463,31,201820,90,585.93
45428,P15,21755,280452,0.383460048,43,205780,90,430.70
45428,P17,21791,280323,0.559084881,29,404688,90,1255.93
45428,P19,21763,280324,0.66875,72,1201824,90,1502.28
45429,P09,21743,120464,0.722275641,24,216336,90,811.26
45429,P20,21766,280344,0.698597756,40,697480,90,1569.33
45430,P09,21840,280318,0.78661859,12,117804,90,883.53
45430,P11,21797,280264,0.546551101,71,484288,90,613.89
45430,P15,21756,280106,0.35536859,12,53220,90,399.15
45431,P09,21792,280318,0.61041395,59,449460,90,685.62
45431,P10,21796,280351,0.385946746,13,62616,90,433.50
45431,P12,21800,280256,0.88535503,13,143640,90,994.43
45431,P13,21807,120436,0.47328323,65.25,385404,90,531.59
45431,P15,21842,280106,0.732772436,28,256060,90,823.05
45431,P16,21811,280351,0.744178441,147,1365240,90,835.86
45431,P18,21814,280324,0.698858173,96,1674576,90,1569.92
45431,P19,21816,280324,0.70693109,32,564640,90,1588.05
45431,P20,21818,280344,0.507512019,40,506700,90,1140.08
45432,P12,21801,120451,0.582785791,24,174556,90,654.59
45432,P15,21809,280105,0.815715467,31,315584,90,916.21
45433,P12,21802,280164,0.607371795,12,90960,90,682.20
45433,P12,21803,120531,0.670192308,12,100368,90,752.76
45433,P19,21817,280323,0.675888565,112,1889460,90,1518.32
45433,P20,21820,120448,0.572360062,112,1600044,90,1285.75
45434,P09,21793,241283,0.71443198,36,320980,90,802.45
45434,P11,21798,280362,0.658690033,31,254834,90,739.84
45434,P12,21804,120430,0.548183761,36,246288,90,615.72
45434,P15,21810,280351,0.608333333,96,728832,90,683.28
45435,P09,21794,280451,0.654780983,36,294180,90,735.45
45435,P11,21799,280351,0.721378205,60,540168,90,810.25
45435,P12,21805,120431,0.60041958,55,412128,90,674.39
45435,P13,21808,280264,0.415126292,67,347112,90,466.27
45436,P18,21815,280166,0.546324119,48,654540,90,1227.26
45437,P09,21795,280452,0.641292735,24,192080,90,720.30
45438,P09,21843,280453,0.424162531,31,164100,90,476.42
45438,P11,21848,280351,0.740619812,139,1284768,90,831.86
45438,P12,21853,120431,0.741666667,24,222144,90,833.04
45438,P13,21861,280264,0.685455564,103,881112,90,769.90
45438,P15,21880,280351,0.783391608,55,537720,90,879.91
45438,P16,21866,280351,0.757885999,139,1314720,90,851.26
45438,P18,21867,280166,0.625919653,88,1374820,90,1406.07
45438,P19,21869,280323,0.541907051,12,162312,90,1217.34
45438,P19,21870,280480,0.744372618,148,2749772,90,1672.16
45438,P20,21871,120436,0.707469952,160,2825352,90,1589.26
45439,P09,21844,280451,0.723130342,36,324888,90,812.22
45439,P12,21854,120430,0.771794872,36,346752,90,866.88
45440,P12,21855,120534,0.802564103,12,120192,90,901.44
45440,P15,21865,280256,0.763531895,82,781368,90,857.60
45441,P09,21845,280450,0.751282051,12,112512,90,843.84
45441,P09,21846,280318,0.733173077,12,109800,90,823.50
45441,P12,21856,280090,0.794551282,12,118992,90,892.44
45441,P12,21858,120450,0.683502024,19,162072,90,767.71
45441,P18,21868,280166,0.80982906,24,485120,90,1819.20
45441,P18,21868,280421,0.617988782,40,617000,90,1388.25
45442,P09,21847,280169,0.662813059,43,355692,90,744.47
45442,P12,21859,280107,0.76383547,24,228784,90,857.94
45442,P13,21862,280222,0.651976496,36,292920,90,732.30
45443,P12,21860,120448,0.793830128,12,118884,90,891.63
45444,P09,21949,280169,0.559855769,24,167688,90,628.83
45444,P11,21900,280264,0.669620253,79,660192,90,752.12
45444,P11,21957,280351,0.522195513,12,78204,90,586.53
45444,P12,21950,120448,0.564009081,24,168932,90,633.50
45444,P13,21951,280222,0.649919872,24,194664,90,729.99
45444,P15,21952,280256,0.56529304,21,148152,90,634.94
45444,P16,21953,280351,0.743669872,24,222744,90,835.29
45445,P09,21897,241287,0.817596154,60,612216,90,918.32
45445,P12,21904,120536,0.61028312,12,91396,90,685.47
45445,P12,21905,280256,0.734909188,36,330180,90,825.45
45445,P13,21907,280222,0.709561966,36,318792,90,796.98
45445,P15,21911,280256,0.663621795,24,198768,90,745.38
45445,P15,21913,280351,0.801442308,12,120024,90,900.18
45445,P16,21913,280351,0.80842259,79,797040,90,908.02
45445,P18,21915,280103,0.707064637,48,847120,90,1588.35
45445,P19,21918,280480,0.768029848,160,3067204,90,1725.30
45445,P20,21919,120448,0.734294872,88,1612864,90,1649.52
45446,P13,21908,280264,0.635964409,67,531768,90,714.32
45446,P15,21910,280351,0.694834402,60,520292,90,780.44
45447,P09,21898,120437,0.627546492,91,712692,90,704.86
45447,P12,21906,120436,0.764394374,67,639156,90,858.57
45447,P18,21917,280232,0.800262264,24,433294,110,1985.93
45447,P18,21917,280323,0.774969475,42,812416,90,1740.89
45448,P11,21901,280107,0.647008547,36,290688,90,726.72
45448,P16,21914,280256,0.725219085,79,715008,90,814.57
45449,P11,21902,241283,0.814291958,22,223572,90,914.61
45449,P13,21909,120464,0.580408654,48,347688,90,651.92
45449,P15,21912,280480,0.589710103,67,493092,90,662.36
45449,P20,21920,120436,0.603799412,24,361700,90,1356.38
45450,P11,21903,280425,0.366666667,21,96096,90,411.84
45450,P12,22002,120444,0.413301282,12,61896,90,464.22
45450,P12,22021,280384,0.467200855,24,139936,90,524.76
45450,P18,21916,280493,0.505278446,48,605364,90,1135.06
45450,P20,22001,280244,0.585600962,40,584664,90,1315.49
45451,P09,22026,280169,0.423477564,12,63420,90,475.65
45451,P11,22024,241283,0.697435897,12,104448,90,783.36
45451,P12,22020,120536,0.518509615,12,77652,90,582.39
45451,P13,22022,280169,0.629407051,12,94260,90,706.95
45452,P09,21963,280169,0.574225427,12,85996,90,644.97
45452,P09,21965,280105,0.711137821,36,319500,90,798.75
45452,P11,21971,241283,0.789583333,12,118248,90,886.86
45452,P11,21972,280365,0.599292201,24,179500,90,673.13
45452,P12,21978,280256,0.652279566,98,797764,90,732.64
45452,P13,21979,280169,0.587944582,31,227464,90,660.38
45452,P15,22003,280351,0.778645485,115,1117512,90,874.57
45452,P16,21985,280351,0.750547631,151,1414392,90,843.02
45452,P18,21987,280493,0.713575053,24,427460,90,1602.98
45452,P19,21990,280222,0.598329327,40,597372,90,1344.09
45452,P20,21993,280246,0.727851229,72,1308036,90,1635.05
45453,P11,21973,280351,0.6941702,127,1100232,90,779.69
45453,P13,21980,280264,0.65224359,119,968660,90,732.60
45453,P14,22027,280245,0.520539372,84.5,548940,90,584.67
45453,P18,21988,280421,0.708762592,28,495340,90,1592.16
45454,P09,21964,280103,0.638255106,29.5,234980,90,716.89
45454,P12,22028,280245,0.647174145,60,484604,90,726.91
45454,P18,21986,280324,0.419284188,72,753504,90,941.88
45454,P19,21991,280324,0.67417646,72,1211576,90,1514.47
45455,P09,21966,280478,0.388421474,48,232680,90,436.28
45455,P17,22004,280452,0.453846154,40,453120,90,1019.52
45455,P20,21994,280169,0.622459572,88,1367220,90,1398.29
45457,P09,21967,280391,0.370210114,36,166328,90,415.82
45457,P14,22096,280107,0.273418114,31,105780,90,307.10
45457,P15,21981,280480,0.652203526,48,390696,90,732.56
45457,P16,21685,280351,0.857211538,12,128376,90,962.82
45457,P17,22006,280391,0.374282185,48,448420,90,840.79
45457,P19,21989,280480,0.529903846,40,529056,90,1190.38
45459,P09,22029,241287,0.509370629,55,349632,90,572.13
45459,P11,22035,280351,0.747830375,78,727968,90,839.96
45459,P12,22039,280256,0.812980769,12,121752,90,913.14
45459,P12,22040,120431,0.484668803,12,72584,90,544.38
45459,P13,22049,280264,0.646284165,91,733972,90,725.91
45459,P14,22097,280245,0.385880478,94.5,455092,90,433.42
45459,P14,22102,280107,0.515945513,12,77268,90,579.51
45459,P15,22053,120463,0.673945409,31,260736,90,756.98
45459,P16,22054,280351,0.692390278,163,1408488,90,777.69
45459,P17,22077,280451,0.426722756,40,426040,90,958.59
45459,P19,22058,280324,0.669890664,155,2591673,90,1504.84
45459,P20,22061,280246,0.550590946,48,659652,90,1236.85
45460,P12,22041,280090,0.663969017,24,198872,90,745.77
45460,P15,22052,280351,0.710478498,127,1126080,90,798.01
45461,P09,22030,280244,0.802123397,24,240252,90,900.95
45461,P12,22043,280380,0.321237195,36,130448,110,398.59
45461,P17,22078,280222,0.530972413,112,1484344,90,1192.78
45461,P20,22062,280245,0.687256038,112,1921238,90,1543.85
45462,P09,22031,280121,0.724759615,24,217080,90,814.05
45462,P11,22036,280405,0.644791667,24,193128,90,724.23
45462,P12,22044,280377,0.371902883,31,130047,110,461.46
45462,P18,22104,280323,0.450160256,24,269664,90,1011.24
45463,P09,22032,280318,0.753908189,31,291672,90,846.79
45463,P11,22037,280212,0.568162393,36,255264,90,638.16
45463,P13,22050,280517,0.5421875,48,324792,90,608.99
45463,P14,22107,120433,0.533323471,32.5,216316,90,599.03
45463,P18,22105,280213,0.501702724,72,901620,90,1127.03
45464,P12,22045,280376,0.461761229,12,62504,110,572.95
45464,P12,22048,280378,0.619271215,14.5,101288,110,768.39
45465,P09,22033,280107,0.539503205,12,80796,90,605.97
45465,P09,22108,241283,0.558306624,36,250836,90,627.09
45465,P11,22038,280213,0.587870593,24,176079,90,660.30
45465,P13,22051,280425,0.605608974,24,181392,90,680.22
45465,P14,22106,280385,0.545592949,12,81708,90,612.81
45465,P14,22174,120430,0.425347222,12,63700,90,477.75
45466,P11,22153,280256,0.679335664,55,466296,90,763.03
45466,P13,22117,280425,0.513541667,12,76908,90,576.81
45466,P13,22118,241287,0.594150641,36,266940,90,667.35
45466,P14,22120,120430,0.413274573,12,61892,90,464.19
45466,P14,22121,120450,0.629540598,12,94280,90,707.10
45466,P15,22141,280351,0.696260684,36,312816,90,782.04
45466,P16,22126,280351,0.686295034,158,1353264,90,770.85
45466,P17,22128,280212,0.504079861,48,603928,90,1132.37
45466,P18,22154,280324,0.40591804,112,1134752,90,911.85
45466,P19,22134,280324,0.811518429,64,1296352,90,1823.00
45466,P20,22137,120464,0.652668269,40,651624,90,1466.15
45467,P09,22109,280246,0.557772436,12,83532,90,626.49
45467,P09,22110,280318,0.743963675,24,222832,90,835.62
45467,P14,22123,280164,0.580355235,24,173828,90,651.86
45467,P15,22143,280348,0.731515499,67,611664,90,821.64
45468,P09,22111,280478,0.77086672,24,230890,90,865.84
45468,P09,22114,280246,0.597061966,12,89416,90,670.62
45468,P11,22114,280351,0.695238984,103,893688,90,780.89
45468,P13,22119,280264,0.703210702,115,1009248,90,789.85
45468,P14,22122,120536,0.664124925,43,356396,90,745.95
45468,P17,22130,280405,0.489556624,24,293264,90,1099.74
45468,P20,22158,280245,0.619914085,72,1114060,90,1392.58
45469,P09,22112,280453,0.743796526,31,287760,90,835.43
45469,P17,22176,280244,0.42945591,41,439488,90,964.73
45469,P19,22133,280323,0.661727931,96,1585606,90,1486.51
45470,P14,22125,120536,0.626522436,24,187656,90,703.71
45470,P15,22142,120463,0.709871795,60,531552,90,797.33
45471,P09,22140,280493,0.61667557,36,277060,90,692.65
45471,P14,22124,280244,0.650420673,48,389628,90,730.55
45471,P17,221129,280222,0.582999182,47,683928,90,1309.65
45471,P18,22155,280105,0.30197516,40,301492,90,678.36
45471,P20,22139,280421,0.646585012,42,677828,90,1452.49
45473,P09,22178,280246,0.830168269,24,248652,90,932.45
45473,P11,22184,280351,0.787339744,24,235824,90,884.34
45473,P13,22232,280517,0.777424749,11.5,111576,90,873.20
45473,P14,22189,280244,0.737454212,21,193272,90,828.31
45473,P15,22193,120463,0.750641026,24,224832,90,843.12
45473,P16,22197,280351,0.864423077,24,258912,90,970.92
45473,P17,22199,280103,0.476228632,24,285280,90,1069.80
45473,P18,22202,280452,0.419871795,12,125760,90,943.20
45473,P18,22203,280222,0.250267094,12,74960,90,562.20
45473,P19,22204,280323,0.825320513,12,247200,90,1854.00
45473,P19,22247,280323,0.828388278,28,578944,90,1860.89
45473,P20,22206,280105,0.81474359,10,203360,90,1830.24
45473,P20,22207,280244,0.713399217,36,641032,90,1602.58
45474,P09,22177,251200,0.836713287,11,114864,90,939.80
45474,P09,22238,280246,0.785576923,12,117648,90,882.36
45474,P11,22240,280351,0.720673077,60,539640,90,809.46
45474,P13,22241,280264,0.732877219,26,237804,90,823.17
45474,P14,22242,280244,0.543064648,94,637080,90,609.97
45474,P15,22194,280348,0.730454545,55,501384,90,820.45
45474,P15,22243,120463,0.539102564,12,80736,90,605.52
45474,P16,22198,280256,0.768760376,139,1333584,90,863.47
45474,P17,22214,280323,0.60133547,24,360224,90,1350.84
45474,P18,22246,280222,0.412541242,136,1400396,90,926.73
45475,P09,22179,280450,0.842257085,19,199716,90,946.02
45475,P13,22301,280351,0.95,7,82992,90,1067.04
45475,P13,22301,280362,0.596267577,31,230684,90,669.73
45475,P17,22200,280169,0.593316875,111,1643820,90,1332.83
45475,P19,22205,280480,0.639564334,97,1548462,90,1436.72
45475,P20,22208,280516,0.715845142,95,1697412,90,1608.07
45476,P09,22180,241283,0.543652066,36,244252,90,610.63
45476,P11,22185,280130,0.527832439,43,283256,90,592.86
45477,P09,22181,280478,0.578880876,60,433466,90,650.20
45477,P13,22282,280351,0.614888337,46.5,356832,90,690.64
45477,P15,22195,280256,0.652083333,24,195312,90,732.42
45478,P10,22239,280351,0.272115385,6,20376,90,305.64
45478,P11,22187,280435,0.640224359,24,191760,90,719.10
45478,P14,22190,280245,0.549078526,24,164460,90,616.73
45478,P15,22196,280480,0.668429487,48,400416,90,750.78
45479,P11,22306,280365,0.570980235,12,85510,90,641.33
45479,P13,22302,280351,0.772781973,163,1572024,90,867.99
45479,P14,22191,280107,0.495597166,19,117516,90,556.65
45480,P09,22249,280166,0.738031483,79,727640,90,828.96
45480,P11,22253,280365,0.560817308,12,83988,90,629.91
45480,P11,22254,280264,0.790550178,151,1489776,90,887.95
45480,P14,22259,280244,0.688194444,36,309192,90,772.98
45480,P14,22307,280107,0.602644231,12,90252,90,676.89
45480,P15,22262,280256,0.77826087,138,1340352,90,874.14
45480,P16,22264,280351,0.810948561,163,1649664,90,910.86
45480,P17,22269,280222,0.491958042,22,270144,90,1105.13
45480,P17,22309,280244,0.585274217,36,525904,90,1314.76
45480,P18,22269,280222,0.489675481,160,1955568,90,1100.01
45480,P19,22271,280480,0.677353766,64,1082032,90,1521.61
45480,P20,22275,280244,0.567761752,36,510168,90,1275.42
45481,P20,22311,241287,0.743555843,52,965076,90,1670.32
45482,P14,22258,120430,0.559996754,79,552112,90,628.99
45483,P09,22250,280106,0.741386218,24,222060,90,832.73
45483,P17,22310,280323,0.55972087,79,1103680,90,1257.36
45483,P19,22272,280212,0.488942308,12,146448,90,1098.36
45483,P19,22314,280324,0.74964467,84,1571735,90,1684.00
45484,P09,22251,280493,0.713774597,43,383040,90,801.71
45484,P15,22263,280348,0.311153846,20,77664,90,349.49
45484,P20,22312,280169,0.635697115,24,380808,90,1428.03
45485,P14,22255,280164,0.515838675,24,154504,90,579.39
45485,P20,22313,280344,0.573544338,48,687152,90,1288.41
45486,P09,22378,280453,0.756143162,12,113240,90,849.30
45486,P14,22260,280107,0.512820513,12,76800,90,576.00
45487,P09,22315,280453,0.687366453,12,102940,90,772.05
45487,P09,22317,280421,0.723624466,48,433480,90,812.78
45487,P11,22319,280264,0.755541958,55,518604,90,848.62
45487,P13,22329,280351,0.799175824,84,837792,90,897.63
45487,P14,22333,280107,0.667788462,14,116676,90,750.06
45487,P15,22336,280351,0.77920541,91,884928,90,875.20
45487,P16,22337,280351,0.73751625,143,1316201,90,828.38
45487,P17,22338,280323,0.294230769,20,146880,90,660.96
45487,P18,22342,280222,0.647887081,130,2102264,90,1455.41
45487,P19,22344,280324,0.690506916,76,1309864,90,1551.15
45487,P20,22379,280344,0.637800481,40,636780,90,1432.76
45488,P12,22324,280379,0.623485641,30.5,214504,110,773.62
45488,P17,22339,280244,0.237811223,69,409568,90,534.22
45489,P09,22316,280451,0.496765467,54.5,337880,90,557.97
45489,P11,22320,280130,0.753766026,24,225768,90,846.63
45489,P20,22347,280103,0.701210826,36,630080,90,1575.20
45490,P11,22321,241283,0.60357906,24,180784,90,677.94
45490,P12,22325,280375,0.470409771,36,191024,110,583.68
45490,P13,22331,280517,0.743724696,19,176352,90,835.35
45490,P19,22345,280480,0.645092689,37,595756,90,1449.14
45490,P20,22349,280169,0.654964133,42,686612,90,1471.31
45491,P11,22322,280425,0.474417249,16.5,97692,90,532.87
45491,P12,22327,280377,0.4277146,14.5,69957,110,530.71
45491,P13,22332,280246,0.570150502,34.5,245484,90,640.39
45491,P15,22334,280212,0.762556561,17,161784,90,856.50
45491,P17,22340,280245,0.482591093,19,228864,90,1084.09
45492,P09,22318,280166,0.638070263,38.5,306580,90,716.68
45492,P15,22335,280405,0.636153846,30,238176,90,714.53
45493,P11,22380,280246,0.590024038,24,176724,90,662.72
45493,P12,22328,280376,0.426152482,24,115368,110,528.77
45493,P17,22440,280107,0.281911571,19.5,137212,90,633.29
45493,P19,22346,280213,0.490177618,24,293636,90,1101.14
45493,P20,22348,241287,0.715564904,24,428652,90,1607.45
45494,P09,22381,280166,0.708405359,89,786840,90,795.68
45494,P11,22384,280121,0.612700321,24,183516,90,688.19
45494,P12,22388,280376,0.644089835,24,174368,110,799.19
45494,P13,22420,280318,0.730552109,31,282636,90,820.56
45494,P13,22422,280318,0.671153846,12,100512,90,753.84
45494,P13,22422,280351,0.703808813,103,904704,90,790.52
45494,P15,22397,280351,0.711526664,163,1447416,90,799.19
45494,P16,22398,280351,0.729860783,163,1484712,90,819.78
45494,P17,22399,280166,0.261128917,36,234640,90,586.60
45494,P18,22402,280222,0.620307492,64,990904,90,1393.46
45494,P19,22405,280480,0.670895655,36,602840,90,1507.10
45494,P20,22407,241287,0.628044872,36,564336,90,1410.84
45495,P11,22385,280244,0.626402244,24,187620,90,703.58
45495,P12,22390,280380,0.691011051,43,335168,110,857.41
45495,P17,22401,280105,0.351878796,76,667500,90,790.46
45495,P19,22406,280324,0.701436815,124,2170975,90,1575.71
45495,P20,22408,280169,0.726854396,28,507984,90,1632.81
45496,P11,22386,280405,0.721634615,24,216144,90,810.54
45496,P13,22421,120444,0.611378205,12,91560,90,686.70
45497,P11,22387,280256,0.774246362,74,715032,90,869.63
45497,P12,22391,280426,0.515511325,15.5,90132,110,639.65
45497,P18,22404,280323,0.568135684,48,680672,90,1276.26
45497,P20,22409,280391,0.533698362,36,479560,90,1198.90
45498,P09,22382,280452,0.674879808,24,202140,90,758.03
45498,P14,22423,120531,0.39673913,46,227760,90,445.62
45498,P20,22410,280344,0.672921118,36,604660,90,1511.65
45499,P09,22383,280493,0.579861111,48,347360,90,651.30
45499,P17,22400,280103,0.508955996,48,609770,90,1143.32
45499,P18,22403,280480,0.607211538,40,606240,90,1364.04
45500,P11,22506,280222,0.472275641,12,70728,90,530.46
45500,P14,22395,280401,0.25803953,12,38644,90,289.83
45500,P14,22507,280404,0.555836004,24,166484,90,624.32
45500,P20,22504,280166,0.671474359,24,402240,90,1508.40
45501,P09,22443,280166,0.589075855,12,88220,90,661.65
45501,P09,22444,280453,0.731427126,19,173436,90,821.54
45501,P11,22447,280222,0.681209936,24,204036,90,765.14
45501,P13,22453,280351,0.756613113,79,745960,90,849.83
45501,P14,22457,120450,0.61988515,24,185668,90,696.26
45501,P15,22463,280351,0.673140321,91,764472,90,756.07
45501,P16,22465,280351,0.723393914,91,821544,90,812.52
45501,P17,22466,280103,0.396412573,83,821240,90,890.50
45501,P18,22469,280480,0.704687029,85,1495064,90,1583.01
45501,P19,22473,280324,0.610475365,86,1310422,90,1371.37
45501,P20,22475,280166,0.70198985,12,210260,90,1576.95
45501,P20,22476,280244,0.82472166,38,782232,90,1852.65
45502,P09,22445,280478,0.734288194,48,439868,90,824.75
45502,P11,22448,280107,0.681891026,12,102120,90,765.90
45502,P11,22449,280264,0.798060897,60,597588,90,896.38
45502,P14,22459,120453,0.704945055,7,61584,90,791.79
45503,P12,22450,280164,0.576736111,12,86372,90,647.79
45503,P14,22460,120433,0.61858084,36,277916,90,694.79
45503,P20,22544,241287,0.714503205,36,642024,90,1605.06
45504,P09,22446,280421,0.492254274,12,73720,90,552.90
45504,P12,22451,120536,0.541698718,10,67604,90,608.44
45504,P13,22486,280318,0.446047009,36,200400,90,501.00
45504,P14,22461,120431,0.631623932,12,94592,90,709.44
45505,P09,22552,280421,0.751602564,4,37520,90,844.20
45505,P11,22553,280264,0.673761655,55,462470,90,756.77
45505,P14,22555,120431,0.477414075,70.5,420048,90,536.23
45505,P15,22464,280348,0.558668197,67,467136,90,627.50
45505,P16,22557,280351,0.735706085,67,615168,90,826.35
45505,P17,22558,280103,0.458299947,24,274540,90,1029.53
45505,P18,22559,280480,0.324123932,30,242704,90,728.11
45505,P19,22560,280324,0.505626781,72,908672,90,1135.84
45505,P20,22478,280169,0.631700721,64,1009104,90,1419.05
45506,P12,22554,120536,0.33349359,32,133184,90,374.58
45506,P13,22455,280244,0.451896368,36,203028,90,507.57
45506,P17,22467,280451,0.391025641,48,468480,90,878.40
45507,P11,22578,280362,0.604099893,12,90470,90,678.53
45507,P12,22452,280383,0.507238248,12,75964,90,569.73
45507,P13,22515,120464,0.645806624,36,290148,90,725.37
45507,P18,22470,280213,0.551221955,24,330204,90,1238.27
45508,P11,22511,280264,0.750537553,127,1189572,90,843.00
45508,P11,22512,280362,0.695283883,7,60740,90,780.94
45508,P12,22573,120431,0.5375,36,241488,90,603.72
45508,P14,22573,120431,0.472850679,8.5,50160,90,531.11
45508,P14,22581,280090,0.660416667,12,98904,90,741.78
45508,P15,22521,280104,0.672809829,24,201520,90,755.70
45508,P15,22579,280348,0.529246795,12,79260,90,594.45
45508,P16,22524,280351,0.818251534,163,1664520,90,919.06
45508,P17,22525,280391,0.33971855,64,542680,90,763.14
45508,P18,22527,280323,0.776883013,12,232692,90,1745.19
45508,P18,22528,280480,0.747719017,60,1119784,90,1679.68
45508,P19,22530,280324,0.607001202,64,969648,90,1363.57
45508,P20,22535,280318,0.615384615,24,368640,90,1382.40
45509,P09,22508,280452,0.731019631,32,291940,90,821.08
45509,P12,22514,280107,0.70083042,22,192420,90,787.17
45509,P13,22517,280351,0.677675585,115,972600,90,761.17
45509,P14,22518,120430,0.71593661,36,321656,90,804.14
45509,P14,120430,120430,0.53855057,36,241960,90,604.90
45509,P15,22522,280405,0.649919872,24,194664,90,729.99
45509,P20,22536,280103,0.607476636,107,1622400,90,1364.64
45510,P09,22510,280106,0.485243056,24,145340,90,545.03
45510,P12,22582,280256,0.701923077,31,271560,90,788.40
45510,P15,22523,280351,0.701979089,103,902352,90,788.46
45511,P09,22583,280344,0.551549145,24,165200,90,619.50
45511,P14,22519,120433,0.596407386,67,498692,90,669.88
45511,P17,22526,280166,0.420277507,79,828720,90,944.11
45511,P18,22529,280222,0.698170406,84,1463812,90,1568.37
45511,P19,22532,280213,0.580261752,24,347600,90,1303.50
45512,P09,22509,280103,0.681905594,55,468060,90,765.92
45512,P19,22533,280480,0.518975361,64,829032,90,1165.83
45512,P20,22537,280344,0.547750884,29,396484,90,1230.47
45514,P11,22633,280264,0.816065705,24,244428,90,916.61
45514,P13,22516,280450,0.264271255,19,62664,90,296.83
45514,P14,22520,120431,0.381143162,24,114160,90,428.10
45515,P09,22584,280103,0.83707265,12,125360,90,940.20
45515,P09,22585,280103,0.791933761,12,118600,90,889.50
45515,P09,22585,280451,0.789930556,24,236600,90,887.25
45515,P11,22588,280264,0.797554145,103,1025208,90,895.81
45515,P13,22634,280450,0.728766026,24,218280,90,818.55
45515,P14,22618,120431,0.672240028,72,604048,90,755.06
45515,P15,22599,280351,0.713327759,115,1023768,90,801.21
45515,P16,22601,280351,0.778610193,163,1583880,90,874.53
45515,P17,22602,280166,0.29735844,60,445324,90,667.99
45515,P18,22605,280212,0.656923077,40,655872,90,1475.71
45515,P19,22608,280480,0.695066106,160,2775816,90,1561.40
45515,P20,22609,280103,0.741861979,64,1185080,90,1666.52
45516,P13,22592,280246,0.669738248,36,300900,90,752.25
45517,P09,22586,280453,0.557255245,44,306000,90,625.91
45517,P13,22594,280256,0.691553067,79,681816,90,776.75
45517,P17,22603,280169,0.363608974,100,907568,90,816.81
45517,P18,22606,280480,0.663681891,24,397572,90,1490.90
45518,P14,22598,120430,0.6,55,411840,90,673.92
45518,P18,22607,280324,0.59413243,88,1305000,90,1334.66
45518,P20,22610,280105,0.661858974,60,991200,90,1486.80
45519,P09,22587,280166,0.630394547,71,558580,90,708.06
45519,P11,22589,241287,0.645094373,36,289828,90,724.57
45520,P15,22600,280348,0.658974359,36,296064,90,740.16
45520,P20,22611,280106,0.379384793,36,340900,90,852.25
45521,P11,22590,280365,0.581503739,24,174172,90,653.15
45521,P13,22593,280351,0.780208333,24,233688,90,876.33
45521,P14,22596,120536,0.512166132,24,153404,90,575.27
45521,P15,22651,120463,0.716100179,43,384288,90,804.32
45522,P09,22635,280166,0.831129808,24,248940,90,933.53
45522,P11,22640,280264,0.755693519,127,1197744,90,848.79
45522,P13,22641,280256,0.635416667,12,95160,90,713.70
45522,P13,22641,280351,0.764663462,24,229032,90,858.87
45522,P14,22643,120431,0.573624466,48,343624,90,644.30
45522,P14,22693,280384,0.548798077,12,82188,90,616.41
45522,P16,22655,280351,0.806718598,158,1590720,90,906.11
45522,P17,22688,280480,0.36379636,112,1017000,90,817.23
45522,P18,22659,280324,0.580849359,36,521928,90,1304.82
45522,P19,22661,280480,0.739044972,112,2066015,90,1660.19
45522,P20,22663,280344,0.542237071,59,798520,90,1218.08
45522,P20,22692,280106,0.63974359,5,79840,90,1437.12
45523,P09,22636,280104,0.731036325,24,218960,90,821.10
45523,P13,22642,280256,0.743761357,127,1178832,90,835.39
45523,P15,22652,280323,0.743269231,24,222624,90,834.84
45523,P18,22660,280222,0.626114687,124,1937850,90,1406.50
45524,P09,22637,280421,0.586941687,31,227076,90,659.25
45524,P15,22653,280212,0.688141026,24,206112,90,772.92
45525,P09,22638,280405,0.650724969,84,682168,90,730.89
45525,P14,22645,120531,0.661631944,24,198172,90,743.15
45525,P14,22648,120433,0.731463675,12,109544,90,821.58
45525,P15,22672,280351,0.67899221,79,669432,90,762.64
45525,P20,22664,280103,0.678077652,88,1489384,90,1523.23
45526,P14,22646,280090,0.53883547,12,80696,90,605.22
45527,P11,22639,241283,0.670138889,36,301080,90,752.70
45527,P14,22647,280164,0.693723291,12,103892,90,779.19
45527,P14,22671,120430,0.622725885,21,163204,90,699.45
45527,P17,22744,280324,0.48571047,48,581920,90,1091.10
45527,P19,22662,280213,0.625447382,48,749336,90,1405.01
45528,P14,22747,120450,0.285218703,34,121024,90,320.36
45529,P09,22727,280103,0.48675776,19,115420,90,546.73
45529,P11,22698,241283,0.769635628,19,182496,90,864.45
45529,P11,22711,280351,0.779807692,12,116784,90,875.88
45529,P13,22701,280256,0.716185897,24,214512,90,804.42
45529,P15,22710,280351,0.650460123,163,1323192,90,730.60
45529,P16,22711,280351,0.814594148,163,1657080,90,914.95
45529,P17,22712,280324,0.483282051,37.5,452352,90,1085.64
45529,P18,22715,280222,0.591145833,120,1770600,90,1327.95
45529,P19,22716,280480,0.651491334,152,2471706,90,1463.51
45529,P20,22717,241287,0.639022436,48,765600,90,1435.50
45530,P09,22696,280451,0.676865207,72,608204,90,760.26
45530,P11,22699,251200,0.730128205,12,109344,90,820.08
45530,P13,22702,280351,0.733434761,79,723108,90,823.79
45530,P14,22704,120451,0.756543803,12,113300,90,849.75
45530,P14,22705,120536,0.467321047,24,139972,90,524.90
45530,P18,22748,280324,0.684519231,40,683424,90,1537.70
45531,P11,22700,280264,0.756287625,115,1085424,90,849.46
45531,P14,22707,120437,0.636748252,55,437064,90,715.20
45531,P17,22713,280452,0.389556624,24,233360,90,875.10
45531,P20,22718,280318,0.593200549,7,103644,90,1332.57
45532,P09,22695,280478,0.75832855,67,634084,90,851.75
45532,P17,22714,280391,0.488842147,24,292836,90,1098.14
45533,P13,22703,280450,0.466626603,24,139764,90,524.12
45533,P17,22790,280324,0.571532914,52,741804,90,1283.89
45533,P20,22719,280246,0.347503803,59,511748,90,780.63
45534,P13,22813,280264,0.697394541,31,269808,90,783.31
45534,P14,22708,280245,0.671474359,36,301680,90,754.20
45535,P14,22709,280166,0.54420406,12,81500,90,611.25
45536,P09,22751,280451,0.765090812,12,114580,90,859.35
45536,P09,22752,280104,0.806423611,24,241540,90,905.78
45536,P11,22754,280264,0.788631938,79,777528,90,885.79
45536,P13,22758,280264,0.666201923,60,498852,90,748.28
45536,P14,22761,280166,0.661057692,48,396000,90,742.50
45536,P15,22769,280351,0.702525832,67,587424,90,789.08
45536,P16,22772,280351,0.806993007,110,1107840,90,906.41
45536,P18,22795,280222,0.612788462,40,611808,90,1376.57
45536,P19,22777,280480,0.620142228,48,742980,90,1393.09
45536,P20,22783,120436,0.402483974,48,482208,90,904.14
45537,P09,22792,280103,0.777844551,24,232980,90,873.68
45537,P09,22792,280104,0.769097222,12,115180,90,863.85
45538,P13,22759,280169,0.574632867,55,394428,90,645.43
45538,P14,22762,120430,0.801088253,43,429896,90,899.78
45538,P15,22770,280256,0.780311355,63,613512,90,876.45
45538,P17,22782,280323,0.074871795,1.25,2336,90,168.19
45538,P18,22796,280421,0.514857105,48,616840,90,1156.58
45538,P19,22778,280324,0.762119391,64,1217440,90,1712.03
45538,P20,22782,120448,0.666387363,35,582156,90,1496.97
45539,P11,22755,280365,0.700988248,24,209960,90,787.35
45539,P16,22794,280256,0.849839744,48,509088,90,954.54
45540,P09,22793,280166,0.725060096,48,434340,90,814.39
45540,P11,22757,280130,0.633867521,36,284784,90,711.96
45540,P14,22763,120534,0.492948718,10,61520,90,553.68
45540,P14,22764,120536,0.695806624,12,104204,90,781.53
45540,P18,22797,280105,0.727764423,24,435960,90,1634.85
45540,P20,22781,120464,0.747235577,48,895248,90,1678.59
45541,P13,22760,241283,0.718002137,36,322584,90,806.46
45541,P14,22765,120453,0.586204594,24,175580,90,658.43
45541,P18,22798,280166,0.572976763,40,572060,90,1287.14
45541,P19,22779,280323,0.763651008,48,914915,90,1715.47
45542,P09,22876,280103,0.824652778,12,123500,90,926.25
45542,P11,22756,280129,0.552817842,24,165580,90,620.93
45542,P13,22879,120437,0.639903846,12,95832,90,718.74
45542,P14,22766,120431,0.550053419,12,82376,90,617.82
45542,P14,22767,120437,0.606169872,12,90780,90,680.85
45542,P17,22872,280323,0.17991453,24,107776,90,404.16
45542,P20,22880,280105,0.624328926,64,997328,90,1402.49
45543,P09,22816,280103,0.618055556,12,92560,90,694.20
45543,P09,22817,280452,0.799145299,7.5,74800,90,897.60
45543,P11,22818,280362,0.55140857,19,130750,90,619.34
45543,P13,22824,120437,0.511458333,12,76596,90,574.47
45543,P13,22826,280351,0.70904333,79,699060,90,796.40
45543,P14,22828,120437,0.762026406,67,637176,90,855.91
45543,P15,22833,280351,0.597062294,163,1214568,90,670.62
45543,P16,22836,280351,0.798766026,120,1196232,90,897.17
45543,P17,22873,280323,0.223824786,48,268160,90,502.80
45543,P18,22839,280106,0.633727297,48,759256,90,1423.61
45543,P19,22841,280323,0.794651442,64,1269408,90,1785.11
45544,P11,22819,280264,0.773361204,115,1109928,90,868.64
45544,P12,22820,280379,0.619902482,64,447520,110,769.18
45545,P17,22837,280324,0.423985043,24,253984,90,952.44
45545,P18,22840,280480,0.583163061,112,1630244,90,1310.02
45545,P19,22842,280212,0.56136485,24,336280,90,1261.05
45545,P20,22844,280103,0.704799107,112,1970280,90,1583.26
45546,P14,22827,120436,0.432371795,12,64752,90,485.64
45546,P14,22829,120431,0.491359509,24,147172,90,551.90
45546,P17,22838,280480,0.504475867,85,1070296,90,1133.25
45546,P19,22843,280480,0.603867096,88,1326382,90,1356.53
45547,P12,22822,280376,0.618597321,36,251200,110,767.56
45547,P13,22825,280169,0.488862179,36,219636,90,549.09
45547,P14,2282,120431,0.632638889,12,94744,90,710.58
45548,P12,228822,280376,0.488416076,12,66112,110,606.03
45548,P13,22823,280425,0.531209936,24,159108,90,596.66
45548,P14,22830,280383,0.48265857,19,114448,90,542.12
45548,P16,22835,280256,0.729218362,31,282120,90,819.06
45549,P11,22884,280130,0.63513715,25.8,204504,90,713.39
45549,P11,22943,280130,0.613701923,12,91908,90,689.31
45549,P12,22821,280488,0.578812057,8,52232,110,718.19
45549,P12,22886,280378,0.432531607,23,112216,110,536.69
45549,P13,22890,280264,0.671611863,162,1357838,90,754.35
45549,P14,22831,280164,0.124265491,24,37220,90,139.58
45549,P16,22899,280351,0.724587069,163,1473984,90,813.86
45550,P12,22887,280377,0.718479117,36,291760,110,891.49
45550,P14,22891,120430,0.603652511,48,361612,90,678.02
45550,P15,22897,120436,0.649038462,55,445500,90,729.00
45550,P15,22924,280351,0.745673077,12,111672,90,837.54
45550,P16,22900,280352,0.000160256,12,24,90,0.18
45550,P17,22900,280480,0.218843483,24,131096,90,491.61
45550,P18,22903,280480,0.431413595,48,516868,90,969.13
45550,P19,22908,280480,0.687099359,12,205800,90,1543.50
45550,P19,22909,280213,0.767120726,12,229768,90,1723.26
45550,P20,22912,280103,0.70070446,48,839500,90,1574.06
45551,P09,22940,280421,0.632860195,42,331720,90,710.83
45551,P17,22901,120437,0.241701723,64,386104,90,542.96
45552,P12,22885,280376,0.696690307,12,94304,110,864.45
45552,P12,22888,280375,0.590691489,36,239868,110,732.93
45552,P14,22892,120431,0.608355695,43,326468,90,683.31
45552,P18,22905,280391,0.608930288,40,607956,90,1367.90
45552,P19,22911,280324,0.643254006,100,1605562,90,1445.01
45552,P20,22913,120464,0.767114656,110,2106190,90,1723.25
45553,P09,22941,280451,0.663060897,12,99300,90,744.75
45553,P09,22942,280517,0.595512821,36,267552,90,668.88
45553,P15,22896,280169,0.446520147,84,468096,90,501.53
45553,P15,22898,120437,0.611137821,12,91524,90,686.43
45554,P12,22889,280380,0.541321389,19,116016,110,671.67
45554,P14,22893,120433,0.399145299,48,239104,90,448.32
45554,P17,22902,120448,0.394690635,69,679752,90,886.63
45554,P18,22907,280166,0.639755832,72,1149718,90,1437.15
45555,P11,23005,280517,0.661538462,20,165120,90,743.04
45555,P12,23004,280244,0.504273504,36,226560,90,566.40
45556,P09,23007,280451,0.316326531,12.25,48360,90,355.30
45556,P12,23008,120437,0.642147436,24,192336,90,721.26
45556,P14,22894,280107,0.202604167,24,60684,90,227.57
45556,P19,23011,280222,0.285897436,12,85632,90,642.24
45557,P09,23013,280451,0.698317308,24,209160,90,784.35
45557,P12,22954,120451,0.518629808,24,155340,90,582.53
45557,P13,22959,280362,0.65344973,19,154946,90,733.95
45557,P14,23015,280107,0.732638889,36,329160,90,822.90
45557,P15,22967,280169,0.584294872,48,350016,90,656.28
45557,P16,22971,280351,0.80684285,163,1641312,90,906.25
45557,P17,22972,280169,0.427893861,52,555372,90,961.22
45557,P17,23010,120437,0.410243056,12,122876,90,921.57
45557,P18,22974,280166,0.663701923,20,331320,90,1490.94
45557,P19,23012,280323,0.689565527,36,619616,90,1549.04
45557,P20,22979,120464,0.640531517,12,191852,90,1438.89
45557,P20,22980,280103,0.760096154,76,1441872,90,1707.48
45558,P09,22949,280105,0.738047543,24,221060,90,828.98
45558,P12,22955,280090,0.659925558,31,255312,90,741.23
45558,P13,22960,280351,0.695941853,127,1103040,90,781.68
45558,P14,22961,280244,0.479187345,31,185388,90,538.22
45558,P18,22975,280323,0.753817016,44,827872,90,1693.37
45558,P19,22978,280324,0.709543011,124,2196064,90,1593.92
45559,P09,22951,280452,0.465811966,36,209280,90,523.20
45559,P15,22968,280348,0.631730769,24,189216,90,709.56
45560,P09,22952,280453,0.559497728,79,551620,90,628.43
45560,P12,22956,280164,0.511672009,12,76628,90,574.71
45560,P12,22988,280256,0.591437729,84,620016,90,664.30
45560,P14,22962,120430,0.462086004,72,415212,90,519.02
45560,P15,22969,280405,0.540785256,72,485928,90,607.41
45560,P17,22973,280318,0.517067308,24,309744,90,1161.54
45560,P18,22976,280222,0.657265261,88,1443670,90,1476.48
45561,P17,23017,120464,0.350638522,64,560124,90,787.67
45561,P18,23017,280212,0.737439904,24,441756,90,1656.59
45561,P20,22981,280421,0.632996127,48,758380,90,1421.96
45562,P20,23080,280344,0.746394231,12,223560,90,1676.70
45563,P13,23023,280351,0.408894231,24,122472,90,459.27
45563,P14,22963,120431,0.575026709,12,86116,90,645.87
45563,P14,22965,120536,0.498093792,19,118108,90,559.46
45563,P15,22970,280351,0.785416667,12,117624,90,882.18
45563,P20,23079,280105,0.785723825,12,235340,90,1765.05
45564,P09,23081,280104,0.620058761,12,92860,90,696.45
45564,P09,23081,280451,0.688034188,22.5,193200,90,772.80
45564,P12,23021,280256,0.739132379,43,396648,90,830.19
45564,P13,23024,241283,0.733547009,36,329568,90,823.92
45564,P14,23083,120536,0.430849359,24,129048,90,483.93
45564,P15,23032,280351,0.685863698,19,162632,90,770.36
45564,P16,23036,280351,0.741546474,48,444216,90,832.91
45564,P17,23084,120464,0.433653846,48,519552,90,974.16
45564,P18,23037,280222,0.776502404,48,930312,90,1744.34
45564,P19,23041,280324,0.775929487,40,774688,90,1743.05
45564,P20,23043,280105,0.746814904,40,745620,90,1677.65
45565,P14,23095,120430,0.719698184,48,431128,90,808.37
45565,P15,23033,280106,0.8046875,24,241020,90,903.83
45566,P12,23093,280256,0.737702228,84,773348,90,828.59
45566,P13,23025,120437,0.732478632,36,329088,90,822.72
45566,P13,23094,241283,0.754807692,12,113040,90,847.80
45566,P15,23034,280451,0.675597319,22,185492,90,758.83
45566,P15,23096,280106,0.24375,10,30420,90,273.78
45566,P16,23097,280351,0.84626587,103,1087824,90,950.53
45566,P17,23077,280169,0.361624569,16.75,151188,90,812.35
45566,P18,23086,280212,0.686909965,44,754392,90,1543.07
45566,P19,23042,280480,0.687315419,112,1921404,90,1543.99
45566,P20,23044,280103,0.670105502,24,401420,90,1505.33
45567,P11,23020,280169,0.718120421,84,752820,90,806.59
45567,P11,23075,251200,0.593429487,12,88872,90,666.54
45567,P14,23028,280164,0.674439103,12,101004,90,757.53
45567,P15,23035,120436,0.760881207,79,750168,90,854.62
45567,P20,23045,120464,0.679024831,87,1474516,90,1525.36
45568,P13,23026,120436,0.686449704,65,556848,90,771.02
45568,P14,23103,120532,0.573637821,24,171816,90,644.31
45568,P16,28097,280351,0.833173077,12,124776,90,935.82
45568,P18,23038,280405,0.593990385,64,948864,90,1334.34
45569,P12,23022,120436,0.814663462,8,81336,90,915.03
45569,P14,23029,120450,0.695647773,19,164952,90,781.35
45569,P17,23078,120436,0.494666466,32,395100,90,1111.22
45570,P12,23107,120436,0.690064103,24,206688,90,775.08
45570,P14,23030,280107,0.645806624,12,96716,90,725.37
45570,P14,23154,280107,0.624639423,24,187092,90,701.60
45571,P11,23104,280169,0.699004723,19,165748,90,785.12
45571,P12,23108,280256,0.733031924,151,1381384,90,823.34
45571,P13,23109,120436,0.722836538,12,108252,90,811.89
45571,P13,23110,280169,0.800801282,24,239856,90,899.46
45571,P14,23113,120436,0.466728989,36,209692,90,524.23
45571,P15,23117,120436,0.599439103,12,89772,90,673.29
45571,P15,23118,120436,0.620833333,12,92976,90,697.32
45571,P15,23118,120463,0.650507268,127,1031028,90,730.65
45571,P16,23120,280351,0.832004585,151,1567896,90,934.51
45571,P17,23121,280103,0.396514423,48,475056,90,890.73
45571,P18,23124,280324,0.653632175,88,1435690,90,1468.32
45571,P19,23127,280480,0.738437381,20.83,383926,90,1658.83
45571,P20,23128,120448,0.633028846,60,948024,90,1422.04
45572,P11,23105,280480,0.79362313,48,475412,90,891.40
45572,P13,23111,280256,0.643577649,53,425688,90,722.87
45573,P14,23114,120430,0.673922232,91,765360,90,756.95
45573,P17,23122,280105,0.566915064,100,1415020,90,1273.52
45573,P20,23129,241287,0.745209478,28,520812,90,1674.04
45574,P11,23106,280213,0.752841561,67,629496,90,845.59
45575,P13,23112,280351,0.615438034,72,553008,90,691.26
45575,P18,23125,280323,0.695566239,24,416672,90,1562.52
45575,P20,23130,280169,0.575170272,48,689100,90,1292.06
45576,P18,23126,280166,0.539779202,36,485024,90,1212.56
45576,P18,23126,280323,0.484308226,12,145060,90,1087.95
45577,P11,23161,280365,0.636798878,48,381468,90,715.25
45577,P11,23215,280365,0.088942308,12,13320,90,99.90
45577,P14,23116,280384,0.714436432,24,213988,90,802.46
45577,P15,23173,280344,0.769022436,60,575844,90,863.77
45577,P16,23176,280351,0.799219457,170,1695624,90,897.68
45577,P17,23216,280421,0.571848291,12,171280,90,1284.60
45577,P20,23131,280105,0.714610043,24,428080,90,1605.30
45578,P12,23162,280256,0.790729471,79,779596,90,888.15
45578,P13,23165,280351,0.745800876,158,1470600,90,837.68
45578,P14,23170,120433,0.637571225,36,286448,90,716.12
45578,P17,23179,280324,0.60789627,88,1335232,90,1365.58
45578,P17,23179,280421,0.371901709,12,111392,90,835.44
45578,P18,23180,280166,0.421324119,16,168260,90,946.46
45578,P20,23186,120437,0.617387821,12,184920,90,1386.90
45578,P20,23217,280105,0.76474359,12,229056,90,1717.92
45579,P11,23160,280435,0.801864802,16.5,165120,90,900.65
45579,P14,23166,280164,0.698869771,19,165716,90,784.97
45579,P18,23181,280480,0.832676727,36,748210,90,1870.53
45579,P20,23184,280318,0.718329327,24,430308,90,1613.66
45580,P09,23157,280104,0.577733786,34,245144,90,648.91
45580,P11,23223,280169,0.680033937,17,144276,90,763.81
45580,P14,23167,280401,0.635176282,12,95124,90,713.43
45580,P15,23174,280348,0.816704937,67,682896,90,917.32
45580,P18,23182,280212,0.640334535,48,767172,90,1438.45
45580,P20,23185,241287,0.705823067,64,1127510,90,1585.56
45581,P12,23163,280107,0.596992521,60,447028,90,670.54
45581,P14,23168,280404,0.552029915,12,82672,90,620.04
45581,P14,23169,120453,0.639877137,24,191656,90,718.71
45582,P09,23158,280478,0.661511752,60,495340,90,743.01
45582,P14,23171,120431,0.641559829,24,192160,90,720.60
45582,P17,23178,280103,0.455611737,58,659580,90,1023.49
45582,P18,23183,280222,0.654081633,49,799968,90,1469.33
45583,P14,23172,120436,0.769416873,31,297672,90,864.21
45583,P15,23175,280351,0.571554487,48,342384,90,641.97
45583,P20,23187,120448,0.639808694,48,766542,90,1437.27
45584,P09,23271,280451,0.834401709,12,124960,90,937.20
45584,P12,23164,120448,0.855288462,12,128088,90,960.66
45584,P12,23229,120436,0.824162531,31,318852,90,925.70
45585,P09,23226,280451,0.653251654,31,252730,90,733.73
45585,P13,23231,280351,0.739903846,12,110808,90,831.06
45585,P13,23278,280351,0.684020476,139,1186584,90,768.29
45585,P14,23232,120436,0.717229233,96,859298,90,805.59
45585,P15,23235,280351,0.708461538,55,486288,90,795.74
45585,P16,23239,280351,0.799020765,163,1625400,90,897.46
45585,P17,23274,280103,0.574919872,18,258300,90,1291.50
45585,P18,23243,280222,0.727544071,88,1598036,90,1634.36
45585,P20,23245,280169,0.702229021,22,385608,90,1577.49
45586,P09,23225,280478,0.86025641,12,128832,90,966.24
45586,P12,23230,280256,0.771995481,139,1339196,90,867.11
45586,P17,23240,280323,0.643269231,12,192672,90,1445.04
45586,P17,23240,280324,0.654476496,60,980144,90,1470.22
45586,P20,23246,280344,0.748773796,66,1233500,90,1682.05
45587,P09,23227,280453,0.665341213,48,398566,90,747.31
45587,P15,23236,120463,0.606463675,48,363296,90,681.18
45589,P09,23254,120464,0.703611749,67,588332,90,790.30
45589,P14,23233,280362,0.57882085,19,137250,90,650.13
45589,P15,23237,120436,0.676003344,23,194040,90,759.29
45589,P17,23241,280323,0.678926282,48,813408,90,1525.14
45589,P18,23244,280480,0.729384793,72,1310792,90,1638.49
45589,P20,23247,280103,0.731244992,64,1168120,90,1642.67
45590,P13,23218,280351,0.475,12,71136,90,533.52
45590,P14,23234,120536,0.574205395,48,343972,90,644.95
45590,P15,23238,241283,0.737590144,32,294564,90,828.46
45592,P09,23281,120464,0.80532023,22.7,228144,90,904.54
45592,P12,23285,280256,0.822471119,91,934064,90,923.80
45592,P13,23332,280351,0.610016026,24,182712,90,685.17
45592,P14,23291,120536,0.694898504,48,416272,90,780.51
45592,P15,23297,120464,0.759415064,24,227460,90,852.98
45592,P16,23299,280351,0.744301994,108,1003200,90,836.00
45592,P17,23300,280480,0.451949786,24,270736,90,1015.26
45592,P17,23331,280323,0.652350427,12,195392,90,1465.44
45592,P18,23303,280480,0.778245192,12,233100,90,1748.25
45592,P18,23304,280324,0.698834135,40,697716,90,1569.86
45592,P20,23308,280103,0.813301282,12,243600,90,1827.00
45592,P20,23309,120464,0.750416352,102,1910500,90,1685.74
45593,P11,23282,280318,0.778002699,57,553440,90,873.85
45593,P13,23290,280264,0.707919188,89,786300,90,795.13
45593,P15,23298,280351,0.764010989,91,867672,90,858.14
45593,P17,23301,280222,0.601368343,52,780528,90,1350.91
45594,P14,23292,280090,0.714823718,12,107052,90,802.89
45594,P14,23293,120532,1.095054945,7,95664,90,1229.97
45594,P18,23305,280421,0.792140759,12,237262,90,1779.47
45594,P21,23310,280324,0.470025304,95,1114524,90,1055.86
45595,P11,23283,120464,0.801762821,12,120072,90,900.54
45595,P14,23295,120451,0.61943109,24,185532,90,695.75
45595,P18,23306,280452,0.629507212,24,377100,90,1414.13
45596,P11,23375,120448,0.719110577,24,215388,90,807.71
45596,P12,23286,280107,0.560616987,24,167916,90,629.69
45596,P14,23294,120431,0.570886752,12,85496,90,641.22
45596,P14,23396,280166,0.646233974,12,96780,90,725.85
45596,P17,23302,280324,0.577617521,24,346016,90,1297.56
45596,P18,23397,280103,0.628973024,24,376780,90,1412.93
45597,P11,23394,120436,0.651533883,42,341508,90,731.80
45597,P12,23384,120436,0.693229984,49,423924,90,778.64
45597,P13,23385,280264,0.528316327,49,323076,90,593.40
45597,P14,23386,280166,0.714154893,49,436720,90,802.14
45597,P15,23387,280351,0.750418629,49,458896,90,842.87
45597,P16,23388,280351,0.678996599,49,415220,90,762.65
45597,P17,23389,280324,0.481164966,49,588484,90,1080.89
45597,P18,23390,280103,0.722476893,43,775420,90,1622.97
45597,P20,23391,120464,0.7273368,49,889562,90,1633.89
45599,P11,23417,280130,0.635777244,24,190428,90,714.11
45599,P12,23338,120448,0.752724359,12,112728,90,845.46
45599,P12,23339,120436,0.816987179,24,244704,90,917.64
45599,P13,23341,280264,0.668512908,146,1218084,90,750.87
45599,P13,23341,280351,0.686217949,12,102768,90,770.76
45599,P14,23342,280166,0.596501068,12,89332,90,669.99
45599,P14,23343,120531,0.596546733,31,230792,90,670.04
45599,P15,23349,280351,0.772852761,163,1572168,90,868.07
45599,P16,23350,280351,0.636599318,158,1255272,90,715.03
45599,P17,23351,280324,0.659909188,12,197656,90,1482.42
45599,P17,23352,280480,0.430769231,52,559104,90,967.68
45599,P18,23354,280103,0.643993868,69,1109112,90,1446.67
45599,P20,23350,280323,0.730395299,24,437536,90,1640.76
45599,P20,23360,280169,0.757642228,48,907716,90,1701.97
45599,P21,23364,280324,0.450122863,60,674104,90,1011.16
45600,P11,23334,280129,0.492307692,12,73728,90,552.96
45600,P11,23335,280405,0.725641026,48,434688,90,815.04
45600,P12,23340,280256,0.676220736,115,970512,90,759.53
45600,P18,23356,280452,0.470152244,48,563280,90,1056.15
45601,P14,23344,280383,0.632816952,36,284312,90,710.78
45601,P20,23361,120448,0.932692308,16,372480,90,2095.20
45602,P11,23336,280212,0.591604478,67,494676,90,664.49
45602,P14,23345,280384,0.508894231,24,152424,90,571.59
45602,P17,23353,280222,0.654031906,88,1436568,90,1469.22
45602,P18,23357,280344,0.427624199,40,426940,90,960.62
45602,P20,23363,280166,0.685441707,96,1642428,90,1539.78
45602,P21,23365,280480,0.410033326,88,900630,90,921.10
45603,P12,23346,280256,0.598237179,12,89592,90,671.94
45603,P14,23346,120534,0.619244124,24,185476,90,695.54
45604,P14,23347,120536,0.593376068,12,88864,90,666.48
45605,P11,2336,280212,0.414102564,12,62016,90,465.12
45605,P14,23481,280090,0.530195682,19,125720,90,595.52
45606,P11,23427,280169,0.668333333,60,500448,90,750.67
45606,P12,23429,280256,0.665665064,24,199380,90,747.68
45606,P13,23486,280013,0.278044872,12,41640,90,312.30
45606,P13,23486,280351,0.570419443,127,904092,90,640.70
45606,P14,23434,280090,0.494898504,12,74116,90,555.87
45606,P14,23485,120431,0.605889423,24,181476,90,680.54
45606,P15,23441,280351,0.735556245,31,284572,90,826.18
45606,P16,23442,280351,0.661431624,24,198112,90,742.92
45606,P17,23443,280222,0.644004525,17,273264,90,1446.69
45606,P18,23484,280454,0.632091346,48,757296,90,1419.93
45606,P20,23451,280103,0.793529647,40,792260,90,1782.59
45606,P21,23454,280480,0.363558925,130,1179676,90,816.70
45607,P09,23421,280104,0.602630876,48,361000,90,676.88
45607,P11,23440,280212,0.637019231,12,95400,90,715.50
45607,P12,23430,120448,0.661684518,79,652368,90,743.20
45607,P13,23433,280351,0.654567308,24,196056,90,735.21
45607,P14,23435,280164,0.64849537,36,291356,90,728.39
45607,P15,23440,120463,0.790881234,91,898188,90,888.32
45607,P16,23479,280323,0.770390611,139,1336412,90,865.30
45608,P11,23428,241287,0.756942721,31,292846,90,850.20
45608,P18,23444,280222,0.571198918,64,912456,90,1283.14
45608,P20,23452,280421,0.836204594,12,250460,90,1878.45
45608,P20,23453,280453,0.596821581,24,357520,90,1340.70
45608,P20,23453,280454,0.661925748,12,198260,90,1486.95
45609,P09,23422,280391,0.697026353,36,313160,90,782.90
45609,P14,23437,120450,0.583767577,31,225848,90,655.69
45610,P09,23423,280451,0.557999466,24,167132,90,626.75
45610,P11,23461,280365,0.512419872,48,306960,90,575.55
45610,P12,23431,120437,0.688894231,60,515844,90,773.77
45610,P14,23438,120430,0.523780271,36,235324,90,588.31
45610,P20,23488,280451,0.717681624,24,429920,90,1612.20
45610,P21,23545,280480,0.34989984,16,139736,90,786.02
45611,P09,23420,120464,0.657692308,31,254448,90,738.72
45611,P15,23544,280348,0.723183761,36,324912,90,812.28
45611,P18,23445,280213,0.661672009,12,198184,90,1486.38
45611,P18,23446,280324,0.725247062,36,651678,90,1629.20
45611,P20,23448,280451,0.590745192,40,589800,90,1327.05
45612,P11,23462,280362,0.762529138,22,209360,90,856.47
45612,P14,23439,120436,0.615344551,24,184308,90,691.16
45613,P09,23491,120464,0.810122863,36,363972,90,909.93
45613,P11,23494,241283,0.673368298,33,277320,90,756.33
45613,P12,23497,120437,0.807164882,79,795800,90,906.61
45613,P12,23497,120444,0.488461538,12,73152,90,548.64
45613,P13,23501,280013,0.756730769,12,113328,90,849.96
45613,P13,23501,280351,0.694211012,146,1264908,90,779.74
45613,P14,23502,120436,0.742494658,48,444784,90,833.97
45613,P15,23507,280348,0.796474359,84,834960,90,894.60
45613,P16,23059,280323,0.733760684,12,109888,90,824.16
45613,P16,23509,280323,0.89851552,19,213056,90,1009.21
45613,P18,23510,280324,0.763469973,152,2896544,90,1715.06
45613,P20,23516,280105,0.730435363,24,437560,90,1640.85
45613,P21,23519,280480,0.579636509,88,1273160,90,1302.10
45614,P09,23492,280318,0.747175481,48,447588,90,839.23
45614,P11,23496,280169,0.777831197,36,349464,90,873.66
45614,P16,23543,280454,0.776762821,12,116328,90,872.46
45614,P20,23550,280323,0.687004207,48,823086,90,1543.29
45615,P14,23503,120430,0.671754079,55,461092,90,754.51
45615,P16,23548,280454,0.554775641,60,415416,90,623.12
45616,P09,23489,280478,0.659758772,19,156442,90,741.04
45616,P11,23495,241287,0.800400641,12,119868,90,899.01
45616,P11,241287,241287,0.847195513,12,126876,90,951.57
45617,P09,23490,280103,0.58082265,24,173968,90,652.38
45617,P11,23493,280130,0.64972028,55,445968,90,729.77
45617,P12,23500,280256,0.729780983,72,655752,90,819.69
45617,P14,23504,120431,0.655893875,36,294680,90,736.70
45617,P15,23527,280104,0.592532051,50,369740,90,665.53
45617,P16,23549,280222,0.715384615,36,321408,90,803.52
45617,P20,23551,280324,0.729827724,64,1165856,90,1639.49
45617,P21,23520,280324,0.728113871,72,1308508,90,1635.64
45618,P09,23631,280324,0.392307692,36,176256,90,440.64
45619,P11,23647,280264,0.644391026,12,96504,90,723.78
45619,P14,23505,120434,0.526736111,24,157768,90,591.63
45619,P16,23560,280323,0.739117086,77.25,712568,90,830.18
45620,P09,23651,280324,0.745801911,51,474688,90,837.68
45620,P11,23554,280264,0.747053634,54.5,508116,90,839.09
45620,P12,23555,280256,0.766730769,50,478440,90,861.19
45620,P12,23651,280376,0.405437352,12,54880,110,503.07
45620,P13,23556,280264,0.710520362,51,452232,90,798.06
45620,P14,23649,120434,0.617227564,12,92436,90,693.27
45620,P14,23650,120536,0.790705128,7,69076,90,888.12
45620,P15,23559,280348,0.810866373,56.75,574288,90,910.77
45620,P18,23630,280344,0.608673878,24,364620,90,1367.33
45620,P20,23644,280324,0.736752137,24,441344,90,1655.04
45620,P21,23563,280480,0.744915733,40.85,759528,90,1673.38
45621,P14,23558,120437,0.779402416,30.25,294240,90,875.42
45621,P18,23652,280480,0.77869391,20,388724,90,1749.26
45621,P19,23653,280222,0.308453526,8,61592,90,692.91
45621,P20,23645,280323,0.768110321,29.75,570368,90,1725.48
45627,P09,23632,280264,0.636536283,144.18,1145362,90,714.96
45627,P11,23655,280212,0.589181275,48.62,357502,90,661.77
45627,P12,23634,280378,0.515650829,18.62,108304,110,639.82
45627,P13,23635,280264,0.549527186,122.48,839980,90,617.23
45627,P14,23582,280107,0.725860825,38.03,344504,90,815.29
45627,P15,23590,280348,0.519516786,33.17,215060,90,583.52
45627,P16,23592,280351,0.783464069,152,1486200,90,879.99
45627,P18,23639,280213,0.400344794,66,659512,90,899.33
45627,P20,23641,280324,0.609063054,79.5,1208576,90,1368.20
45628,P12,23576,280380,0.621355398,36,252320,110,770.98
45628,P19,23657,280405,0.194871795,6,29184,90,437.76
45629,P11,23595,280405,0.695595916,108,937552,90,781.29
45629,P14,23585,120531,0.581957799,24,174308,90,653.66
45629,P15,23636,280351,0.642516181,103,825916,90,721.67
45630,P12,23661,280376,0.433983452,24,117488,110,538.49
45630,P14,23584,120532,0.597916667,12,89544,90,671.58
45630,P14,23586,120536,0.597809829,24,179056,90,671.46
45630,P18,23658,280222,0.511135317,64,816508,90,1148.21
45630,P19,23659,280480,0.301556204,70,526879,90,677.42
45631,P12,23663,280375,0.519761444,22,128984,110,644.92
45631,P12,23705,280488,0.678881009,9,68920,110,842.36
45631,P14,23587,280090,0.657077991,12,98404,90,738.03
45631,P20,23642,280323,0.619451122,64,989536,90,1391.54
45632,P12,23709,280377,0.491903073,12,66584,110,610.35
45632,P13,23581,280351,0.633440171,36,284592,90,711.48
45632,P14,23588,280384,0.63707265,12,95408,90,715.56
45632,P14,23589,280164,0.530913978,31,205400,90,596.32
45633,P09,23724,120448,0.775480769,12,116136,90,871.02
45633,P12,23578,280379,0.642405437,24,173912,110,797.10
45633,P15,23637,280166,0.692975427,12,103780,90,778.35
45633,P18,23688,280344,0.673434638,112,1882600,90,1512.80
45634,P09,23666,120448,0.413327991,12,61900,90,464.25
45634,P09,23667,251200,0.673504274,24,201728,90,756.48
45634,P11,23728,280212,0.692198839,53,457848,90,777.48
45634,P12,23729,280379,0.417169031,24,112936,110,517.62
45634,P13,23674,280351,0.5787146,67,483898,90,650.01
45634,P14,23677,120450,0.565411325,60,423380,90,635.07
45634,P14,23727,120451,0.627644231,12,93996,90,704.97
45634,P15,23685,280453,0.624038462,31,241428,90,700.92
45634,P16,23687,280351,0.832302973,163,1693104,90,934.84
45634,P19,23691,280480,0.458692089,88,1007508,90,1030.41
45634,P20,23694,280324,0.738942308,48,885312,90,1659.96
45635,P09,23665,280264,0.714656784,24,214054,90,802.70
45635,P12,23672,280426,0.507180851,8,45768,110,629.31
45635,P15,23686,280348,0.76975828,96,922232,90,864.59
45636,P09,23668,280478,0.71919289,55,493654,90,807.80
45636,P11,23737,280222,0.814499389,42,426928,90,914.85
45636,P12,23673,280256,0.641860917,99,793032,90,720.94
45636,P20,23695,280480,0.771814904,40,770580,90,1733.81
45637,P13,23675,280365,0.591680021,12,88610,90,664.58
45637,P13,23676,280264,0.698096467,82,714404,90,784.10
45637,P14,23678,280383,0.681196581,12,102016,90,765.12
45637,P14,23680,120430,0.453325321,12,67890,90,509.18
45638,P14,23679,120534,0.712371795,10,88904,90,800.14
45638,P14,23681,120453,0.571697747,33,235448,90,642.13
45638,P17,23786,280222,0.411274814,62,636456,90,923.89
45638,P18,23689,280421,0.397836538,24,238320,90,893.70
45638,P19,23693,280222,0.70511396,67.5,1187976,90,1583.97
45638,P20,23696,120464,0.698556023,72,1255389,90,1569.24
45639,P09,23662,241287,0.727190171,36,326712,90,816.78
45639,P15,23790,280351,0.673931624,36,302784,90,756.96
45639,P18,23690,280103,0.629941239,48,754720,90,1415.10
45640,P09,23791,280421,0.779113248,12,116680,90,875.10
45640,P14,23682,120448,0.647956731,24,194076,90,727.79
45641,P09,23755,280421,0.804086538,24,240840,90,903.15
45641,P12,23760,280256,0.729294249,103,937464,90,819.14
45641,P13,23762,280264,0.651660839,55,447300,90,731.95
45641,P14,23765,120431,0.600133547,12,89876,90,674.07
45641,P14,23765,280107,0.672355769,12,100692,90,755.19
45641,P14,23865,280107,0.813782051,12,121872,90,914.04
45641,P15,23770,280351,0.742067799,163,1509544,90,833.49
45641,P16,23771,280351,0.786807937,157,1541640,90,883.74
45641,P17,23772,280222,0.636418269,40,635400,90,1429.65
45641,P18,23755,280344,0.71111278,64,1135960,90,1597.44
45641,P18,23774,280103,0.682779948,64,1090700,90,1533.80
45641,P19,23776,280480,0.683840727,156.5,2671246,90,1536.18
45641,P20,23777,120464,0.560616987,12,167916,90,1259.37
45641,P20,23778,280169,0.777339127,52,1008924,90,1746.21
45641,P20,23865,120464,0.172686298,96,413784,90,387.92
45642,P09,23756,280452,0.719599845,33,296360,90,808.25
45642,P09,23759,280103,0.724839744,10,90460,90,814.14
45642,P14,23766,280362,0.623744658,24,186824,90,700.59
45643,P13,23763,280318,0.682505342,36,306636,90,766.59
45643,P14,23767,120437,0.721109123,43,386976,90,809.95
45643,P17,23773,280405,0.571664663,24,342450,90,1284.19
45644,P09,23757,280493,0.679531695,36,305300,90,763.25
45644,P17,23793,280480,0.623627804,112,1743364,90,1400.92
45644,P18,23775,280344,0.623430823,24,373460,90,1400.48
45644,P20,23779,280166,0.754044653,88,1656244,90,1693.89
45645,P09,23758,280106,0.860176282,12,128820,90,966.15
45645,P12,23761,120437,0.53986014,55,370560,90,606.37
45645,P13,23764,280351,0.563920781,67,471528,90,633.40
45645,P14,23768,120431,0.730405983,60,546928,90,820.39
45646,P09,23879,280493,0.751936432,24,225220,90,844.58
45647,P09,23882,280166,0.833248988,19,197580,90,935.91
45648,P09,23885,280166,0.838074252,24,251020,90,941.33
45648,P12,23795,280256,0.757211538,12,113400,90,850.50
45648,P12,23886,120437,0.606009615,12,90756,90,680.67
45648,P13,23796,280264,0.625698454,16.52,129000,90,702.78
45648,P14,23797,120437,0.764912483,6.68,63768,90,859.15
45648,P14,23883,120536,0.372298535,7,32524,90,418.17
45648,P15,23798,280351,0.831347468,21.95,227736,90,933.77
45648,P16,23799,280351,0.811458333,24,243048,90,911.43
45648,P18,23801,280344,0.789601671,20.1,396140,90,1773.76
45648,P19,23802,280480,0.706777511,24,423388,90,1587.71
45648,P20,23881,280103,0.645299145,24,386560,90,1449.60
45659,P09,23838,280166,0.647054335,21,169580,90,726.77
45659,P11,23840,280212,0.613341346,16,122472,90,688.91
45659,P12,23616,280256,0.097435897,3,3648,90,109.44
45659,P12,23816,280256,0.514369658,36,231096,90,577.74
45659,P13,23819,280264,0.020843195,65,16908,90,23.41
45659,P15,23820,280351,0.634212159,62,490728,90,712.35
45659,P16,23821,280351,0.737234748,58,533640,90,828.06
45659,P17,23822,280480,0.58465838,41,598316,90,1313.38
45659,P18,23816,280104,0.791466346,12,237060,90,1777.95
45659,P18,23824,280105,0.507708886,58,735000,90,1140.52
45659,P19,23825,280480,0.561105769,40,560208,90,1260.47
45659,P20,23827,280103,0.299226998,42.5,317420,90,672.18
45660,P09,23839,280451,0.743440668,43,398960,90,835.03
45660,P11,23841,280264,0.634615385,24,190080,90,712.80
45661,P11,23834,280264,0.768554522,91,872832,90,863.24
45661,P12,23817,280107,0.337980769,12,50616,90,379.62
45661,P12,23836,280164,0.491568732,36,220852,90,552.13
45661,P17,23823,280103,0.47008547,24,281600,90,1056.00
45661,P19,23888,280213,0.626241987,24,375144,90,1406.79
45661,P20,23828,120464,0.019350962,24,11592,90,43.47
45662,P09,23831,280391,0.630519943,36,283280,90,708.20
45662,P13,23890,280264,0.495608496,67,414408,90,556.67
45662,P15,23854,280351,0.782845682,163,1592496,90,879.29
45662,P16,23855,280351,0.805915287,158,1589136,90,905.20
45662,P17,23856,280103,0.630503806,160,2517980,90,1416.36
45662,P18,23858,280105,0.607271635,72,1091340,90,1364.18
45662,P19,23864,280480,0.771990184,64,1233208,90,1734.20
45663,P09,23832,280106,0.787604353,43,422660,90,884.64
45663,P12,23837,120451,0.697569444,12,104468,90,783.51
45663,P12,23848,120536,0.737162618,19,174796,90,827.98
45664,P12,23850,280107,0.746153846,24,223488,90,838.08
45665,P09,23830,280453,0.793714387,36,356600,90,891.50
45665,P11,23835,280318,0.825020458,47,483924,90,926.66
45665,P12,23851,280256,0.739118199,82,756384,90,830.18
45665,P13,23853,280351,0.706430288,96,846360,90,793.46
45665,P18,23860,280166,0.689035791,12,206380,90,1547.85
45665,P19,23892,280324,0.723450855,24,433376,90,1625.16
45666,P18,23861,280104,0.653483073,64,1043900,90,1467.98
45666,P19,23862,280222,0.695277444,64,1110664,90,1561.87
45666,P20,23867,280169,0.67609286,72,1215020,90,1518.78
45667,P09,23833,280166,0.843783387,48,505460,90,947.74
45667,P11,23944,251200,0.76484375,32,305448,90,859.07
45669,P09,23894,280391,0.675309066,28,235980,90,758.51
45669,P09,23949,280166,0.649706197,12,97300,90,729.75
45669,P11,23900,120448,0.510536859,24,152916,90,573.44
45669,P12,23904,280256,0.698779586,104,906960,90,784.87
45669,P12,23947,120534,0.524252137,9,58884,90,588.84
45669,P13,23908,280351,0.680809802,158,1342448,90,764.69
45669,P15,23909,280351,0.713190992,131.5,1170432,90,801.06
45669,P16,23911,280351,0.631972629,163,1285584,90,709.83
45669,P17,23914,280166,0.722856571,40,721700,90,1623.83
45669,P18,23916,280344,0.660021489,88,1449724,90,1482.67
45669,P19,23918,280480,0.728158387,72,1308588,90,1635.74
45669,P20,23920,120464,0.713112981,40,711972,90,1601.94
45670,P11,23902,241283,0.774499199,48,463956,90,869.92
45671,P09,23896,280452,0.849492521,24,254440,90,954.15
45671,P17,23915,280105,0.712156593,70,1244280,90,1599.79
45671,P20,23922,120437,0.746418618,69,1285512,90,1676.75
45672,P09,23895,280451,0.738960114,36,332000,90,830.00
45672,P11,23901,120464,0.683676208,43,366888,90,767.91
45672,P19,23919,280324,0.613934089,78,1195256,90,1379.14
45673,P09,23897,280421,0.803619124,24,240700,90,902.63
45673,P09,23897,280451,0.689102564,12,103200,90,774.00
45674,P11,23903,280129,0.576682692,12,86364,90,647.73
45674,P11,23995,280130,0.632825855,36,284316,90,710.79
45674,P12,23905,120436,0.537793803,36,241620,90,604.05
45674,P17,23996,280105,0.4453125,16,177840,90,1000.35
45674,P17,23996,280166,0.422642895,24,253180,90,949.43
45674,P18,23917,280212,0.619010417,48,741624,90,1390.55
45674,P20,23921,280169,0.621679338,43,667236,90,1396.54
45675,P09,23898,280493,0.668775304,19,158580,90,751.17
45675,P12,23906,120531,0.336725427,12,50428,90,378.21
45675,P15,23963,280351,0.534551707,151,1007352,90,600.41
45676,P09,23951,280453,0.849425748,24,254420,90,954.08
45676,P11,23953,280130,0.626041667,24,187512,90,703.17
45676,P12,23998,120531,0.567628205,24,170016,90,637.56
45676,P13,23961,280351,0.60745003,127,962784,90,682.29
45676,P16,23965,280351,0.554200094,163,1127376,90,622.48
45676,P17,23966,280166,0.669553103,88,1470660,90,1504.08
45676,P18,23968,280212,0.663468823,88,1457296,90,1490.42
45676,P19,23971,280480,0.703795262,148,2599876,90,1581.01
45676,P19,23997,280324,0.36025641,12,107904,90,809.28
45676,P20,23972,120448,0.629023669,48.75,765396,90,1413.04
45677,P09,23952,120464,0.72596911,127,1150632,90,815.41
45677,P11,23954,280264,0.659655449,24,197580,90,740.93
45677,P12,23958,120430,0.63035604,41.5,326474,90,708.02
45678,P11,23955,280318,0.504651163,43,270816,90,566.82
45679,P12,23959,120450,0.604807692,24,181152,90,679.32
45680,P09,235952,120464,0.839503205,12,125724,90,942.93
45680,P11,23956,120436,0.771570034,67,645156,90,866.63
45680,P12,23960,280256,0.732948718,60,548832,90,823.25
45680,P17,23967,280103,0.655003561,72,1177120,90,1471.40
45680,P18,23970,280344,0.771889569,66,1271580,90,1733.97
45681,P13,23962,280256,0.666666667,36,299520,90,748.80
45682,P15,23964,280348,0.004945055,7,432,90,5.55
45682,P15,24010,280348,0.577820513,60,432672,90,649.01
45683,P09,23999,120464,0.801524864,99,990300,90,900.27
45683,P11,24000,120436,0.830422009,72,746184,90,932.73
45683,P12,24002,280256,0.65326417,76,619608,90,733.75
45683,P13,24007,280256,0.737259615,24,220824,90,828.09
45683,P16,24014,280351,0.546203704,135,920244,90,613.50
45683,P17,24017,280324,0.707840653,148,2614820,90,1590.09
45683,P17,24030,280421,1.008814103,4,100720,90,2266.20
45683,P18,24018,280344,0.575539044,22,316040,90,1292.89
45683,P19,24021,280480,0.713566707,64,1139880,90,1602.96
45684,P13,24008,280351,0.616871795,100,769856,90,692.87
45684,P18,24031,280105,0.726629274,24,435280,90,1632.30
45685,P15,24011,120448,0.681187291,23,195528,90,765.11
45685,P18,24019,280166,0.724394746,112,2025060,90,1627.28
45686,P11,24001,120464,0.751054591,31,290568,90,843.58
45686,P12,24003,120430,0.555448718,12,83184,90,623.88
45686,P15,24029,120464,0.605961538,20,151248,90,680.62
45686,P19,24032,280324,0.602673444,48,722051,90,1353.85
45687,P09,24102,241283,0.678846154,36,304992,90,762.48
45687,P11,24101,280169,0.700080128,24,209688,90,786.33
45687,P12,24004,120532,0.607852564,24,182064,90,682.74
45687,P15,24012,280107,0.574879808,48,344376,90,645.71
45688,P11,24116,120437,0.506410256,12,75840,90,568.80
45688,P12,24005,120437,0.665958165,19,157912,90,748.00
45688,P13,24118,280362,0.464610043,12,69580,90,521.85
45689,P09,24119,241283,0.566548583,19,134340,90,636.35
45689,P11,24121,120436,0.829206731,24,248364,90,931.37
45689,P12,24056,280256,0.7797598,87,846632,90,875.83
45689,P12,24122,120437,0.581570513,12,87096,90,653.22
45689,P13,24009,280362,0.501869658,24,150320,90,563.70
45689,P15,24135,280348,0.782692308,24,234432,90,879.12
45689,P16,24124,280351,0.688301282,24,206160,90,773.10
45689,P19,24127,280324,0.348644498,24,208852,90,783.20
45690,P09,24050,280493,0.738539239,16.5,152080,90,829.53
45690,P11,24055,120448,0.860931174,19,204144,90,967.00
45690,P13,24060,280365,0.510480769,45,286686,90,573.37
45690,P13,24138,280362,0.650373932,6,48700,90,730.50
45690,P14,24063,120436,0.599740862,70.5,527676,90,673.63
45690,P15,24072,280348,0.755835544,29,273552,90,848.95
45690,P16,24075,280351,0.6728223,143.5,1204944,90,755.71
45690,P17,24076,280212,0.614823718,24,368304,90,1381.14
45690,P18,24078,280166,0.731270032,24,438060,90,1642.73
45690,P19,24082,280480,0.408146368,24,244496,90,916.86
45690,P20,24086,120464,0.627620192,20,313308,90,1409.89
45691,P15,24071,120463,0.628205128,36,282240,90,705.60
45691,P17,24077,280222,0.633854167,24,379704,90,1423.89
45691,P18,24079,280451,0.743856838,24,445600,90,1671.00
45691,P19,24083,280213,0.301248665,48,360920,90,676.73
45691,P20,24087,251200,0.634114583,24,379860,90,1424.48
45692,P13,24104,280256,0.56308115,91,639480,90,632.45
45692,P17,24099,280480,0.649228766,112,1814932,90,1458.43
45692,P18,24080,280103,0.618088942,24,370260,90,1388.48
45692,P20,24085,120448,0.718970353,24,430692,90,1615.10
45693,P09,24051,280452,0.600841346,40,299940,90,674.87
45693,P09,28085,280660,0.771501068,12,115540,90,866.55
45693,P12,24057,280377,0.555254137,60,375796,110,688.96
45693,P14,24064,120448,0.587580128,24,175992,90,659.97
45693,P15,24070,241283,0.693189103,36,311436,90,778.59
45693,P18,24081,280344,0.697534237,88,1532120,90,1566.94
45693,P19,28084,280405,0.384375,16,153504,90,863.46
45693,P20,28085,120448,0.794851763,24,476148,90,1785.56
45694,P14,24065,120444,0.464903846,12,69624,90,522.18
45694,P15,24073,280351,0.578041958,55,396768,90,649.26
45694,P19,24084,280405,0.253139468,72,454922,90,568.65
45694,P20,24088,280264,0.638551683,64,1020048,90,1434.44
45695,P09,24052,280166,0.550480769,12,82440,90,618.30
45695,P14,24067,120431,0.181517094,48,108736,90,203.88
45696,P09,24053,280104,0.767761752,24,229960,90,862.35
45696,P12,24103,280378,0.739154846,24,200104,110,917.14
45696,P13,24062,280351,0.502884615,12,75312,90,564.84
45697,P09,24139,280104,0.58840812,12,88120,90,660.90
45697,P09,24140,280391,0.787252938,24,235798,90,884.24
45697,P12,24145,280380,0.614055448,55,380960,110,761.92
45697,P13,24148,280351,0.585772965,103,752976,90,657.94
45697,P14,24199,280090,0.576696047,24,172732,90,647.75
45697,P15,24154,280351,0.554302477,118,816288,90,622.59
45697,P16,24155,280351,0.603157936,163,1226968,90,677.47
45697,P17,24156,280480,0.561542468,40,560644,90,1261.45
45697,P18,24159,280344,0.735872132,38,697960,90,1653.06
45697,P19,24163,280323,0.266205929,64,425248,90,598.01
45697,P20,24167,280264,0.725991587,48,869796,90,1630.87
45698,P09,24141,280478,0.779088402,43,418090,90,875.07
45698,P14,24151,280164,0.602172365,36,270544,90,676.36
45699,P11,24143,120448,0.754677484,96,904164,90,847.65
45699,P14,24152,120436,0.538181479,103,691800,90,604.49
45699,P17,24157,280324,0.575927198,112,1610016,90,1293.76
45699,P18,24160,280421,0.711872329,24,426440,90,1599.15
45699,P20,24168,280169,0.596969437,112,1668840,90,1341.03
45700,P09,24142,120437,0.73018544,84,765468,90,820.14
45700,P12,24146,280376,0.77358156,36,314136,110,959.86
45700,P12,24146,280380,0.204314421,12,27656,110,253.51
45700,P18,24161,280453,0.411893575,88,904716,90,925.28
45700,P19,24165,280213,0.300662012,84,630380,90,675.41
45701,P13,24149,280121,0.452143429,48,270852,90,507.85
45702,P11,241143,120448,0.723477564,12,108348,90,812.61
45702,P12,24147,280379,0.639174547,36,259556,110,793.09
45703,P11,24144,120437,0.823317308,12,123300,90,924.75
45703,P12,24267,280375,0.485165485,12,65672,110,601.99
45703,P13,24150,120436,0.679807692,12,101808,90,763.56
45704,P09,24203,120437,0.749534739,31,289980,90,841.88
45704,P11,24206,120437,0.709171598,39,345168,90,796.54
45704,P12,24212,280375,0.776371781,19,166392,110,963.32
45704,P13,24218,280264,0.665224359,36,298872,90,747.18
45704,P13,24269,120436,0.482612179,12,72276,90,542.07
45704,P14,24220,120436,0.666031469,55,457164,90,748.09
45704,P15,24226,280351,0.744408284,130,1207728,90,836.12
45704,P15,24227,280351,0.739583333,12,110760,90,830.70
45704,P16,24227,280351,0.727629017,158,1434768,90,817.27
45704,P17,24228,280324,0.704407051,48,843936,90,1582.38
45704,P18,24230,280324,0.715244391,48,856920,90,1606.73
45704,P19,24233,280324,0.822489316,48,985408,90,1847.64
45704,P20,24235,120463,0.77333734,24,463260,90,1737.23
45704,P20,24235,120464,0.785576923,128,2509824,90,1764.72
45705,P09,24204,251200,0.789583333,12,118248,90,886.86
45705,P12,24213,280488,0.497331094,19,106588,110,617.09
45706,P09,24205,120436,0.803231838,72,721752,90,902.19
45706,P11,24207,241288,0.649579327,48,389124,90,729.61
45706,P12,24214,120536,0.635225249,36,285394,90,713.49
45706,P12,24215,120531,0.634107906,12,94964,90,712.23
45706,P13,24219,280351,0.732674501,108,987528,90,822.94
45706,P14,24221,280362,0.588213869,55,403750,90,660.68
45706,P17,24229,280480,0.637379808,112,1781808,90,1431.81
45706,P18,24231,280222,0.753106509,52,977472,90,1691.78
45706,P19,24234,280323,0.71924794,112,2010672,90,1615.72
45708,P11,24208,280169,0.70224359,24,210336,90,788.76
45708,P12,24216,120453,0.455769231,12,68256,90,511.92
45708,P12,24217,280256,0.624941725,55,428960,90,701.93
45708,P18,24232,280344,0.549065171,60,822280,90,1233.42
45709,P09,24325,120448,0.652016129,31,252252,90,732.34
45709,P11,24210,280107,0.51603598,31,199644,90,579.61
45709,P14,24222,120450,0.434695513,24,130200,90,488.25
45710,P09,24326,120436,0.814503205,12,121980,90,914.85
45710,P11,24327,120436,0.585416667,12,87672,90,657.54
45710,P14,24223,120451,0.43147703,24,129236,90,484.64
45711,P09,24271,120436,0.819826007,84,859440,90,920.83
45711,P11,24276,120436,0.628725962,24,188316,90,706.19
45711,P12,24277,280256,0.664480723,139,1152688,90,746.34
45711,P13,24279,280351,1.510769231,5,94272,90,1696.90
45711,P13,24280,280264,0.616030497,132,1014824,90,691.93
45711,P14,24281,280090,0.728222934,36,327176,90,817.94
45711,P15,24285,280351,0.77992126,127,1236144,90,876.01
45711,P15,24285,280352,0.775641026,12,116160,90,871.20
45711,P16,24286,280351,0.821266968,85,871200,90,922.45
45711,P17,24287,280480,0.813599259,64,1299676,90,1827.67
45711,P18,24328,280344,0.616436298,48,738540,90,1384.76
45711,P19,24294,280323,0.653019832,64,1043160,90,1466.94
45711,P20,24296,120436,0.724933226,72,1302792,90,1628.49
45712,P11,24274,251200,0.811738782,48,486264,90,911.75
45712,P14,24329,120532,0.661886447,35,289112,90,743.43
45713,P18,24291,280104,0.636017628,16,254000,90,1428.75
45714,P09,24272,280105,0.665074442,31,257304,90,747.01
45714,P11,24275,280318,0.658153846,25,205344,90,739.24
45714,P14,24282,280365,0.362796474,20,90554,90,407.49
45714,P17,24288,280213,0.682845887,24,409052,90,1533.95
45714,P18,24929,280452,0.658119658,24,394240,90,1478.40
45714,P19,24295,280324,0.651995921,88,1432096,90,1464.64
45714,P20,24297,241287,0.637323165,87,1383960,90,1431.68
45715,P11,24273,280130,0.712126068,36,319944,90,799.86
45715,P14,24283,120437,0.660136218,24,197724,90,741.47
45715,P17,24289,280324,0.748141026,65,1213784,90,1680.62
45715,P18,24293,280324,0.664006855,72,1193300,90,1491.63
45716,P09,24392,280451,0.664529915,24,199040,90,746.40
45716,P14,24284,120448,0.712620192,24,213444,90,800.42
45717,P09,24401,280451,0.642561432,24,192460,90,721.73
45717,P11,24415,280264,0.688782051,24,206304,90,773.64
45717,P12,24403,120436,0.727323718,24,217848,90,816.93
45717,P13,24404,280264,0.660288462,10,82404,90,741.64
45717,P14,24405,120448,0.62275641,24,186528,90,699.48
45717,P15,24406,280351,0.579959514,19,137520,90,651.41
45717,P16,24414,280351,0.737307692,15,138024,90,828.14
45718,P09,24332,280453,0.679817119,34,288460,90,763.57
45718,P11,24336,280264,0.713595424,158,1407096,90,801.51
45718,P12,24337,120436,0.617948718,12,92544,90,694.08
45718,P12,24338,120430,0.629326923,12,94248,90,706.86
45718,P12,24338,280256,0.825602811,130,1339458,90,927.32
45718,P13,24339,280264,0.655876068,12,98224,90,736.68
45718,P13,24341,280212,0.710950855,36,319416,90,798.54
45718,P14,24343,120448,0.739747863,75,692404,90,830.88
45718,P15,24348,280351,0.640551671,82.5,659512,90,719.47
45718,P15,24349,280348,0.674519231,24,202032,90,757.62
45718,P16,24351,280351,0.781169872,24,233976,90,877.41
45718,P17,24353,280222,0.696255061,57,990576,90,1564.07
45718,P18,24357,280166,0.622281364,112,1739600,90,1397.89
45718,P19,24359,280324,0.736431624,72,1323456,90,1654.32
45718,P20,24361,280169,0.75418956,63,1185948,90,1694.21
45719,P09,24334,120436,0.703605769,68,597108,90,790.29
45719,P15,24350,120463,0.826201923,48,494928,90,927.99
45720,P13,24340,280351,0.630570975,97,763344,90,708.26
45720,P17,24354,280480,0.647377622,99,1599696,90,1454.27
45721,P14,24344,120532,0.621267361,48,372164,90,697.81
45721,P19,24360,280480,0.630643973,87,1369456,90,1416.68
45721,P20,24363,120437,0.732067308,40,730896,90,1644.52
45722,P09,24456,280169,0.774606643,22,212676,90,870.04
45722,P13,2340,280351,0.589583333,12,88296,90,662.22
45723,P09,24333,280450,0.757652244,24,226932,90,851.00
45723,P14,24345,120534,0.692441239,24,207400,90,777.75
45723,P18,24400,280480,0.609709895,39,593516,90,1369.65
45723,P20,24364,120448,0.630932897,47,740160,90,1417.33
45724,P09,24476,241287,0.500120192,8,49932,90,561.74
45724,P14,24374,280164,0.803151709,6,60140,90,902.10
45725,P09,24419,241287,0.646328671,33,266184,90,725.96
45725,P11,24424,280264,0.6875,162,1389960,90,772.20
45725,P12,24425,280256,0.782318376,36,351480,90,878.70
45725,P14,24430,120431,0.734074519,48,439740,90,824.51
45725,P15,24434,280351,0.745001573,163,1515512,90,836.79
45725,P17,24435,280480,0.757379808,40,756168,90,1701.38
45725,P18,24441,280344,0.6456664,48,773560,90,1450.43
45725,P19,24442,280480,0.710470085,24,425600,90,1596.00
45725,P20,24445,120436,0.735144231,40,733968,90,1651.43
45726,P09,24421,241283,0.710977564,24,212952,90,798.57
45726,P12,24426,280107,0.770979021,11,105840,90,865.96
45726,P19,24443,280324,0.412654692,144,1483180,90,926.99
45727,P09,24420,280264,0.392948718,36,176544,90,441.36
45727,P12,24478,280380,0.513566103,39,225928,110,637.23
45727,P14,24429,120430,0.605662393,36,272112,90,680.28
45727,P14,24431,120532,0.535523504,12,80200,90,601.50
45727,P17,24436,280480,0.565042401,24,338483,90,1269.31
45727,P18,24440,280103,0.672615808,106,1779580,90,1510.96
45727,P20,24444,120448,0.354002118,112,989620,90,795.23
45728,P17,24437,280405,0.487778779,96,1168796,90,1095.75
45729,P09,24422,280478,0.72742054,48,435754,90,817.04
45729,P12,24479,280377,0.604767533,36,245584,110,750.40
45729,P14,24433,120436,0.685683761,18,154032,90,770.16
45729,P16,24480,280351,0.660426683,64,527496,90,741.79
45730,P14,24432,120437,0.705110399,36,316792,90,791.98
45731,P09,24546,280421,0.683226496,24,204640,90,767.40
45731,P12,24547,280379,0.564420804,24,152800,110,700.33
45731,P14,24548,120536,0.633680556,12,94900,90,711.75
45732,P09,24550,280421,0.798348544,14.75,146960,90,896.71
45732,P11,24482,280264,0.616283023,66,507620,90,692.21
45732,P12,24487,280379,0.915602837,6,61968,110,1136.08
45732,P12,24488,280376,0.522990544,24,141584,110,648.93
45732,P14,24494,120536,0.684655449,24,205068,90,769.01
45732,P15,24551,280351,0.742651099,42,389268,90,834.15
45732,P16,24501,280351,0.750552885,160,1498704,90,843.02
45732,P17,24553,280391,0.528014824,16,210868,90,1186.13
45732,P18,24504,280103,0.637850561,80,1273660,90,1432.87
45732,P19,24545,280213,0.572162126,24,342748,90,1285.31
45732,P20,24510,120464,0.384839361,141.67,1360824,90,864.50
45733,P10,24481,280351,0.390920555,122,595200,90,439.08
45733,P12,24489,280375,0.679728132,12,92008,110,843.41
45733,P13,24493,280351,0.593301282,140,1036616,90,666.40
45733,P14,24495,120448,0.667988782,24,200076,90,750.29
45733,P17,24503,280480,0.651394732,128,2081128,90,1463.29
45733,P19,24509,280480,0.644592525,136,2188108,90,1448.01
45734,P12,24490,280378,0.691962175,12,93664,110,858.59
45734,P12,24491,280378,0.396572104,12,53680,110,492.07
45734,P14,24496,120436,0.687339744,12,102936,90,772.02
45734,P14,24497,280166,0.558088641,93,647740,90,626.85
45734,P15,24499,280105,0.705573362,72,634000,90,792.50
45735,P11,24483,280129,0.516706731,24,154764,90,580.37
45735,P12,24492,280378,0.476654846,24,129040,110,591.43
45735,P12,24492,280426,0.528486998,24,143072,110,655.75
45736,P11,24484,280256,0.273477564,12,40956,90,307.17
45736,P11,24597,280130,0.195245726,36,87720,90,219.30
45736,P18,24505,280166,0.589610043,24,353200,90,1324.50
45737,P12,24598,280488,0.194294004,22,48216,110,241.08
45737,P15,24500,280451,0.745655271,45,418760,90,837.52
45737,P18,24506,280344,0.773253873,48,926420,90,1737.04
45738,P09,24599,280324,0.324941725,11,44608,90,364.97
45739,P09,24600,280324,0.489118199,41,250272,90,549.38
45739,P10,24555,280351,0.433276534,158,854352,90,486.66
45739,P12,24560,280107,0.568589744,3,21288,90,638.64
45739,P13,24563,280351,0.624935134,84,655132,90,701.93
45739,P14,24565,280166,0.756292735,30,283156,90,849.47
45739,P15,24624,280451,0.754197192,21,197660,90,847.11
45739,P16,24572,280351,0.687037488,158,1354728,90,771.68
45739,P17,24573,280480,0.591933761,48,709184,90,1329.72
45739,P18,24577,280344,0.738100962,40,736920,90,1658.07
45739,P19,24582,280480,0.566843616,48,679124,90,1273.36
45739,P20,24605,120436,0.610710887,128,1951148,90,1371.90
45740,P11,24556,280130,0.625320513,33,257532,90,702.36
45740,P14,24566,120436,0.746095085,60,558676,90,838.01
45740,P15,24569,280391,0.761017628,24,227940,90,854.78
45741,P11,24557,280264,0.647510684,90,727284,90,727.28
45741,P12,24558,280397,0.630831363,9,64042,110,782.74
45741,P12,24558,280539,0.173847518,24,47064,110,215.71
45741,P15,24570,280493,0.84775641,12,126960,90,952.20
45741,P15,24571,280169,0.728942308,90,818748,90,818.75
45741,P17,24575,280405,0.39934562,24,239224,90,897.09
45741,P18,24578,280105,0.72275641,24,432960,90,1623.60
45741,P19,24604,280323,0.391403388,112,1094176,90,879.25
45742,P12,4558,280539,0.180171395,6,12194,110,223.56
45742,P13,24564,280264,0.524630178,78,510696,90,589.26
45742,P17,24574,280405,0.395512821,76,750272,90,888.48
45742,P18,24580,280106,0.752504006,24,450780,90,1690.43
45743,P12,24559,280397,0.219503546,48,118848,110,272.36
45743,P14,24567,120450,0.540491453,24,161888,90,607.08
45743,P18,24579,280103,0.63295022,64,1011100,90,1421.86
45744,P14,24568,120532,0.634926185,33,261488,90,713.15
45745,P11,24630,280264,0.101442308,12,15192,90,113.94
45745,P11,24630,280576,0.579122151,36,260188,90,650.47
45745,P14,24669,120436,0.650730994,57,462904,90,730.90
45745,P15,24685,280264,0.761778846,12,114084,90,855.63
45746,P09,24626,280581,0.551465201,35,240880,90,619.41
45746,P10,24628,280351,0.535296474,48,320664,90,601.25
45746,P13,24632,280425,0.521995192,24,156348,90,586.31
45746,P16,24639,280351,0.785865385,40,392304,90,882.68
45746,P17,24640,280222,0.559221154,100,1395816,90,1256.23
45746,P18,24642,280166,0.710782252,160,2838580,90,1596.70
45746,P19,24647,280324,0.59526635,158,2347540,90,1337.21
45746,P20,24649,280169,0.554734575,160,2215388,90,1246.16
45747,P11,24631,280256,0.761698718,12,114072,90,855.54
45747,P13,24633,280121,0.603405449,24,180732,90,677.75
45748,P09,24692,280581,0.565422454,72,508066,90,635.08
45748,P10,24693,280351,0.418454791,114,595344,90,470.01
45748,P11,24695,280256,0.574791948,114,817768,90,645.61
45748,P13,24634,280480,0.258278509,76,244972,90,290.10
45748,P13,24696,280121,0.508006143,12,76079,90,570.59
45748,P14,24698,120448,0.683213141,24,204636,90,767.39
45748,P16,24699,280351,0.712230094,114,1013304,90,799.98
45749,P14,24637,120437,0.812019231,12,121608,90,912.06
45749,P14,24638,120437,0.629082723,42,329740,90,706.59
45750,P17,24641,280324,0.676666667,60,1013376,90,1520.06
45751,P09,24627,280256,0.442307692,42,231840,90,496.80
45751,P14,24783,120430,0.662028134,36,297436,90,743.59
45752,P13,24784,280264,0.559334936,24,167532,90,628.25
45753,P09,24713,280256,0.635856079,31,246000,90,714.19
45753,P10,24717,280351,0.501061008,116,725376,90,562.79
45753,P11,24718,280582,0.568923611,12,85202,90,639.02
45753,P11,24750,280541,0.422903846,50,263892,90,475.01
45753,P12,24762,280488,0.447354064,10.27,51824,110,555.08
45753,P13,24726,280264,0.639891277,102,814556,90,718.73
45753,P14,24731,120430,0.557029429,44,305876,90,625.66
45753,P16,24733,280351,0.713715278,144,1282632,90,801.65
45753,P17,24736,280324,0.533868874,79,1052704,90,1199.28
45753,P18,24737,280480,0.652519587,54,879492,90,1465.82
45753,P19,24752,280323,0.621866097,18,279392,90,1396.96
45753,P19,24752,280324,0.523557692,8,104544,90,1176.12
45753,P20,24749,280169,0.658818681,35,575544,90,1479.97
45753,P20,24786,280588,0.625240385,12,187272,90,1404.54
45754,P09,24714,280351,0.585082573,59,430808,90,657.16
45754,P12,24724,280107,0.264903846,54,178524,90,297.54
45755,P14,24730,120433,0.686418269,24,205596,90,770.99
45755,P19,24751,280324,0.545535078,72,980392,90,1225.49
45756,P11,24720,241287,0.468639053,65,380160,90,526.38
45756,P14,24729,120431,0.640371261,24,191804,90,719.27
45756,P18,24738,280405,0.419032118,48,502034,90,941.31
45756,P20,24728,120464,0.771033654,24,461880,90,1732.05
45757,P09,24715,280391,0.330448718,60,247440,90,371.16
45757,P14,24823,120536,0.523050214,12,78332,90,587.49
45757,P17,24735,280222,0.432867588,64,691480,90,972.39
45757,P20,24128,120464,0.490010684,12,146768,90,1100.76
45757,P20,24747,120464,0.596527778,12,178672,90,1340.04
45757,P20,24747,280587,0.705088141,48,844752,90,1583.91
45758,P13,24727,280318,0.753245192,48,451224,90,846.05
45758,P14,24732,280478,0.583530315,48,349558,90,655.42
45758,P18,24741,280344,0.230729167,40,230360,90,518.31
45758,P19,24745,280590,0.646610577,40,645576,90,1452.55
45759,P11,24721,280351,0.664102564,24,198912,90,745.92
45760,P09,24790,280351,0.218803419,12,32768,90,245.76
45760,P09,24853,280452,0.643251425,36,289000,90,722.50
45760,P10,24790,280351,0.540138067,156,1051584,90,606.68
45760,P11,24791,280351,0.660790598,36,296880,90,742.20
45760,P13,24794,280318,0.557532051,12,83496,90,626.22
45760,P13,24854,251200,0.574134615,30,214956,90,644.87
45760,P14,24797,280166,0.742788462,12,111240,90,834.30
45760,P14,24851,280478,0.755876068,12,113200,90,849.00
45760,P16,24802,280351,0.748354701,90,840552,90,840.55
45760,P17,24804,280592,0.457398504,72,822000,90,1027.50
45760,P18,24806,280344,0.537409856,48,643860,90,1207.24
45760,P19,24812,280324,0.572629541,24,343028,90,1286.36
45760,P20,24813,280583,0.729035548,88,1601312,90,1637.71
45761,P09,24856,280351,0.57081044,28,199464,90,641.13
45761,P11,24792,280256,0.687802707,54,463524,90,772.54
45761,P14,24800,120437,0.782267012,52,507660,90,878.64
45761,P19,24811,280489,0.666543553,96,1597145,90,1497.32
45762,P13,24795,280480,0.464378561,36,208636,90,521.59
45762,P18,24807,280213,0.58225828,24,348796,90,1307.99
45763,P09,24788,280351,0.613639601,36,275696,90,689.24
45763,P09,24788,280586,0.755021368,24,226144,90,848.04
45763,P13,24796,280222,0.756057692,80,754848,90,849.20
45763,P14,24801,120448,0.66237313,48,396788,90,743.98
45763,P17,24805,280591,0.431866987,40,431176,90,970.15
45763,P18,24808,280490,0.526370192,40,525528,90,1182.44
45763,P19,24855,280591,0.661401099,14,231120,90,1485.77
45764,P11,24793,280256,0.56507078,24,169250,90,634.69
45764,P11,24793,280574,0.736528446,48,441210,90,827.27
45764,P12,24825,120448,0.542445055,14,94776,90,609.27
45764,P16,24803,280256,0.614583333,60,460200,90,690.30
45764,P20,24814,280583,0.576201923,24,345168,90,1294.38
45764,P20,24814,280584,0.709334936,16,283280,90,1593.45
45765,P14,24848,120451,0.471020299,12,70540,90,529.05
45765,P17,24895,280489,0.380889423,24,228168,90,855.63
45765,P18,24809,280559,0.552123397,24,330744,90,1240.29
45766,P09,24849,280587,0.509081197,12,76240,90,571.80
45766,P09,24857,280587,0.697521368,30,261152,90,783.46
45766,P14,24917,280244,0.739369658,18,166092,90,830.46
45766,P16,24920,280256,0.721955128,36,324360,90,810.90
45766,P17,24873,280590,0.651522436,48,780576,90,1463.58
45766,P18,24878,280452,0.514456464,24,308180,90,1155.68
45766,P19,24882,280489,0.709637706,140,2479758,90,1594.13
45766,P20,24883,280584,0.564933523,108,1522880,90,1269.07
45767,P11,24862,280574,0.71590645,160,1429522,90,804.11
45767,P13,24864,280222,0.681674208,34,289248,90,765.66
45767,P14,24869,280244,0.710643697,24,212852,90,798.20
45767,P18,24880,280344,0.517861912,24,310220,90,1163.33
45768,P09,24858,280588,0.765985577,24,229428,90,860.36
45768,P10,24861,280351,0.651908169,129,1049520,90,732.22
45768,P13,24865,280212,0.719150641,24,215400,90,807.75
45768,P14,24870,280573,0.623141471,72,559930,90,699.91
45768,P16,24872,280351,0.736109022,127.85,1174512,90,826.80
45768,P17,24874,280490,0.557649887,136,1892976,90,1252.70
45768,P18,24881,280324,0.580621494,64,927508,90,1304.31
45768,P21,24921,280323,0.602892834,19.5,293440,90,1354.34
45769,P09,24859,280576,0.75,24,224640,90,842.40
45769,P13,24897,280256,0.838020833,48,502008,90,941.27
45770,P09,24860,280574,0.709223647,90,796600,90,796.60
45770,P20,24884,280584,0.701442308,76,1330608,90,1575.72
45771,P13,24867,241283,0.539660494,54,363688,90,606.15
45771,P14,24916,120448,0.593292972,54,399832,90,666.39
45771,P18,24924,280421,0.59360844,60,888988,90,1333.48
45771,P19,24939,280323,0.662179487,36,595008,90,1487.52
45773,P14,24979,280478,0.634321581,12,94996,90,712.47
45773,P18,24980,280480,0.615958868,12,184492,90,1383.69
45774,P09,24922,280574,0.796090411,48,476890,90,894.17
45774,P10,24926,280351,0.632231571,96,757464,90,710.12
45774,P11,24927,280574,0.697215545,56,487270,90,783.11
45774,P13,24932,280256,0.805689103,96,965280,90,904.95
45774,P14,24934,280478,0.828035969,36,372020,90,930.05
45774,P16,24937,280351,0.844290865,96,1011528,90,948.31
45774,P17,24942,280222,0.442954882,52,574920,90,995.05
45774,P18,24945,280480,0.79849359,5,99652,90,1793.74
45774,P19,24946,280489,0.861794872,15,322656,90,1935.94
45774,P20,24947,280589,0.747222222,36,671424,90,1678.56
45775,P12,24984,120436,0.641826923,18,144180,90,720.90
45775,P14,24936,280164,0.525302707,36,236008,90,590.02
45775,P20,24948,120464,0.812136752,30,608128,90,1824.38
45775,P21,24950,280489,0.676376748,44,742824,90,1519.41
45776,P09,24985,280391,0.740444712,48,443556,90,831.67
45776,P11,24928,280582,0.401998754,36,180610,90,451.53
45776,P12,24931,280244,0.762232906,48,456608,90,856.14
45776,P17,24986,280480,0.52829416,36,474704,90,1186.76
45777,P14,24991,120453,0.57485755,18,129136,90,645.68
45777,P20,24992,280244,0.507098024,24,303772,90,1139.15
45777,P21,24988,280592,0.707552083,24,423852,90,1589.45
45778,P09,24923,280244,0.564000583,66,464556,90,633.49
45778,P10,24993,280351,0.62736014,66,516744,90,704.65
45778,P11,24930,251200,0.643489583,48,385476,90,722.77
45778,P12,24996,280244,0.712551696,46.5,413508,90,800.34
45778,P13,24997,280256,0.701777389,66,578040,90,788.24
45778,P14,24933,280244,0.769818376,72,691728,90,864.66
45778,P16,25003,280256,0.804967949,24,241104,90,904.14
45778,P17,25004,280480,0.639216079,24,382916,90,1435.94
45778,P20,24949,280244,0.662223193,66,1090920,90,1487.62
45778,P21,25048,280489,0.665219351,64,1062648,90,1494.35
45779,P16,24940,280212,0.539148352,42,282600,90,605.57
45779,P17,24989,280489,0.506682692,40,505872,90,1138.21
45780,P11,25085,280450,0.618376068,18,138912,90,694.56
45781,P09,25049,280244,0.846298984,53,559776,90,950.56
45781,P10,25050,280351,0.757191754,162,1530860,90,850.48
45781,P11,25053,280450,0.479527244,24,143628,90,538.61
45781,P13,25054,280256,0.755028045,48,452292,90,848.05
45781,P14,25055,280244,0.764377289,42,400656,90,858.55
45781,P15,25056,280348,0.703755738,138.25,1214232,90,790.46
45781,P16,25057,280351,0.766566506,96,918408,90,861.01
45781,P16,25088,280212,0.566666667,12,84864,90,636.48
45781,P17,25058,280105,0.55437589,72,996280,90,1245.35
45781,P20,25061,280244,0.792738381,48,949764,90,1780.81
45781,P21,25062,280489,0.708754006,48,849144,90,1592.15
45782,P11,25052,280581,0.688038004,84,721284,90,772.80
45783,P09,25013,280493,0.661547365,36,297220,90,743.05
45783,P13,25015,280264,0.613975694,24,183898,90,689.62
45783,P14,25019,280107,0.656303419,48,393152,90,737.16
45783,P20,25031,280583,0.664903846,112,1858752,90,1493.64
45783,P21,25063,280222,0.745769231,40,744576,90,1675.30
45784,P13,25016,120448,0.602953297,42,316044,90,677.24
45784,P17,25029,280344,0.505681818,88,1110720,90,1135.96
45785,P09,25008,280103,0.689169338,60,516050,90,774.08
45785,P11,25011,280318,0.480512821,30,179904,90,539.71
45785,P14,25020,120531,0.598050214,12,89564,90,671.73
45785,P14,25021,120536,0.662152778,12,99164,90,743.73
45785,P16,25025,280323,0.564411206,54,380368,90,633.95
45785,P21,25037,280480,0.68454416,72,1230208,90,1537.76
45786,P13,25017,120436,0.55267094,36,248304,90,620.76
45786,P14,25022,120536,0.560042735,12,83872,90,629.04
45786,P14,25022,280090,0.556276709,24,166616,90,624.81
45787,P09,25152,280574,0.758480235,12,113590,90,851.93
45787,P12,25149,280244,0.310872781,13,50436,90,349.17
45787,P13,25131,280264,0.676503945,78,658536,90,759.85
45787,P14,25151,120450,0.673921911,11,92516,90,756.95
45788,P09,25091,280574,0.705923417,132,1162910,90,792.89
45788,P10,25092,280351,0.63708452,162,1288032,90,715.57
45788,P12,25156,280244,0.658170361,44.25,363468,90,739.26
45788,P14,25098,120450,0.528937729,7,46208,90,594.10
45788,P14,25099,120437,0.673237179,12,100824,90,756.18
45788,P15,25132,280104,0.422830375,32.5,171500,90,474.92
45788,P16,25106,280351,0.662397436,150,1240008,90,744.00
45788,P16,25153,280323,0.815384615,12,122112,90,915.84
45788,P17,25155,280453,0.660423344,24,395620,90,1483.58
45788,P20,25115,280586,0.754119318,88,1656408,90,1694.05
45788,P21,25134,280591,0.649954928,64,1038264,90,1460.06
45789,P11,25094,280169,0.687873932,54,463572,90,772.62
45789,P14,25100,120436,0.736041667,60,551148,90,826.72
45789,P17,25108,280421,0.530982906,12,159040,90,1192.80
45789,P17,25109,280451,0.583912037,36,524680,90,1311.70
45791,P13,25097,280256,0.626742788,96,750888,90,703.96
45791,P14,25101,280574,0.58772703,36,264054,90,660.14
45791,P15,25104,280344,0.666720085,24,199696,90,748.86
45791,P17,25110,280103,0.361286058,40,360708,90,811.59
45791,P21,25122,280489,0.716656651,48,858612,90,1609.90
45792,P11,25095,280244,0.738020833,24,221052,90,828.95
45792,P14,251010,280574,0.716880342,18,161040,90,805.20
45792,P15,25105,280244,0.626642628,24,187692,90,703.85
45792,P20,25118,280583,0.738601763,24,442452,90,1659.20
45793,P11,25093,251200,0.551834046,36,247928,90,619.82
45793,P15,25223,120464,0.716426282,36,321876,90,804.69
45793,P17,25133,280405,0.598978365,48,717624,90,1345.55
45793,P20,25119,280244,0.79770633,48,955716,90,1791.97
45793,P21,25123,280324,0.576170569,46,661536,90,1294.31
45794,P11,25164,280574,0.629688984,54,424360,90,707.27
45794,P14,25231,120431,0.623160867,42,326636,90,699.93
45795,P09,25160,280584,0.635744355,33.5,265792,90,714.07
45795,P10,25163,280351,0.63281893,162,1279408,90,710.78
45795,P13,25174,280256,0.763315851,66,628728,90,857.36
45795,P13,25174,280264,0.596875,12,89388,90,670.41
45795,P14,25240,120437,0.605862714,24,181468,90,680.51
45795,P15,25209,120464,0.862259615,12,129132,90,968.49
45795,P16,25239,280351,0.796911422,66,656400,90,895.09
45795,P17,25238,280212,0.917132867,5.5,125904,90,2060.25
45795,P18,25212,280480,0.583170968,152,2212504,90,1310.04
45795,P20,25188,280244,0.757355769,40,756144,90,1701.32
45795,P21,25194,280324,0.745897436,90,1675584,90,1675.58
45796,P14,25180,120453,0.426308761,24,127688,90,478.83
45797,P09,25161,280588,0.753685897,24,225744,90,846.54
45797,P11,25165,280581,0.474252137,60,355120,90,532.68
45797,P12,25170,280539,0.18702814,93,196200,110,232.06
45797,P14,25177,280571,0.643796741,24,192830,90,723.11
45797,P14,25177,280574,0.742554754,24,222410,90,834.04
45797,P20,25190,280318,0.63971688,48,766432,90,1437.06
45798,P09,25162,280588,0.667080662,24,199804,90,749.27
45798,P13,25175,280264,0.672075321,72,603900,90,754.88
45799,P09,25159,280571,0.533993784,66,439840,90,599.78
45799,P11,25166,251200,0.619337607,36,278256,90,695.64
45799,P20,25192,280421,0.508558137,72,913940,90,1142.43
45799,P21,25196,280489,0.689937003,58,998808,90,1549.87
45800,P13,251875,280264,0.730048077,12,109332,90,819.99
45800,P14,25178,280244,0.638541667,36,286884,90,717.21
45800,P19,25187,280351,0.111027644,32,88680,90,249.41
45801,P11,25167,280358,0.715078671,22,196332,90,803.18
45801,P12,25171,280397,0.379728132,12,51400,110,471.17
45801,P14,25301,120437,0.641666667,12,96096,90,720.72
45802,P09,25242,280571,0.769464476,24,230470,90,864.26
45802,P10,25248,280351,0.660493827,162,1335360,90,741.87
45802,P11,25307,280358,0.575240385,32,229728,90,646.11
45802,P12,25308,280397,0.291134752,6,19704,110,361.24
45802,P12,25309,280375,0.3830526,48,207400,110,475.29
45802,P13,25255,280264,0.55133547,18,123852,90,619.26
45802,P14,25258,120437,0.690865385,12,103464,90,775.98
45802,P14,25259,120444,0.71764156,12,107474,90,806.06
45802,P16,25313,280351,0.745408992,142,1320984,90,837.24
45802,P18,25267,280213,0.708553686,24,424452,90,1591.70
45802,P20,25271,280103,0.543509615,40,542640,90,1220.94
45802,P21,25275,280222,0.788916552,112,2205432,90,1772.22
45803,P09,25243,280582,0.740885417,24,221910,90,832.16
45803,P11,25250,280358,0.638728632,36,286968,90,717.42
45803,P13,25256,280256,0.709704416,108,956568,90,797.14
45803,P14,25260,280574,0.668936966,30,250450,90,751.35
45803,P18,25268,280166,0.735827324,64,1175440,90,1652.96
45804,P09,25245,280581,0.759214744,12,113700,90,852.75
45804,P09,25246,280581,0.765691774,12,114670,90,860.03
45804,P12,25254,280376,0.548873592,34,210504,110,681.04
45804,P14,25261,280571,0.423778045,24,126930,90,475.99
45804,P20,25273,280583,0.762446581,48,913472,90,1712.76
45805,P09,25247,280169,0.652660256,30,244356,90,733.07
45805,P11,25251,280169,0.586885684,36,263676,90,659.19
45805,P12,25253,280379,0.557092199,48,301632,110,691.24
45805,P14,25263,280166,0.320486111,60,239980,90,359.97
45805,P19,25270,280351,0.439954183,78,856538,90,988.31
45806,P11,25249,280405,0.491368515,43,263688,90,551.91
45806,P18,25269,280344,0.582899306,24,349180,90,1309.43
45806,P20,25274,280586,0.748950321,40,747752,90,1682.44
45807,P09,25775,280541,0.759604701,30,284396,90,853.19
45807,P18,25381,280452,0.529597356,48,634500,90,1189.69
45807,P21,25775,280222,0.71585203,48,857648,90,1608.09
45808,P11,280405,280405,0.383741259,11,52680,90,431.02
45808,P12,25252,280488,0.508191489,20,114648,110,630.56
45808,P13,25325,280212,0.677146691,43,363384,90,760.57
45808,P14,25262,280478,0.486615251,24,145751,90,546.57
45808,P16,25336,280351,0.694015576,56.3,487632,90,779.52
45808,P20,25384,280244,0.722836538,24,433008,90,1623.78
45809,P10,25318,280351,0.627962255,161,1261752,90,705.33
45809,P11,25386,280405,0.625801282,24,187440,90,702.90
45809,P12,25321,280377,0.646472564,19,138552,110,802.14
45809,P12,25387,280488,0.497807866,11,61768,110,617.68
45809,P14,25385,280478,0.741286058,24,222030,90,832.61
45809,P18,25338,280344,0.740905449,40,739720,90,1664.37
45809,P19,25341,280351,0.53381832,152,2025264,90,1199.17
45809,P20,25344,280244,0.676782853,48,810840,90,1520.33
45809,P21,25347,280323,0.744030449,64,1188544,90,1671.39
45810,P11,25320,280256,0.674583333,60,505128,90,757.69
45810,P11,25320,280264,0.431490385,12,64620,90,484.65
45810,P12,25322,280380,0.724615839,24,196168,110,899.10
45810,P13,25326,280213,0.671487714,24,201124,90,754.22
45810,P13,25326,280490,0.829193376,12,124180,90,931.35
45810,P14,25330,280166,0.671578526,40,335252,90,754.32
45811,P09,25316,280121,0.664056038,31,256910,90,745.87
45811,P12,25323,280426,0.362328605,60,245224,110,449.58
45811,P18,25339,280324,0.605395299,48,725312,90,1359.96
45811,P20,25343,120464,0.580949519,24,348012,90,1305.05
45812,P09,25317,280574,0.767258089,84,804332,90,861.78
45812,P13,25327,280490,0.556036325,12,83272,90,624.54
45812,P13,25328,280576,0.422435897,60,316320,90,474.48
45812,P14,25331,120431,0.467280983,36,209940,90,524.85
45812,P20,25345,280166,0.68236451,88,1498800,90,1532.86
45812,P21,25348,280324,0.712424986,94,1671520,90,1600.39
45813,P11,25319,280264,0.489191595,54,329676,90,549.46
45813,P14,25332,120532,0.309915865,48,185652,90,348.10
45813,P18,25340,280480,0.678012821,70,1184624,90,1523.09
45814,P12,25429,280397,0.244743893,45,124232,110,303.68
45815,P13,25329,280574,0.077390491,12,11590,90,86.93
45815,P14,25455,120536,0.266132479,30,99640,90,298.92
45816,P09,25389,280169,0.517070009,89,574320,90,580.77
45816,P10,25392,280351,0.664802944,162,1344072,90,746.71
45816,P11,25393,280256,0.466346154,24,139680,90,523.80
45816,P12,25452,280436,0.39540371,26,115964,110,490.62
45816,P18,25408,280480,0.684549825,66,1127700,90,1537.77
45816,P19,25412,280351,0.618491587,160,2470008,90,1389.38
45816,P20,25449,280421,0.616139156,24,369092,90,1384.10
45816,P21,25418,280324,0.611600315,114,1740272,90,1373.90
45817,P11,25394,280590,0.423557692,12,63432,90,475.74
45817,P11,25395,280592,0.513728632,36,230808,90,577.02
45817,P12,25398,280256,0.45982906,36,206592,90,516.48
45817,P14,25402,120431,0.608327991,60,455516,90,683.27
45817,P14,25453,120451,0.465117521,12,69656,90,522.42
45817,P15,25407,280348,0.485576923,12,72720,90,545.40
45817,P20,25416,120436,0.780769231,40,779520,90,1753.92
45818,P16,25459,280256,0.5965765,91,677520,90,670.07
45819,P11,25458,241283,0.593643162,54,400068,90,666.78
45819,P18,25410,280451,0.717681624,24,429920,90,1612.20
45819,P20,25417,280244,0.777901664,94,1825144,90,1747.48
45820,P09,25390,280425,0.453731685,42,237828,90,509.63
45820,P14,25403,120433,0.476762821,12,71400,90,535.50
45820,P14,25404,280090,0.421554487,12,63132,90,473.49
45820,P18,25411,280344,0.662885617,64,1058920,90,1489.11
45821,P11,25397,280264,0.545405983,36,245040,90,612.60
45821,P13,25516,280244,0.283092949,36,127188,90,317.97
45821,P14,25401,120436,0.484882479,18,108924,90,544.62
45821,P21,25419,280222,0.656057692,40,655008,90,1473.77
45822,P09,25391,280582,0.643997062,24,192890,90,723.34
45822,P14,25405,280571,0.522369124,12,78230,90,586.73
45823,P09,25460,280582,0.789246127,48,472790,90,886.48
45823,P10,25465,280351,0.647320513,150,1211784,90,727.07
45823,P11,25466,280264,0.498329999,141.87,882312,90,559.72
45823,P13,25517,280244,0.787980769,14,137676,90,885.06
45823,P14,25518,280571,0.820546207,48,491540,90,921.64
45823,P16,25500,280256,0.642715618,66,529392,90,721.90
45823,P18,25480,280344,0.587974092,24,352220,90,1320.83
45823,P19,25483,280351,0.340424679,24,203928,90,764.73
45823,P20,25485,280107,0.362568681,42,380088,90,814.47
45823,P21,25487,280222,0.670789052,152,2544920,90,1506.86
45824,P15,25473,280348,0.602492768,78.18,587844,90,676.72
45824,P17,25477,280480,0.658517801,69.5,1142344,90,1479.29
45824,P18,25481,280105,0.73838141,24,442320,90,1658.70
45825,P09,25461,251200,0.65887574,26,213792,90,740.05
45825,P14,25468,280571,0.788862179,24,236280,90,886.05
45825,P18,25482,280489,0.733250343,112,2049816,90,1647.17
45825,P20,25520,280480,0.505929487,112,1414336,90,1136.52
45826,P09,25462,280586,0.638445513,60,478068,90,717.10
45826,P14,25469,120437,0.653053775,18,146702,90,733.51
45826,P16,25521,280264,0.524929888,96,628908,90,589.60
45827,P14,25470,280244,0.612590812,60,458708,90,688.06
45827,P17,25478,280490,0.711758814,12,213186,90,1598.90
45827,P17,25479,280324,0.734467456,52,953280,90,1649.91
45828,P15,25474,120463,0.398076923,48,238464,90,447.12
45829,P09,25463,280104,0.653125,24,195624,90,733.59
45829,P10,25530,280351,0.61095467,168,1280952,90,686.22
45829,P14,25472,120536,0.533253205,12,79860,90,598.95
45830,P09,25524,280592,0.898855311,42,471144,90,1009.59
45830,P13,25531,280264,0.654054636,108,881561,90,734.63
45830,P14,25533,120531,0.624519231,24,187056,90,701.46
45830,P14,25634,120536,0.385389957,12,57716,90,432.87
45830,P15,25635,120463,0.617223748,42,323524,90,693.27
45830,P16,25545,280256,0.669015425,64,534356,90,751.44
45830,P17,25633,280324,0.828525641,20,413600,90,1861.20
45830,P18,25552,280489,0.745252404,64,1190496,90,1674.14
45830,P20,25555,280490,0.562823184,60,842884,90,1264.33
45830,P21,25560,280222,0.628453947,76,1192152,90,1411.76
45830,P21,25637,280212,0.465865385,12,139536,90,1046.52
45831,P14,25535,120534,0.82900641,6,62076,90,931.14
45831,P19,25632,280351,0.654053474,134.5,2195736,90,1469.27
45832,P09,25525,280583,0.697056624,60,521956,90,782.93
45832,P14,25536,280164,0.727537393,12,108956,90,817.17
45832,P14,25562,120532,0.61383547,24,183856,90,689.46
45832,P15,25541,280490,0.499893162,12,74864,90,561.48
45832,P15,25542,280351,0.590997526,57,420412,90,663.81
45832,P20,25556,280169,0.583153045,40,582220,90,1310.00
45833,P14,25537,280107,0.302857906,60,226780,90,340.17
45833,P16,25546,280351,0.737459936,96,883536,90,828.32
45833,P18,25553,280405,0.689823718,12,206616,90,1549.62
45833,P18,25554,280453,0.622872151,36,559688,90,1399.22
45834,P09,25529,280478,0.624993323,24,187198,90,701.99
45834,P20,25557,241283,0.543790064,24,325752,90,1221.57
45834,P21,25561,280590,0.81002938,12,242620,90,1819.65
45834,P21,25571,280480,0.693923611,60,1039220,90,1558.83
45835,P09,25527,280576,0.688600427,30,257812,90,773.44
45835,P13,2532,280351,0.744484509,12,111494,90,836.21
45835,P13,25532,280351,0.556730769,24,166752,90,625.32
45835,P15,25543,280106,0.296025641,25,92360,90,332.50
45835,P18,25655,280490,0.457729033,48,548396,90,1028.24
45835,P20,25559,120464,0.694791667,36,624312,90,1560.78
45836,P12,25595,120436,0.450285809,51.72,290644,90,505.76
45836,P13,25596,280256,0.355448718,6,26616,90,399.24
45836,P13,25596,280351,0.646033654,48,387000,90,725.63
45836,P14,25538,120444,0.650060096,12,97353,90,730.15
45836,P14,25539,120448,0.669297543,12,100234,90,751.76
45837,P09,25660,280572,0.817858574,48,489930,90,918.62
45837,P10,25594,280351,0.567467949,48,339936,90,637.38
45837,P14,25598,120453,0.535243056,24,160316,90,601.19
45837,P16,25608,280351,0.631781377,9.5,74904,90,709.62
45837,P16,25609,280256,0.720532544,32.5,292248,90,809.30
45837,P18,25618,280490,0.982411859,4,98084,90,2206.89
45837,P18,25662,280480,0.553231838,24,331408,90,1242.78
45837,P19,25620,280351,0.681997863,36,612816,90,1532.04
45837,P20,25659,120436,0.838197115,20,418428,90,1882.93
45837,P21,25621,280222,0.557299679,40,556408,90,1251.92
45838,P14,25663,120532,0.450694444,24,134992,90,506.22
45838,P17,25613,280166,0.343108974,10,85640,90,770.76
45838,P17,25675,280166,0.64576656,36,580260,90,1450.65
45838,P18,25619,280480,0.704631927,124,2180864,90,1582.89
45838,P19,25676,280351,0.680947581,124,2107560,90,1529.68
45839,P09,25591,280391,0.785389957,36,352860,90,882.15
45839,P10,25672,280351,0.590980498,71,523656,90,663.79
45839,P13,25678,120464,0.686725427,72,617064,90,771.33
45839,P14,25600,120431,0.516857448,42,270916,90,580.53
45839,P14,25601,120532,0.542307692,12,81216,90,609.12
45839,P16,25674,280256,0.744818376,36,334632,90,836.58
45839,P21,25679,280222,0.725746909,112,2028840,90,1630.32
45840,P09,25590,280104,0.622252747,42,326160,90,698.91
45840,P12,25623,280256,0.599091293,91,680376,90,672.90
45840,P16,25656,280559,0.437767094,36,196680,90,491.70
45840,P17,25639,280452,0.555054754,24,332500,90,1246.88
45841,P14,25599,120431,0.470833333,24,141024,90,528.84
45841,P17,25614,280591,0.684417568,64,1093316,90,1537.48
45842,P09,25592,280451,0.660790598,12,98960,90,742.20
45842,P14,25602,120536,0.474198718,12,71016,90,532.62
45842,P16,25611,280324,0.55548433,36,249568,90,623.92
45843,P09,25762,280478,0.605235043,24,181280,90,679.80
45843,P13,25764,120464,0.735542582,56,514056,90,826.16
45843,P14,25603,120436,0.581490385,24,174168,90,653.13
45843,P16,25612,280323,0.11965812,9,13440,90,134.40
45844,P09,25683,280478,0.624292201,12,93494,90,701.21
45844,P09,25769,280451,0.615811966,12,92224,90,691.68
45844,P12,25692,280256,0.670716783,66,552456,90,753.35
45844,P14,25765,120436,0.766773504,24,229664,90,861.24
45844,P15,25735,120463,0.579121121,30.33,219208,90,650.47
45844,P16,25703,280323,0.538461538,8,53760,90,604.80
45844,P17,25767,280590,0.735924145,36,661272,90,1653.18
45844,P18,25705,280480,0.717233574,160,2864344,90,1611.19
45844,P19,25707,280351,0.760715144,160,3037992,90,1708.87
45844,P20,25744,120464,0.641116751,49.25,788112,90,1440.20
45844,P21,25713,280222,0.690753205,60,1034472,90,1551.71
45845,P09,25726,280493,0.73201567,36,328880,90,822.20
45845,P14,25699,120430,1.233190883,6.75,103884,90,1385.12
45845,P17,25740,280323,0.548183761,36,492576,90,1231.44
45846,P09,25727,280103,0.752759972,18,169100,90,845.50
45846,P11,25771,280213,0.454318489,38,215456,90,510.29
45846,P13,25733,280450,0.541054779,33,222828,90,607.71
45846,P15,25736,120436,0.688541667,12,103116,90,773.37
45846,P15,25737,120448,0.427617521,36,192120,90,480.30
45846,P20,25745,280169,0.623944979,24,373768,90,1401.63
45846,P21,25747,280212,0.732657967,28,512040,90,1645.84
45847,P09,25682,280587,0.666087963,36,299260,90,748.15
45847,P12,25729,280379,0.524546887,36,213008,110,650.86
45847,P12,25773,120450,0.404038462,10,50424,90,453.82
45847,P13,25772,280264,0.488837312,43.5,265380,90,549.06
45847,P17,25741,280421,0.546498397,40,545624,90,1227.65
45847,P20,25709,280104,0.592114049,24,354700,90,1330.13
45848,P11,25774,280264,0.270860043,24,81128,90,304.23
45848,P15,25738,120437,0.535787992,41,274152,90,601.80
45848,P15,25739,280318,0.701282051,12,105024,90,787.68
45848,P20,25710,280106,0.379206731,60,567900,90,851.85
45848,P21,25716,280592,0.696514423,24,417240,90,1564.65
45849,P09,25728,280107,0.678605769,36,304884,90,762.21
45849,P11,25688,280264,0.334348291,24,100144,90,375.54
45849,P11,25688,280601,0.483413462,24,144792,90,542.97
45849,P12,25731,280378,0.580249302,33,215992,110,719.97
45849,P17,25742,280451,0.584985978,48,700860,90,1314.11
45849,P21,25746,280559,0.625981571,48,749976,90,1406.21
45850,P12,25784,280380,0.555695581,65,407436,110,689.51
45850,P15,25789,280348,0.61564217,56,430260,90,691.49
45851,P10,25779,280351,0.498952354,134,834408,90,560.42
45851,P11,25840,280601,0.444364316,12,66548,90,499.11
45851,P11,25841,280602,0.44642094,18,100284,90,501.42
45851,P17,25791,280103,0.60565655,64,967500,90,1360.55
45851,P18,25796,280490,0.728392094,36,654504,90,1636.26
45851,P19,25799,280351,0.673024207,152,2553400,90,1511.88
45851,P20,25800,280106,0.323918269,36,291060,90,727.65
45851,P21,25805,280590,0.593803419,12,177856,90,1333.92
45851,P21,25806,280213,0.644097222,24,385840,90,1446.90
45852,P09,25776,280557,0.642454594,24,192428,90,721.61
45852,P11,25780,280345,0.518999288,36,233176,90,582.94
45852,P18,25797,280421,0.609877342,52,791572,90,1370.03
45852,P20,25801,120464,0.731579416,36,657368,90,1643.42
45852,P21,25807,280480,0.714358145,116,2068324,90,1604.73
45853,P09,25777,280478,0.704246795,36,316404,90,791.01
45853,P15,25790,120463,0.665013826,102,846536,90,746.94
45854,P09,25778,280493,0.727163462,36,326700,90,816.75
45854,P11,25782,280345,0.414446529,20.5,106032,90,465.51
45854,P12,25785,280377,0.115130024,12,15584,110,142.85
45854,P12,25785,280380,0.544769504,24,147480,110,675.95
45854,P17,25792,280105,0.571297409,48,684460,90,1283.36
45854,P20,25803,120436,0.60005609,40,599096,90,1347.97
45855,P11,25783,280256,0.686004274,72,616416,90,770.52
45855,P12,25786,280376,0.369368457,42,174992,110,458.31
45855,P18,25798,120463,0.509932559,48,610940,90,1145.51
45855,P18,25798,280421,0.589877137,24,353360,90,1325.10
45856,P09,25910,280104,0.475453408,41,243280,90,534.03
45856,P10,27979,280351,0.683653846,12,102384,90,767.88
45856,P17,25794,280452,0.472906651,48,566580,90,1062.34
45856,P20,25802,251200,0.637523371,48,763804,90,1432.13
45857,P12,25787,280375,0.543380615,12,73552,110,674.23
45857,P15,25852,120463,0.634995994,48,380388,90,713.23
45858,P09,25908,241283,0.663078704,36,297908,90,744.77
45858,P10,25844,280351,0.619204782,148,1143696,90,695.49
45858,P12,25914,280375,0.592996454,24,160536,110,735.79
45858,P16,25885,280256,0.724467256,148,1338120,90,813.72
45858,P17,25857,280451,0.562792776,52,730460,90,1264.26
45858,P18,25860,570223,0.651191907,16,260060,90,1462.84
45858,P19,25863,280351,0.654621394,160,2614296,90,1470.54
45858,P20,25865,280169,0.773803603,58,1120220,90,1738.27
45858,P21,25868,280480,0.747094351,160,2983596,90,1678.27
45859,P09,25883,280107,0.80133547,36,360024,90,900.06
45859,P12,25915,280488,0.591302725,19,126728,110,733.69
45859,P15,25909,280425,0.568990385,24,170424,90,639.09
45859,P18,25861,280105,0.493246973,36,443212,90,1108.03
45860,P12,25849,280426,0.485209811,48,262712,110,602.05
45860,P15,25853,280264,0.643504902,102,819156,90,722.78
45860,P17,25886,280344,0.615584936,12,184380,90,1382.85
45860,P18,25862,280324,0.726346154,100,1812960,90,1631.66
45861,P09,25891,280104,0.753383191,18,169240,90,846.20
45861,P17,25888,280344,0.488514957,24,292640,90,1097.40
45861,P17,25888,280490,0.353271902,12,105812,90,793.59
45861,P20,25867,280585,0.692220735,88,1520449,90,1555.00
45862,P09,25884,280256,0.65625,72,589680,90,737.10
45862,P12,25830,280436,0.361761229,12,48968,110,448.87
45862,P12,25850,280436,0.283392435,24,76720,110,351.63
45862,P17,25887,280222,0.650169502,52,843868,90,1460.54
45863,P12,25851,280539,0.431631206,35,170408,110,535.57
45864,P10,25923,280351,0.66988266,118,986496,90,752.41
45865,P09,25917,280489,0.79150641,24,237072,90,889.02
45865,P12,25924,280397,0.674684791,36,273976,110,837.15
45865,P15,25928,280264,0.650621601,49.5,401928,90,730.78
45865,P16,25930,280212,0.621297359,67,519504,90,697.84
45865,P17,25932,280490,0.584521902,72,1050456,90,1313.07
45865,P18,25934,280324,0.600503027,36,539588,90,1348.97
45865,P19,25938,280351,0.54390625,160,2172144,90,1221.83
45865,P20,25940,280318,0.65234375,48,781560,90,1465.43
45865,P21,25944,280480,0.693881119,88,1524096,90,1558.73
45866,P09,25918,570223,0.567708333,12,85020,90,637.65
45866,P09,25919,280453,0.661688034,30,247736,90,743.21
45866,P18,25935,280493,0.490495905,36,440740,90,1101.85
45867,P12,25925,120532,0.437699028,31,169337,90,491.62
45867,P15,25956,241283,0.479358974,30,179472,90,538.42
45867,P20,25943,280103,0.648981704,48,777532,90,1457.87
45868,P09,25920,251200,0.483912037,36,217412,90,543.53
45868,P12,25926,280090,0.416546474,24,124764,90,467.87
45868,P16,25957,280222,0.532489879,38,252528,90,598.09
45868,P17,25976,280222,0.55999053,88,1230008,90,1257.96
45868,P18,25936,280391,0.426906306,86,916380,90,959.00
45869,P09,25921,280582,0.758747329,12,113630,90,852.23
45869,P12,25927,120430,0.713221154,12,106812,90,801.09
45869,P15,25929,120430,0.459254808,24,137556,90,515.84
45869,P20,26006,280344,0.707582131,64,1130320,90,1589.51
45869,P21,25945,280213,0.567708333,68,963560,90,1275.30
45870,P09,25922,280581,0.678472222,30,254020,90,762.06
45870,P09,26020,280582,0.594484509,12,89030,90,667.73
45870,P11,26018,120437,0.160869565,23,46176,90,180.69
45870,P12,26022,120430,0.53125,24,159120,90,596.70
45870,P15,26023,280566,0.689863782,48,413256,90,774.86
45870,P16,26024,280563,0.72431891,48,433896,90,813.56
45871,P12,26060,120536,0.24778312,12,37108,90,278.31
45871,P12,26065,280090,0.49644765,12,74348,90,557.61
45872,P09,25977,280581,0.69447338,72,624026,90,780.03
45872,P12,25986,120532,0.698427961,42,366088,90,784.47
45872,P15,25993,280566,0.650480769,48,389664,90,730.62
45872,P16,25996,280563,0.610436699,96,731352,90,685.64
45872,P17,26007,280256,0.590597309,136,2004818,90,1326.72
45872,P18,25998,280421,0.552083333,24,330720,90,1240.20
45872,P19,26001,280351,0.642592836,128,2053007,90,1443.52
45872,P20,26002,280344,0.730842075,11,200660,90,1641.76
45872,P21,26003,280222,0.47550905,68,807072,90,1068.18
45873,P11,26069,120437,0.63647929,32.5,258156,90,714.89
45873,P14,25989,280345,0.637752525,66,525304,90,716.32
45873,P18,25999,280480,0.723114879,76,1371720,90,1624.41
45874,P11,26070,280563,0.336492674,105,440940,90,377.95
45874,P12,25985,280164,0.682371795,12,102192,90,766.44
45874,P12,25988,120450,0.724412393,24,216976,90,813.66
45874,P15,25994,280264,0.529225709,114,752940,90,594.43
45874,P16,25997,280256,0.730897436,30,273648,90,820.94
45874,P16,25997,280601,0.207572115,16,41448,90,233.15
45875,P09,25978,280583,0.72724359,24,217824,90,816.84
45875,P12,26108,280256,0.44453602,84,466016,90,499.30
45875,P21,26004,280405,0.664362439,37,613552,90,1492.42
45876,P09,25979,280586,0.708547009,60,530560,90,795.84
45876,P14,25990,280601,0.613942308,36,275832,90,689.58
45876,P18,26000,280324,0.652564103,36,586368,90,1465.92
45877,P14,25991,280601,0.339690171,24,101744,90,381.54
45877,P21,26005,280256,0.441105769,24,264240,90,990.90
45878,P14,25992,280602,0.19465812,12,29152,90,218.64
45878,P16,26112,280591,0.683453526,48,409416,90,767.66
45879,P09,26072,280256,0.751495726,12,112544,90,844.08
45879,P09,26130,280256,0.809188034,12,121184,90,908.88
45879,P11,26077,120448,0.52431891,72,471132,90,588.92
45879,P12,26110,120430,0.56875,24,170352,90,638.82
45879,P14,26082,120430,0.70267094,36,315696,90,789.24
45879,P15,26086,280264,0.736230276,78,716676,90,826.93
45880,P09,26073,280587,0.363782051,24,108960,90,408.60
45880,P12,26133,280107,0.363581731,24,108900,90,408.38
45880,P14,26083,120531,0.501522436,24,150216,90,563.31
45880,P16,26089,280212,0.634882479,36,285240,90,713.10
45881,P09,26074,280588,0.451932939,65,366608,90,507.61
45881,P13,26081,280256,0.310541311,108,418560,90,348.80
45881,P14,26085,120437,0.548744658,36,246540,90,616.35
45881,P17,26093,280103,0.622723024,24,373036,90,1398.89
45881,P18,26096,280323,0.690998932,48,827872,90,1552.26
45881,P21,26099,280490,0.795703125,16,317772,90,1787.47
45882,P11,26078,120436,0.543131868,21,142344,90,610.05
45882,P15,26087,280318,0.557825855,36,250620,90,626.55
45882,P16,26139,280563,0.602211538,60,450936,90,676.40
45882,P17,26094,280166,0.599288273,68,1017160,90,1346.24
45882,P20,26140,251200,0.029493857,24,17668,90,66.26
45882,P20,26140,280166,0.28707265,24,171968,90,644.88
45882,P21,26100,280166,0.704346955,24,421932,90,1582.25
45882,P21,26100,280480,0.610677083,24,365820,90,1371.83
45883,P11,26080,280582,0.617227564,24,184872,90,693.27
45883,P14,26111,120436,0.528798077,60,395964,90,593.95
45883,P16,26091,280222,0.683713942,32,273048,90,767.95
45883,P18,26097,280166,0.547295673,16,218568,90,1229.45
45883,P18,26097,280480,0.575527511,24,344764,90,1292.87
45883,P21,26138,120464,0.302901309,24,181450,90,680.44
45884,P09,26075,280584,0.643429487,24,192720,90,722.70
45884,P11,26079,280107,0.208867521,18,46920,90,234.60
45884,P13,26079,280256,0.412660256,12,61800,90,463.50
45884,P14,46111,120436,0.609935897,12,91344,90,685.08
45884,P15,26088,280169,0.743930288,48,445644,90,835.58
45885,P09,26076,280583,0.283814103,24,85008,90,318.78
45885,P11,26200,280581,0.493088942,24,147690,90,553.84
45886,P09,26142,280583,0.361052836,66,297392,90,405.53
45886,P11,26146,280581,0.69154296,114,983872,90,776.74
45886,P13,26179,280256,0.562532266,149,1046040,90,631.84
45886,P14,26180,120436,0.579050926,36,260156,90,650.39
45886,P15,26153,280169,0.763438645,42,400164,90,857.49
45886,P16,26198,280563,0.747435897,24,223872,90,839.52
45887,P14,26148,120433,0.586658654,24,175716,90,658.94
45887,P16,26199,280566,0.696599003,54,469452,90,782.42
45888,P14,26151,280478,0.670448718,30,251016,90,753.05
45888,P15,26154,280121,0.692588141,24,207444,90,777.92
45889,P09,26143,280587,0.199358974,24,59712,90,223.92
45889,P15,26155,280318,0.739022436,24,221352,90,830.07
45889,P16,26160,280264,0.692502289,84,725964,90,777.82
45889,P17,26181,280324,0.395205662,24,236744,90,887.79
45889,P18,26166,280324,0.598133903,90,1343648,90,1343.65
45889,P20,26169,280169,0.717578125,16,286572,90,1611.97
45889,P21,26171,280480,0.612510016,64,978448,90,1375.94
45890,P09,26144,280451,0.465044071,48,278580,90,522.34
45890,P14,26152,280166,0.186775031,42,97900,90,209.79
45890,P15,26156,280264,0.653926282,12,97932,90,734.49
45890,P15,26157,280348,0.665448718,60,498288,90,747.43
45890,P17,26164,280592,0.528455529,64,844176,90,1187.12
45890,P20,26197,251200,0.604727564,72,1086768,90,1358.46
45891,P11,26147,280264,0.540897436,45,303768,90,607.54
45892,P09,26145,280452,0.61204594,12,91660,90,687.45
45892,P13,26210,280351,0.616784251,169,1300872,90,692.77
45893,P09,26203,280452,0.722603785,42,378760,90,811.63
45893,P11,26265,280264,0.791239316,4.5,44436,90,888.72
45893,P14,26211,280166,0.740673967,72,665540,90,831.93
45893,P15,26216,280348,0.476282051,12,71328,90,534.96
45893,P15,26243,280405,0.767582418,42,402336,90,862.15
45893,P16,26218,280264,0.820150502,57.5,588540,90,921.19
45893,P17,26221,280591,0.624459135,48,748152,90,1402.79
45893,P18,26225,280324,0.72767094,48,871808,90,1634.64
45893,P19,26228,280351,0.636715022,40.3,640464,90,1430.32
45893,P20,26229,120436,0.817236904,40.75,831228,90,1835.84
45893,P21,26232,280480,0.64468149,48,772380,90,1448.21
45895,P09,26204,280452,0.606971154,12,90900,90,681.75
45895,P09,26204,280453,0.609775641,12,91320,90,684.90
45895,P15,26262,280405,0.715304487,24,214248,90,803.43
45895,P16,26219,280563,0.756101441,68.5,646376,90,849.25
45896,P09,26205,280103,0.763766789,42,400336,90,857.86
45896,P14,26212,280345,0.319299451,42,167364,90,358.64
45896,P15,26246,120464,0.540281593,84,566388,90,606.84
45896,P17,26223,280104,0.528311966,12,158240,90,1186.80
45898,P09,26206,280103,0.527777778,12,79040,90,592.80
45898,P09,26206,280578,0.510149573,12,76400,90,573.00
45898,P14,26213,280345,0.412833868,24,123652,90,463.70
45898,P16,26220,280563,0.527724359,12,79032,90,592.74
45898,P16,26220,280564,0.791426282,24,237048,90,888.93
45899,P09,26267,280581,0.720686432,36,323790,90,809.48
45899,P14,26214,280601,0.392521368,24,117568,90,440.88
45900,P11,26272,120448,0.745055514,19.33,179736,90,836.85
45900,P12,26329,120450,0.524886878,42.5,278400,90,589.55
45900,P14,26320,120536,0.654465502,10.35,84536,90,735.10
45900,P15,26276,120464,0.681784188,18,153156,90,765.78
45900,P16,26278,280564,0.743990385,24,222840,90,835.65
45900,P17,26280,280103,0.708500267,24,424420,90,1591.58
45900,P18,26298,280490,0.693213141,40,692104,90,1557.23
45900,P19,26283,280351,0.721487714,72,1296600,90,1620.75
45900,P20,26284,280584,0.691804029,28,483488,90,1554.07
45900,P21,26289,280490,0.554994658,36,498696,90,1246.74
45901,P09,26327,280581,0.744370994,24,222954,90,836.08
45901,P11,26328,120448,0.716907051,96,858912,90,805.23
45901,P15,26330,120464,0.812840545,48,486924,90,912.98
45901,P16,26331,280564,0.623878205,42,327012,90,700.74
45901,P20,26285,280583,0.76917735,36,691152,90,1727.88
45901,P21,26290,280559,0.678088018,52,880104,90,1523.26
45902,P09,26269,280478,0.67386485,24,201836,90,756.89
45902,P12,26274,120453,0.705769231,12,105696,90,792.72
45902,P18,26282,280222,0.639383013,24,383016,90,1436.31
45903,P09,23270,280103,0.843162393,7.5,78920,90,947.04
45903,P09,26270,280103,0.593872229,29.5,218640,90,667.04
45903,P12,26275,120431,0.549779202,90,617512,90,617.51
45903,P15,26277,280323,0.591346154,24,177120,90,664.20
45903,P15,96330,120464,0.678125,12,101556,90,761.67
45903,P16,26279,280264,0.730789263,96,875544,90,820.82
45903,P18,26300,280222,0.641466346,48,768528,90,1440.99
45903,P19,26334,280351,0.637259615,64,1017984,90,1431.54
45903,P20,26287,280585,0.63928953,24,382960,90,1436.10
45904,P15,26369,280490,0.539316239,42,282688,90,605.76
45904,P20,26288,280103,0.663261218,24,397320,90,1489.95
45904,P21,26291,280222,0.662339744,24,396768,90,1487.88
45905,P09,26271,280106,0.388321314,48,232620,90,436.16
45905,P11,26382,280264,0.657019231,30,245988,90,737.96
45906,P11,26390,280566,0,12,0,90,0.00
45906,P15,26386,280213,0.255395299,12,38248,90,286.86
45906,P18,26383,280480,0.252516026,20,126056,90,567.25
45906,P20,26387,280166,0.528445513,24,316560,90,1187.10
45906,P21,26384,280564,0.389182692,24,233136,90,874.26
45907,P09,26340,280344,0.754242081,34,320040,90,847.16
45907,P11,26343,280566,0.664232772,96,795804,90,746.07
45907,P12,26345,120433,0.802724359,24,240432,90,901.62
45907,P15,26348,280213,0.744938568,24,223124,90,836.72
45907,P16,26351,280264,0.729426885,101,919428,90,819.29
45907,P18,26353,280480,0.733263221,112,2049852,90,1647.20
45907,P19,26354,280351,0.675793269,120,2024136,90,1518.10
45907,P20,26355,280166,0.606436966,24,363280,90,1362.30
45907,P21,26360,280564,0.700625,40,699504,90,1573.88
45908,P09,26341,280453,0.582838424,68,494620,90,654.64
45908,P12,26346,120430,0.607104701,144,1091040,90,681.90
45908,P15,26347,280324,0.681276709,24,204056,90,765.21
45908,P20,26356,280583,0.451368857,24,270388,90,1013.96
45909,P15,26349,280563,0.674967949,60,505416,90,758.12
45911,P09,26342,120436,0.680488782,48,407640,90,764.33
45911,P11,26344,120436,0.500686813,42,262440,90,562.37
45911,P15,26350,241283,0.610024929,54,411108,90,685.18
45911,P16,26352,241287,0.708433494,48,424380,90,795.71
45911,P20,26358,280585,0.701794872,20,350336,90,1576.51
45911,P21,26361,280480,0.709909188,48,850528,90,1594.74
45912,P20,256358,280585,0.571634615,48,684864,90,1284.12
45913,P09,26449,280478,0.539423077,6,40392,90,605.88
45913,P11,26445,280578,0.646734776,24,193710,90,726.41
45913,P16,26447,120448,0.698557692,12,104616,90,784.62
45913,P21,26448,280490,0.698317308,16,278880,90,1568.70
45914,P09,26396,280478,0.753468884,48,451358,90,846.30
45914,P11,26400,280566,0.743910256,24,222816,90,835.56
45914,P12,26402,120430,0.698192664,36,313684,90,784.21
45914,P15,26405,280222,0.767387821,48,459696,90,861.93
45914,P16,26408,120448,0.770352564,18,173052,90,865.26
45914,P18,26411,280480,0.794353466,128,2537864,90,1784.44
45914,P19,26412,280351,0.629306573,126,1979144,90,1413.67
45914,P20,26414,280585,0.74183925,52,962848,90,1666.47
45914,P21,26418,280480,0.723894899,24,433642,90,1626.16
45915,P11,26401,280563,0.676560758,138,1165200,90,759.91
45915,P12,26403,120451,0.834965035,11,114624,90,937.83
45915,P16,26421,280591,0.592254274,36,266088,90,665.22
45915,P21,26420,280324,0.619459707,112,1731712,90,1391.55
45916,P09,26397,280104,0.749821937,36,336880,90,842.20
45916,P12,26404,280107,0.709887335,66,584720,90,797.35
45916,P15,26406,280222,0.76147614,36,342116,90,855.29
45916,P16,26422,280564,0.765763717,93,888776,90,860.11
45916,P20,26416,120436,0.693042201,12,207580,90,1556.85
45917,P09,26398,280493,0.77991453,24,233600,90,876.00
45917,P15,26409,280591,0.584668803,66,481580,90,656.70
45918,P09,26430,280451,0.524958452,54,353780,90,589.63
45918,P20,26417,280318,0.611567397,72,1099060,90,1373.83
45919,P12,26500,120448,0.573798077,48,343728,90,644.49
45920,P15,26502,280264,0.798157051,12,119532,90,896.49
45920,P16,26465,280564,0.742438811,44,407688,90,833.91
45921,P09,26453,280451,0.818065662,14.8,151100,90,918.85
45921,P11,26454,280563,0.771875,24,231192,90,866.97
45921,P12,26456,120448,0.933173077,4,46584,90,1048.14
45921,P15,26463,280264,0.709622352,138,1222140,90,797.05
45921,P18,26467,280452,0.525874733,72,945060,90,1181.33
45921,P19,26470,280351,0.699781469,88,1537056,90,1571.99
45921,P20,26471,120464,0.636255509,64,1016380,90,1429.28
45921,P21,26476,280323,0.708854167,64,1132352,90,1592.37
45922,P11,26455,280566,0.653675214,90,734208,90,734.21
45922,P12,26457,280379,0.520777515,54,317216,110,646.18
45922,P14,26462,280601,0.5944608,52.78,391568,90,667.70
45924,P12,26458,280380,0.520756501,60,352448,110,646.15
45924,P18,26468,280421,0.635416667,20,317200,90,1427.40
45924,P20,26472,280586,0.562556757,24,336994,90,1263.73
45924,P21,26477,280222,0.612533387,24,366932,90,1376.00
45925,P14,26460,280090,0.170459402,24,51056,90,191.46
45926,P11,26543,241287,0.638060897,36,286668,90,716.67
45926,P14,26461,120448,0.299519231,24,89712,90,336.42
45927,P11,26571,120448,0.721634615,12,108072,90,810.54
45927,P12,26545,280375,0.548660362,18,111400,110,680.78
45927,P14,26547,280347,0.363368056,24,108836,90,408.14
45927,P15,26464,280344,0.167948718,12,25152,90,188.64
45927,P15,26520,280344,0.712981831,45.3,403080,90,800.82
45928,P11,26548,120448,0.633253205,36,284508,90,711.27
45928,P12,26572,280375,0.33714539,24,91272,110,418.33
45928,P14,26516,280347,0.538952991,30,201784,90,605.35
45928,P14,26572,280090,0.687980769,24,206064,90,772.74
45928,P18,26524,280103,0.634615385,72,1140480,90,1425.60
45928,P19,26526,280351,0.732688492,42,768092,90,1645.91
45928,P20,26528,280584,0.341274202,49,417392,90,766.64
45928,P21,26531,280222,0.575679242,35.56,510960,90,1293.21
45929,P11,26549,120436,0.662852564,30,248172,90,744.52
45929,P12,26573,280376,0.640647163,48,346872,110,794.92
45929,P14,26515,280345,0.626264245,36,281368,90,703.42
45930,P15,26586,280344,0.669721572,29.23,244308,90,752.23
45931,P11,26582,280264,0.546274469,93,634028,90,613.58
45931,P12,26510,280377,0.596808511,12,80784,110,740.52
45931,P12,26510,280488,0.522340426,6,35352,110,648.12
45931,P12,26583,280378,0.633510638,12,85752,110,786.06
45931,P14,26585,280571,0.652654504,78,635320,90,733.06
45931,P18,26525,280324,0.737901142,80,1473441,90,1657.62
45931,P19,26588,280351,0.650901442,96,1559664,90,1462.19
45931,P20,26589,280584,0.361912393,24,216800,90,813.00
45931,P21,26555,280222,0.597926683,48,716364,90,1343.18
45932,P12,26512,280488,0.401891253,12,54400,110,498.67
45932,P13,26584,280256,0.698621795,60,523128,90,784.69
45932,P15,26522,280405,0.603668091,36,271216,90,678.04
45932,P20,26529,280323,0.51475917,72,925084,90,1156.36
45933,P12,26550,120532,0.402521368,30,150704,90,452.11
45933,P15,26647,280452,0.579282407,36,260260,90,650.65
45933,P21,26532,280213,0.630171608,48,754996,90,1415.62
45934,P12,26551,120536,0.593963675,12,88952,90,667.14
45934,P14,26650,120436,0.670272436,12,100380,90,752.85
45935,P11,26593,280264,0.69789501,111,966780,90,783.88
45935,P12,26595,280090,0.707865919,24,212020,90,795.08
45935,P12,26652,120536,0.502350427,12,75232,90,564.24
45935,P13,26602,280256,0.61994302,162,1253376,90,696.32
45935,P14,26603,120436,0.650440705,24,194820,90,730.58
45935,P15,26608,280452,0.626402244,24,187620,90,703.58
45935,P18,26611,280212,0.437873932,72,786912,90,983.64
45935,P19,26614,280351,0.544968792,152,2067568,90,1224.22
45935,P20,26618,241287,0.726201923,40,725040,90,1631.34
45935,P21,26649,280324,0.786650641,40,785392,90,1767.13
45936,P12,26598,120430,0.646794872,12,96864,90,726.48
45936,P14,26604,280166,0.659073565,126,1036380,90,740.27
45936,P15,26636,280105,0.752136752,18,168960,90,844.80
45937,P12,26596,120534,0.715064103,12,107088,90,803.16
45937,P12,26597,120532,0.568429487,42,297948,90,638.46
45937,P15,26607,280541,0.603472222,36,271128,90,677.82
45937,P15,26609,280104,0.742254274,12,111160,90,833.70
45937,P20,26617,251200,0.580255075,72,1042788,90,1303.49
45937,P21,26622,280213,0.735850694,24,440804,90,1653.02
45937,P21,26622,280480,0.648665137,88,1424780,90,1457.16
45938,P11,2593,280264,0.709535256,12,106260,90,796.95
45938,P18,26612,280591,0.396424279,64,633264,90,890.53
45939,P12,26599,120431,0.624305556,12,93496,90,701.22
45939,P15,26605,241283,0.749225427,36,336612,90,841.53
45940,P11,26594,280169,0.592013889,36,265980,90,664.95
45940,P12,26600,120453,0.355208333,24,106392,90,398.97
45940,P15,26606,280425,0.542654915,24,162536,90,609.51
45940,P20,26616,280318,0.370552885,16,147984,90,832.41
45941,P09,26654,280493,0.618990385,40,309000,90,695.25
45941,P12,26601,120448,0.571832579,17,121320,90,642.28
45941,P14,26698,280478,0.474893162,12,71120,90,533.40
45941,P15,26699,280103,0.344417735,12,51580,90,386.85
45941,P18,26613,280592,0.730208333,24,437424,90,1640.34
45941,P20,26619,280585,0.449332265,24,269168,90,1009.38
45942,P11,26657,280169,0.575701663,74,531672,90,646.63
45942,P13,26660,280256,0.617031808,158,1216688,90,693.05
45942,P14,26661,280478,0.5855836,24,175394,90,657.73
45942,P15,26670,280103,0.67972028,66,559872,90,763.46
45942,P18,26673,280590,0.779647436,24,467040,90,1751.40
45942,P19,26675,280351,0.677198677,157,2653752,90,1521.26
45942,P20,26676,280586,0.52170584,72,937568,90,1171.96
45942,P21,26679,280480,0.778587963,18,349804,90,1749.02
45943,P09,26702,280493,0.716479701,12,107300,90,804.75
45943,P14,26662,280345,0.618349359,12,92604,90,694.53
45943,P14,26663,280602,0.668678775,18,150212,90,751.06
45943,P18,26674,280567,0.68478389,136,2324540,90,1538.30
45944,P09,26656,280571,0.64275641,100,802160,90,721.94
45944,P09,26705,280106,0.833066239,12,124760,90,935.70
45944,P14,26665,120430,0.756891026,24,226704,90,850.14
45945,P11,26658,120448,0.712573099,57,506896,90,800.36
45945,P14,26664,120433,0.62008547,12,92864,90,696.48
45945,P15,26686,280559,0.747275641,36,335736,90,839.34
45945,P20,26677,280324,0.7800414,24,467276,90,1752.29
45945,P20,26677,280480,0.645562901,64,1031248,90,1450.19
45946,P14,26666,120531,0.597930021,24,179092,90,671.60
45946,P15,26671,280348,0.396191239,60,296668,90,445.00
45948,P11,26685,280450,0.595032051,24,178224,90,668.34
45948,P14,26753,120444,0.483846154,17.5,105672,90,543.46
45949,P09,26707,280571,0.624131944,24,186940,90,701.03
45949,P11,26710,280318,0.650017806,54,438060,90,730.10
45949,P13,26757,280256,0.65,2,16224,90,730.08
45949,P14,26715,280107,0.728877171,31,281988,90,818.67
45949,P15,26717,280103,0.645299145,42,338240,90,724.80
45949,P16,26720,280591,0.707165524,50.5,445684,90,794.29
45949,P18,26723,280567,0.797355769,112,2229024,90,1791.18
45949,P19,26724,280324,0.662580128,24,396912,90,1488.42
45949,P19,26724,280351,0.736335637,128,2352504,90,1654.10
45949,P20,26725,280324,0.725901442,64,1159584,90,1630.67
45950,P09,26708,280572,0.663213869,66,546276,90,744.92
45950,P14,26716,280166,0.737820513,84,773472,90,828.72
45951,P11,26711,280107,0.831118881,33,342288,90,933.51
45951,P15,26718,280421,0.4765625,72,428220,90,535.28
45951,P16,26721,280480,0.731176549,48,438004,90,821.26
45951,P22,26727,280324,0.722485978,16,288532,90,1622.99
45952,P20,26726,280583,0.626509688,88,1376116,90,1407.39
45953,P09,26709,280587,0.459099003,36,206264,90,515.66
45953,P11,26712,280264,0.733563135,53,485208,90,823.94
45953,P16,26722,280324,0.673646724,54,453984,90,756.64
45954,P09,26803,280584,0.721670228,36,324232,90,810.58
45954,P14,26802,280478,0.823363095,42,431574,90,924.80
45954,P15,26719,280451,0.770633013,32,307760,90,865.58
45954,P18,26804,280590,0.752884615,40,751680,90,1691.28
45955,P15,26806,280451,0.658476743,18.55,152440,90,739.60
45956,P09,26759,280571,0.827012108,54,557340,90,928.90
45956,P11,26761,280264,0.720764063,100.73,906080,90,809.56
45956,P13,26763,280351,0.543178292,143.27,971208,90,610.10
45956,P14,26809,280571,0.636712073,24,190708,90,715.16
45956,P16,26769,280324,0.769604701,48,461024,90,864.42
45956,P18,26773,280591,0.813728632,36,731184,90,1827.96
45956,P19,26775,280351,0.706656651,160,2822104,90,1587.43
45956,P20,26776,280585,0.527564103,72,948096,90,1185.12
45956,P21,26779,280480,0.600716991,154,2309060,90,1349.45
45957,P14,26766,120450,0.516105769,36,231876,90,579.69
45957,P18,26774,280324,0.768571687,106.5,2043048,90,1726.52
45958,P09,26760,241283,0.736988912,18.5,170156,90,827.79
45958,P14,26767,120532,0.542200855,12,81200,90,609.00
45958,P16,26770,280323,0.592084001,48,354682,90,665.03
45959,P12,26777,280622,0.438425926,12,56820,120,568.20
45959,P14,26768,280347,0.647344322,42,339312,90,727.10
45959,P18,26744,280324,0.547836538,16,218784,90,1230.66
45959,P20,26777,280105,0.65476429,24,392230,90,1470.86
45960,P11,26862,280121,0.596121795,60,446376,90,669.56
45960,P16,26771,280490,0.755851787,66,622580,90,848.97
45960,P20,26778,280453,0.556440304,64,888880,90,1249.99
45961,P09,26881,280425,0.720273794,29.5,265176,90,809.01
45961,P14,26880,280345,0.49079995,28.63,175364,90,551.27
45963,P09,26887,280169,0.731794872,60,547968,90,821.95
45963,P11,26883,120436,0.798041311,108,1075632,90,896.36
45963,P13,26889,280351,0.618811881,20.2,156000,90,695.05
45963,P14,26815,280345,0.626442308,12,93816,90,703.62
45963,P14,26816,120534,0.705936165,48,422884,90,792.91
45963,P16,26821,280490,0.649855769,60,486612,90,729.92
45963,P18,26821,280490,0.65221688,36,586056,90,1465.14
45963,P18,26824,280324,0.681810897,88,1497584,90,1531.62
45963,P19,26824,280324,0.739633413,64,1181520,90,1661.51
45963,P19,26826,280351,0.494937354,88,1087120,90,1111.83
45963,P20,26826,280351,0.571789864,64,913400,90,1284.47
45963,P20,26827,280451,0.586738782,48,702960,90,1318.05
45963,P21,26827,280451,0.632794058,63,995056,90,1421.51
45963,P21,26886,570261,0.584129446,46.5,677964,90,1312.19
45963,P22,26833,280480,0.624465812,42,654640,90,1402.80
45963,P22,26886,570261,0.62721688,72,1127184,90,1408.98
45964,P09,26813,280581,0.616310541,72,553792,90,692.24
45964,P14,26818,120433,0.704861111,30,263900,90,791.70
45964,P16,26822,280590,0.743856838,36,334200,90,835.50
45964,P18,26822,280590,0.769391026,36,691344,90,1728.36
45967,P11,26930,280169,0.641094322,42,336036,90,720.08
45967,P14,26819,120431,0.630448718,12,94416,90,708.12
45967,P14,26820,120437,0.762227564,60,570756,90,856.13
45967,P16,26823,280323,0.751733683,66,619188,90,844.35
45968,P09,26950,280572,0.688401442,24,206190,90,773.21
45968,P20,26830,280166,0.686648638,48,822660,90,1542.49
45968,P21,26832,570261,0.662613515,48,793864,90,1488.50
45968,P22,26836,280318,0.347880037,35,303908,90,781.48
45969,P09,26954,280105,0.731436966,12,109540,90,821.55
45969,P11,26953,280318,0.475801282,12,71256,90,534.42
45969,P12,26949,120436,0.586217949,24,175584,90,658.44
45969,P19,26953,280256,0.491559829,9,110424,90,1104.24
45970,P09,26894,280105,0.695032051,12,104088,90,780.66
45970,P09,26895,280586,0.847996795,32,338656,90,952.47
45970,P11,26958,280318,0.476255342,36,213972,90,534.93
45970,P12,26901,120436,0.56338141,12,84372,90,632.79
45970,P12,26902,280107,0.557652244,24,167028,90,626.36
45970,P14,26956,120448,0.856490385,24,256536,90,962.01
45970,P16,26908,280323,0.758370726,60,567868,90,851.80
45970,P18,26910,280324,0.628846154,12,188352,90,1412.64
45970,P18,26911,280212,0.74663141,100,1863592,90,1677.23
45970,P19,26913,280351,0.692605311,112,1936192,90,1555.87
45970,P20,26957,280106,0.503771749,28,352076,90,1131.67
45970,P21,26920,570261,0.522791466,64,835128,90,1174.40
45971,P11,26898,280169,0.529113248,36,237720,90,594.30
45971,P12,26900,120448,0.646153846,36,290304,90,725.76
45971,P14,26906,120532,0.677575973,54,456632,90,761.05
45971,P20,26915,120436,0.645369734,84,1353108,90,1449.76
45971,P22,26900,280421,0.543439503,48,651084,90,1220.78
45972,P09,26896,280588,0.82311463,34,349264,90,924.52
45972,P16,26909,120448,0.760782967,42,398772,90,854.51
45973,P09,26961,280583,0.512780449,24,153588,90,575.96
45973,P11,26899,280264,0.757599852,78,737478,90,850.94
45973,P12,26903,120451,0.569319801,18,127892,90,639.46
45973,P14,26948,120532,0.684788996,48,410216,90,769.16
45973,P21,26921,570261,0.614596688,48,736336,90,1380.63
45974,P09,27000,280490,0.572156933,54,385588,90,642.65
45974,P12,26904,280164,0.535289797,48,320660,90,601.24
45974,P16,27001,251200,0.591025641,36,265536,90,663.84
45975,P14,26907,120430,0.534918091,36,240328,90,600.82
45975,P18,26912,280318,0.821187233,24,491924,90,1844.72
45975,P18,26912,280480,0.809795673,24,485100,90,1819.13
45975,P19,26914,280256,0.669220318,46,768372,90,1503.34
45975,P20,26918,280584,0.484329212,28,338488,90,1088.00
45975,P21,26946,280490,0.741196441,38,703010,90,1665.02
45976,P11,27020,280580,#DIV/0!,12,94360,,0.00
45976,P12,27018,120431,0.626963141,24,187788,90,704.21
45976,P16,27019,280318,0.765544872,24,229296,90,859.86
45976,P20,226918,280584,0.506410256,12,151680,90,1137.60
45977,P09,26963,280585,0.846474359,72,760608,90,950.76
45977,P11,26966,280580,#DIV/0!,36,308840,,0.00
45977,P12,26971,120430,0.722747507,36,324716,90,811.79
45977,P14,26973,120430,0.697340745,64,556980,90,783.25
45977,P16,26979,280264,0.696527778,48,417248,90,782.34
45977,P18,26938,280480,0.827978098,12,247996,90,1859.97
45977,P18,26982,280480,0.565384615,12,169344,90,1270.08
45977,P19,26984,280256,0.562740385,24,337104,90,1264.14
45977,P20,26919,280584,0.614248252,11,168648,90,1379.85
45977,P21,26986,280490,0.779740919,12,233548,90,1751.61
45977,P21,26987,280480,0.491024038,100,1225596,90,1103.04
45977,P22,26989,280453,0.438719284,60,657026,90,985.54
45978,P11,26967,280578,0.486927083,60,364611,90,546.92
45978,P12,26969,120531,0.707820513,30,265008,90,795.02
45978,P14,26974,280090,0.506690705,24,151764,90,569.12
45978,P18,26983,280344,0.711028555,88,1561760,90,1597.25
45978,P19,26985,280351,0.659676773,124,2041726,90,1481.90
45979,P14,26975,280601,0.657919338,24,197060,90,738.98
45979,P16,27015,570261,0.731818182,66,602784,90,821.98
45980,P09,26962,280583,0.734668803,24,220048,90,825.18
45980,P12,26972,280107,0.696883903,36,313096,90,782.74
45980,P14,26976,280602,0.660870726,12,98972,90,742.29
45981,P09,26964,280478,0.583482143,42,305838,90,655.37
45981,P11,26968,280572,0.775462963,36,348400,90,871.00
45981,P12,27061,120436,0.614211213,59,452256,90,689.88
45982,P11,27099,280591,0.573682336,36,257744,90,644.36
45982,P14,2697,120430,0.814182692,8,81288,90,914.49
45982,P16,27016,280480,0.563000801,48,337260,90,632.36
45982,P18,27102,280324,0.702706553,36,631424,90,1578.56
45982,P21,27017,280591,0.717387821,24,429744,90,1611.54
45982,P22,26991,280590,0.637560096,16,254616,90,1432.22
45983,P09,27101,280324,0.726175214,24,217504,90,815.64
45983,P14,26873,120430,0.723130342,12,108296,90,812.22
45983,P14,27104,120450,0.686244658,12,102772,90,770.79
45983,P18,27109,280324,0.642051282,10,160256,90,1442.30
45983,P19,27093,280351,0.765705128,12,229344,90,1720.08
45983,P21,27106,280324,0.623557692,12,186768,90,1400.76
45983,P21,27108,280324,0.355235043,12,106400,90,798.00
45983,P22,27103,280324,0.398717949,12,119424,90,895.68
45983,P22,27111,280324,0.507264957,12,151936,90,1139.52
45992,P09,27024,280421,0.630074786,30,235900,90,707.70
45992,P11,27028,280572,0.67068977,48,401770,90,753.32
45992,P11,27028,280573,0.144169486,5.23,9410,90,161.93
45992,P12,27031,280379,0.502600473,36,204096,110,623.63
45992,P12,27036,280380,0.400827423,24,108512,110,497.35
45992,P13,27037,280256,0.498097113,127,789464,90,559.46
45992,P15,27036,280348,0.479166667,12,71760,90,538.20
45992,P16,27041,280480,0.601678843,18.32,137564,90,675.81
45992,P17,27044,280480,0.471962582,129,1519644,90,1060.22
45992,P20,27047,280587,0.448215721,42.12,471216,90,1006.87
45992,P21,27050,280592,0.55273479,42.25,582892,90,1241.66
45993,P15,27039,280348,0.646375868,96,774410,90,726.01
45993,P16,27073,280490,0.731368284,84,766708,90,821.47
45994,P09,27025,280451,0.525106838,24,157280,90,589.80
45994,P11,27029,280425,0.642628205,12,96240,90,721.80
45994,P12,27032,280376,0.491105201,24,132952,110,609.36
45994,P12,27034,280377,0.561997636,12,76072,110,697.33
45994,P20,27049,280166,0.581976617,88,1278300,90,1307.35
45994,P21,27052,280480,0.586185397,96,1404594,90,1316.81
45995,P09,27026,251200,0.592735043,36,266304,90,665.76
45995,P11,27030,241283,0.694526627,65,563400,90,780.09
45995,P12,27035,280375,0.602689125,24,163160,110,747.82
45995,P15,27043,280559,0.600841346,24,179964,90,674.87
45995,P19,27045,280351,0.599483352,67,1002528,90,1346.68
45996,P09,270327,280586,0.791666667,8,79040,90,889.20
45996,P12,27033,280378,0.59858156,12,81024,110,742.72
45996,P16,27042,280454,0.652483974,24,195432,90,732.87
45997,P09,27027,280586,0.721736597,22,198160,90,810.65
45997,P16,27186,280590,0.638301282,12,95592,90,716.94
45998,P09,27116,280586,0.76340812,24,228656,90,857.46
45998,P11,27190,120464,0.786927656,42,412476,90,883.88
45998,P12,27125,280426,0.245288754,24.5,67788,110,304.35
45998,P12,27188,280380,0.373463357,12,50552,110,463.39
45998,P13,27131,280256,0.596082621,162,1205136,90,669.52
45998,P15,27132,280348,0.707326007,63,556128,90,794.47
45998,P16,27134,280590,0.633717949,30,237264,90,711.79
45998,P17,27187,280480,0.520506143,48,623608,90,1169.27
45998,P19,27143,280351,0.665267672,148,2457552,90,1494.46
45998,P20,27144,280103,0.467932025,48,560620,90,1051.16
45998,P21,27147,280480,0.674436157,136,2289414,90,1515.05
45998,P22,27148,280591,0.411575594,82,842380,90,924.56
45999,P09,27117,280583,0.708333333,36,318240,90,795.60
45999,P16,27135,280591,0.757345085,36,340260,90,850.65
46000,P09,27118,280585,0.785730212,23,225536,90,882.53
46000,P11,27122,280298,0.628033626,114,893516,90,705.41
46000,P12,27124,280539,0.390847687,42,185168,110,484.96
46000,P17,27140,570261,0.61886268,64,988596,90,1390.21
46000,P20,27145,120464,0.732278312,60,1096660,90,1644.99
46000,P22,27165,280453,0.597231125,36,536648,90,1341.62
46001,P09,27120,280478,0.677197064,31,261994,90,760.63
46001,P12,27123,280397,0.595035461,6,40272,110,738.32
46001,P15,27133,120463,0.496614138,90,557797,90,557.80
46001,P16,27136,280425,0.441025641,12,66048,90,495.36
46001,P16,27137,280318,0.528926282,48,316848,90,594.09
46002,P14,27238,120433,0.385274217,36,173096,90,432.74
46003,P09,27119,280421,0.732371795,48,438720,90,822.60
46003,P16,27138,280264,0.711346154,30,266328,90,798.98
46003,P17,27168,570261,0.497446748,48,595981,90,1117.46
46003,P20,27146,241287,0.599959936,24,359400,90,1347.75
46003,P21,27225,280480,0.637522258,36,572852,90,1432.13
46003,P22,27195,280451,0.315104167,4,31460,90,707.85
46003,P22,27196,280452,0.585149573,24,350528,90,1314.48
46004,P14,27126,120450,0.573290598,24,171712,90,643.92
46004,P19,27221,280351,0.55021158,153,2101192,90,1236.00
46004,P20,27255,280490,0.748704594,24,448504,90,1681.89
46004,P22,27256,570261,0.040010684,12,11984,90,89.88
46005,P09,27197,280421,0.700040064,24,209676,90,786.29
46005,P11,27202,280298,0.636798878,48,381468,90,715.25
46005,P13,27208,280256,0.74347166,126,1057752,90,755.54
46005,P14,27257,280090,0.524278846,12,78516,90,588.87
46005,P14,27259,120453,0.605395299,12,90664,90,679.98
46005,P15,27209,120463,0.487019231,24,145872,90,547.02
46005,P16,27211,280264,0.742900641,60,556284,90,834.43
46005,P17,27219,280480,0.669878205,100,1672016,90,1504.81
46005,P20,27222,280344,0.614905955,76,1166452,90,1381.32
46005,P20,27258,280490,0.701682692,12,210168,90,1576.26
46005,P21,27226,280324,0.632673454,136,2147648,90,1421.24
46005,P22,27235,570261,0.561408253,80,1121020,90,1261.15
46006,P09,27199,280450,0.628703704,18,141232,90,706.16
46006,P14,27204,120444,0.571634615,12,85608,90,642.06
46006,P14,27260,120448,0.581303419,18,130584,90,652.92
46006,P15,27210,280348,0.562570356,41,287856,90,631.88
46007,P09,27200,280585,0.626375534,24,187612,90,703.55
46007,P11,27203,280281,#DIV/0!,66,626316,90,854.07
46007,P11,27203,280298,0.655522169,48,392684,90,736.28
46007,P14,27205,120532,0.355248397,24,106404,90,399.02
46007,P16,27212,280169,0.722355769,36,324540,90,811.35
46008,P09,27201,280581,0.649388355,60,486262,90,729.39
46008,P14,27250,120532,0.576762821,12,86376,90,647.82
46009,P14,27206,120431,0.851602564,48,255072,90,478.26
46009,P16,27213,280541,0.601762821,42,315420,90,675.90
46009,P17,27216,570261,0.69775641,12,208992,90,1567.44
46009,P20,27223,280584,0.657184829,24,393680,90,1476.30
46009,P22,27236,280324,0.639316239,24,382976,90,1436.16
46010,P09,27349,280318,0.760363248,18,170808,90,854.04
46010,P17,27217,570261,0.707665598,36,635880,90,1589.70
46010,P18,27350,280480,0.129326923,25,80700,90,290.52
46010,P20,27348,570261,0.536438301,24,321348,90,1205.06
46010,P22,27237,120436,0.494621394,48,592596,90,1111.12
46011,P09,27353,280571,0.638955662,12,95690,90,717.68
46011,P14,27207,120430,0.473931624,24,141952,90,532.32
46011,P16,27214,280318,0.627644231,24,187992,90,704.97
46011,P17,27354,280480,0.727764423,12,217980,90,1634.85
46011,P20,27352,280344,0.635182959,24,380500,90,1426.88
46011,P21,27266,280324,0.797252747,7,139296,90,1790.95
46012,P09,27262,280571,0.691059541,52,448470,90,776.20
46012,P11,27263,280281,#DIV/0!,24,188436,90,706.64
46012,P13,27264,280256,0.72010989,52.5,471816,90,808.83
46012,P14,27355,120430,0.561060158,65,455132,90,630.18
46012,P15,27267,280348,0.728396072,47,427248,90,818.13
46012,P16,27268,280590,0.709455128,36,318744,90,796.86
46012,P17,27270,280480,0.748704594,24,448504,90,1681.89
46012,P19,27272,280351,0.715033578,63,1124376,90,1606.25
46012,P20,27358,280480,0.722797958,27,487108,90,1623.69
46012,P21,27275,280324,0.707558362,67,1183264,90,1589.46
46012,P22,27276,280169,0.737851331,26,478836,90,1657.51
46012,P22,27357,120436,0.698237179,12,209136,90,1568.52
46013,P09,2770571,280571,0.578458868,12,86630,90,649.73
46013,P11,27359,120436,0.689018219,38,326760,90,773.91
46013,P16,27269,120464,0.719452663,26,233448,90,808.09
46013,P17,27271,280490,0.663862179,29,480530,90,1491.30
46013,P18,27360,280480,0.475029138,27.5,326060,90,1067.11
46014,P20,27362,280169,0.671356275,19,318384,90,1508.13
46024,P09,27287,280107,0.606055123,26.57,200964,90,680.72
46024,P13,27289,280256,0.520278234,45.47,295240,90,584.38
46024,P14,27290,120531,0.223735755,36,100520,90,251.30
46024,P16,27292,120430,0.23288638,2.18,6336,90,261.58
46024,P16,27292,120464,0.576709402,36,259104,90,647.76
46024,P17,27293,280490,0.50053864,36,449764,90,1124.41
46024,P18,27295,280421,0.308667961,38.83,299160,90,693.39
46024,P19,27296,280351,0.495131007,36.6,452320,90,1112.26
46024,P20,27297,280344,0.570603893,40.12,571400,90,1281.80
46024,P21,27298,280324,0.028617216,1.12,800,90,64.29
46024,P21,27299,280590,0.328846154,36,295488,90,738.72
46024,P22,27300,120448,0.435022264,44.57,483948,90,977.23
46025,P09,27288,251200,0.733413462,12,109836,90,823.77
46026,P09,27371,251200,0.782986111,36,351780,90,879.45
46026,P13,27372,280351,0.530710089,168,1112708,90,596.09
46026,P14,27387,120531,0.500961538,12,75024,90,562.68
46026,P14,27388,280090,0.733680556,12,109876,90,824.07
46026,P16,27375,241287,0.700357906,60,524428,90,786.64
46026,P16,27389,120464,0.478445513,12,71652,90,537.39
46026,P17,27376,280490,0.666927083,160,2663440,90,1498.19
46026,P18,27377,280421,0.579414019,46,665260,90,1301.60
46026,P19,27379,280351,0.64249747,152,2437584,90,1443.31
46026,P20,27380,280344,0.59767342,112,1670808,90,1342.61
46026,P21,27386,280590,0.468393716,112,1309404,90,1052.20
46026,P22,27382,280318,0.586880437,112,1640636,90,1318.37
46027,P09,27309,280166,0.68860844,24,206252,90,773.45
46027,P14,27373,120451,0.742895299,12,111256,90,834.42
46027,P14,27374,120431,0.714066952,54,481224,90,802.04
46027,P19,27374,280351,0.566272703,24,339220,90,1272.08
46028,P09,27308,280478,0.653362114,49,399544,90,733.86
46028,P18,27378,280212,0.600016997,66,988444,90,1347.88
46029,P16,27321,280213,0.748171192,34,317464,90,840.35
46030,P14,27315,280347,0.361835233,54,243848,90,406.41
46030,P16,27320,280559,0.690340909,44,379080,90,775.39
46031,P09,27392,280453,0.633814103,24,189840,90,711.90
46031,P18,27327,280480,0.509622062,48,610568,90,1144.82
46031,P20,27332,280584,0.544074422,41,556784,90,1222.21
46031,P21,27334,570261,0.524971955,40,524132,90,1179.30
46031,P22,27339,280480,0.491935096,40,491148,90,1105.08
46032,P09,27474,280573,0.585603632,24,175400,90,657.75
46032,P14,27316,280345,0.49821047,12,74612,90,559.59
46032,P16,27475,280121,0.301282051,12,45120,90,338.40
46033,P09,27393,280573,0.785492343,36,352906,90,882.27
46033,P12,27466,280379,0.509515366,48,275872,110,632.21
46033,P13,27441,280351,0.633360043,72,569112,90,711.39
46033,P14,27400,280478,0.660576923,45,370980,90,741.96
46033,P14,27476,280345,0.588541667,12,88140,90,661.05
46033,P16,27405,280121,0.559375,24,167544,90,628.29
46033,P17,27407,280213,0.591490208,136,2007849,90,1328.72
46033,P18,27411,280490,0.5838657,132,1923674,90,1311.60
46033,P18,27479,280480,0.6671875,4,66612,90,1498.77
46033,P19,27416,280351,0.677207282,160,2704495,90,1521.28
46033,P20,27419,280583,0.543088071,23,311776,90,1219.99
46033,P21,27477,570261,0.568773195,76,1078940,90,1277.69
46033,P22,27425,280480,0.340438034,12,101968,90,764.76
46033,P22,27426,280451,0.631170826,84,1323338,90,1417.86
46033,P22,27426,280452,0.452528045,40,451804,90,1016.56
46034,P09,27430,570468,0.726237536,18,163142,90,815.71
46034,P16,27406,251200,0.702110043,36,315444,90,788.61
46034,P20,27420,120448,0.611982249,52,794304,90,1374.76
46034,P20,27420,280107,0.710828437,72,1277444,90,1596.81
46034,P21,27424,280324,0.570344933,84,1195808,90,1281.22
46035,P09,27402,280572,0.844150641,24,252840,90,948.15
46035,P12,27467,280376,0.468408319,48,253615,110,581.20
46035,P14,27401,280571,0.723860399,45,406520,90,813.04
46035,P16,27404,280264,0.699085945,108,942256,90,785.21
46036,P09,27394,280581,0.801711627,72,720386,90,900.48
46036,P13,27524,280256,0.463324176,42,242856,90,520.41
46037,P12,27468,280378,0.526300236,12,71240,110,653.03
46037,P12,27469,280377,0.447331982,42,211928,110,555.05
46037,P14,27540,280602,0.488127671,24,146204,90,548.27
46038,P14,27403,120430,0.643309295,24,192684,90,722.57
46039,P09,27486,280582,0.655128205,25,204400,90,735.84
46039,P12,27560,280375,0.491371158,24,133024,110,609.69
46039,P13,27492,280351,0.579608753,174,1258632,90,651.02
46039,P14,27556,120450,0.566185897,12,84792,90,635.94
46039,P17,27414,280421,0.310546875,16,124020,90,697.61
46039,P18,27409,570261,0.664429754,24,398020,90,1492.58
46039,P20,27418,280584,0.609561966,12,182576,90,1369.32
46039,P22,27513,280169,0.436674679,60,653964,90,980.95
46040,P12,27487,280488,0.444519665,22,110312,110,551.56
46040,P14,27495,120453,0.622462607,12,93220,90,699.15
46040,P14,27497,280571,0.749085717,78,729190,90,841.37
46040,P16,27559,280264,0.621501068,12,93076,90,698.07
46040,P16,27564,280324,0.63638664,114,905400,90,714.79
46040,P17,27530,280166,0.608253205,96,1457472,90,1366.38
46040,P18,27563,570261,0.531403579,24,318332,90,1193.75
46040,P19,27507,280256,0.641666667,12,192192,90,1441.44
46040,P19,27508,280351,0.723054184,148,2671020,90,1624.27
46040,P20,27558,280584,0.615678419,24,368816,90,1383.06
46040,P21,27511,280324,0.543115022,159,2155428,90,1220.05
46041,P15,27500,280480,0.58321648,96,698740,90,655.07
46041,P18,27531,280490,0.724025107,24,433720,90,1626.45
46041,P20,27533,280585,0.728171741,48,872408,90,1635.77
46041,P22,27514,280318,0.62742674,28,438496,90,1409.45
46042,P12,27488,280380,0.649992612,48,351932,110,806.51
46042,P18,27532,280490,0.664476496,24,398048,90,1492.68
46042,P18,27532,280647,0.61284965,88,1346112,90,1376.71
46043,P20,27534,280103,0.719911859,16,287504,90,1617.21
46043,P22,27537,280480,0.658273237,48,788664,90,1478.75
46044,P12,27489,280426,0.53714539,12,72708,110,666.49
46044,P12,27490,280436,0.370734831,36,150548,110,460.01
46044,P14,27527,120534,0.433684371,42,227320,90,487.11
46044,P17,27503,280647,0.604130359,64,965062,90,1357.12
46044,P20,27535,280480,0.748439726,72,1345036,90,1681.30
46045,P15,27529,280212,0.498208042,44,273576,90,559.59
46045,P16,27628,120436,0.706009615,36,317196,90,792.99
46045,P22,27536,280647,0.692067308,48,829152,90,1554.66
46046,P12,27565,120436,0.435798817,78,424224,90,489.49
46046,P14,27629,280090,0.502190171,24,150416,90,564.06
46047,P13,27568,280351,0.587074002,158,1157616,90,659.40
46047,P14,27571,280478,0.685786147,36,308110,90,770.28
46047,P14,27572,280090,0.402831197,12,60328,90,452.46
46047,P15,27631,280493,0.529868479,58,383540,90,595.15
46047,P16,27578,120436,0.6625,12,99216,90,744.12
46047,P16,27579,120464,0.701762821,12,105096,90,788.22
46047,P17,27581,280647,0.656784188,36,590160,90,1475.40
46047,P18,27586,280647,0.677572115,40,676488,90,1522.10
46047,P19,27590,280351,0.580949519,16,232008,90,1305.05
46047,P20,27592,280480,0.536111111,12,160576,90,1204.32
46047,P20,27593,280585,0.839697802,28,586848,90,1886.30
46047,P21,27597,280647,0.547596154,28,382704,90,1230.12
46047,P22,27601,280647,0.764309955,17,324312,90,1716.95
46048,P16,27580,251200,0.637820513,12,95520,90,716.40
46048,P16,27632,120448,0.50758547,54,342072,90,570.12
46048,P17,27582,280323,0.524522436,100,1309208,90,1178.29
46048,P19,27591,280256,0.693825605,124,2147418,90,1558.61
46048,P21,27598,280591,0.535271991,108,1442922,90,1202.44
46048,P22,27602,280480,0.751492469,123,2307142,90,1688.15
46049,P12,27567,120532,0.316358723,102,402712,90,355.33
46049,P14,27569,280571,0.666292735,12,99784,90,748.38
46049,P14,27570,280573,0.543870192,12,81450,90,610.88
46049,P15,27575,280421,0.651175214,24,195040,90,731.40
46049,P18,27587,280105,0.593336004,96,1421728,90,1332.87
46049,P20,27594,280586,0.732789964,96,1755882,90,1646.14
46050,P14,27574,280345,0.507745726,54,342180,90,570.30
46050,P15,27576,570223,0.568242521,24,170200,90,638.25
46051,P15,27577,120436,0.613141026,12,91824,90,688.68
46051,P15,27577,120463,0.497031441,42,260524,90,558.27
46051,P16,27577,120463,0.089983974,8,8984,90,101.07
46051,P16,27633,280264,0.747096893,52,484836,90,839.14
46052,P14,27691,280347,0.603432158,24,180740,90,677.78
46053,P14,27663,280347,0.606770833,24,181740,90,681.53
46053,P17,27650,280480,0.671710389,184,3084924,90,1508.93
46053,P18,27651,280324,0.626702724,24,375420,90,1407.83
46053,P18,27651,280344,0.525761218,16,209968,90,1181.07
46053,P19,27656,280351,0.703320662,172,3019440,90,1579.94
46053,P20,27659,280324,0.792559129,116,2294744,90,1780.40
46053,P20,27697,280324,0.599252137,12,179488,90,1346.16
46053,P21,27599,280324,0.348290598,12,104320,90,782.40
46053,P21,27698,280324,0.531089744,12,159072,90,1193.04
46053,P22,27662,280480,0.736366836,148,2720198,90,1654.17
46054,P12,27634,120532,0.58475993,102,744376,90,656.80
46054,P13,27637,280351,0.577223558,160,1152600,90,648.34
46054,P14,27639,280601,0.695023148,36,312260,90,780.65
46054,P15,27699,120463,0.727003205,48,435504,90,816.57
46054,P21,27661,280480,0.618269231,160,2469120,90,1388.88
46055,P18,27654,280324,0.580791767,64,927780,90,1304.69
46056,P09,27695,280107,0.683640491,24,204764,90,767.87
46056,P14,27640,280602,0.339262821,18,76212,90,381.06
46056,P15,27643,280421,0.613782051,36,275760,90,689.40
46056,P16,27700,280264,0.778280543,34,330240,90,874.16
46056,P18,27652,280104,0.523793625,72,941320,90,1176.65
46057,P09,27673,280264,0.565206553,36,253936,90,634.84
46057,P09,27694,241287,0.622115385,12,93168,90,698.76
46057,P14,27641,120430,0.604694177,96,724472,90,679.19
46057,P15,27644,280452,0.635683761,24,190400,90,714.00
46058,P12,27635,120431,0.595183405,36,267404,90,668.51
46058,P15,27676,280451,0.548811432,48,328760,90,616.43
46059,P09,27696,280103,0.63394765,36,284820,90,712.05
46059,P20,27766,280169,0.712059295,48,853104,90,1599.57
46060,P09,27769,280581,0.586458333,10,73190,90,658.71
46060,P12,27636,120448,0.541426282,12,81084,90,608.13
46060,P12,27690,120534,0.385336538,12,57708,90,432.81
46060,P16,27714,280264,0.747688779,109,1017096,90,839.80
46060,P22,27767,280324,0.653525641,24,391488,90,1468.08
46061,P09,27702,280581,0.791523153,67,661840,90,889.04
46061,P12,27705,120448,0.842278555,66,693768,90,946.05
46061,P13,27707,280351,0.644634378,162,1303296,90,724.05
46061,P14,27710,120431,0.740117521,18,166260,90,831.30
46061,P17,27717,570261,0.581687843,112,1626120,90,1306.70
46061,P18,27720,280324,0.681757779,89,1514484,90,1531.50
46061,P19,27724,280351,0.735429864,85,1560288,90,1652.07
46061,P20,27726,120464,0.626921695,58,907582,90,1408.32
46061,P21,27730,280480,0.64968495,88,1427020,90,1459.45
46061,P22,27735,280590,0.706938374,88,1552776,90,1588.07
46062,P14,27711,120433,0.585487892,36,263048,90,657.62
46062,P20,27728,280583,0.600614316,24,359792,90,1349.22
46063,P14,27712,120534,0.520699786,12,77980,90,584.85
46064,P09,27703,280573,0.573283921,24,171710,90,643.91
46064,P12,27706,120436,0.721282051,90,810144,90,810.14
46064,P14,27708,280478,0.518043228,78,504284,90,581.87
46064,P14,27713,280090,0.619017094,12,92704,90,695.28
46065,P09,27704,120430,0.673958333,12,100932,90,756.99
46065,P09,27704,120436,0.65042735,30,243520,90,730.56
46065,P16,27715,280450,0.787204142,13,127716,90,884.19
46065,P17,27719,280166,0.522532051,40,521696,90,1173.82
46065,P18,27721,280104,0.592363337,72,1064548,90,1330.69
46065,P19,27725,280256,0.583352468,67,975552,90,1310.44
46065,P20,27830,280451,0.694638088,24,416116,90,1560.44
46065,P21,27731,280490,0.676411147,72,1215592,90,1519.49
46065,P22,27737,280647,0.760336538,64,1214592,90,1708.02
46066,P16,27716,280592,0.704326923,36,316440,90,791.10
46066,P20,278830,280451,0.549145299,48,657920,90,1233.60
46067,P09,27835,120448,0.852684295,24,255396,90,957.74
46068,P09,27774,120448,0.669791667,12,100308,90,752.31
46068,P09,27775,280541,0.673914931,48,403702,90,756.94
46068,P12,27834,120436,0.841730769,15,157572,90,945.43
46068,P13,27776,280351,0.662120133,162,1338648,90,743.69
46068,P14,27782,120531,0.688341346,24,206172,90,773.15
46068,P14,27840,280478,0.52568109,12,78726,90,590.45
46068,P16,27785,280454,0.812980769,12,121752,90,913.14
46068,P16,27786,241283,0.650600962,48,389736,90,730.76
46068,P17,27789,280166,0.695195646,48,832900,90,1561.69
46068,P18,27792,280421,0.367120726,48,439840,90,824.70
46068,P19,27795,280256,0.628966346,24,376776,90,1412.91
46068,P19,27796,280351,0.709116809,135,2389440,90,1592.96
46068,P20,27798,280344,0.743795788,28,519824,90,1670.86
46068,P21,27833,280212,0.681243674,152,2584584,90,1530.35
46068,P22,27803,280647,0.687654247,160,2746216,90,1544.75
46069,P12,27779,280611,0.31100643,74.3,249564,100,335.89
46069,P14,27783,120430,0.644586895,36,289600,90,724.00
46069,P20,27797,241287,0.681697382,24,408364,90,1531.37
46069,P20,27797,280584,0.593108974,12,177648,90,1332.36
46070,P09,27773,280571,0.792334402,42,415310,90,889.95
46070,P16,27787,280264,0.807692308,66,665280,90,907.20
46070,P17,27791,280480,0.649696035,184,2983820,90,1459.48
46070,P18,27793,280105,0.458076559,88,1006156,90,1029.02
46071,P14,27781,120451,0.664216079,24,198946,90,746.05
46071,P20,27831,241287,0.737492716,88,1619888,90,1656.70
46072,P09,27813,280572,0.71875,12,107640,90,807.30
46072,P12,27780,280612,0.50341821,48,260972,100,543.69
46072,P14,27784,280571,0.667285839,66,549630,90,749.50
46073,P09,27906,280576,0.731993412,36,328870,90,822.18
46073,P12,280612,280612,7.71605E-06,12,1,100,0.01
46073,P16,27788,280566,0.734268162,36,329892,90,824.73
46074,P09,27913,280582,0.872395833,12,130650,90,979.88
46075,P09,27845,280582,0.750267094,12,112360,90,842.70
46075,P09,27878,280578,0.788311966,30,295144,90,885.43
46075,P12,27916,280612,0.36779321,24,95332,100,397.22
46075,P14,27882,280572,0.746594551,36,335430,90,838.58
46075,P16,27851,280566,0.661778846,12,99108,90,743.31
46075,P16,27852,280264,0.778930995,102,991548,90,874.90
46075,P17,27854,280480,0.557442818,88,1224412,90,1252.24
46075,P18,27917,280590,0.420512821,1.5,15744,90,944.64
46075,P19,27858,280351,0.780558161,41,798792,90,1753.45
46075,P20,27861,120436,0.79057492,48,947172,90,1775.95
46075,P21,27869,280564,0.633473558,48,758952,90,1423.04
46075,P22,27888,280452,0.596490385,50,744420,90,1339.96
46076,P12,27910,280614,0.624334491,64,431540,100,674.28
46076,P14,27847,120437,0.651648352,42,341568,90,731.93
46077,P09,27880,280588,0.731463675,24,219088,90,821.58
46077,P19,27859,280105,0.655138221,64,1046544,90,1471.70
46077,P19,27859,280256,0.750861378,48,899592,90,1686.74
46077,P20,27862,280169,0.729627404,40,728460,90,1639.04
46077,P21,27865,280591,0.613775374,48,735352,90,1378.79
46078,P09,27879,280586,0.643723291,24,192808,90,723.03
46078,P14,27848,120451,0.627724359,12,94008,90,705.06
46079,P09,27967,280581,0.826510295,66,680780,90,928.34
46079,P12,27911,280613,0.590007716,24,152930,100,637.21
46079,P14,27849,280345,0.560443376,48,335728,90,629.49
46079,P20,27863,280674,0.718222489,72,1290732,90,1613.42
46079,P21,27867,280323,0.668294271,64,1067560,90,1501.26
46080,P12,27923,280615,0.595897244,29.7,191140,100,643.57
46080,P15,27884,280106,0.339358974,25,105880,90,381.17
46080,P16,27853,241283,0.493509615,48,295632,90,554.31
46081,P14,27850,280478,0.466005609,24,139578,90,523.42
46081,P22,27975,280480,0.733939904,100,1831914,90,1648.72
46082,P09,27977,280581,0.588541667,12,88140,90,661.05
46082,P09,27978,280572,0.759824608,36,341374,90,853.44
46082,P14,27925,280478,0.84153312,18,189042,90,945.21
46082,P15,28008,280106,0.897435897,5,56000,90,1008.00
46082,P16,27930,280425,0.696474359,24,208608,90,782.28
46082,P16,28009,241283,0.577644231,12,86508,90,648.81
46082,P17,27951,570261,0.637332459,88,1399888,90,1431.70
46082,P19,27936,280256,0.773208042,88,1698336,90,1736.93
46082,P20,27937,251200,0.776757357,88,1706132,90,1744.91
46082,P21,27941,280682,0.64243699,88,1411100,90,1443.17
46083,P13,27924,280256,0.666535548,132,1098024,90,748.65
46083,P14,27926,280659,0.742623526,137,1269708,90,834.11
46083,P16,27932,280318,0.767681624,36,344904,90,862.26
46084,P09,27920,280586,0.75914797,24,227380,90,852.68
46085,P09,27968,280421,0.757900834,83,785064,90,851.27
46085,P16,27950,280318,0.756370192,24,226548,90,849.56
46086,P16,27933,280264,0.445192308,53,294468,90,500.04
46086,P17,27973,280451,0.326316045,66,537560,90,733.04
46086,P18,28078,280591,0.31211785,26,202552,90,701.14
46086,P19,27974,280351,0.7406013,71,1312464,90,1663.69
46086,P20,27938,280659,0.821875,66,1353924,90,1846.26
46086,P21,27942,280647,0.713691766,71,1264776,90,1603.24
46086,P22,27948,280684,0.495856227,63,779724,90,1113.89
46088,P13,28020,280256,0.60591716,143,1081344,90,680.57
46089,P09,28012,280421,0.678952991,12,101680,90,762.60
46089,P09,28013,280451,0.735309829,36,330360,90,825.90
46089,P14,28021,280659,0.70286859,60,526308,90,789.46
46089,P16,28025,280591,0.768055556,72,690144,90,862.68
46089,P17,28030,280344,0.633580395,48,759080,90,1423.28
46089,P19,28035,280256,0.736456225,152,2794056,90,1654.38
46089,P20,28036,280659,0.787489316,45,884508,90,1769.02
46089,P21,28039,280683,0.727932692,40,726768,90,1635.23
46089,P22,28044,120448,0.692668269,48,829872,90,1556.01
46090,P18,28083,570261,0.415500094,68,705220,90,933.38
46091,P09,28014,280452,0.614707977,18,138088,90,690.44
46091,P14,28022,280659,0.725894765,12,108710,90,815.33
46091,P14,28022,280660,0.58583734,48,350940,90,658.01
46091,P17,28031,570261,0.583580686,46,670044,90,1310.96
46091,P20,28037,280585,0.716927083,40,715780,90,1610.51
46091,P21,28040,280490,0.680453726,48,815238,90,1528.57
46091,P22,28046,280169,0.590796474,100,1474628,90,1327.17
46091,P22,28046,280591,0.654086538,12,195912,90,1469.34
46092,P09,28015,280566,0.770592949,24,230808,90,865.53
46092,P16,28026,280563,0.845467033,42,443160,90,949.63
46092,P17,28129,280256,0.684407051,40,683312,90,1537.45
46092,P17,28129,570261,0.46418937,24,278068,90,1042.76
46092,P18,28130,280324,0.410092338,42,429908,90,921.23
46092,P20,28038,280584,0.578632479,72,1039872,90,1299.84
46092,P21,28041,280324,0.731891026,24,438432,90,1644.12
46092,P21,28041,280480,0.60664301,42,635956,90,1362.76
46093,P09,28016,280660,0.800458511,72,719260,90,899.08
46094,P14,28023,280164,0.547026353,36,245768,90,614.42
46094,P16,28153,280674,0.609294872,30,228120,90,684.36
46095,P13,28154,280351,0.740785256,24,221880,90,832.05
46095,P14,28156,120453,0.659962607,12,98836,90,741.27
46095,P16,28028,120444,0.669711538,12,100296,90,752.22
46096,P09,28086,280576,0.748344017,30,280180,90,840.54
46096,P13,28091,280351,0.679179487,150,1271424,90,762.85
46096,P14,28094,120448,0.760737179,12,113928,90,854.46
46096,P14,28095,120437,0.810096154,12,121320,90,909.90
46096,P16,28098,280264,0.82568109,48,494616,90,927.41
46096,P16,28158,120444,0.600641026,12,89952,90,674.64
46096,P17,28102,570261,0.582725694,24,349076,90,1309.04
46096,P17,28117,570261,0.353122643,136,1198696,90,793.25
46096,P18,28103,280480,0.349679487,3.5,30548,90,785.52
46096,P19,28105,280351,0.677572115,160,2705952,90,1522.10
46096,P20,28107,280586,0.399879808,12,119772,90,898.29
46096,P20,28108,280344,0.632211538,36,568080,90,1420.20
46096,P21,28111,280324,0.727980769,160,2907264,90,1635.34
46096,P22,28112,280591,0.764103618,152,2898948,90,1716.48
46097,P14,28096,280659,0.655651147,114,932808,90,736.43
46097,P18,28104,280453,0.481670673,8,96180,90,1082.03
46097,P18,28160,280490,0.595452078,124,1842948,90,1337.62
46098,P09,28116,280563,0.68036859,48,407568,90,764.19
46098,P16,28099,280592,0.732532051,24,219408,90,822.78
46098,P20,280109,280674,0.723408525,112,2022303,90,1625.06
46099,P12,28163,280622,0.376582892,21,85409,120,488.05
46099,P16,28100,280324,0.583938746,18,131176,90,655.88
46100,P09,28088,280684,0.600614316,24,179896,90,674.61
46100,P16,28182,251200,0.523135684,60,391724,90,587.59
46101,P09,28089,280104,0.737599206,42,386620,90,828.47
46102,P14,28239,280660,0.771400908,24,231050,90,866.44
46103,P09,28165,280104,0.426415598,24,127720,90,478.95
46103,P11,28171,280264,0.687550418,89,763676,90,772.26
46103,P13,28175,280351,0.6252997,154,1201776,90,702.34
46103,P14,28177,120532,0.696015353,81,703588,90,781.76
46103,P14,28216,280660,0.491853632,6,36830,90,552.45
46103,P16,28180,280480,0.639326923,90,718092,90,718.09
46103,P17,28184,280452,0.272419872,100,679960,90,611.96
46103,P17,28241,280480,0.360563568,12,107996,90,809.97
46103,P18,28187,280480,0.576889475,124,1785496,90,1295.92
46103,P19,28189,280351,0.756476362,160,3021064,90,1699.35
46103,P20,28219,280324,0.755650871,153,2885740,90,1697.49
46103,P21,28194,280324,0.67493275,112,1886788,90,1516.17
46103,P22,28198,120437,0.565297333,112,1580300,90,1269.88
46104,P09,28166,280103,0.614449786,12,92020,90,690.15
46104,P09,28212,280588,0.629861111,48,377312,90,707.46
46104,P14,28178,120431,0.589897169,24,176686,90,662.57
46104,P18,28212,280480,0.750961538,24,449856,90,1686.96
46105,P14,28179,280347,0.608012821,12,91056,90,682.92
46106,P09,28168,280587,0.607997558,42,318688,90,682.90
46106,P12,28173,280436,0.299544073,42,141912,110,371.67
46107,P11,28170,280660,0.591301638,36,265660,90,664.15
46107,P16,28183,120430,0.58525641,12,87648,90,657.36
46107,P16,28183,120463,0.616602564,60,461712,90,692.57
46108,P09,28169,280583,0.746607906,36,335436,90,838.59
46108,P12,28172,280426,0.445147381,30.1,151140,110,552.34
46108,P14,28316,120450,0.62480575,33,257320,90,701.78
46108,P17,28185,280451,0.434056192,14.1,152760,90,975.06
46108,P18,28188,280421,0.505154915,36,453912,90,1134.78
46108,P21,28193,570261,0.630215011,48,755048,90,1415.72
46108,P22,28196,280682,0.719017094,36,646080,90,1615.20
46108,P22,28197,280590,0.724919872,12,217128,90,1628.46
46109,P11,28213,280571,0.648771368,18,145740,90,728.70
46110,P09,28244,280103,0.683368946,36,307024,90,767.56
46110,P09,28319,280585,0.756517094,12,113296,90,849.72
46110,P11,28320,280571,0.812307692,12.5,126720,90,912.38
46110,P13,28255,280351,0.673727811,65,546528,90,756.73
46110,P14,28256,120450,0.63102297,24,189004,90,708.77
46110,P16,28321,120463,0.712019231,24,213264,90,799.74
46110,P18,28306,280421,0.615563473,112,1720820,90,1382.80
46110,P19,28267,280351,0.777790179,112,2174328,90,1747.23
46110,P20,28269,280585,0.808203602,84,1694512,90,1815.55
46110,P20,28310,570261,0.582331731,12,174420,90,1308.15
46110,P21,28272,280213,0.719229338,112,2010620,90,1615.68
46110,P22,28275,280682,0.783434924,112,2190108,90,1759.91
46111,P12,28322,280379,0.69605989,18,141328,110,863.67
46111,P14,28325,120531,0.348450855,24,104368,90,391.38
46111,P16,28262,280348,0.659775641,24,197616,90,741.06
46112,P09,28245,280452,0.533653846,6,39960,90,599.40
46112,P09,28342,280452,0.479925776,19,113800,90,539.05
46112,P12,28248,280376,0.702304965,12,95064,110,871.42
46112,P12,28251,280377,0.752245863,9,76368,110,933.39
46112,P14,28328,280478,0.741927083,24,222222,90,833.33
46112,P16,28263,280563,0.388621795,24,116400,90,436.50
46113,P09,28246,280453,0.665589387,36,299036,90,747.59
46113,P12,28252,280397,0.561691382,33,209084,110,696.95
46113,P13,28343,280351,0.69380023,67,580128,90,779.28
46113,P14,28259,280478,0.574157627,78,558908,90,644.89
46113,P16,28345,280563,0.779713424,25.5,248136,90,875.77
46113,P20,28270,280583,0.907772436,16,362528,90,2039.22
46114,P12,28253,280539,0.660756501,12,89440,110,819.87
46114,P16,28265,280490,0.600774573,36,269916,90,674.79
46115,P09,28247,251200,0.644010417,48,385788,90,723.35
46115,P15,28344,280605,0.45171404,43,209776,120,585.42
46115,P18,28308,280103,0.605108173,40,604140,90,1359.32
46115,P19,28347,280351,0.771033654,40,769800,90,1732.05
46115,P20,28271,280584,0.729821047,48,874384,90,1639.47
46115,P21,28311,280324,0.752948718,40,751744,90,1691.42
46115,P22,28277,280107,0.761047676,48,911796,90,1709.62
46116,P13,28359,280256,0.509748777,173,1100568,90,572.55
46116,P14,28417,280345,0.568002137,12,85064,90,637.98
46116,P16,28266,280169,0.434922543,24,130268,90,488.51
46117,P09,28352,280318,0.792094017,18,177936,90,889.68
46117,P14,28361,280345,0.434722222,12,65104,90,488.28
46117,P14,28362,280601,0.653386752,30,244628,90,733.88
46117,P15,28367,280605,0.475484832,99.5,510956,120,616.23
46117,P16,28420,280169,0.822884615,10,102696,90,924.26
46117,P18,28419,280103,0.57619763,112,1610772,90,1294.37
46117,P19,28374,280351,0.782367081,136,2655792,90,1757.51
46117,P21,28380,280480,0.664753182,112,1236760,90,993.83
46117,P22,28381,120464,0.750478948,88,1648412,90,1685.88
46118,P09,28353,280425,0.738848825,60,553250,90,829.88
46118,P12,28357,280605,0.419040698,86,389205,120,543.08
46119,P09,28354,280581,0.7683961,48,460300,90,863.06
46119,P14,28363,280602,0.584873575,72,525544,90,656.93
46119,P20,28377,280659,0.755261752,36,678648,90,1696.62
46121,P22,28383,280642,0.637900641,12,191064,90,1432.98
46121,P22,28383,280659,0.797733516,7,139380,90,1792.03
46121,P22,28385,280480,0.745032051,12,223152,90,1673.64
46122,P09,28355,280573,0.772970085,30,289400,90,868.20
46122,P12,28358,280607,0.339991182,42,154220,120,440.63
46122,P14,28365,120431,0.517094017,12,77440,90,580.80
46122,P14,28366,280573,0.422976763,24,126690,90,475.09
46122,P15,28368,280624,0.49237167,28.5,151552,120,638.11
46122,P18,28396,280105,0.433766754,44,476380,90,974.41
46122,P20,28423,280323,0.778098291,12,233056,90,1747.92
46122,P20,28504,280659,0.725502137,30,543256,90,1629.77
46122,P21,28371,280647,0.701442308,12,210096,90,1575.72
46122,P21,28451,280559,0.661351496,36,594264,90,1485.66
46122,P22,28505,280659,0.736713287,33,606816,90,1654.95
46123,P14,28360,280478,0.195012019,8,19470,90,219.04
46123,P16,28442,280121,0.626051683,32,250020,90,703.18
46124,P09,28424,280578,0.674679487,12,101040,90,757.80
46124,P09,28425,280673,0.743411681,36,334000,90,835.00
46124,P11,28430,280673,0.60542735,60,453344,90,680.02
46124,P12,28433,280375,0.60750591,12,82232,110,753.79
46124,P12,28433,280607,0.682956104,27,199150,120,885.11
46124,P13,28508,280256,0.650147929,26,210960,90,730.25
46124,P14,28510,280478,0.527132107,46,302616,90,592.07
46124,P14,28511,120532,0.537286325,12,80464,90,603.48
46124,P14,280478,280478,0.635363248,12,95152,90,713.64
46124,P18,28446,280344,0.623430823,48,746920,90,1400.48
46124,P19,28449,280351,0.755960537,160,3019004,90,1698.19
46124,P20,28511,280659,0.691129032,15.5,267384,90,1552.55
46124,P21,28452,280490,0.559822382,48,670712,90,1257.59
46124,P22,28456,280659,0.864102564,12,258816,90,1941.12
46124,P22,28458,280169,0.756076389,36,679380,90,1698.45
46125,P12,28474,280378,0.531914894,20.5,123000,110,660.00
46125,P16,28443,280450,0.730809295,24,218892,90,820.85
46126,P09,28426,280585,0.67488345,22,185296,90,758.03
46126,P11,28431,280566,0.620849359,60,464892,90,697.34
46126,P12,28475,280380,0.683037825,36,277368,110,847.51
46126,P14,28437,280660,0.675979526,98,826750,90,759.26
46126,P15,28439,280613,0.531909722,104,597441,100,574.46
46126,P16,28444,280644,0.754567308,12,113004,90,847.53
46126,P16,28512,280644,0.60849359,12,91128,90,683.46
46126,P18,28448,280480,0.720563187,35,629484,90,1618.67
46126,P21,28453,280213,0.519362981,40,518532,90,1166.70
46126,P22,28457,241283,0.669569311,40,668498,90,1504.12
46126,P22,28459,280674,0.762393162,24,456704,90,1712.64
46127,P09,28427,280587,0.69375,30,259740,90,779.22
46127,P10,28473,280351,0.517007763,93,527472,90,510.46
46127,P16,28445,120463,0.607692308,60,455040,90,682.56
46128,P09,284428,570468,0.708066239,12,106040,90,795.30
46128,P12,28476,280375,0.32535461,12,44040,110,403.70
46128,P21,28543,280323,0.496808226,24,297608,90,1116.03
46129,P09,28428,570468,0.543936966,24,162920,90,610.95
46129,P11,28432,280264,0.572458791,42,300060,90,642.99
46129,P12,28477,280488,0.380220646,18,77200,110,471.78
46129,P16,28590,280683,0.536602564,30,200904,90,602.71
46129,P21,28592,280480,0.756276709,48,906080,90,1698.90
46129,P22,28591,280659,0.743349359,48,890592,90,1669.86
46130,P09,28593,570223,0.522702991,24,156560,90,587.10
46130,P12,28434,120430,0.102510684,12,15352,90,115.14
46130,P12,28434,280611,0.469228395,12,60812,100,506.77
46131,P09,28514,280673,0.592875,100,739908,90,665.92
46131,P10,28516,280351,0.344104747,162,640200,90,355.67
46131,P11,28517,280264,0.517948718,72,465408,90,581.76
46131,P12,28522,280611,0.625401235,60,405260,100,675.43
46131,P13,28527,280351,0.580049712,147,1064136,90,651.51
46131,P14,28528,280659,0.532429029,84,558156,90,598.02
46131,P14,28595,280660,0.69127938,12,103526,90,776.45
46131,P15,28596,280613,0.786188272,12,101890,100,849.08
46131,P15,280613,280613,0.69058642,12,89500,100,745.83
46131,P16,28567,280564,0.754558405,13.5,127128,90,847.52
46131,P16,28567,280567,0.571314103,12,85560,90,641.70
46131,P19,28539,280351,0.668629808,16,267024,90,1502.01
46131,P21,28544,280480,0.700902594,87,1522024,90,1574.51
46131,P22,28547,241287,0.667668269,24,399960,90,1499.85
46132,P15,28534,280614,0.552528345,49,292398,100,596.73
46132,P19,28540,280256,0.552510684,144,1985856,90,1241.16
46132,P20,28541,280583,0.558814103,48,334752,90,627.66
46132,P22,28548,280103,0.551045776,39,536410,90,1237.87
46133,P12,28523,280615,0.773080397,20.5,171160,100,834.93
46133,P13,28727,280351,0.410897436,12,61536,90,461.52
46134,P11,28519,280563,0.48691067,62,376752,90,546.90
46134,P12,28598,280612,0.273809038,54.5,161164,100,295.71
46134,P16,28521,280454,0.616420118,26,200016,90,692.36
46134,P20,28542,280586,0.52625106,48,595632,90,1116.81
46134,P22,28549,280104,0.5753539,24,344660,90,1292.48
46135,P14,28530,280642,0.480576923,20,119952,90,539.78
46135,P15,28535,280616,0.451302699,72,366530,100,509.07
46135,P16,28653,120463,0.625961538,24,187488,90,703.08
46135,P21,28648,280212,0.648515124,64,1035964,90,1456.82
46135,P22,28550,280421,0.601346154,65,975624,90,1350.86
46136,P09,28515,280585,0.616391941,42,323088,90,692.33
46136,P14,28533,120451,0.514155983,12,77000,90,577.50
46136,P16,28537,280348,0.776816239,36,349008,90,872.52
46136,P20,28671,120436,0.568733974,40,567824,90,1277.60
46137,P11,28518,280581,0.521233974,24,156120,90,585.45
46137,P12,28525,280379,0.036170213,6,2448,110,44.88
46137,P14,28532,120536,0.475507479,24,142424,90,534.09
46138,P09,28600,280673,0.58551015,36,263058,90,657.65
46138,P10,28604,280351,0.359996571,114,503880,90,397.80
46138,P11,28605,280581,0.637603499,48,381950,90,716.16
46138,P12,28681,280436,0.377600473,24,102224,110,468.53
46138,P13,28680,280351,0.669070513,36,300600,90,751.50
46138,P14,28676,280090,0.669308469,66,551296,90,751.77
46138,P15,28617,280607,0.322073513,66,229574,120,417.41
46138,P16,28678,280348,0.620726496,24,185920,90,697.20
46138,P19,28627,280256,0.722008547,72,1297536,90,1621.92
46138,P20,28630,280584,0.734027778,24,439712,90,1648.92
46138,P21,28633,280480,0.702392628,100,1753172,90,1577.85
46138,P21,28679,280212,0.632852564,12,189552,90,1421.64
46138,P22,28636,280318,0.658894231,12,197352,90,1480.14
46138,P22,28637,280169,0.767280164,36,360192,90,900.48
46139,P09,28601,251200,0.672740385,60,503748,90,755.62
46139,P12,28683,280436,0.545153664,12,73792,110,676.43
46139,P12,28684,280605,0.444959877,60,288334,120,576.67
46139,P16,28620,280590,0.731285178,41,374184,90,821.38
46139,P18,28625,280104,0.604742931,74,1101890,90,1340.14
46139,P20,28631,280344,0.677837481,34,575240,90,1522.69
46140,P11,28606,280659,0.740544872,30,277260,90,831.78
46140,P20,28687,280324,0.692577457,30,518602,90,1555.81
46140,P22,28638,280682,0.766559829,48,861000,90,1614.38
46141,P11,28607,280264,0.626095085,36,281292,90,703.23
46141,P14,28612,120453,0.649011752,12,97196,90,728.97
46141,P15,28616,280609,0.446722222,48,257312,120,643.28
46141,P16,28621,280563,0.615611645,48,368776,90,691.46
46141,P19,28628,280351,0.703293269,40,702168,90,1579.88
46142,P09,28688,280659,0.714049145,18,160404,90,802.02
46142,P14,28613,280660,0.645332532,24,193290,90,724.84
46142,P18,28626,280451,0.260514384,41,266600,90,585.22
46142,P20,28731,280103,0.490671741,24,293932,90,1102.25
46142,P22,28730,280659,0.641816907,16,256316,90,1441.78
46143,P09,28762,280659,0.705381944,24,211276,90,792.29
46143,P10,28763,280351,0.60997191,42,312696,90,670.06
46143,P11,28764,280264,0.615084135,48,368460,90,690.86
46143,P14,28766,280660,0.636111111,30,238160,90,714.48
46143,P16,28622,280213,0.629607372,24,188580,90,707.18
46143,P19,28769,280351,0.811196247,48,971878,90,1822.27
46143,P20,28632,280324,0.630942842,36,566940,90,1417.35
46143,P20,28770,280103,0.737980769,12,221040,90,1657.80
46143,P21,28771,280480,0.708553686,48,848904,90,1591.70
46143,P22,28772,280659,0.643679888,48,771180,90,1445.96
46144,P09,28602,280453,0.592815171,24,177560,90,665.85
46144,P12,28765,280605,0.262638889,24,68076,120,340.38
46144,P14,28774,280478,0.64485844,36,289722,90,724.31
46144,P15,28767,280609,0.340888889,24,98176,120,490.88
46144,P16,28623,280490,0.607077991,12,90916,90,681.87
46144,P16,28706,280490,0.719711538,56,502992,90,808.38
46145,P09,28689,280452,0.647311561,58,468550,90,727.06
46145,P10,28691,280351,0.605272109,147,1110408,90,679.84
46145,P11,28692,280264,0.628234266,66,517464,90,705.63
46145,P12,28776,280605,0.321219136,12,41630,120,416.30
46145,P15,28775,280609,0.708952381,10.5,89328,120,1020.89
46145,P19,28713,280351,0.80347465,154,3088428,90,1804.93
46145,P20,28714,280324,0.709572389,82,1452296,90,1593.98
46145,P21,28718,280480,0.611729768,160,2443004,90,1374.19
46145,P22,28719,280659,0.766970085,87,1435768,90,1485.28
46146,P12,28777,280622,0.396661793,38,162790,120,514.07
46146,P14,28699,120448,0.586912393,12,87896,90,659.22
46146,P14,28700,120531,0.567120726,12,84932,90,636.99
46146,P15,28780,280613,0.667441077,44,317168,100,720.84
46146,P18,28778,280451,0.291454899,32,203692,90,572.88
46146,P18,28778,280541,0.493055556,15,92300,90,553.80
46147,P09,28690,280660,0.832332516,102,1059526,90,934.88
46147,P14,28701,120532,0.497796474,24,149100,90,559.13
46147,P16,28707,280480,0.730969551,72,656820,90,821.03
46148,P11,28693,280660,0.59669805,96,714892,90,670.21
46148,P12,28694,280611,0.407525132,70,308089,100,440.13
46148,P14,28702,280347,0.459497863,30,172036,90,516.11
46149,P14,28703,280345,0.534898504,60,400532,90,600.80
46149,P20,28716,280584,0.526993189,64,841840,90,1183.84
46149,P22,28828,280103,0.644370994,56,900676,90,1447.52
46150,P16,28708,280323,0.784268162,36,352356,90,880.89
46150,P18,28710,280103,0.560363248,48,671360,90,1258.80
46151,P12,28695,280614,0.447608025,12,58010,100,483.42
46151,P12,28855,280539,0.543594622,30,171428,110,628.57
46152,P09,28783,280660,0.820405983,30,307160,90,921.48
46152,P10,28788,280351,0.688698439,138,1186104,90,773.55
46152,P11,28789,280660,0.610220798,54,411240,90,685.40
46152,P14,28853,280601,0.660754986,36,296864,90,742.16
46152,P18,28831,280324,0.496033654,64,792384,90,1114.29
46152,P19,28804,280351,0.689844247,121,2083440,90,1549.67
46152,P20,28806,280585,0.736529558,72,1323632,90,1654.54
46152,P20,28852,280583,0.771794872,12,231168,90,1733.76
46152,P21,28810,570261,0.564449786,72,1014384,90,1267.98
46152,P22,28816,280324,0.73163215,52,949600,90,1643.54
46153,P09,28784,280581,0.775507479,24,232280,90,871.05
46153,P12,28856,280397,0.785769657,14,113528,110,892.01
46153,P16,28800,280683,0.712185315,110,977688,90,799.93
46154,P09,28785,280673,0.785857372,12,117690,90,882.68
46154,P11,28790,280264,0.755769231,105,990360,90,848.88
46154,P12,28792,280377,0.774224806,12,95880,110,878.90
46154,P12,28793,280378,0.799935401,12,99064,110,908.09
46154,P14,28854,280602,0.685485348,21,179652,90,769.94
46154,P19,28805,280256,0.789957265,36,709824,90,1774.56
46154,P22,28815,280323,0.774252137,60,1159520,90,1739.28
46155,P09,28786,280566,0.614227208,36,275960,90,689.90
46155,P12,28857,280375,0.610949612,24,151320,110,693.55
46155,P14,28799,120532,0.712326389,24,213356,90,800.09
46155,P18,28803,280490,0.66204594,48,793184,90,1487.22
46155,P20,28809,280421,0.44305174,28,309640,90,995.27
46155,P21,28811,570261,0.655689103,4,65464,90,1472.94
46155,P21,28812,570261,0.452021011,36,406168,90,1015.42
46156,P09,28787,280421,0.620845204,54,418400,90,697.33
46156,P12,28794,280380,0.583850129,12,72304,110,662.79
46156,P12,28795,280379,0.580232558,12,71856,110,658.68
46156,P13,28798,280256,0.568254438,65,460968,90,638.26
46157,P12,28791,280488,0.645348837,12,79920,110,732.60
46157,P12,28940,280612,0.330335917,30,102272,100,340.91
46157,P18,28946,280480,0.676666667,40,675584,90,1520.06
46157,P20,28808,280453,0.500500801,48,599640,90,1124.33
46157,P21,28890,570261,0.631608756,88,1387316,90,1418.85
46157,P22,28933,280591,0.746292249,88,1639216,90,1676.47
46158,P16,28801,280348,0.66364729,22,182211,90,745.41
46159,P09,28862,280421,0.464476496,24,139120,90,521.70
46159,P10,28867,280351,0.618176242,162,1249804,90,694.34
46159,P11,28868,280169,0.580079643,33,238900,90,651.55
46159,P12,28872,280612,0.619282946,24,153384,100,639.10
46159,P13,28873,280256,0.721960852,112,1009128,90,810.91
46159,P16,28879,280348,0.700213675,54,471888,90,786.48
46159,P18,28926,280480,0.523971688,12,156940,90,1177.05
46159,P18,28927,280590,0.638292379,36,573544,90,1433.86
46159,P19,28884,280256,0.74,55,1015872,90,1662.34
46159,P19,28948,280351,0.626682692,12,187704,90,1407.78
46159,P20,28885,280451,0.588986823,36,529240,90,1323.10
46159,P20,28950,280453,0.514190412,12,109140,90,818.55
46160,P09,28863,280452,0.702432984,44,385720,90,788.97
46160,P11,28869,280660,0.680238381,48,407490,90,764.04
46160,P12,28947,280426,0.435825028,28,125936,110,494.75
46160,P14,28875,120437,0.759257164,51,483252,90,852.80
46161,P16,28880,120463,0.68974359,24,206592,90,774.72
46161,P20,28929,280103,0.699796598,52,908280,90,1572.02
46161,P21,28952,570261,0.660409989,24,395612,90,1483.55
46161,P22,28934,280103,0.786620816,36,706826,90,1767.07
46161,P22,28934,280104,1.098557692,4,109680,90,2467.80
46162,P09,28864,570468,0.672431184,34,285326,90,755.27
46162,P11,28870,251200,0.561378205,36,252216,90,630.54
46162,P14,120437,120437,0.759455128,12,113736,90,853.02
46162,P15,28937,280605,0.295968013,44,140644,120,383.57
46162,P16,28878,280213,0.706432948,56.5,498120,90,793.47
46162,P18,28928,280324,0.646028191,88,1418988,90,1451.24
46162,P21,28891,280480,0.595474578,88,1307948,90,1337.67
46163,P09,28865,280121,0.67647792,36,303928,90,759.82
46163,P14,28881,280659,0.664831002,66,547608,90,746.74
46163,P20,28888,280586,0.584925214,60,875984,90,1313.98
46163,P22,28935,280104,0.536825588,24,321580,90,1205.93
46164,P11,28871,280563,0.593977733,38,281688,90,667.16
46164,P13,28874,280351,0.719150641,48,430800,90,807.75
46164,P15,28944,280617,0.29578125,32,113580,100,354.94
46164,P22,28936,280344,0.746995192,48,894960,90,1678.05
46165,P09,28866,280587,0.739209402,12,110704,90,830.28
46165,P09,29017,280584,0.662713675,12,99248,90,744.36
46165,P16,28889,280318,0.434883721,21.5,116688,90,488.46
46166,P09,28953,280584,0.695502137,30,260396,90,781.19
46166,P10,29014,280351,0.577292519,145.75,1050072,90,648.41
46166,P11,28959,280563,0.661167201,60,495082,90,742.62
46166,P13,28967,280351,0.559819347,66,461112,90,628.79
46166,P14,28969,280659,0.720232372,24,215724,90,808.97
46166,P15,28976,280617,0.57990625,48,334026,100,695.89
46166,P16,29018,280318,0.602377822,87.75,659676,90,676.59
46166,P18,28979,280480,0.73257121,121.75,2226196,90,1645.65
46166,P20,28981,280324,0.805689103,64,1287040,90,1809.90
46166,P21,29019,280323,0.613354701,36,551136,90,1377.84
46166,P22,28987,280104,0.754664606,28,527420,90,1695.28
46167,P09,28954,280421,0.692004846,63.5,548400,90,777.26
46167,P14,28970,280345,0.624906517,24,187172,90,701.90
46167,P21,28985,280686,0.549753919,117.5,1447656,90,1108.84
46167,P22,28988,280591,0.731390224,24,438132,90,1643.00
46168,P11,28962,280660,0.578116097,36,259736,90,649.34
46168,P14,28971,280602,0.531009615,12,79524,90,596.43
46168,P14,28972,280347,0.661285425,19,156804,90,742.76
46168,P15,28977,280689,0.455794872,87.75,479952,100,546.95
46168,P16,28978,280592,0.517467949,12,77496,90,581.22
46168,P22,28989,280480,0.527647217,80.5,1060191,90,1185.31
46169,P13,28968,280256,0.61717243,81.75,629664,90,693.21
46169,P14,28973,120532,0.726220017,15.5,140480,90,815.69
46169,P19,29020,280351,0.665645324,85.75,1424694,90,1495.31
46169,P20,28983,280480,0.770490459,53.75,1033690,90,1730.83
46170,P09,28955,280453,0.704611823,36,316568,90,791.42
46170,P14,28974,280164,0.625961538,24,187488,90,703.08
46171,P12,28966,280613,0.325341131,28.5,100140,100,351.37
46171,P14,28975,120450,0.68258547,12,102224,90,766.68
46172,P09,28956,280660,0.698228276,18,156850,90,784.25
46172,P12,29085,280614,0.568055556,12,73620,100,613.50
46172,P14,29082,120453,0.531517094,12,79600,90,597.00
46172,P14,29084,120436,0.643269231,12,96336,90,722.52
46172,P15,29032,280689,0.584625,36,252558,100,701.55
46172,P18,29083,280686,0.634087874,24,379844,90,1424.42
46172,P20,28982,280583,0.859508547,24,514880,90,1930.80
46173,P09,29072,280493,0.752136752,12,112640,90,844.80
46173,P09,29086,280660,0.663488248,12,99364,90,745.23
46173,P10,29025,280351,0.549679487,24,164640,90,617.40
46173,P12,29028,280614,0.67820216,24,175790,100,732.46
46173,P13,29029,280256,0.764423077,24,228960,90,858.60
46173,P14,29088,120436,0.635657051,24,190392,90,713.97
46173,P18,29036,280686,0.765024038,24,458280,90,1718.55
46173,P19,29089,280351,0.728786058,16,291048,90,1637.15
46173,P20,29038,280583,0.622916667,24,373152,90,1399.32
46173,P21,29041,280686,0.538514957,24,241944,90,907.29
46173,P22,29042,280480,0.691399573,24,414176,90,1553.16
46174,P09,29023,280451,0.764711538,50,477180,90,858.92
46174,P09,29097,280493,0.526842949,12,78900,90,591.75
46174,P10,29098,280351,0.562695095,138,969096,90,632.02
46174,P11,29099,280660,0.646096743,87,701506,90,725.70
46174,P12,29100,280614,0.547800926,24,141990,100,591.63
46174,P13,29101,280256,0.663208502,114,943560,90,744.92
46174,P14,29076,120436,0.809729465,59,596220,90,909.49
46174,P15,29102,280689,0.714091667,60,514146,100,856.91
46174,P18,29104,280686,0.576903251,111,1396752,90,1132.50
46174,P20,29106,280583,0.787980769,24,472032,90,1770.12
46174,P21,29107,280686,0.656759472,134,2196624,90,1475.34
46174,P22,29108,280480,0.656894364,48,787012,90,1475.65
46175,P12,29111,280605,0.475514403,9,46220,120,616.27
46175,P12,29111,280613,0.594040836,78,500420,100,641.56
46175,P16,29103,280264,0.727708257,104.5,949048,90,817.36
46175,P18,291104,280686,0.379967949,12,113808,90,853.56
46175,P20,29079,280421,0.624298694,109,1698492,90,1402.42
46176,P22,29080,120448,0.555727346,88,1220644,90,1248.39
46177,P09,29073,570468,0.472615167,29.5,173998,90,530.84
46177,P14,29163,280107,0.307264957,9,34512,90,345.12
46178,P11,29075,280564,0.519150641,36,233244,90,583.11
46178,P15,29112,280614,0.454682325,30.75,151000,100,491.06
46179,P09,29192,280686,0.75892094,36,340968,90,852.42
46179,P11,29027,280264,0.565865385,12,84744,90,635.58
46179,P13,29030,280351,0.838335435,15.25,159552,90,941.62
46180,P10,29118,280351,0.659241453,144,1184736,90,740.46
46180,P11,29119,280264,0.66717033,42,349704,90,749.37
46180,P12,29121,280613,0.458055556,10,49470,100,494.70
46180,P12,29195,280615,0.70787037,18,137610,100,764.50
46180,P13,29194,280351,0.736004274,72,661344,90,826.68
46180,P14,29128,120450,0.568839031,18,127784,90,638.92
46180,P15,29191,280614,0.722202932,48,374390,100,779.98
46180,P16,29136,280264,0.647300296,78,630108,90,727.05
46180,P18,29139,280686,0.679723558,160,2714544,90,1526.93
46180,P20,29143,280103,0.726192678,52,942540,90,1631.32
46180,P21,29145,280686,0.655444555,154,2519424,90,1472.39
46180,P22,29147,280480,0.798770533,64,1275988,90,1794.36
46181,P09,29116,280590,0.751327123,64,600100,90,843.89
46181,P12,29122,280539,0.523527598,11.5,67912,110,649.59
46181,P14,29126,120532,0.539342949,12,80772,90,605.79
46181,P14,29129,120451,0.462980769,12,69336,90,520.02
46182,P09,29115,280585,0.649679487,8,64864,90,729.72
46182,P11,29186,120436,0.501161859,72,450324,90,562.91
46182,P12,29123,280376,0.629854779,42,298400,110,781.52
46182,P14,29127,120536,0.550988248,12,82516,90,618.87
46182,P14,29130,280602,0.376702724,24,112830,90,423.11
46182,P15,29132,280689,0.5755625,24,165762,100,690.68
46182,P20,29144,280585,0.613479345,36,551248,90,1378.12
46183,P14,29125,280478,0.658345661,78,640860,90,739.45
46183,P15,29133,280698,0.585598639,49,344332,100,702.72
46183,P16,29138,570560,0.615811966,36,276672,90,691.68
46183,P22,29185,280212,0.511214465,92,1173912,90,1148.39
46184,P09,29117,280566,0.72619391,60,543774,90,815.66
46184,P12,29124,280380,0.623680063,18,126632,110,773.86
46184,P20,29142,570261,0.190416667,35,166348,90,427.75
46185,P11,29120,280581,0.507554945,42,266040,90,570.09
46185,P12,29274,280613,0.52662037,36,204750,100,568.75
46185,P16,29137,280559,0.663581731,48,397512,90,745.34
46186,P13,29277,280351,0.676373626,7,59088,90,759.70
46186,P15,29276,280689,0.4621875,24,133110,100,554.63
46187,P09,29283,280478,0.738882212,24,221310,90,829.91
46187,P10,29270,280351,0.606015779,78,589920,90,680.68
46187,P11,29282,280581,0.645198985,24,193250,90,724.69
46187,P12,29281,280613,0.456481481,12,59160,100,493.00
46187,P12,29287,280614,0.655941358,24,170020,100,708.42
46187,P13,29280,280351,0.570661351,82,583992,90,640.97
46187,P14,29227,280601,0.53583734,24,160494,90,601.85
46187,P14,29278,280478,0.782545406,12,117194,90,878.96
46187,P15,29232,280689,0.539011364,44,284598,100,646.81
46187,P16,29235,280559,0.603846154,64,482304,90,678.24
46187,P18,29240,280686,0.658854167,24,394680,90,1480.05
46187,P21,29247,280686,0.728165064,24,436200,90,1635.75
46187,P22,29250,241283,0.722295673,24,432684,90,1622.57
46188,P09,29214,280452,0.67668964,17.3,146100,90,760.06
46188,P11,29267,280578,0.623263889,24,186680,90,700.05
46188,P12,29288,280612,0.525740741,28,158984,100,567.80
46188,P14,29226,280347,0.52857906,12,79160,90,593.70
46188,P14,29226,280601,0.605181624,12,90632,90,679.74
46188,P14,29226,280602,0.508173077,24,152208,90,570.78
46188,P18,29241,280480,0.469981822,134,1571920,90,1055.77
46188,P21,29248,280591,0.558438329,58,808440,90,1254.48
46188,P22,29251,280425,0.722063127,46,829044,90,1622.04
46189,P11,292,280673,0.523846154,10,65376,90,588.38
46189,P11,29222,280673,0.648637821,12,97140,90,728.55
46189,P14,29228,280345,0.606789044,22,166600,90,681.55
46189,P15,29290,280609,0.193777778,24,55808,120,279.04
46189,P19,29272,280351,0.373083891,46,428360,90,838.10
46189,P20,29242,570261,0.510753205,10,127484,90,1147.36
46189,P20,29243,570261,0.688511218,100,1718524,90,1546.67
46190,P09,29215,570223,0.657674501,36,295480,90,738.70
46190,P11,29221,280264,0.671688034,36,301776,90,754.44
46190,P12,29223,280397,0.462563323,28,146096,110,573.95
46190,P12,29273,280539,0.308628842,12,41776,110,382.95
46190,P13,29291,280256,0.559487179,30,209472,90,628.42
46190,P14,29229,280347,0.580929487,16,116000,90,652.50
46190,P15,29289,280610,0.367849206,42,185396,120,529.70
46190,P16,29236,570471,0.590865385,36,265464,90,663.66
46190,P22,29252,280107,0.602008795,86,1292248,90,1352.35
46191,P09,29216,280344,0.759036681,36,341020,90,852.55
46191,P11,29220,280563,0.543525641,30,203496,90,610.49
46191,P16,29237,570471,0.612019231,24,183312,90,687.42
46191,P19,29339,280256,0.356222838,65,524588,90,726.35
46191,P21,29249,280490,0.665026264,72,1195132,90,1493.92
46192,P12,29286,280380,0.518479117,36,210544,110,643.33
46192,P14,29230,570475,0.58423255,36,262484,90,656.21
46192,P15,29231,280622,0.132211934,36,51404,120,171.35
46192,P16,29238,280348,0.345875623,36,155395,90,388.49
46193,P09,29217,280586,0.519978632,24,155744,90,584.04
46193,P11,29284,280590,0.652644231,24,195480,90,733.05
46193,P12,29224,280397,0.444089835,12,60112,110,551.03
46194,P09,29371,280586,0.605844017,30,226828,90,680.48
46194,P11,29372,280590,0.665384615,12,99648,90,747.36
46194,P11,29374,280592,0.749946581,18,168468,90,842.34
46194,P12,29373,280379,0.660303388,36,268136,110,819.30
46194,P14,29304,570475,0.712636515,54,480260,90,800.43
46194,P15,29376,280652,0.531784802,58,333110,100,574.33
46194,P16,29312,280348,0.689102564,30,258000,90,774.00
46194,P18,29316,280324,0.518108974,56,724192,90,1163.88
46194,P19,29344,280256,0.580322324,154,2085762,90,1218.95
46194,P20,29369,280585,0.70579594,48,845600,90,1585.50
46194,P21,29323,280686,0.657445597,152,2494296,90,1476.89
46194,P22,29324,280103,0.729236343,46,837280,90,1638.16
46195,P09,29292,280452,0.705061432,24,211180,90,791.93
46195,P11,29296,280298,0.608501221,126,956856,90,683.47
46195,P12,29297,280375,0.713682033,24,193208,110,885.54
46195,P16,29313,280592,0.758333333,36,340704,90,851.76
46196,P09,29293,280453,0.703525641,60,526800,90,790.20
46196,P12,29300,280377,0.686761229,9,69720,110,852.13
46196,P14,29305,280164,0.501130698,36,225148,90,562.87
46196,P17,29377,570261,0.542207193,59,798476,90,1218.01
46196,P20,29320,280169,0.656314355,63.5,1040232,90,1474.34
46196,P22,29325,280451,0.566130253,36,508702,90,1271.76
46197,P12,29301,280378,0.652718676,15,110440,110,809.89
46197,P15,29309,280689,0.580636525,94,654958,100,696.76
46197,P16,29314,280563,0.679967949,36,305496,90,763.74
46197,P18,29317,280323,0.595940171,48,713984,90,1338.72
46198,P12,29298,280426,0.333488475,48,180564,110,413.79
46198,P14,29306,120453,0.478205128,7,41776,90,537.12
46198,P14,29307,280601,0.419519231,30,157068,90,471.20
46198,P16,29315,280264,0.584597578,54,393972,90,656.62
46198,P22,29326,280490,0.749534255,64,1197336,90,1683.75
46199,P09,29294,280581,0.581635379,42,304870,90,653.29
46199,P18,29318,280590,0.676322115,24,405144,90,1519.29
46200,P12,29299,280436,0.4143026,12,56080,110,514.07
46200,P14,29308,280572,0.513495277,19,121760,90,576.76
46200,P18,29319,280490,0.496814904,24,297612,90,1116.05
46201,P09,29378,280581,0.637212644,58,461240,90,715.72
46201,P10,29383,280351,0.485096154,36,217944,90,544.86
46201,P11,29451,280298,0.61650641,36,276984,90,692.46
46201,P12,29452,280612,0.586423002,19,120334,100,633.34
46201,P14,29448,280572,0.674412393,24,202000,90,757.50
46201,P15,29391,280652,0.69626634,68,511338,100,751.97
46201,P16,29393,280264,0.678672543,72,609828,90,762.29
46201,P18,29396,280490,0.705348558,112,1971816,90,1584.50
46201,P19,29400,280256,0.690311772,132,2274384,90,1550.72
46201,P20,29447,280318,0.793855168,64,1268136,90,1783.32
46201,P21,29407,280686,0.713181479,103,1833504,90,1602.09
46201,P22,29411,280490,0.699150641,100,1745080,90,1570.57
46202,P11,29454,280683,0.790785256,24,236856,90,888.21
46202,P12,29384,280613,0.748590381,33.5,270840,100,808.48
46202,P14,29416,120436,0.696033654,48,416952,90,781.79
46202,P20,29402,280451,0.709947026,72,1275860,90,1594.83
46203,P11,29455,280682,0.682371795,12,102192,90,766.44
46203,P18,29397,280213,0.738421474,12,221172,90,1658.79
46203,P18,29477,280213,0.694110577,12,207900,90,1559.25
46203,P19,29478,280256,1.138221154,4,113640,90,2556.90
46203,P20,29403,280421,0.736111111,12,220480,90,1653.60
46203,P20,29479,280421,0.814236111,12,243880,90,1829.10
46203,P21,29408,280591,0.716346154,12,214560,90,1609.20
46203,P21,29461,280591,0.769951923,12,230616,90,1729.62
46203,P22,29413,280212,0.804246795,12,240888,90,1806.66
46203,P22,29460,280212,0.705395299,12,211280,90,1584.60
46204,P09,29471,280169,0.711517559,46,408468,90,799.18
46204,P10,29472,280351,0.580173993,84,608208,90,651.65
46204,P11,29456,280660,0.350694444,12,52520,90,393.90
46204,P11,29473,280682,0.361231303,12,54098,90,405.74
46204,P14,29474,120436,0.704097985,42,369060,90,790.84
46204,P15,29475,280698,0.387692308,13,60480,100,465.23
46204,P16,29394,280348,0.5053033,54,340534,90,567.56
46204,P16,29476,280264,0.408012821,12,61104,90,458.28
46205,P11,29528,280590,0.709294872,30,265560,90,796.68
46205,P15,29392,280610,0.319291667,72,275868,120,459.78
46206,P09,29380,280264,0.568429487,12,85128,90,638.46
46206,P09,29470,280581,0.317601496,12,47564,90,356.73
46206,P14,29417,280090,0.554366987,24,166044,90,622.67
46206,P21,29421,280323,0.604874466,36,543516,90,1358.79
46206,P22,29415,280323,0.586084402,36,526632,90,1316.58
46207,P09,29381,241283,0.748197115,24,224100,90,840.38
46207,P10,29484,280351,0.564983974,168,1184568,90,634.59
46207,P14,29418,120532,0.411177885,24,123156,90,461.84
46207,P16,29395,120436,0.383333333,6,28704,90,430.56
46207,P17,29549,570261,0.42142707,18.5,160412,90,780.38
46207,P19,29401,280351,0.826762821,24,495264,90,1857.24
46208,P09,29481,280344,0.65288321,114,928870,90,733.32
46208,P11,29497,280590,0.687750836,46,394824,90,772.48
46208,P14,29552,120451,0.570219017,12,85396,90,640.47
46208,P14,29556,120532,0.580502137,12,86936,90,652.02
46208,P15,29553,280607,0.558820663,19,114670,120,724.23
46208,P15,29553,280609,0.253472222,12,36500,120,365.00
46208,P16,29555,120463,0.624825175,33,257328,90,701.80
46208,P17,29502,570261,0.592899751,72,1065512,90,1331.89
46208,P19,29504,280351,0.600465745,64,959208,90,1348.89
46208,P20,29506,280584,0.798788061,64,1276016,90,1794.40
46208,P21,29512,280324,0.788985446,152,2884960,90,1708.20
46208,P22,29513,280323,0.589957265,24,353408,90,1325.28
46209,P14,29488,120450,0.587259615,12,87948,90,659.61
46209,P14,294489,280345,0.633012821,12,94800,90,711.00
46209,P15,29495,280652,0.583687943,47,296280,100,630.38
46209,P16,29498,280405,0.454407051,24,136104,90,510.39
46209,P22,29514,280451,0.791165865,40,789900,90,1777.28
46210,P11,29499,280563,0.592450142,27,199632,90,665.44
46210,P12,29494,280622,0.09122807,19,18720,120,118.23
46210,P14,29489,280345,0.846955128,6,63420,90,951.30
46210,P14,29490,280347,0.508279915,36,228360,90,570.90
46210,P16,29500,280566,0.515865385,48,309024,90,579.42
46211,P12,29487,280612,0.495802469,15,80320,100,535.47
46211,P17,29503,280480,0.69612368,85,1476896,90,1563.77
46211,P19,29505,280256,0.654466197,88,1408872,90,1440.89
46211,P20,29508,120436,0.681418603,48,816394,90,1530.74
46211,P22,29515,280452,0.585303152,24,350620,90,1314.83
46212,P12,29486,280614,0.35692284,60,231286,100,385.48
46212,P14,29492,120448,0.43784188,60,327856,90,491.78
46212,P15,29582,280610,0.204363636,33,80928,120,294.28
46212,P16,29501,251200,0.532192308,25,166044,90,597.76
46212,P22,29516,280453,0.438812445,58,635260,90,985.75
46213,P09,29482,280581,0.588541667,24,176280,90,661.05
46213,P15,29554,280622,0.221018519,24,57288,120,286.44
46213,P20,29509,120437,0.640112238,40,551152,90,1240.09
46214,P09,29483,280478,0.817020918,9.5,96866,90,917.68
46214,P15,29623,280622,0.215913328,73.5,171392,120,279.82
46215,P09,29624,280478,0.647927175,61,493254,90,727.75
46215,P10,29561,280351,0.623441196,135.5,1054264,90,700.25
46215,P12,29625,280614,0.486395613,53.7,282090,100,525.31
46215,P14,29570,120448,0.625774573,36,281148,90,702.87
46215,P14,29622,120448,0.785096154,6,58788,90,881.82
46215,P16,29574,251200,0.708869116,67,592728,90,796.20
46215,P17,29580,280213,0.699158654,12,209412,90,1570.59
46215,P17,29581,570261,0.699921278,57,995792,90,1572.30
46215,P19,29584,280256,0.609134615,12,182448,90,1368.36
46215,P19,29585,280351,0.579241205,129,1865064,90,1301.21
46215,P20,29586,280103,0.677796562,91,1539520,90,1522.60
46215,P21,29590,280590,0.724459135,48,867960,90,1627.43
46215,P22,29594,280344,0.503340939,59,741240,90,1130.71
46217,P12,29885,280426,0.463593381,24,125504,110,575.23
46217,P14,29569,280107,0.658635212,43,353450,90,739.78
46217,P19,29885,280351,0.760657051,12,227832,90,1708.74
46217,P21,29592,280592,0.783856275,19,371736,90,1760.85
46218,P09,29557,570468,0.672402511,24,201398,90,755.24
46218,P12,29261,280613,0.740740741,12,96000,100,800.00
46218,P12,29621,280613,0.212495974,11.5,26392,100,229.50
46218,P16,29575,280121,0.658413462,24,197208,90,739.53
46218,P21,29593,280686,0.738533654,40,737352,90,1659.04
46218,P22,29595,120448,0.481436966,60,721000,90,1081.50
46219,P09,29558,280451,0.720192308,30,269640,90,808.92
46219,P12,29564,280376,0.5196316,18,105506,110,644.76
46219,P14,29568,280478,0.475253739,24,142348,90,533.81
46219,P15,29627,280652,0.432231041,42,196060,100,466.81
46219,P16,29576,280425,0.588421474,24,176244,90,660.92
46219,P17,29583,570261,0.697569444,36,626808,90,1567.02
46219,P20,29587,280104,0.643189103,64,1027456,90,1444.86
46220,P09,29559,280452,0.556089744,36,249840,90,624.60
46220,P12,29614,280380,0.526241135,36,213696,110,652.96
46220,P14,29532,120532,0.876602564,6,65640,90,984.60
46220,P14,29572,120532,0.389983974,12,58404,90,438.03
46220,P16,29577,280348,0.659249084,42,345552,90,740.47
46220,P21,29695,280212,0.743292683,20.5,380328,90,1669.73
46220,P22,29597,280480,0.438782051,28,306656,90,985.68
46221,P12,29613,280378,0.437884161,12,59272,110,543.33
46221,P14,29571,280602,0.51239984,16,102316,90,575.53
46221,P15,29573,280689,0.3526875,24,101574,100,423.23
46221,P17,29699,570261,0.668122329,24,400232,90,1500.87
46222,P09,29702,280452,0.503445513,12,75396,90,565.47
46222,P09,29703,280587,0.786467236,36,353344,90,883.36
46222,P10,29632,280351,0.619439103,160,1236896,90,695.75
46222,P12,29700,280488,0.641888298,16,115848,110,796.46
46222,P12,29701,280378,0.504669031,12,68312,110,626.19
46222,P15,29642,280689,0.662766247,159,1264558,100,795.32
46222,P16,29644,280348,0.727457265,72,653664,90,817.08
46222,P17,29648,570261,0.580619313,31,449260,90,1304.30
46222,P18,29650,280405,0.364484351,108,927948,90,773.29
46222,P19,29652,280351,0.461256631,58,667752,90,1036.17
46222,P20,29656,280169,0.706557692,50,881784,90,1587.21
46222,P22,29657,280480,0.591021329,111.5,1644836,90,1327.67
46223,P11,29633,280578,0.521881164,39,254010,90,586.18
46223,P12,29637,280539,0.398857368,36,161968,110,494.90
46223,P17,29676,570261,0.56546532,103,980924,90,857.12
46224,P09,29629,280584,0.721613529,76,684436,90,810.52
46224,P20,29654,280421,0.675468442,65,1095880,90,1517.37
46225,P11,29634,241283,0.571659919,19,135552,90,642.09
46225,P12,29638,280397,0.654337152,13,95952,110,811.90
46225,P12,29639,280379,0.539232753,22,133816,110,669.08
46225,P12,29639,280397,0.597990544,12,80944,110,741.99
46225,P14,29706,280478,0.586366334,27,197582,90,658.61
46225,P16,29645,280454,0.5347199,46,306972,90,600.60
46225,P19,29653,280256,0.605288462,76,1148208,90,1359.72
46226,P11,29635,280566,0.573584402,36,257700,90,644.25
46226,P18,29651,280480,0.636674679,40,635656,90,1430.23
46227,P09,29631,570223,0.728104968,24,218082,90,817.81
46227,P12,29640,280426,0.304718282,36,123740,110,378.09
46227,P16,29647,280563,0.522252747,42,273744,90,586.59
46227,P20,29705,280324,0.812678063,36,730240,90,1825.60
46227,P22,29658,280490,0.439855769,20,219576,90,988.09
46228,P09,29630,570468,0.77769765,12,116468,90,873.51
46228,P11,29636,280264,0.614703526,24,184116,90,690.44
46228,P17,29782,280480,0.603735978,16,241108,90,1356.23
46228,P22,29743,280490,0.678083115,44,744698,90,1523.25
46229,P09,29710,280452,0.810719373,18,182120,90,910.60
46229,P09,29784,570468,0.570686432,12,85466,90,641.00
46229,P10,29715,280351,0.557874789,137,953832,90,626.60
46229,P11,29716,280264,0.567080868,97.5,690024,90,636.95
46229,P12,29788,280436,0.346956265,24,93928,110,430.50
46229,P15,29728,280689,0.484479798,132,767416,100,581.38
46229,P16,29785,280563,0.572115385,24,171360,90,642.60
46229,P17,29737,570261,0.445913462,136,1513680,90,1001.70
46229,P18,29786,280405,0.500413996,12,149884,90,1124.13
46229,P18,29787,280490,0.673301282,40,672224,90,1512.50
46229,P19,29738,280256,0.517655325,136,1679688,90,1111.56
46229,P20,29773,280324,0.63678501,52,826496,90,1430.47
46230,P09,29711,280421,0.773464209,24,231668,90,868.76
46230,P12,29718,280375,0.605378251,24,163888,110,751.15
46230,P16,29729,280559,0.753205128,12,112800,90,846.00
46230,P16,29730,280592,0.687580128,24,205944,90,772.29
46230,P22,29744,280324,0.737027164,101,1858016,90,1655.66
46231,P09,29712,280478,0.608111645,60,455354,90,683.03
46231,P14,29723,120532,0.58424015,41,298944,90,656.22
46231,P16,29733,280318,0.482612179,48,289104,90,542.07
46231,P18,29735,280686,0.396826923,76,693336,90,821.06
46231,P20,29774,280323,0.433119658,24,259456,90,972.96
46232,P20,29775,280344,0.364115919,12,109060,90,817.95
46233,P12,29789,280426,0.305055078,47,161728,110,378.51
46233,P14,29725,120453,0.539196047,24,161500,90,605.63
46233,P16,29731,241283,0.579237288,29.5,213252,90,650.60
46233,P20,29839,280103,0.561743234,36,504760,90,1261.90
46234,P09,29714,280581,0.758346688,12,113570,90,851.78
46234,P09,29883,280581,0.779361264,28,272340,90,875.38
46234,P14,29724,280164,0.355582265,12,53252,90,399.39
46234,P20,29889,280344,0.570226648,28,398520,90,1280.96
46235,P10,29884,280351,0.427644231,24,128088,90,480.33
46235,P14,29726,280572,0.393598178,19,93330,90,442.09
46235,P15,29887,280689,0.5371875,24,154710,100,644.63
46235,P16,29734,570560,0.395192308,12,59184,90,443.88
46235,P16,29888,280107,0.381009615,12,57060,90,427.95
46235,P17,29870,570261,0.575854701,24,344960,90,1293.60
46235,P18,29809,280686,0.514305966,162,2002584,90,1112.55
46235,P19,29869,280256,0.430208333,24,257712,90,966.42
46235,P22,29890,280324,0.708867521,24,424640,90,1592.40
46236,P10,29790,280351,0.509158654,160,1016688,90,571.89
46236,P12,29843,280436,0.411140662,24,111304,110,510.14
46236,P14,29798,280572,0.734561213,71,650880,90,825.06
46236,P15,9802,280689,0.73725,12,106164,100,884.70
46236,P15,29802,280689,0.688860759,79,653040,100,826.63
46236,P16,29803,570560,0.657745726,36,295512,90,738.78
46236,P17,29893,570261,0.557345085,24,333872,90,1252.02
46236,P19,29813,280351,0.572529211,158,2257872,90,1286.13
46236,P20,29892,280344,0.683671652,24,307160,90,1151.85
46236,P22,29822,280323,0.622702991,12,186512,90,1398.84
46236,P22,29822,280324,0.830729167,36,746460,90,1866.15
46237,P12,29868,280380,0.612206047,19,131208,110,759.63
46237,P16,29804,280213,0.677564103,12,101472,90,761.04
46237,P17,29808,280480,0.691831294,110,1899492,90,1554.13
46237,P17,280480,280480,0.728792735,12,218288,90,1637.16
46237,P20,29848,280104,0.810897436,24,242880,90,910.80
46237,P21,29817,280590,0.52732906,45,592296,90,1184.59
46238,P12,29845,280377,0.625019701,18,126904,110,775.52
46238,P16,29805,280563,0.555542986,34,235728,90,623.99
46238,P20,29814,280103,0.729389245,24,327700,90,1228.88
46238,P22,29826,280318,0.584230769,65,947856,90,1312.42
46239,P12,29846,280376,0.541246734,19,116000,110,671.58
46239,P14,29797,120448,0.577863712,46,331740,90,649.06
46239,P16,29807,280264,0.684102564,15,128064,90,768.38
46239,P20,29849,280103,0.011217949,12,3360,90,25.20
46239,P20,29849,280585,0.258555227,70,419480,90,539.33
46239,P21,29818,280591,0.446826923,60,669168,90,1003.75
46240,P12,29847,280379,0.563622931,24,152584,110,699.34
46240,P15,29897,280610,0.324053763,62,241096,120,466.64
46240,P16,29806,280425,0.450340545,48,269772,90,505.82
46241,P12,29844,280539,0.470094563,12,63632,110,583.29
46241,P12,29973,280397,0.35323089,18,71720,110,438.29
46241,P14,29799,280107,0.431570513,36,193896,90,484.74
46241,P22,29824,280121,0.541038996,36,486156,90,1215.39
46242,P12,29903,280375,0.33321513,30,112760,110,413.45
46242,P12,29903,280612,0.453302469,12,58748,100,489.57
46242,P14,29800,280090,0.172115385,12,25776,90,193.32
46242,P17,29975,280324,0.432478632,12,129536,90,971.52
46242,P18,29810,570261,0.582024573,12,174328,90,1307.46
46242,P21,29819,280564,0.512299679,24,306888,90,1150.83
46242,P22,29825,251200,0.528645833,12,158340,90,1187.55
46243,P10,29902,280351,0.526012146,152,997824,90,590.82
46243,P14,29912,120532,0.521260684,12,78064,90,585.48
46243,P14,29984,280090,0.62008547,12,92864,90,696.48
46243,P15,29915,280605,0.512705761,36,199340,120,664.47
46243,P15,29985,280610,0.089777778,12,12928,120,129.28
46243,P16,29918,280264,0.567223558,120,849474,90,637.11
46243,P17,29956,280324,0.825160256,32,659072,90,1853.64
46243,P18,29976,570261,0.612041489,72,1099912,90,1374.89
46243,P19,29931,280256,0.661430921,152,2509416,90,1485.84
46243,P20,29978,280585,0.446901709,12,133856,90,1003.92
46243,P20,29979,280584,0.567735043,33,467632,90,1275.36
46243,P21,29986,280559,0.614977297,24,368396,90,1381.49
46243,P22,29940,120448,0.563713989,64.75,911052,90,1266.33
46243,P22,29987,251200,0.312620192,12,93636,90,702.27
46244,P09,29901,570468,0.695386302,19,164890,90,781.06
46244,P12,29905,280612,0.433646724,13,60884,100,468.34
46244,P14,29911,280347,0.634285969,36,284972,90,712.43
46244,P17,29923,280480,0.72515625,80,1447992,90,1628.99
46244,P21,29935,280490,0.71306891,60,1067892,90,1601.84
46245,P09,29900,280450,0.52105146,36,234098,90,585.25
46245,P12,29906,280611,0.545925926,30.5,179828,100,589.60
46245,P14,29910,280345,0.518108974,30,193980,90,581.94
46245,P15,29916,280607,0.614296296,25,165860,120,796.13
46245,P20,29933,280169,0.67970467,28,475032,90,1526.89
46246,P09,29899,280581,0.704226763,48,421860,90,790.99
46246,P18,29924,280421,0.516076516,63,811520,90,1159.31
46246,P20,29957,120448,0.526624822,36,473204,90,1183.01
46246,P21,29936,280591,0.408702409,66,673280,90,918.11
46247,P14,29913,120436,0.441346154,10,55080,90,495.72
46248,P09,30050,280323,0.025240385,6,1890,90,28.35
46248,P12,29907,280614,0.603315412,31,201990,100,651.58
46248,P15,30032,280610,0.107916667,36,46620,120,155.40
46248,P16,29919,120463,0.601410256,30,225168,90,675.50
46248,P17,30047,280324,0.581750194,33,479176,90,1306.84
46248,P20,29958,280583,0.420388986,44,461688,90,944.36
46249,P15,30056,280610,0.190340278,48,109636,120,274.09
46249,P17,30004,280324,0.475103391,31,367616,90,1067.27
46249,P18,29977,280344,0.568442842,12,170260,90,1276.95
46250,P09,30061,251200,0.458129371,22,125784,90,514.57
46250,P10,29993,280351,0.412216469,104,535024,90,463.00
46250,P14,30060,120436,0.632998252,44,347592,90,710.98
46250,P16,30037,280590,0.590769231,42.5,313344,90,663.55
46250,P16,30057,120463,0.691025641,12,103488,90,776.16
46250,P18,30055,280344,0.357305021,12,107020,90,802.65
46250,P18,30058,280451,0.626651423,82,1282580,90,1407.71
46250,P19,30011,280256,0.754961901,106,1997448,90,1695.95
46250,P20,30014,280480,0.754487179,82.5,1553640,90,1694.88
46250,P21,30017,280480,0.724496676,135,2441264,90,1627.51
46250,P22,30018,120448,0.526360225,82,1077312,90,1182.42
46251,P09,29990,280566,0.437466063,42.5,232032,90,491.36
46251,P15,30051,280622,0.36479798,22,86676,120,472.78
46251,P17,30044,280323,0.633653846,24,379584,90,1423.44
46252,P09,30006,280480,0.706089744,12,105744,90,793.08
46252,P14,2994,120437,0.551923077,6.5,44772,90,619.92
46252,P14,29994,120437,0.705496413,42,369793,90,792.41
46252,P16,30001,280591,0.598851496,36,269052,90,672.63
46252,P17,30006,280480,0.675998032,101,1704164,90,1518.56
46253,P09,29992,280264,0.594144477,78,578364,90,667.34
46253,P15,30052,280612,0.209238095,35,79092,100,225.98
46254,P14,29995,280572,0.544537927,48,326200,90,611.63
46254,P16,30002,280264,0.472467949,30,176892,90,530.68
46254,P18,30007,280453,0.495931953,52,643680,90,1114.06
46254,P20,30013,280586,0.663812099,64,1060400,90,1491.19
46254,P22,30020,241283,0.564022436,24,337872,90,1267.02
46255,P15,30053,280698,0.218611111,48,125920,100,262.33
46255,P16,30003,280348,0.579166667,36,260208,90,650.52
46255,P19,30012,280351,0.589703526,48,706512,90,1324.71
46255,P22,30021,280480,0.642098469,36,576964,90,1442.41
46256,P14,29997,120532,0.312019231,12,46728,90,350.46
46256,P15,30136,280698,0.388650794,42,195880,100,466.38
46256,P21,30016,280490,0.667977855,11,183400,90,1500.55
46256,P22,30041,280324,0.688461538,12,206208,90,1546.56
46257,P09,30062,280264,0.519791667,36,233532,90,583.83
46257,P11,30066,251200,0.525774971,33.5,219816,90,590.55
46257,P14,30138,120532,0.525614316,12,78716,90,590.37
46257,P14,30139,280090,0.500747863,24,149984,90,562.44
46257,P16,30137,280264,0.652884615,36,293328,90,733.32
46257,P17,30084,280480,0.762259615,36,684936,90,1712.34
46257,P18,30134,570223,0.455144899,48,545300,90,1022.44
46257,P18,30135,280453,0.555755876,12,166460,90,1248.45
46257,P19,30088,280351,0.565905449,24,339000,90,1271.25
46257,P20,30091,280585,0.758863837,58,1098592,90,1704.71
46257,P20,30133,280586,0.573878205,12,171888,90,1289.16
46257,P21,30095,280490,0.694746261,60,1040452,90,1560.68
46257,P22,30097,280324,0.863705929,40,862324,90,1940.23
46258,P09,30093,280566,0.811298077,12,121500,90,911.25
46258,P11,30112,120448,0.576322115,24,172620,90,647.33
46258,P14,30074,120450,0.510977564,12,76524,90,573.93
46258,P16,30083,120437,0.710817308,36,319356,90,798.39
46258,P17,30085,570261,0.815825321,40,814520,90,1832.67
46258,P19,30089,280256,0.653331801,136,2217774,90,1467.64
46258,P20,30093,280107,0.702676282,60,1052328,90,1578.49
46259,P09,30063,280566,1.234294872,6,92424,90,1386.36
46259,P09,30064,280541,0.46529781,36,209049,90,522.62
46259,P11,30067,280572,0.622128739,48,372680,90,698.78
46259,P14,30113,120536,0.655996261,18,147363,90,736.82
46259,P15,30077,280617,0.474329268,41,233370,100,569.20
46259,P18,30111,280452,0.572916667,24,343200,90,1287.00
46259,P21,30096,280480,0.670216346,100,1672860,90,1505.57
46259,P22,30098,280323,0.592855235,24,355144,90,1331.79
46260,P14,30071,280478,0.428994963,84,449724,90,481.85
46260,P14,30075,280602,0.36650641,12,54888,90,411.66
46260,P16,30082,241283,0.823839523,29,298164,90,925.34
46260,P16,30082,280559,0.339819005,8.5,36048,90,381.68
46260,P17,30141,280213,0.670104167,60,1003548,90,1505.32
46260,P18,30086,280421,0.530412296,66,873780,90,1191.52
46260,P20,30092,280584,0.580128205,18,260640,90,1303.20
46260,P22,30099,280590,0.587820513,36,528192,90,1320.48
46261,P09,30065,280451,0.706964476,48,423500,90,794.06
46261,P11,30068,280581,0.680600071,18,152890,90,764.45
46261,P16,30068,280559,0.757692308,12,113472,90,851.04
46261,P22,30100,280212,0.612962278,52,795576,90,1376.96
46262,P16,30080,280559,0.688141026,24,206112,90,772.92
46263,P09,30213,280451,0.589610043,24,176600,90,662.25
46263,P17,30212,570261,0.669711538,24,401184,90,1504.44
46263,P18,30087,280104,0.58079594,12,173960,90,1304.70
46263,P20,30214,120448,0.707612179,12,211944,90,1589.58
46264,P09,30221,280421,0.71165293,42,373020,90,799.33
46264,P10,30147,280351,0.520676923,31.25,203064,90,584.82
46264,P14,30148,280478,0.710668498,42,372504,90,798.22
46264,P15,30156,280617,0.6585625,48,379332,100,790.28
46264,P16,30219,280563,0.581294516,36,261164,90,652.91
46264,P17,30162,570261,0.686005609,40,684908,90,1541.04
46264,P18,30164,280104,0.646523326,36,580940,90,1452.35
46264,P19,30167,280256,0.76494391,48,916464,90,1718.37
46264,P20,30218,120448,0.575440705,12,172356,90,1292.67
46264,P20,30220,280318,0.798277244,16,318800,90,1793.25
46264,P21,30175,280480,0.705295139,48,845000,90,1584.38
46264,P22,30177,280590,0.726842949,48,870816,90,1632.78
46265,P16,30157,120437,0.687259615,12,102924,90,771.93
46265,P18,30166,280564,0.59150641,12,177168,90,1328.76
46265,P20,30233,280583,0.720566239,12,215824,90,1618.68
46266,P09,30142,280451,0.723023504,12,108280,90,812.10
46266,P09,30144,280493,0.658587073,36,295890,90,739.73
46266,P10,30235,280351,0.369471154,48,221328,90,414.99
46266,P14,30236,280478,0.545045406,24,163252,90,612.20
46266,P15,30238,280617,0.522125,48,300744,100,626.55
46266,P16,30239,120437,0.724839744,24,217104,90,814.14
46266,P17,30163,280686,0.618536325,36,555792,90,1389.48
46266,P17,30240,570261,0.608413462,12,182232,90,1366.74
46266,P18,30241,280564,0.47117674,28,329296,90,1058.45
46266,P19,30242,280256,0.748517628,24,448392,90,1681.47
46266,P20,30173,280583,0.606383547,24,363248,90,1362.18
46266,P20,30242,280344,0.620192308,12,185760,90,1393.20
46266,P21,30176,280324,0.722948718,40,721792,90,1624.03
46266,P22,30178,280591,0.829663462,40,828336,90,1863.76
46267,P14,30150,280347,0.587313034,12,87956,90,659.67
46267,P14,30237,280345,0.523450855,12,78392,90,587.94
46267,P16,30158,251200,0.677804487,12,101508,90,761.31
46267,P16,30159,280425,1.850961538,1,23100,90,2079.00
46267,P18,30190,280323,0.619123932,12,185440,90,1390.80
46267,P19,30168,280351,0.790064103,12,236640,90,1774.80
46267,P19,30174,280584,0.770986912,12,230926,90,1731.95
46267,P20,30174,280584,0.802777778,12,240448,90,1803.36
