line,sku,is_double_line,first_run,last_run,n_runs,hrs,kg,rate_kgph,rate_p20,rate_p80,oee_mean_hw,recent_n_runs,recent_hrs,recent_kg,recent_rate_kgph,recent_rate_p20,recent_rate_p80,recent_oee_mean_hw,low_evidence,capable,calc_rate_kgph,in_capability_table,measured_over_calc,recent_over_calc
P09,120430,False,2018-05-18,2026-02-12,4,35.5,25082.0,706.5,602.3,812.5,0.629,1.0,12.0,9084.0,757.0,757.0,757.0,0.674,False,,,False,,
P09,120431,False,2018-03-22,2020-12-01,2,34.0,21794.0,641.0,572.9,661.0,0.5707,,,,,,,,True,,,False,,
P09,120433,False,2019-11-19,2019-11-19,1,70.0,43500.0,621.2,621.2,621.2,0.5531,,,,,,,,True,,,False,,
P09,120436,False,2018-02-20,2026-02-12,29,1213.6,1001018.0,824.8,768.1,900.8,0.7343,6.0,314.0,265630.0,846.0,768.3,918.2,0.7532,False,1.0,716.0,True,1.152,1.182
P09,120437,False,2018-01-18,2025-02-16,19,772.2,618911.0,801.4,726.1,842.0,0.7135,2.0,115.0,94990.0,826.0,820.1,839.0,0.7354,False,1.0,716.0,True,1.119,1.154
P09,120444,False,2018-02-28,2021-09-12,8,175.0,130435.0,745.3,706.5,793.5,0.6636,,,,,,,,False,1.0,716.0,True,1.041,
P09,120448,False,2018-01-22,2026-02-15,20,688.5,576003.0,836.7,737.8,922.7,0.7449,5.0,91.0,70739.0,777.4,616.4,927.9,0.6921,False,1.0,716.0,True,1.169,1.086
P09,120450,False,2018-04-26,2019-03-25,4,46.8,25952.0,555.1,384.9,747.8,0.4942,,,,,,,,False,0.0,716.0,True,0.775,
P09,120464,False,2018-02-07,2025-01-26,50,2267.5,1854192.0,817.7,758.6,888.2,0.728,7.0,394.7,333140.0,844.0,794.0,903.2,0.7515,False,,,False,,
P09,120465,False,2018-05-21,2018-05-21,1,19.0,9697.0,510.4,510.4,510.4,0.4544,,,,,,,,True,1.0,716.0,True,0.713,
P09,120536,False,2018-04-12,2018-04-12,1,20.5,16965.0,827.6,827.6,827.6,0.7368,,,,,,,,True,1.0,716.0,True,1.156,
P09,241283,False,2019-04-08,2026-07-04,31,1005.5,736086.0,732.1,613.9,816.8,0.6518,6.0,157.5,121000.0,768.3,723.1,828.8,0.684,False,1.0,716.0,True,1.022,1.073
P09,241287,False,2020-04-12,2026-02-04,25,1099.0,872669.0,794.0,729.8,859.3,0.7069,4.0,89.0,66240.0,744.3,703.4,816.8,0.6626,False,,,False,,
P09,241288,False,2018-02-13,2024-01-10,13,597.5,465198.0,778.6,656.8,887.4,0.6932,,,,,,,,False,,,False,,
P09,241658,False,2018-01-09,2018-01-09,1,67.5,56727.0,840.4,840.4,840.4,0.7482,,,,,,,,True,,,False,,
P09,242027,False,2018-01-15,2018-10-08,24,1389.2,1165670.0,839.1,802.5,901.0,0.747,,,,,,,,False,,,False,,
P09,242030,False,2018-04-24,2019-12-02,14,551.2,434803.0,788.8,660.1,918.9,0.7022,,,,,,,,False,,,False,,
P09,251200,False,2018-01-24,2026-08-16,55,1844.0,1299964.0,705.0,614.9,805.7,0.6276,10.0,312.0,224498.0,719.5,619.6,792.4,0.6406,False,1.0,716.0,True,0.985,1.005
P09,280013,False,2020-08-29,2020-08-29,1,8.0,6251.0,781.4,781.4,781.4,0.6957,,,,,,,,True,,,False,,
P09,280039,False,2018-05-21,2018-07-23,3,181.0,147842.0,816.8,716.0,899.1,0.7272,,,,,,,,False,1.0,716.0,True,1.141,
P09,280040,False,2018-09-12,2019-05-01,7,125.8,91030.0,723.9,530.2,866.9,0.6445,,,,,,,,False,,,False,,
P09,280052,False,2018-10-22,2023-09-06,56,3133.5,2417234.0,771.4,694.2,856.5,0.6868,,,,,,,,False,1.0,716.0,True,1.077,
P09,280065,False,2020-09-07,2023-06-03,70,3211.9,2230170.0,694.4,603.6,775.5,0.6182,,,,,,,,False,,,False,,
P09,280068,False,2018-01-02,2020-01-24,9,274.8,205139.0,746.4,622.4,841.5,0.6646,,,,,,,,False,,,False,,
P09,280103,False,2018-07-12,2026-03-29,44,1506.9,1155772.0,767.0,657.4,865.1,0.6829,14.0,335.0,257348.0,768.2,685.1,856.8,0.6839,False,1.0,716.0,True,1.071,1.073
P09,280104,False,2020-02-26,2026-03-22,38,1366.6,984807.0,720.6,639.4,822.0,0.6416,13.0,369.0,262601.0,711.7,623.8,841.6,0.6336,False,1.0,716.0,True,1.006,0.994
P09,280105,False,2018-05-15,2025-11-09,77,3148.9,2405988.0,764.1,680.9,847.1,0.6803,4.0,79.0,62279.0,788.3,747.5,827.4,0.7019,False,,,False,,
P09,280106,False,2020-02-09,2025-10-14,25,1095.6,813413.0,742.5,617.1,830.8,0.661,4.0,115.0,81797.0,711.3,436.2,926.4,0.6333,False,,,False,,
P09,280107,False,2018-06-12,2026-02-03,11,296.6,216706.0,730.7,673.1,850.2,0.6506,4.0,122.6,96357.0,786.1,710.0,871.4,0.6999,False,1.0,716.0,True,1.021,1.098
P09,280114,False,2018-06-13,2018-06-13,1,16.0,9857.0,616.0,616.0,616.0,0.5485,,,,,,,,True,,,False,,
P09,280121,False,2021-06-20,2026-05-21,5,163.0,109171.0,669.8,522.1,776.8,0.5963,2.0,67.0,50475.0,753.4,745.9,759.8,0.6707,False,1.0,716.0,True,0.935,1.052
P09,280135,False,2018-06-14,2018-06-14,1,29.2,27278.0,932.6,932.6,932.6,0.8303,,,,,,,,True,1.0,716.0,True,1.303,
P09,280136,False,2018-07-09,2018-07-09,1,91.0,71959.0,790.8,790.8,790.8,0.704,,,,,,,,True,,,False,,
P09,280142,False,2019-05-28,2019-06-17,4,452.8,344328.0,760.5,680.4,848.4,0.6129,,,,,,,,False,,,False,,
P09,280147,False,2018-08-13,2019-08-01,8,542.5,474497.0,874.7,806.5,922.8,0.7787,,,,,,,,False,,,False,,
P09,280155,False,2020-02-17,2020-06-16,2,80.0,49169.0,614.6,551.1,657.0,0.5472,,,,,,,,True,,,False,,
P09,280166,False,2019-04-22,2026-01-05,53,1740.5,1298839.0,746.2,661.5,824.3,0.6644,8.0,208.0,174957.0,841.1,736.1,944.6,0.7489,False,,,False,,
P09,280169,False,2020-06-08,2026-07-01,57,2119.1,1521419.0,718.0,594.1,820.5,0.6392,5.0,247.0,178901.0,724.3,593.3,825.0,0.6448,False,1.0,716.0,True,1.003,1.012
P09,280172,False,2019-09-23,2022-09-01,16,742.2,539499.0,726.9,643.2,833.5,0.6472,,,,,,,,False,1.0,716.0,True,1.015,
P09,280196,False,2019-02-11,2019-02-11,1,102.0,78605.0,770.6,770.6,770.6,0.6861,,,,,,,,True,,,False,,
P09,280198,False,2020-02-14,2021-03-30,17,774.9,571382.0,737.4,636.9,858.4,0.6565,,,,,,,,False,,,False,,
P09,280205,False,2019-04-17,2021-05-13,5,269.8,232372.0,861.1,767.6,933.1,0.7667,,,,,,,,False,,,False,,
P09,280206,False,2019-05-15,2020-08-23,13,761.8,492143.0,646.1,530.6,759.6,0.5752,,,,,,,,False,,,False,,
P09,280212,False,2020-01-12,2022-04-11,9,225.0,167762.0,745.6,656.8,841.4,0.6638,,,,,,,,False,1.0,716.0,True,1.041,
P09,280213,False,2019-10-21,2022-07-20,7,283.7,205585.0,724.7,604.7,845.7,0.6452,,,,,,,,False,1.0,716.0,True,1.012,
P09,280214,False,2020-03-29,2021-03-21,12,566.8,462926.0,816.7,761.7,886.5,0.7272,,,,,,,,False,,,False,,
P09,280222,False,2020-02-16,2024-04-09,22,947.9,677643.0,714.9,615.7,812.3,0.6365,,,,,,,,False,1.0,716.0,True,0.998,
P09,280235,False,2022-01-11,2022-01-11,1,12.0,8545.0,712.1,712.1,712.1,0.5261,,,,,,,,True,,,False,,
P09,280244,False,2024-06-18,2025-05-04,3,143.0,113813.0,795.9,633.5,947.9,0.7086,2.0,119.0,92190.0,774.7,633.5,950.6,0.6897,False,,,False,,
P09,280246,False,2024-06-24,2024-07-01,4,60.0,48532.0,808.9,648.6,932.4,0.7201,,,,,,,,False,,,False,,
P09,280256,False,2025-04-04,2025-08-10,5,169.0,117112.0,693.0,573.0,803.8,0.617,5.0,169.0,117112.0,693.0,573.0,803.8,0.617,False,0.0,716.0,True,0.968,0.968
P09,280264,False,2024-12-01,2026-08-23,7,366.2,241823.0,660.4,611.1,738.8,0.588,7.0,366.2,241823.0,660.4,611.1,738.8,0.588,False,1.0,716.0,True,0.922,0.922
P09,280286,False,2021-02-02,2021-02-21,2,72.0,48642.0,675.6,534.8,816.4,0.6015,,,,,,,,True,,,False,,
P09,280315,False,2021-02-08,2023-06-16,46,1802.6,1254502.0,696.0,588.3,808.4,0.6196,,,,,,,,False,,,False,,
P09,280316,False,2021-03-12,2023-05-04,26,662.6,459092.0,692.9,600.5,816.1,0.6169,,,,,,,,False,,,False,,
P09,280317,False,2018-01-02,2023-05-05,28,878.0,615304.0,700.8,582.9,806.0,0.6239,,,,,,,,False,,,False,,
P09,280318,False,2021-02-03,2026-04-05,39,1240.5,959048.0,773.1,666.0,888.6,0.6883,3.0,84.0,71670.0,853.2,839.2,874.2,0.7596,False,1.0,716.0,True,1.08,1.192
P09,280323,False,2022-12-05,2026-08-14,4,145.0,114534.0,789.9,810.7,858.1,0.7033,1.0,6.0,170.0,28.4,28.4,28.4,0.0252,False,1.0,716.0,True,1.103,0.04
P09,280324,False,2020-11-21,2025-11-22,41,2742.0,1846594.0,673.4,604.8,800.8,0.5996,5.0,163.0,104700.0,642.3,450.8,833.5,0.5719,False,1.0,716.0,True,0.941,0.897
P09,280325,False,2020-11-24,2022-03-23,14,620.7,426243.0,686.7,582.2,779.1,0.6114,,,,,,,,False,1.0,716.0,True,0.959,
P09,280344,False,2024-08-07,2026-07-05,4,208.0,157962.0,759.4,668.3,848.9,0.6761,3.0,184.0,143094.0,777.7,733.3,849.7,0.6924,False,1.0,716.0,True,1.061,1.086
P09,280351,False,2021-09-03,2025-04-16,10,257.0,166580.0,648.2,538.5,787.3,0.5771,4.0,135.0,84486.0,625.8,641.5,683.2,0.5572,False,1.0,716.0,True,0.905,0.874
P09,280355,False,2021-05-16,2021-05-16,1,24.0,18393.0,766.4,766.4,766.4,0.6823,,,,,,,,True,1.0,716.0,True,1.07,
P09,280391,False,2022-09-17,2025-07-01,23,775.0,579593.0,747.9,714.5,839.7,0.6658,7.0,268.0,190087.0,709.3,536.9,868.2,0.6315,False,,,False,,
P09,280405,False,2022-03-27,2024-08-21,4,247.0,192288.0,778.5,735.3,832.3,0.6931,,,,,,,,False,1.0,716.0,True,1.087,
P09,280421,False,2023-04-21,2026-08-30,34,1189.2,907728.0,763.3,703.9,844.7,0.6796,16.0,545.2,428687.0,786.2,709.1,861.5,0.7,False,1.0,716.0,True,1.066,1.098
P09,280425,False,2025-06-12,2026-04-06,3,131.5,95063.0,722.9,554.0,829.9,0.6436,3.0,131.5,95063.0,722.9,554.0,829.9,0.6436,False,1.0,716.0,True,1.01,1.01
P09,280450,False,2023-07-24,2026-08-11,12,215.0,160890.0,748.3,593.8,912.9,0.6662,3.0,78.0,54204.0,694.9,585.2,826.2,0.6187,False,1.0,716.0,True,1.045,0.971
P09,280451,False,2023-05-10,2026-09-01,43,1385.0,1000770.0,722.6,589.8,823.5,0.6433,24.0,641.6,471419.0,734.8,593.0,831.2,0.6542,False,1.0,716.0,True,1.009,1.026
P09,280452,False,2023-08-24,2026-07-26,35,991.8,724063.0,730.0,668.5,809.6,0.65,19.0,494.8,359630.0,726.8,635.1,809.1,0.6471,False,1.0,716.0,True,1.02,1.015
P09,280453,False,2023-06-09,2026-06-23,33,1134.0,844192.0,744.4,658.2,800.6,0.6628,13.0,511.0,377383.0,738.5,650.8,790.8,0.6575,False,1.0,716.0,True,1.04,1.031
P09,280478,False,2024-06-12,2026-07-28,25,934.5,702470.0,751.7,681.3,842.9,0.6693,20.0,687.5,525081.0,763.8,701.0,825.3,0.68,False,1.0,716.0,True,1.05,1.067
P09,280480,False,2026-08-18,2026-08-18,1,12.0,9517.0,793.1,793.1,793.1,0.7061,1.0,12.0,9517.0,793.1,793.1,793.1,0.7061,True,1.0,716.0,True,1.108,1.108
P09,280489,False,2025-07-27,2025-07-27,1,24.0,21336.0,889.0,889.0,889.0,0.7915,1.0,24.0,21336.0,889.0,889.0,889.0,0.7915,True,1.0,716.0,True,1.242,1.242
P09,280490,False,2025-11-13,2025-11-13,1,54.0,34703.0,642.6,642.6,642.6,0.5722,1.0,54.0,34703.0,642.6,642.6,642.6,0.5722,True,1.0,716.0,True,0.897,0.897
P09,280493,False,2024-05-02,2026-09-01,18,502.5,382209.0,760.6,694.2,821.3,0.6772,13.0,339.5,263818.0,777.1,737.3,829.8,0.6918,False,1.0,716.0,True,1.062,1.085
P09,280517,False,2024-09-18,2024-09-18,1,36.0,24080.0,668.9,668.9,668.9,0.5955,1.0,36.0,24080.0,668.9,668.9,668.9,0.5955,True,1.0,716.0,True,0.934,0.934
P09,280541,False,2025-05-30,2026-08-25,3,114.0,80743.0,708.3,549.4,833.9,0.6306,3.0,114.0,80743.0,708.3,549.4,833.9,0.6306,False,1.0,716.0,True,0.989,0.989
P09,280557,False,2025-07-14,2025-07-14,1,24.0,17319.0,721.6,721.6,721.6,0.6425,1.0,24.0,17319.0,721.6,721.6,721.6,0.6425,True,1.0,716.0,True,1.008,1.008
P09,280563,False,2026-03-17,2026-03-17,1,48.0,36681.0,764.2,764.2,764.2,0.6804,1.0,48.0,36681.0,764.2,764.2,764.2,0.6804,True,1.0,716.0,True,1.067,1.067
P09,280566,False,2026-03-11,2026-08-24,5,174.5,126367.0,724.2,560.4,852.6,0.6447,5.0,174.5,126367.0,724.2,560.4,852.6,0.6447,False,1.0,716.0,True,1.011,1.011
P09,280571,False,2025-05-22,2026-02-17,9,386.0,293656.0,760.8,664.5,888.2,0.6773,9.0,386.0,293656.0,760.8,664.5,888.2,0.6773,False,1.0,716.0,True,1.063,1.063
P09,280572,False,2025-06-29,2026-03-01,6,210.0,174982.0,833.2,750.6,923.5,0.7419,6.0,210.0,174982.0,833.2,750.6,923.5,0.7419,False,1.0,716.0,True,1.164,1.164
P09,280573,False,2026-01-10,2026-04-10,4,114.0,89047.0,781.1,650.1,880.2,0.6954,4.0,114.0,89047.0,781.1,650.1,880.2,0.6954,False,1.0,716.0,True,1.091,1.091
P09,280574,False,2025-04-23,2025-06-04,5,366.0,301889.0,824.8,793.1,870.0,0.7344,5.0,366.0,301889.0,824.8,793.1,870.0,0.7344,False,1.0,716.0,True,1.152,1.152
P09,280576,False,2025-04-22,2026-03-15,4,120.0,98235.0,818.6,786.7,841.6,0.7288,4.0,120.0,98235.0,818.6,786.7,841.6,0.7288,False,1.0,716.0,True,1.143,1.143
P09,280578,False,2025-08-29,2026-04-12,3,54.0,42533.0,787.6,646.9,885.4,0.7012,3.0,54.0,42533.0,787.6,646.9,885.4,0.7012,False,1.0,716.0,True,1.1,1.1
P09,280581,False,2025-03-30,2026-08-12,24,948.0,734112.0,774.4,661.0,883.8,0.6894,24.0,948.0,734112.0,774.4,661.0,883.8,0.6894,False,1.0,716.0,True,1.082,1.082
P09,280582,False,2025-05-26,2026-02-22,8,169.0,138389.0,818.9,728.3,893.3,0.7291,8.0,169.0,138389.0,818.9,728.3,893.3,0.7291,False,1.0,716.0,True,1.144,1.144
P09,280583,False,2025-06-24,2026-03-27,8,294.0,193454.0,658.0,412.4,821.4,0.5858,8.0,294.0,193454.0,658.0,412.4,821.4,0.5858,False,1.0,716.0,True,0.919,0.919
P09,280584,False,2025-05-18,2026-07-21,6,211.5,164414.0,777.4,721.7,810.6,0.6921,6.0,211.5,164414.0,777.4,721.7,810.6,0.6921,False,1.0,716.0,True,1.086,1.086
P09,280585,False,2025-11-16,2026-06-09,7,203.0,167427.0,824.8,699.0,944.2,0.7343,7.0,203.0,167427.0,824.8,699.0,944.2,0.7343,False,1.0,716.0,True,1.152,1.152
P09,280586,False,2025-04-16,2026-06-21,11,332.0,259384.0,781.3,702.8,854.6,0.6956,11.0,332.0,259384.0,781.3,702.8,854.6,0.6956,False,1.0,716.0,True,1.091,1.091
P09,280587,False,2025-04-19,2026-07-19,10,282.0,184866.0,655.6,481.4,798.2,0.5836,10.0,282.0,184866.0,655.6,481.4,798.2,0.5836,False,1.0,716.0,True,0.916,0.916
P09,280588,False,2025-04-21,2026-03-23,7,243.0,177052.0,728.6,564.6,858.9,0.6487,7.0,243.0,177052.0,728.6,564.6,858.9,0.6487,False,1.0,716.0,True,1.018,1.018
P09,280590,False,2026-06-08,2026-06-08,1,64.0,54009.0,843.9,843.9,843.9,0.7513,1.0,64.0,54009.0,843.9,843.9,843.9,0.7513,True,1.0,716.0,True,1.179,1.179
P09,280592,False,2025-06-22,2025-06-22,1,42.0,42403.0,1009.6,1009.6,1009.6,0.8989,1.0,42.0,42403.0,1009.6,1009.6,1009.6,0.8989,True,1.0,716.0,True,1.41,1.41
P09,280659,False,2026-04-30,2026-05-01,2,42.0,33451.0,796.5,792.3,802.0,0.7091,2.0,42.0,33451.0,796.5,792.3,802.0,0.7091,True,1.0,716.0,True,1.112,1.112
P09,280660,False,2025-02-05,2026-05-31,6,246.0,221193.0,899.2,876.8,934.9,0.8005,6.0,246.0,221193.0,899.2,876.8,934.9,0.8005,False,1.0,716.0,True,1.256,1.256
P09,280673,False,2026-04-12,2026-05-12,4,184.0,130919.0,711.5,659.9,818.1,0.6335,4.0,184.0,130919.0,711.5,659.9,818.1,0.6335,False,1.0,716.0,True,0.994,0.994
P09,280684,False,2026-03-19,2026-03-19,1,24.0,16191.0,674.6,674.6,674.6,0.6006,1.0,24.0,16191.0,674.6,674.6,674.6,0.6006,True,1.0,716.0,True,0.942,0.942
P09,280686,False,2026-06-06,2026-06-06,1,36.0,30687.0,852.4,852.4,852.4,0.7589,1.0,36.0,30687.0,852.4,852.4,852.4,0.7589,True,1.0,716.0,True,1.191,1.191
P09,570223,False,2025-07-28,2026-07-24,4,96.0,67963.0,707.9,607.3,798.8,0.6303,4.0,96.0,67963.0,707.9,607.3,798.8,0.6303,False,1.0,716.0,True,0.989,0.989
P09,570468,False,2026-01-12,2026-08-10,9,184.5,131368.0,712.0,597.2,794.5,0.6339,9.0,184.5,131368.0,712.0,597.2,794.5,0.6339,False,1.0,716.0,True,0.994,0.994
P10,120430,False,2018-08-15,2019-03-27,3,51.0,37419.0,733.7,634.3,810.2,0.6532,,,,,,,,False,,,False,,
P10,120431,False,2018-03-21,2018-07-27,2,50.5,34817.0,689.4,682.4,690.5,0.6138,,,,,,,,True,,,False,,
P10,120433,False,2018-01-18,2019-03-25,6,178.2,130781.0,733.7,685.5,756.6,0.6532,,,,,,,,False,,,False,,
P10,120435,False,2018-01-18,2018-01-18,1,16.0,7460.0,466.2,466.2,466.2,0.4151,,,,,,,,True,0.0,635.0,True,0.734,
P10,120436,False,2018-02-08,2019-06-29,12,317.9,254300.0,799.9,731.4,891.6,0.7122,,,,,,,,False,0.0,635.0,True,1.26,
P10,120437,False,2018-04-09,2019-04-11,9,377.2,298925.0,792.6,700.4,873.1,0.7057,,,,,,,,False,0.0,635.0,True,1.248,
P10,120441,False,2020-07-16,2020-07-16,1,16.0,4372.0,273.3,273.3,273.3,0.2433,,,,,,,,True,,,False,,
P10,120442,False,2018-09-06,2018-09-06,1,16.0,11429.0,714.3,714.3,714.3,0.636,,,,,,,,True,,,False,,
P10,120444,False,2019-03-13,2019-03-13,1,24.0,17864.0,744.3,744.3,744.3,0.6627,,,,,,,,True,0.0,635.0,True,1.172,
P10,120448,False,2018-07-30,2019-09-30,6,148.8,120118.0,807.5,688.8,898.1,0.7189,,,,,,,,False,0.0,635.0,True,1.272,
P10,120450,False,2018-08-21,2018-08-21,1,24.0,16394.0,683.1,683.1,683.1,0.6081,,,,,,,,True,0.0,635.0,True,1.076,
P10,120451,False,2018-09-24,2018-09-24,1,11.0,8796.0,799.7,799.7,799.7,0.7119,,,,,,,,True,0.0,635.0,True,1.259,
P10,120452,False,2018-10-22,2018-10-22,1,19.0,15180.0,798.9,798.9,798.9,0.7113,,,,,,,,True,,,False,,
P10,120453,False,2018-04-26,2018-04-26,1,28.0,19085.0,681.6,681.6,681.6,0.6068,,,,,,,,True,0.0,635.0,True,1.073,
P10,120464,False,2018-02-12,2022-06-03,18,1062.2,895630.0,843.2,777.5,916.0,0.7507,,,,,,,,False,,,False,,
P10,120465,False,2018-03-20,2018-11-29,8,136.2,106959.0,785.6,691.4,859.2,0.6994,,,,,,,,False,0.0,635.0,True,1.237,
P10,120531,False,2020-07-17,2020-07-17,1,8.0,2449.0,306.1,306.1,306.1,0.2726,,,,,,,,True,0.0,635.0,True,0.482,
P10,120532,False,2018-04-06,2018-04-06,1,2.7,2946.0,1091.2,1091.2,1091.2,0.9715,,,,,,,,True,0.0,635.0,True,1.718,
P10,241283,False,2018-10-15,2020-08-02,4,127.8,82508.0,645.9,486.4,789.1,0.575,,,,,,,,False,0.0,635.0,True,1.017,
P10,241287,False,2020-03-15,2020-04-09,2,143.4,83602.0,583.0,496.7,609.6,0.5191,,,,,,,,True,,,False,,
P10,241288,False,2018-08-13,2023-10-01,8,294.2,227800.0,774.4,649.0,872.0,0.6895,,,,,,,,False,,,False,,
P10,242027,False,2018-01-16,2018-07-23,16,1009.5,810094.0,802.5,754.0,852.4,0.7145,,,,,,,,False,,,False,,
P10,242030,False,2018-02-26,2019-06-26,6,233.2,196046.0,840.9,777.3,913.4,0.7486,,,,,,,,False,,,False,,
P10,251200,False,2018-05-23,2020-04-07,9,274.0,210870.0,769.5,675.2,860.5,0.6851,,,,,,,,False,0.0,635.0,True,1.212,
P10,280003,False,2018-06-26,2018-06-26,1,24.0,12020.0,500.8,500.9,500.9,0.4459,,,,,,,,True,,,False,,
P10,280012,False,2018-09-05,2018-12-03,2,35.0,27751.0,792.9,775.7,825.7,0.7059,,,,,,,,True,,,False,,
P10,280013,False,2018-09-24,2018-09-24,1,16.0,8047.0,503.0,503.0,503.0,0.4478,,,,,,,,True,,,False,,
P10,280040,False,2018-07-16,2018-10-29,3,54.0,46931.0,869.1,807.1,966.0,0.7738,,,,,,,,False,,,False,,
P10,280052,False,2018-12-03,2022-04-24,33,2016.5,1598336.0,792.6,687.0,885.2,0.7057,,,,,,,,False,1.0,635.0,True,1.248,
P10,280068,False,2018-01-02,2019-05-09,27,1722.6,1362132.0,790.8,745.3,845.2,0.704,,,,,,,,False,,,False,,
P10,280107,False,2019-01-23,2023-08-04,2,40.0,34913.0,872.8,734.5,965.1,0.7771,,,,,,,,True,0.0,635.0,True,1.374,
P10,280115,False,2018-08-20,2018-08-20,1,27.0,17085.0,632.8,632.8,632.8,0.5634,,,,,,,,True,,,False,,
P10,280129,False,2018-05-10,2020-10-22,20,371.9,240923.0,647.8,555.5,719.5,0.5768,,,,,,,,False,0.0,635.0,True,1.02,
P10,280130,False,2018-05-10,2020-10-25,31,886.9,574587.0,647.9,559.4,718.4,0.5768,,,,,,,,False,0.0,635.0,True,1.02,
P10,280133,False,2018-05-21,2018-05-21,1,59.0,45334.0,768.4,768.4,768.4,0.6841,,,,,,,,True,,,False,,
P10,280134,False,2018-05-29,2018-06-01,2,83.0,68563.0,826.1,824.5,835.7,0.7355,,,,,,,,True,1.0,635.0,True,1.301,
P10,280135,False,2018-06-01,2018-06-28,3,81.4,65809.0,808.7,781.8,891.5,0.72,,,,,,,,False,1.0,635.0,True,1.274,
P10,280147,False,2019-01-29,2019-06-24,3,102.0,81110.0,795.2,740.3,842.2,0.708,,,,,,,,False,,,False,,
P10,280169,False,2021-10-05,2021-10-10,2,134.0,57964.0,432.6,380.8,566.8,0.3851,,,,,,,,True,0.0,635.0,True,0.681,
P10,280172,False,2020-05-15,2021-06-06,2,75.0,39456.0,526.1,489.1,734.0,0.4684,,,,,,,,True,0.0,635.0,True,0.829,
P10,280205,False,2019-04-16,2020-12-13,3,128.8,106051.0,823.7,755.8,868.2,0.7333,,,,,,,,False,,,False,,
P10,280206,False,2019-05-13,2021-09-01,127,11554.1,8637860.0,747.6,672.5,830.9,0.6656,,,,,,,,False,,,False,,
P10,280212,False,2019-10-14,2020-07-01,4,114.0,69738.0,611.7,488.6,812.0,0.5446,,,,,,,,False,1.0,635.0,True,0.963,
P10,280213,False,2019-09-19,2021-12-01,4,74.1,45696.0,616.7,446.6,758.1,0.549,,,,,,,,False,1.0,635.0,True,0.971,
P10,280214,False,2020-03-26,2020-07-12,3,175.5,118076.0,672.8,512.7,755.6,0.599,,,,,,,,False,,,False,,
P10,280222,False,2020-01-05,2023-06-19,14,972.2,647412.0,665.9,560.2,759.3,0.5929,,,,,,,,False,1.0,635.0,True,1.049,
P10,280240,False,2023-10-16,2023-10-16,1,24.0,22514.0,938.1,938.1,938.1,0.8352,,,,,,,,True,,,False,,
P10,280256,False,2022-01-20,2022-05-15,7,624.7,459474.0,735.5,691.3,843.0,0.6549,,,,,,,,False,1.0,635.0,True,1.158,
P10,280315,False,2024-01-02,2024-01-02,1,12.0,6854.0,571.1,571.1,571.1,0.5085,,,,,,,,True,,,False,,
P10,280351,False,2019-02-04,2026-09-01,206,23587.1,17265927.0,732.0,649.2,820.2,0.6522,47.0,5452.5,3489822.0,640.0,561.3,727.5,0.5719,False,1.0,635.0,True,1.153,1.008
P10,280352,False,2023-08-02,2023-08-02,1,24.0,21010.0,875.4,875.4,875.4,0.7794,,,,,,,,True,,,False,,
P10,280388,False,2022-05-11,2024-02-17,5,72.0,59234.0,822.7,760.7,905.7,0.7325,,,,,,,,False,1.0,635.0,True,1.296,
P10,280391,False,2023-11-30,2023-11-30,1,4.0,3713.0,928.3,928.3,928.3,0.8264,,,,,,,,True,,,False,,
P10,280405,False,2023-06-21,2023-06-21,1,79.0,59770.0,756.6,756.6,756.6,0.6736,,,,,,,,True,0.0,635.0,True,1.191,
P10,280452,False,2023-10-15,2023-10-15,1,19.0,17174.0,903.9,903.9,903.9,0.8048,,,,,,,,True,0.0,635.0,True,1.423,
P11,120430,False,2018-04-02,2023-12-12,10,225.0,177331.0,788.0,626.6,890.1,0.7015,,,,,,,,False,,,False,,
P11,120431,False,2018-01-24,2018-09-14,5,203.5,173876.0,854.4,833.5,869.1,0.7607,,,,,,,,False,,,False,,
P11,120433,False,2018-01-22,2024-05-08,6,129.6,97570.0,752.6,671.4,807.5,0.67,,,,,,,,False,,,False,,
P11,120435,False,2018-03-29,2020-12-21,2,44.0,31663.0,719.6,651.7,869.0,0.6407,,,,,,,,True,1.0,770.0,True,0.935,
P11,120436,False,2018-02-07,2026-06-09,47,1601.3,1310851.0,818.6,729.4,906.4,0.7288,12.0,552.0,428658.0,776.6,595.8,917.4,0.6914,False,1.0,770.0,True,1.063,1.009
P11,120437,False,2018-01-18,2025-08-04,27,984.0,748716.0,760.9,682.5,902.0,0.6774,5.0,118.5,76378.0,644.5,451.3,835.8,0.5738,False,1.0,770.0,True,0.988,0.837
P11,120442,False,2019-08-05,2019-08-05,1,8.0,1566.0,195.8,195.8,195.8,0.1743,,,,,,,,True,,,False,,
P11,120444,False,2018-01-10,2023-12-01,8,205.2,156428.0,762.1,714.9,865.0,0.6785,,,,,,,,False,1.0,770.0,True,0.99,
P11,120445,False,2020-02-17,2020-11-22,2,84.0,46149.0,549.4,540.2,572.6,0.4891,,,,,,,,True,1.0,770.0,True,0.714,
P11,120447,False,2020-02-20,2020-04-14,2,64.0,44478.0,695.0,651.0,738.9,0.6187,,,,,,,,True,,,False,,
P11,120448,False,2018-08-09,2026-08-24,31,1514.8,1224888.0,808.6,754.0,892.5,0.7199,12.0,491.3,375015.0,763.3,635.5,841.8,0.6795,False,1.0,770.0,True,1.05,0.991
P11,120451,False,2020-02-26,2020-02-26,1,24.0,18112.0,754.6,754.6,754.6,0.6719,,,,,,,,True,0.0,770.0,True,0.98,
P11,120452,False,2018-03-14,2018-05-14,2,32.5,22092.0,679.8,656.4,721.1,0.6052,,,,,,,,True,,,False,,
P11,120453,False,2018-01-29,2020-02-16,2,47.0,30259.0,643.8,489.4,758.2,0.5732,,,,,,,,True,0.0,770.0,True,0.836,
P11,120463,False,2018-02-12,2018-02-12,1,27.0,21806.0,807.6,807.6,807.6,0.7191,,,,,,,,True,0.0,770.0,True,1.049,
P11,120464,False,2018-02-12,2025-12-07,38,2160.7,1654955.0,765.9,663.9,880.6,0.6819,4.0,128.0,107100.0,836.7,776.3,888.4,0.7449,False,,,False,,
P11,120532,False,2018-01-23,2020-06-05,4,85.0,56177.0,660.9,602.3,743.2,0.5884,,,,,,,,False,0.0,770.0,True,0.858,
P11,120536,False,2018-01-30,2020-05-14,3,79.9,53295.0,667.0,563.9,769.0,0.5939,,,,,,,,False,0.0,770.0,True,0.866,
P11,241283,False,2018-06-18,2026-07-22,33,1064.2,826763.0,776.9,692.2,829.7,0.6917,5.0,219.0,165627.0,756.3,665.3,838.4,0.6733,False,1.0,770.0,True,1.009,0.982
P11,241287,False,2020-02-21,2025-09-26,20,746.7,536730.0,718.8,610.9,809.6,0.64,5.0,156.0,108578.0,696.0,526.4,869.0,0.6197,False,,,False,,
P11,241288,False,2018-01-09,2025-02-18,28,1195.6,904281.0,756.3,667.7,852.6,0.6734,1.0,48.0,35021.0,729.6,729.6,729.6,0.6496,False,,,False,,
P11,241658,False,2018-01-03,2018-01-03,1,12.0,5833.0,486.1,486.1,486.1,0.4328,,,,,,,,True,,,False,,
P11,242027,False,2018-01-15,2019-07-17,15,766.5,614171.0,801.3,717.2,885.6,0.7134,,,,,,,,False,,,False,,
P11,242030,False,2018-01-02,2019-02-07,7,226.0,193778.0,857.4,827.0,909.4,0.7634,,,,,,,,False,,,False,,
P11,251200,False,2020-06-21,2026-08-23,16,659.5,488264.0,740.4,620.2,826.2,0.6591,8.0,281.5,203785.0,723.9,621.2,869.2,0.6445,False,1.0,770.0,True,0.962,0.94
P11,280003,False,2018-04-02,2018-04-03,2,32.0,17985.0,562.0,186.5,718.5,0.5004,,,,,,,,True,,,False,,
P11,280012,False,2019-02-11,2020-04-12,2,38.0,21706.0,571.2,562.9,577.3,0.5086,,,,,,,,True,,,False,,
P11,280013,False,2019-02-11,2020-09-07,3,60.0,35106.0,585.1,515.8,689.0,0.5209,,,,,,,,False,,,False,,
P11,280039,False,2018-05-16,2018-06-29,2,79.4,64783.0,815.4,806.9,819.1,0.726,,,,,,,,True,0.0,770.0,True,1.059,
P11,280040,False,2018-01-04,2019-02-04,2,70.0,51646.0,737.8,659.3,831.0,0.6569,,,,,,,,True,,,False,,
P11,280052,False,2018-12-03,2023-08-13,55,3136.2,2444107.0,779.3,718.4,869.1,0.6938,,,,,,,,False,1.0,770.0,True,1.012,
P11,280068,False,2018-01-31,2019-12-10,29,1551.2,1227465.0,791.3,736.5,904.9,0.7045,,,,,,,,False,,,False,,
P11,280086,False,2018-06-08,2018-06-08,1,24.0,11707.0,487.8,487.8,487.8,0.4343,,,,,,,,True,,,False,,
P11,280087,False,2018-06-09,2018-06-09,1,3.5,3158.0,902.2,902.2,902.2,0.8032,,,,,,,,True,,,False,,
P11,280093,False,2019-09-17,2019-11-12,3,24.0,26224.0,1092.7,910.9,1208.0,0.8806,,,,,,,,False,,,False,,
P11,280107,False,2018-08-20,2025-10-21,18,402.0,286845.0,713.5,595.2,842.1,0.6353,3.0,82.0,52997.0,646.3,338.8,933.5,0.5754,False,1.0,770.0,True,0.927,0.839
P11,280114,False,2018-05-11,2018-05-11,1,11.5,11011.0,957.4,957.4,957.4,0.8524,,,,,,,,True,,,False,,
P11,280121,False,2020-05-03,2025-10-30,6,180.0,110115.0,611.7,529.1,688.2,0.5446,1.0,60.0,40174.0,669.6,669.6,669.6,0.5961,False,1.0,770.0,True,0.794,0.87
P11,280129,False,2021-04-26,2025-03-19,24,541.0,338239.0,625.2,571.2,744.7,0.5566,4.0,72.0,43239.0,600.5,565.7,635.2,0.5347,False,1.0,770.0,True,0.812,0.78
P11,280130,False,2021-01-14,2025-03-24,58,1816.8,1208114.0,665.0,568.7,784.9,0.592,10.0,317.8,211915.0,666.8,701.8,729.7,0.5937,False,1.0,770.0,True,0.864,0.866
P11,280133,False,2018-08-13,2018-08-13,1,51.0,48625.0,953.4,953.4,953.4,0.8489,,,,,,,,True,,,False,,
P11,280135,False,2018-06-12,2018-06-25,3,185.0,151047.0,816.5,756.1,892.8,0.7269,,,,,,,,False,1.0,770.0,True,1.06,
P11,280147,False,2018-09-17,2019-08-02,8,307.2,265960.0,865.9,835.7,985.3,0.7709,,,,,,,,False,,,False,,
P11,280169,False,2020-03-15,2026-05-17,39,1643.0,1233438.0,750.7,680.3,806.7,0.6684,14.0,575.0,420330.0,731.0,650.5,794.4,0.6508,False,1.0,770.0,True,0.975,0.949
P11,280172,False,2019-06-24,2021-08-15,13,502.8,344379.0,685.0,590.7,775.1,0.6099,,,,,,,,False,1.0,770.0,True,0.89,
P11,280196,False,2019-02-12,2019-02-18,2,197.2,162634.0,824.7,749.9,885.0,0.7343,,,,,,,,True,,,False,,
P11,280198,False,2020-03-18,2021-03-22,8,431.4,324503.0,752.2,658.0,824.4,0.6697,,,,,,,,False,,,False,,
P11,280205,False,2020-07-31,2020-11-28,5,101.0,75255.0,745.2,572.1,939.7,0.6635,,,,,,,,False,,,False,,
P11,280206,False,2019-05-13,2021-08-08,41,3188.8,2428102.0,761.5,664.2,858.0,0.6779,,,,,,,,False,,,False,,
P11,280212,False,2019-09-11,2025-01-02,17,470.6,333867.0,709.4,659.5,764.0,0.6316,6.0,208.6,143092.0,685.9,662.0,748.4,0.6107,False,1.0,770.0,True,0.921,0.891
P11,280213,False,2019-09-09,2025-07-08,19,527.2,398893.0,756.6,673.2,846.8,0.6736,2.0,105.0,76046.0,724.2,523.1,845.6,0.6448,False,1.0,770.0,True,0.983,0.941
P11,280214,False,2020-01-31,2021-03-21,11,583.3,487414.0,835.6,802.1,902.8,0.744,,,,,,,,False,,,False,,
P11,280222,False,2020-01-05,2024-12-10,24,1357.0,1091376.0,804.2,761.9,854.5,0.716,1.0,42.0,38424.0,914.8,914.8,914.8,0.8145,False,1.0,770.0,True,1.044,1.188
P11,280236,False,2020-04-21,2024-03-22,6,169.0,88047.0,521.0,392.0,667.9,0.4638,,,,,,,,False,,,False,,
P11,280237,False,2019-11-04,2022-05-10,4,84.0,40594.0,483.3,382.5,585.1,0.4303,,,,,,,,False,,,False,,
P11,280238,False,2020-04-05,2024-04-15,10,313.7,158969.0,506.8,368.1,654.5,0.4512,,,,,,,,False,,,False,,
P11,280239,False,2020-04-02,2024-04-16,8,210.6,119556.0,567.7,494.5,667.9,0.5054,,,,,,,,False,,,False,,
P11,280240,False,2021-01-20,2024-05-10,17,460.0,279283.0,607.1,523.8,721.2,0.5405,,,,,,,,False,,,False,,
P11,280241,False,2021-01-17,2021-01-17,1,24.0,13873.0,578.0,578.0,578.0,0.5146,,,,,,,,True,,,False,,
P11,280242,False,2021-03-26,2021-03-26,1,36.0,23750.0,659.7,659.7,659.7,0.5874,,,,,,,,True,,,False,,
P11,280244,False,2024-07-22,2025-05-15,2,48.0,36780.0,766.3,703.6,828.9,0.6822,1.0,24.0,19895.0,828.9,828.9,828.9,0.738,True,,,False,,
P11,280245,False,2021-05-16,2021-05-24,2,139.0,108119.0,777.8,736.9,848.9,0.6925,,,,,,,,True,,,False,,
P11,280246,False,2021-05-23,2024-07-20,2,48.0,36882.0,768.4,662.7,874.0,0.6841,,,,,,,,True,,,False,,
P11,280256,False,2022-03-12,2025-07-17,28,1609.5,1170383.0,727.2,642.8,828.8,0.6474,8.0,372.0,258011.0,693.6,638.9,771.4,0.6175,False,0.0,770.0,True,0.944,0.901
P11,280264,False,2021-04-09,2026-07-26,147,9767.8,7187327.0,735.8,638.0,839.2,0.6551,39.0,2321.1,1679267.0,723.5,613.5,826.8,0.6441,False,1.0,770.0,True,0.956,0.94
P11,280298,False,2021-10-25,2026-06-28,6,468.0,324774.0,694.0,671.4,712.6,0.6178,5.0,372.0,261136.0,702.0,684.7,715.0,0.625,False,1.0,770.0,True,0.901,0.912
P11,280316,False,2021-04-16,2021-04-18,2,48.0,30548.0,636.4,553.5,835.5,0.5666,,,,,,,,True,,,False,,
P11,280318,False,2023-04-24,2025-11-09,13,474.0,346554.0,731.1,562.7,854.6,0.6509,8.0,304.0,217504.0,715.5,539.4,888.8,0.637,False,1.0,770.0,True,0.949,0.929
P11,280323,False,2024-04-07,2024-04-07,1,12.0,10019.0,834.9,834.9,834.9,0.7433,,,,,,,,True,0.0,770.0,True,1.084,
P11,280325,False,2021-07-14,2022-01-23,6,242.0,171117.0,707.1,558.3,809.8,0.6295,,,,,,,,False,1.0,770.0,True,0.918,
P11,280326,False,2021-04-01,2022-10-26,13,428.0,264132.0,617.1,525.7,704.3,0.5494,,,,,,,,False,,,False,,
P11,280327,False,2021-04-03,2024-05-12,13,384.0,253432.0,660.0,542.9,753.4,0.5876,,,,,,,,False,,,False,,
P11,280345,False,2025-07-14,2025-07-16,2,56.5,30529.0,540.3,469.9,582.9,0.4811,2.0,56.5,30529.0,540.3,469.9,582.9,0.4811,True,1.0,770.0,True,0.702,0.702
P11,280351,False,2021-09-05,2025-04-13,60,3832.2,2839011.0,740.8,620.9,833.0,0.6596,2.0,60.0,44621.0,743.7,742.2,745.9,0.6621,False,1.0,770.0,True,0.962,0.966
P11,280352,False,2021-04-23,2023-10-03,46,2464.0,1772285.0,719.3,616.4,817.8,0.6404,,,,,,,,False,,,False,,
P11,280358,False,2025-05-24,2025-05-26,3,90.0,64173.0,713.0,650.3,782.5,0.6348,3.0,90.0,64173.0,713.0,650.3,782.5,0.6348,False,1.0,770.0,True,0.926,0.926
P11,280362,False,2024-04-25,2024-11-16,6,139.0,106564.0,766.6,686.5,839.5,0.6826,2.0,41.0,30610.0,746.6,619.3,856.5,0.6647,False,,,False,,
P11,280365,False,2024-04-12,2024-11-14,10,261.0,168859.0,647.0,604.9,728.2,0.576,4.0,132.0,82054.0,621.6,423.3,758.5,0.5534,False,1.0,770.0,True,0.84,0.807
P11,280405,False,2022-02-17,2025-06-01,14,552.0,430569.0,780.0,731.5,844.6,0.6945,5.0,234.0,168844.0,721.6,616.4,805.2,0.6424,False,1.0,770.0,True,1.013,0.937
P11,280425,False,2024-05-02,2025-12-03,4,68.5,38208.0,557.8,432.5,679.7,0.4966,1.0,12.0,8662.0,721.8,721.8,721.8,0.6426,False,1.0,770.0,True,0.724,0.937
P11,280435,False,2023-12-03,2024-10-14,4,76.5,54536.0,712.9,580.5,826.8,0.6347,1.0,16.5,14861.0,900.7,900.7,900.7,0.8019,False,1.0,770.0,True,0.926,1.17
P11,280450,False,2025-05-03,2025-10-18,3,66.0,41469.0,628.3,545.1,689.3,0.5594,3.0,66.0,41469.0,628.3,545.1,689.3,0.5594,False,1.0,770.0,True,0.816,0.816
P11,280480,False,2024-02-11,2024-10-07,2,84.0,71223.0,847.9,789.9,891.4,0.7549,1.0,48.0,42787.0,891.4,891.4,891.4,0.7936,True,1.0,770.0,True,1.101,1.158
P11,280517,False,2024-09-20,2024-09-20,1,20.0,14861.0,743.0,743.0,743.0,0.6615,1.0,20.0,14861.0,743.0,743.0,743.0,0.6615,True,1.0,770.0,True,0.965,0.965
P11,280541,False,2025-04-06,2025-04-06,1,50.0,23750.0,475.0,475.0,475.0,0.4229,1.0,50.0,23750.0,475.0,475.0,475.0,0.4229,True,1.0,770.0,True,0.617,0.617
P11,280563,False,2025-08-05,2026-07-07,8,484.0,305458.0,631.1,467.6,759.2,0.5619,8.0,484.0,305458.0,631.1,467.6,759.2,0.5619,False,1.0,770.0,True,0.82,0.82
P11,280564,False,2026-06-05,2026-06-05,1,36.0,20992.0,583.1,583.1,583.1,0.5192,1.0,36.0,20992.0,583.1,583.1,583.1,0.5192,True,1.0,770.0,True,0.757,0.757
P11,280566,False,2025-09-07,2026-07-23,5,306.0,222788.0,728.1,692.0,762.2,0.6482,5.0,306.0,222788.0,728.1,692.0,762.2,0.6482,False,1.0,770.0,True,0.946,0.946
P11,280571,False,2026-03-28,2026-03-29,2,30.5,24521.0,804.0,728.7,912.4,0.7158,2.0,30.5,24521.0,804.0,728.7,912.4,0.7158,True,1.0,770.0,True,1.044,1.044
P11,280572,False,2025-11-20,2026-08-25,3,132.0,101056.0,765.6,701.5,847.5,0.6816,3.0,132.0,101056.0,765.6,701.5,847.5,0.6816,False,1.0,770.0,True,0.994,0.994
P11,280573,False,2025-12-01,2025-12-01,1,5.2,847.0,161.9,161.9,161.9,0.1442,1.0,5.2,847.0,161.9,161.9,161.9,0.1442,True,1.0,770.0,True,0.21,0.21
P11,280574,False,2025-04-17,2025-05-17,4,318.0,250413.0,787.5,757.7,818.4,0.7011,4.0,318.0,250413.0,787.5,757.7,818.4,0.7011,False,1.0,770.0,True,1.023,1.023
P11,280576,False,2025-03-29,2025-03-29,1,36.0,23417.0,650.5,650.5,650.5,0.5791,1.0,36.0,23417.0,650.5,650.5,650.5,0.5791,True,1.0,770.0,True,0.845,0.845
P11,280578,False,2025-09-13,2026-07-20,4,147.0,89911.0,611.6,546.9,707.3,0.5446,4.0,147.0,89911.0,611.6,546.9,707.3,0.5446,False,1.0,770.0,True,0.794,0.794
P11,280581,False,2025-05-05,2026-08-27,9,438.0,302239.0,690.0,561.5,775.5,0.6144,9.0,438.0,302239.0,690.0,561.5,775.5,0.6144,False,1.0,770.0,True,0.896,0.896
P11,280582,False,2025-04-06,2025-08-14,3,72.0,40562.0,563.4,451.5,686.0,0.5016,3.0,72.0,40562.0,563.4,451.5,686.0,0.5016,False,1.0,770.0,True,0.732,0.732
P11,280590,False,2025-06-09,2026-07-05,5,124.0,91705.0,739.6,733.7,790.4,0.6584,5.0,124.0,91705.0,739.6,733.7,790.4,0.6584,False,1.0,770.0,True,0.961,0.961
P11,280591,False,2025-11-21,2025-11-21,1,36.0,23197.0,644.4,644.4,644.4,0.5737,1.0,36.0,23197.0,644.4,644.4,644.4,0.5737,True,0.0,770.0,True,0.837,0.837
P11,280592,False,2025-06-09,2026-06-21,2,54.0,35935.0,665.5,577.0,824.7,0.5925,2.0,54.0,35935.0,665.5,577.0,824.7,0.5925,True,1.0,770.0,True,0.864,0.864
P11,280601,False,2025-07-11,2025-07-13,2,36.0,19021.0,528.3,502.0,543.0,0.4704,2.0,36.0,19021.0,528.3,502.0,543.0,0.4704,True,1.0,770.0,True,0.686,0.686
P11,280602,False,2025-07-13,2025-07-13,1,18.0,9026.0,501.4,501.4,501.4,0.4464,1.0,18.0,9026.0,501.4,501.4,501.4,0.4464,True,1.0,770.0,True,0.651,0.651
P11,280659,False,2026-04-28,2026-04-28,1,30.0,24953.0,831.8,831.8,831.8,0.7405,1.0,30.0,24953.0,831.8,831.8,831.8,0.7405,True,1.0,770.0,True,1.08,1.08
P11,280660,False,2026-03-26,2026-07-01,7,369.0,253174.0,686.1,664.9,735.8,0.6109,7.0,369.0,253174.0,686.1,664.9,735.8,0.6109,False,1.0,770.0,True,0.891,0.891
P11,280673,False,2026-04-12,2026-06-16,3,82.0,55427.0,675.9,618.2,714.5,0.6018,3.0,82.0,55427.0,675.9,618.2,714.5,0.6018,False,1.0,770.0,True,0.878,0.878
P11,280682,False,2026-06-30,2026-07-01,2,24.0,14066.0,586.1,405.7,766.4,0.5218,2.0,24.0,14066.0,586.1,405.7,766.4,0.5218,True,1.0,770.0,True,0.761,0.761
P11,280683,False,2026-06-29,2026-06-29,1,24.0,21317.0,888.2,888.2,888.2,0.7908,1.0,24.0,21317.0,888.2,888.2,888.2,0.7908,True,0.0,770.0,True,1.154,1.154
P12,120430,False,2018-01-11,2026-04-18,81,2372.4,1760508.0,742.1,648.0,850.7,0.6607,11.0,365.5,250366.0,685.0,645.5,767.1,0.6099,False,,,False,,
P12,120431,False,2018-01-24,2026-02-05,81,3046.5,2181654.0,716.1,609.1,812.4,0.6376,4.0,162.0,104958.0,647.9,617.5,697.9,0.5768,False,,,False,,
P12,120433,False,2018-01-08,2025-09-07,34,1096.5,809227.0,738.0,646.1,842.0,0.6571,1.0,24.0,21639.0,901.6,901.6,901.6,0.8027,False,,,False,,
P12,120434,False,2020-04-28,2024-04-14,16,516.5,335389.0,649.4,550.4,713.3,0.5781,,,,,,,,False,,,False,,
P12,120435,False,2018-01-05,2022-11-02,34,806.4,600922.0,745.1,650.2,836.9,0.6634,,,,,,,,False,1.0,608.0,True,1.225,
P12,120436,False,2018-02-20,2026-02-15,103,3986.3,3021473.0,758.0,663.2,859.6,0.6748,16.0,555.7,392984.0,707.2,522.1,814.4,0.6296,False,1.0,608.0,True,1.247,1.163
P12,120437,False,2018-01-30,2025-02-01,93,3992.2,3071259.0,769.3,670.7,865.5,0.6849,7.0,261.0,198927.0,762.2,640.9,882.3,0.6786,False,1.0,608.0,True,1.265,1.254
P12,120442,False,2018-01-29,2018-04-03,2,34.0,31729.0,933.2,818.4,1035.3,0.8308,,,,,,,,True,,,False,,
P12,120444,False,2018-01-22,2024-11-17,37,948.5,687838.0,725.2,609.9,811.6,0.6457,1.0,12.0,6584.0,548.6,548.6,548.6,0.4885,False,1.0,608.0,True,1.193,0.902
P12,120445,False,2020-05-15,2022-08-29,12,310.3,184765.0,595.5,486.0,700.4,0.5302,,,,,,,,False,1.0,608.0,True,0.979,
P12,120447,False,2020-05-26,2021-05-08,2,78.0,49146.0,630.1,611.4,639.7,0.561,,,,,,,,True,,,False,,
P12,120448,False,2018-08-30,2026-02-08,81,3122.2,2382611.0,763.1,663.6,864.6,0.6794,10.0,300.0,230827.0,769.4,644.0,917.7,0.685,False,1.0,608.0,True,1.255,1.265
P12,120450,False,2018-01-02,2025-08-31,53,1173.5,827019.0,704.7,620.9,834.5,0.6274,4.0,100.5,65426.0,651.0,531.9,768.3,0.5796,False,1.0,608.0,True,1.159,1.071
P12,120451,False,2018-01-02,2025-11-12,30,523.0,370617.0,708.6,639.2,812.4,0.6309,4.0,65.0,45209.0,695.5,585.2,837.2,0.6192,False,1.0,608.0,True,1.165,1.144
P12,120452,False,2018-06-19,2020-10-04,5,70.0,46294.0,661.3,511.9,813.7,0.5888,,,,,,,,False,,,False,,
P12,120453,False,2018-01-15,2025-10-10,37,629.0,424642.0,675.1,512.1,804.4,0.6011,3.0,48.0,25231.0,525.6,399.0,708.5,0.468,False,1.0,608.0,True,1.11,0.864
P12,120454,False,2018-02-08,2024-04-14,18,310.2,191980.0,618.8,436.0,807.2,0.551,,,,,,,,False,,,False,,
P12,120463,False,2019-10-03,2019-10-03,1,8.0,6701.0,837.7,837.7,837.7,0.7458,,,,,,,,True,0.0,608.0,True,1.378,
P12,120465,False,2018-03-30,2022-11-01,37,1086.2,770226.0,709.1,645.6,846.3,0.6313,,,,,,,,False,1.0,608.0,True,1.166,
P12,120531,False,2019-07-18,2025-11-17,26,463.4,295709.0,638.1,563.4,741.4,0.5681,4.0,78.0,52237.0,669.7,516.5,792.7,0.5963,False,1.0,608.0,True,1.05,1.101
P12,120532,False,2018-01-03,2026-02-01,58,2018.3,1431280.0,709.2,628.0,836.6,0.6314,7.0,373.0,208191.0,558.2,389.9,674.3,0.4969,False,1.0,608.0,True,1.166,0.918
P12,120534,False,2019-05-13,2026-02-07,22,308.0,207735.0,674.5,546.8,782.4,0.6005,3.0,33.0,20131.0,610.0,441.7,790.9,0.5431,False,,,False,,
P12,120536,False,2018-07-24,2025-10-05,47,1107.1,716561.0,647.2,561.9,761.3,0.5762,5.0,91.0,59533.0,654.2,566.0,791.8,0.5825,False,1.0,608.0,True,1.064,1.076
P12,241281,False,2020-10-15,2022-09-27,15,456.0,311541.0,683.2,575.6,781.4,0.6083,,,,,,,,False,,,False,,
P12,241288,False,2021-09-23,2021-09-23,1,12.0,4908.0,409.0,409.0,409.0,0.3641,,,,,,,,True,,,False,,
P12,242030,False,2018-05-29,2019-12-08,5,161.0,128088.0,795.6,683.1,897.3,0.7083,,,,,,,,False,,,False,,
P12,251200,False,2019-09-10,2019-09-10,1,4.0,1090.0,272.6,272.6,272.6,0.2427,,,,,,,,True,0.0,608.0,True,0.448,
P12,280003,False,2018-01-10,2019-04-02,7,110.5,89547.0,810.4,735.8,901.2,0.7215,,,,,,,,False,,,False,,
P12,280012,False,2019-07-29,2020-05-28,3,44.0,24402.0,554.6,514.2,631.4,0.4938,,,,,,,,False,,,False,,
P12,280013,False,2018-11-13,2024-03-20,10,228.0,144342.0,633.1,485.7,732.5,0.5636,,,,,,,,False,,,False,,
P12,280040,False,2018-08-16,2018-12-03,2,45.0,41485.0,921.9,909.3,952.8,0.8208,,,,,,,,True,,,False,,
P12,280052,False,2019-11-11,2020-11-04,2,16.7,12777.0,763.7,741.5,788.0,0.68,,,,,,,,True,0.0,608.0,True,1.256,
P12,280087,False,2019-12-01,2019-12-02,2,24.0,9246.0,385.3,370.7,393.4,0.343,,,,,,,,True,,,False,,
P12,280090,False,2020-04-23,2025-10-05,22,563.5,351861.0,624.4,514.9,755.9,0.5559,4.0,91.0,59980.0,659.1,498.8,782.9,0.5868,False,1.0,608.0,True,1.027,1.084
P12,280093,False,2018-03-07,2020-08-19,30,606.3,468673.0,773.0,638.8,872.6,0.623,,,,,,,,False,,,False,,
P12,280095,False,2018-03-08,2020-08-20,35,688.0,488234.0,709.6,551.9,832.2,0.5719,,,,,,,,False,,,False,,
P12,280096,False,2018-03-08,2020-03-23,33,659.2,433492.0,657.6,547.6,782.4,0.5299,,,,,,,,False,,,False,,
P12,280098,False,2020-10-29,2022-01-27,2,48.0,33260.0,692.9,597.2,788.6,0.6169,,,,,,,,True,1.0,608.0,True,1.14,
P12,280105,False,2020-08-21,2020-08-21,1,5.0,4252.0,850.5,850.5,850.5,0.7572,,,,,,,,True,,,False,,
P12,280107,False,2019-08-26,2025-11-19,49,1485.9,1047478.0,705.0,626.0,801.1,0.6276,11.0,338.0,213160.0,630.7,391.8,797.7,0.5615,False,1.0,608.0,True,1.16,1.037
P12,280114,False,2018-08-13,2022-04-10,15,214.0,127243.0,594.6,409.2,729.4,0.5294,,,,,,,,False,,,False,,
P12,280115,False,2018-07-24,2022-06-11,13,131.0,81122.0,619.3,563.3,701.3,0.5513,,,,,,,,False,,,False,,
P12,280129,False,2023-05-07,2023-05-07,1,7.0,6017.0,859.5,859.5,859.5,0.7652,,,,,,,,True,0.0,608.0,True,1.414,
P12,280130,False,2022-11-26,2022-11-26,1,10.5,9998.0,952.2,952.2,952.2,0.8478,,,,,,,,True,0.0,608.0,True,1.566,
P12,280133,False,2018-05-23,2018-06-07,2,111.0,94122.0,847.9,846.1,850.1,0.7549,,,,,,,,True,,,False,,
P12,280134,False,2018-05-30,2018-06-01,2,80.0,67866.0,848.3,795.2,911.6,0.7553,,,,,,,,True,1.0,608.0,True,1.395,
P12,280164,False,2019-01-31,2025-11-13,34,583.1,381131.0,653.6,558.1,757.9,0.5819,4.0,108.0,64830.0,600.3,555.5,680.5,0.5344,False,1.0,608.0,True,1.075,0.987
P12,280166,False,2023-03-31,2023-03-31,1,12.0,7688.0,640.7,640.7,640.7,0.5704,,,,,,,,True,,,False,,
P12,280174,False,2019-04-09,2019-10-21,3,84.0,24414.0,290.6,150.3,516.9,0.2342,,,,,,,,False,1.0,608.0,True,0.478,
P12,280206,False,2019-09-09,2019-09-09,1,8.0,5046.0,630.8,630.8,630.8,0.5616,,,,,,,,True,,,False,,
P12,280223,False,2020-04-16,2021-06-10,10,165.7,99790.0,602.2,518.2,729.6,0.4854,,,,,,,,False,,,False,,
P12,280225,False,2020-01-29,2021-04-11,10,157.1,65868.0,419.4,305.1,560.3,0.338,,,,,,,,False,,,False,,
P12,280226,False,2020-03-09,2021-04-13,8,124.0,58084.0,468.4,361.6,573.9,0.3775,,,,,,,,False,,,False,,
P12,280227,False,2020-03-09,2021-04-13,9,163.0,69938.0,429.1,324.7,508.9,0.3458,,,,,,,,False,1.0,608.0,True,0.706,
P12,280228,False,2020-03-10,2021-04-08,6,98.0,45107.0,460.3,340.8,577.5,0.3709,,,,,,,,False,,,False,,
P12,280229,False,2020-01-28,2021-04-09,9,116.4,47455.0,407.6,222.9,479.6,0.3285,,,,,,,,False,,,False,,
P12,280230,False,2020-04-14,2021-06-11,10,156.6,107168.0,684.6,575.5,779.7,0.5517,,,,,,,,False,,,False,,
P12,280232,False,2020-05-03,2021-05-14,5,56.0,33544.0,598.5,388.5,755.9,0.4823,,,,,,,,False,,,False,,
P12,280241,False,2021-01-17,2021-02-07,3,98.0,81468.0,831.3,786.4,897.5,0.7401,,,,,,,,False,,,False,,
P12,280242,False,2021-01-20,2021-01-20,1,91.0,76742.0,843.3,843.3,843.3,0.7508,,,,,,,,True,,,False,,
P12,280244,False,2020-05-10,2025-05-11,7,325.2,235908.0,725.4,641.1,807.7,0.6458,5.0,187.8,135952.0,724.1,594.6,840.1,0.6447,False,,,False,,
P12,280245,False,2020-05-07,2024-06-11,4,228.0,162054.0,710.8,659.0,782.2,0.6328,,,,,,,,False,,,False,,
P12,280256,False,2022-01-13,2025-08-06,109,7829.5,6215921.0,793.9,733.8,875.5,0.7068,30.0,2243.0,1759771.0,784.6,720.5,870.5,0.6985,False,0.0,608.0,True,1.306,1.29
P12,280284,False,2020-02-03,2021-02-07,2,100.0,84313.0,843.1,839.4,848.7,0.7507,,,,,,,,True,,,False,,
P12,280285,False,2021-02-12,2021-02-12,1,36.0,29025.0,806.2,806.2,806.2,0.7178,,,,,,,,True,,,False,,
P12,280287,False,2020-05-04,2021-03-03,4,88.0,29481.0,335.0,256.3,418.6,0.27,,,,,,,,False,,,False,,
P12,280325,False,2021-10-26,2021-10-26,1,12.0,5689.0,474.1,474.1,474.1,0.4221,,,,,,,,True,0.0,608.0,True,0.78,
P12,280351,False,2022-11-06,2023-10-15,2,24.0,16449.0,685.4,581.1,789.6,0.6102,,,,,,,,True,0.0,608.0,True,1.127,
P12,280352,False,2023-03-12,2023-03-12,1,12.0,9201.0,766.7,766.7,766.7,0.6826,,,,,,,,True,,,False,,
P12,280375,False,2021-09-12,2026-08-08,34,769.0,509631.0,662.7,566.0,754.1,0.5357,18.0,401.0,261879.0,653.1,459.8,751.0,0.5294,False,1.0,608.0,True,1.09,1.074
P12,280376,False,2021-11-08,2026-08-05,34,922.5,604951.0,655.8,506.5,797.6,0.5285,16.0,443.0,305097.0,688.7,565.3,793.5,0.5551,False,1.0,608.0,True,1.079,1.133
P12,280377,False,2021-05-24,2026-08-04,35,894.5,531419.0,594.1,430.4,765.5,0.4797,13.0,289.0,205867.0,712.3,605.8,861.6,0.5768,False,1.0,608.0,True,0.977,1.172
P12,280378,False,2021-05-28,2026-07-19,28,489.5,317232.0,648.1,491.2,781.8,0.524,15.0,254.1,177221.0,697.4,569.6,826.8,0.5653,False,1.0,608.0,True,1.066,1.147
P12,280379,False,2021-09-08,2026-08-06,36,1040.0,696455.0,669.7,605.9,795.9,0.5403,17.0,518.0,361975.0,698.8,635.9,792.3,0.5643,False,1.0,608.0,True,1.101,1.149
P12,280380,False,2021-09-05,2026-08-03,40,1316.5,859031.0,652.5,498.0,781.5,0.5263,18.0,575.0,401408.0,698.1,643.9,775.8,0.5637,False,1.0,608.0,True,1.073,1.148
P12,280383,False,2021-09-24,2024-08-03,12,241.0,149919.0,622.1,467.6,750.8,0.5538,,,,,,,,False,1.0,608.0,True,1.023,
P12,280384,False,2021-09-22,2024-06-07,12,201.0,118515.0,589.6,446.9,717.6,0.525,,,,,,,,False,1.0,608.0,True,0.97,
P12,280385,False,2021-09-23,2024-03-04,10,151.0,92844.0,614.9,483.6,723.7,0.5474,,,,,,,,False,1.0,608.0,True,1.011,
P12,280397,False,2025-03-25,2026-08-07,14,292.0,161690.0,553.7,295.5,806.9,0.4495,14.0,292.0,161690.0,553.7,295.5,806.9,0.4495,False,1.0,608.0,True,0.911,0.911
P12,280401,False,2022-02-08,2024-04-30,11,218.0,141999.0,651.4,475.3,806.5,0.5799,,,,,,,,False,,,False,,
P12,280403,False,2022-02-09,2024-05-14,6,105.0,66277.0,631.2,487.0,787.9,0.562,,,,,,,,False,,,False,,
P12,280404,False,2023-09-14,2024-02-03,2,48.0,23676.0,493.3,408.2,578.3,0.4392,,,,,,,,True,,,False,,
P12,280426,False,2022-05-18,2026-07-30,21,567.6,285708.0,503.4,384.5,621.8,0.4075,12.0,389.6,187647.0,481.6,378.5,594.7,0.3908,False,1.0,608.0,True,0.828,0.792
P12,280436,False,2025-06-08,2026-08-02,10,236.0,106858.0,452.8,375.6,501.4,0.3649,10.0,236.0,106858.0,452.8,375.6,501.4,0.3649,False,1.0,608.0,True,0.745,0.745
P12,280488,False,2024-02-05,2026-07-19,16,220.3,132909.0,603.4,495.2,738.3,0.4893,14.0,204.3,121435.0,594.5,489.4,733.2,0.4823,False,1.0,608.0,True,0.992,0.978
P12,280539,False,2025-03-25,2026-08-07,11,313.5,132791.0,423.6,229.7,576.8,0.3449,11.0,313.5,132791.0,423.6,229.7,576.8,0.3449,False,1.0,608.0,True,0.697,0.697
P12,280605,False,2026-04-06,2026-06-02,5,191.0,100016.0,523.6,437.5,577.6,0.404,5.0,191.0,100016.0,523.6,437.5,577.6,0.404,False,1.0,608.0,True,0.861,0.861
P12,280607,False,2026-04-10,2026-04-12,2,69.0,42404.0,614.6,440.6,881.2,0.4742,2.0,69.0,42404.0,614.6,440.6,881.2,0.4742,True,1.0,608.0,True,1.011,1.011
P12,280611,False,2026-02-16,2026-08-11,5,246.8,120355.0,487.7,353.5,638.7,0.4515,5.0,246.8,120355.0,487.7,353.5,638.7,0.4515,False,1.0,608.0,True,0.802,0.802
P12,280612,False,2026-02-19,2026-08-10,11,279.5,125239.0,448.1,313.5,570.9,0.4188,11.0,279.5,125239.0,448.1,313.5,570.9,0.4188,False,1.0,608.0,True,0.737,0.737
P12,280613,False,2026-02-26,2026-07-15,9,245.5,146010.0,594.7,493.5,766.2,0.5507,9.0,245.5,146010.0,594.7,493.5,766.2,0.5507,False,1.0,608.0,True,0.978,0.978
P12,280614,False,2026-02-23,2026-08-14,9,304.7,176634.0,579.7,469.7,689.1,0.5368,9.0,304.7,176634.0,579.7,469.7,689.1,0.5368,False,1.0,608.0,True,0.953,0.953
P12,280615,False,2026-02-27,2026-06-07,3,68.2,49991.0,733.0,643.6,822.5,0.6787,3.0,68.2,49991.0,733.0,643.6,822.5,0.6787,False,1.0,608.0,True,1.206,1.206
P12,280622,False,2025-10-29,2026-07-07,4,90.0,38849.0,431.7,275.4,542.2,0.3331,4.0,90.0,38849.0,431.7,275.4,542.2,0.3331,False,1.0,608.0,True,0.71,0.71
P13,120430,False,2018-02-20,2024-02-11,3,105.8,90180.0,852.8,769.7,883.1,0.7592,,,,,,,,False,,,False,,
P13,120431,False,2018-01-09,2018-10-19,3,102.5,81303.0,793.4,596.4,876.4,0.7063,,,,,,,,False,,,False,,
P13,120433,False,2018-01-22,2018-01-22,1,30.0,22182.0,739.4,739.4,739.4,0.6583,,,,,,,,True,,,False,,
P13,120436,False,2018-01-02,2025-05-09,52,2347.4,1813814.0,772.7,669.2,905.4,0.6879,5.0,137.0,97874.0,714.4,612.2,789.2,0.636,False,1.0,748.0,True,1.033,0.955
P13,120437,False,2018-02-08,2024-10-01,31,1084.7,852899.0,786.3,702.3,888.3,0.7001,3.0,60.0,45136.0,752.3,646.6,822.7,0.6698,False,1.0,748.0,True,1.051,1.006
P13,120444,False,2018-04-02,2024-07-23,5,108.6,92560.0,852.1,783.5,935.2,0.7587,,,,,,,,False,1.0,748.0,True,1.139,
P13,120445,False,2020-05-12,2020-05-12,1,104.0,65424.0,629.1,629.1,629.1,0.5601,,,,,,,,True,1.0,748.0,True,0.841,
P13,120448,False,2018-01-08,2025-05-07,25,887.4,708782.0,798.7,728.3,912.1,0.7111,1.0,42.0,28444.0,677.2,677.2,677.2,0.603,False,1.0,748.0,True,1.068,0.905
P13,120450,False,2024-02-29,2024-02-29,1,2.0,15.0,7.6,7.6,7.6,0.0067,,,,,,,,True,1.0,748.0,True,0.01,
P13,120453,False,2018-07-09,2018-07-09,1,19.0,11071.0,582.7,582.7,582.7,0.5188,,,,,,,,True,0.0,748.0,True,0.779,
P13,120464,False,2018-01-09,2025-07-05,56,3146.6,2563820.0,814.8,746.0,907.9,0.7254,2.0,128.0,101801.0,795.3,771.3,826.2,0.7081,False,,,False,,
P13,120465,False,2018-01-03,2019-09-18,2,50.0,40037.0,800.7,797.2,814.2,0.7129,,,,,,,,True,1.0,748.0,True,1.07,
P13,120532,False,2019-08-12,2019-08-12,1,8.0,5835.0,729.4,729.4,729.4,0.6494,,,,,,,,True,1.0,748.0,True,0.975,
P13,120536,False,2018-04-02,2018-04-02,1,19.0,12239.0,644.1,644.1,644.1,0.5735,,,,,,,,True,1.0,748.0,True,0.861,
P13,241281,False,2022-08-26,2022-08-26,1,45.0,26020.0,578.2,578.2,578.2,0.5148,,,,,,,,True,,,False,,
P13,241283,False,2019-05-06,2025-04-24,40,1386.8,1016941.0,733.3,653.2,821.0,0.6529,4.0,138.0,101599.0,736.2,608.8,826.3,0.6555,False,1.0,748.0,True,0.98,0.984
P13,241287,False,2021-02-01,2024-06-23,26,1444.5,1069623.0,740.5,665.9,868.1,0.6593,,,,,,,,False,,,False,,
P13,241288,False,2018-04-11,2024-02-11,35,1387.1,1058123.0,762.8,665.4,885.1,0.6791,,,,,,,,False,,,False,,
P13,241653,False,2020-01-31,2020-01-31,1,11.0,10278.0,934.4,934.4,934.4,0.8319,,,,,,,,True,,,False,,
P13,242027,False,2018-01-15,2018-08-27,17,1267.8,1120178.0,883.6,854.7,923.0,0.7866,,,,,,,,False,,,False,,
P13,242030,False,2018-01-29,2019-10-10,7,292.9,248117.0,847.0,808.3,914.4,0.7541,,,,,,,,False,,,False,,
P13,251200,False,2018-01-11,2025-04-13,30,1054.2,829435.0,786.8,687.7,923.4,0.7005,1.0,30.0,19346.0,644.9,644.9,644.9,0.5741,False,1.0,748.0,True,1.052,0.862
P13,280002,False,2020-12-20,2020-12-20,1,12.0,11218.0,934.8,934.8,934.8,0.8323,,,,,,,,True,,,False,,
P13,280013,False,2024-11-10,2024-11-17,2,24.0,13947.0,581.1,312.3,850.0,0.5174,2.0,24.0,13947.0,581.1,312.3,850.0,0.5174,True,,,False,,
P13,280039,False,2018-05-03,2018-06-18,3,159.6,143054.0,896.5,879.9,907.9,0.7982,,,,,,,,False,1.0,748.0,True,1.199,
P13,280040,False,2018-02-01,2018-11-05,5,88.5,77180.0,871.9,780.1,976.3,0.7763,,,,,,,,False,,,False,,
P13,280052,False,2018-10-29,2023-07-16,82,4846.5,3845263.0,793.4,723.6,869.8,0.7064,,,,,,,,False,1.0,748.0,True,1.061,
P13,280068,False,2019-10-07,2019-10-07,1,8.0,4420.0,552.5,552.5,552.5,0.4919,,,,,,,,True,,,False,,
P13,280087,False,2018-07-09,2018-07-09,1,16.0,9448.0,590.5,590.5,590.5,0.5257,,,,,,,,True,,,False,,
P13,280098,False,2021-01-09,2021-01-09,1,24.0,13590.0,566.2,566.2,566.2,0.5041,,,,,,,,True,0.0,748.0,True,0.757,
P13,280107,False,2018-02-20,2021-10-01,6,130.0,83841.0,644.9,488.2,807.0,0.5742,,,,,,,,False,0.0,748.0,True,0.862,
P13,280121,False,2021-08-29,2025-04-01,4,108.0,61374.0,568.3,507.8,638.1,0.5059,3.0,84.0,47490.0,565.4,507.8,649.2,0.5033,False,1.0,748.0,True,0.76,0.756
P13,280141,False,2018-08-29,2018-08-29,1,58.7,55366.0,943.7,943.7,943.7,0.8402,,,,,,,,True,,,False,,
P13,280142,False,2019-05-28,2019-06-17,4,447.5,384217.0,858.6,743.6,944.7,0.6919,,,,,,,,False,,,False,,
P13,280147,False,2018-11-14,2019-04-15,6,277.6,240138.0,865.2,845.9,888.0,0.7703,,,,,,,,False,,,False,,
P13,280155,False,2021-01-18,2021-03-10,2,48.0,33244.0,692.6,643.9,741.2,0.6166,,,,,,,,True,,,False,,
P13,280169,False,2020-10-04,2024-10-06,65,3447.2,2464805.0,715.0,626.7,823.1,0.6366,3.0,115.0,76853.0,668.3,559.7,828.7,0.595,False,1.0,748.0,True,0.956,0.893
P13,280172,False,2020-04-24,2022-05-31,18,717.8,519279.0,723.5,675.3,805.1,0.6441,,,,,,,,False,1.0,748.0,True,0.967,
P13,280198,False,2020-10-05,2021-03-09,6,400.5,297683.0,743.3,660.4,838.6,0.6618,,,,,,,,False,,,False,,
P13,280205,False,2020-11-08,2020-12-23,2,55.6,46204.0,830.7,827.2,846.1,0.7396,,,,,,,,True,,,False,,
P13,280206,False,2019-05-13,2020-10-19,29,2168.6,1699614.0,783.7,723.3,843.3,0.6978,,,,,,,,False,,,False,,
P13,280212,False,2019-11-06,2025-05-31,26,1049.0,799722.0,762.4,685.9,845.4,0.6787,3.0,103.0,80838.0,784.8,760.6,805.1,0.6987,False,1.0,748.0,True,1.019,1.049
P13,280213,False,2020-02-09,2025-06-02,17,667.0,512484.0,768.3,675.9,882.9,0.6841,1.0,24.0,18101.0,754.2,754.2,754.2,0.6715,False,1.0,748.0,True,1.027,1.008
P13,280214,False,2020-02-05,2020-12-01,9,668.0,529590.0,792.8,709.4,870.5,0.7058,,,,,,,,False,,,False,,
P13,280222,False,2020-01-16,2025-04-20,34,2198.0,1757908.0,799.8,748.2,847.3,0.7121,2.0,114.0,93969.0,824.3,774.2,849.2,0.7339,False,1.0,748.0,True,1.069,1.102
P13,280233,False,2020-03-16,2022-02-13,24,1748.5,1494196.0,854.6,732.5,997.7,0.6313,,,,,,,,False,,,False,,
P13,280234,False,2020-03-21,2022-02-06,24,1509.0,1216926.0,806.4,645.3,953.5,0.5958,,,,,,,,False,,,False,,
P13,280235,False,2020-03-23,2022-01-24,16,831.8,625579.0,752.1,611.3,866.2,0.5556,,,,,,,,False,,,False,,
P13,280237,False,2023-04-09,2023-04-09,1,24.0,16114.0,671.4,671.4,671.4,0.5978,,,,,,,,True,,,False,,
P13,280241,False,2021-01-23,2021-01-23,1,24.0,19176.0,799.0,799.0,799.0,0.7114,,,,,,,,True,,,False,,
P13,280243,False,2020-02-01,2021-01-24,3,115.0,105687.0,919.0,893.5,936.9,0.8182,,,,,,,,False,,,False,,
P13,280244,False,2024-08-02,2025-06-15,3,86.0,42110.0,489.7,318.0,731.0,0.4359,2.0,50.0,23838.0,476.8,318.0,817.0,0.4245,False,,,False,,
P13,280245,False,2021-05-20,2021-05-20,1,72.0,58620.0,814.2,814.2,814.2,0.7249,,,,,,,,True,,,False,,
P13,280246,False,2021-05-23,2024-08-12,3,216.6,169641.0,783.3,723.1,824.7,0.6974,,,,,,,,False,,,False,,
P13,280247,False,2020-06-01,2021-12-06,6,507.0,482600.0,951.9,748.7,1084.1,0.7032,,,,,,,,False,,,False,,
P13,280256,False,2022-02-17,2026-06-17,43,3297.7,2329686.0,706.5,632.0,798.9,0.6317,35.0,2844.7,1981499.0,696.6,630.0,792.6,0.6233,False,1.0,748.0,True,0.945,0.931
P13,280264,False,2023-07-25,2025-07-09,56,3801.5,2723869.0,716.5,668.3,795.3,0.6379,26.0,1666.5,1134224.0,680.6,608.8,755.8,0.6059,False,1.0,748.0,True,0.958,0.91
P13,280284,False,2020-02-02,2020-02-02,1,78.0,71257.0,913.5,913.5,913.5,0.8133,,,,,,,,True,,,False,,
P13,280318,False,2021-05-08,2025-04-13,16,404.0,293477.0,726.4,615.1,839.7,0.6467,3.0,96.0,75722.0,788.8,703.4,846.0,0.7023,False,1.0,748.0,True,0.971,1.055
P13,280324,False,2022-12-04,2022-12-04,1,12.0,7180.0,598.3,598.3,598.3,0.5327,,,,,,,,True,1.0,748.0,True,0.8,
P13,280325,False,2021-06-13,2023-03-12,12,812.0,601145.0,740.3,678.6,825.6,0.6591,,,,,,,,False,1.0,748.0,True,0.99,
P13,280326,False,2022-08-06,2023-03-20,3,57.0,25844.0,453.4,333.8,651.6,0.4037,,,,,,,,False,,,False,,
P13,280327,False,2022-06-02,2024-03-24,21,901.0,654003.0,725.9,621.8,852.7,0.6462,,,,,,,,False,,,False,,
P13,280351,False,2022-01-01,2026-06-14,75,6429.7,4632942.0,720.6,650.5,795.9,0.6415,54.0,4580.7,3246997.0,708.8,649.8,779.3,0.6311,False,1.0,748.0,True,0.963,0.948
P13,280355,False,2021-05-12,2021-05-16,2,48.0,35155.0,732.4,699.7,765.1,0.6521,,,,,,,,True,1.0,748.0,True,0.979,
P13,280357,False,2021-07-12,2021-07-12,1,134.0,111881.0,834.9,834.9,834.9,0.6168,,,,,,,,True,,,False,,
P13,280362,False,2022-04-21,2025-02-02,15,391.5,253611.0,647.8,574.8,753.9,0.5767,4.0,61.0,38119.0,624.9,536.3,733.2,0.5564,False,,,False,,
P13,280365,False,2022-05-09,2025-02-02,9,351.0,240784.0,686.0,596.2,767.2,0.6107,2.0,57.0,33777.0,592.6,573.4,647.3,0.5276,False,1.0,748.0,True,0.917,0.792
P13,280375,False,2023-11-27,2023-11-27,1,12.0,3361.0,280.1,280.1,280.1,0.2257,,,,,,,,True,0.0,748.0,True,0.374,
P13,280405,False,2022-04-13,2024-01-21,13,812.0,633448.0,780.1,729.3,872.9,0.6945,,,,,,,,False,1.0,748.0,True,1.043,
P13,280425,False,2024-06-22,2025-03-30,4,84.0,51638.0,614.7,582.5,663.5,0.5473,2.0,48.0,28391.0,591.5,586.3,596.7,0.5266,False,1.0,748.0,True,0.822,0.791
P13,280450,False,2024-02-05,2025-07-08,6,148.0,96573.0,652.5,509.3,845.7,0.5809,1.0,33.0,20055.0,607.7,607.7,607.7,0.5411,False,1.0,748.0,True,0.872,0.812
P13,280480,False,2025-04-01,2025-04-15,2,112.0,40825.0,364.5,290.1,503.4,0.3245,2.0,112.0,40825.0,364.5,290.1,503.4,0.3245,True,1.0,748.0,True,0.487,0.487
P13,280490,False,2025-06-02,2025-06-04,2,24.0,18671.0,777.9,624.5,931.4,0.6926,2.0,24.0,18671.0,777.9,624.5,931.4,0.6926,True,1.0,748.0,True,1.04,1.04
P13,280517,False,2024-06-20,2024-07-17,3,78.5,55145.0,702.5,609.0,848.5,0.6254,,,,,,,,False,1.0,748.0,True,0.939,
P13,280574,False,2025-06-07,2025-06-07,1,12.0,1043.0,86.9,86.9,86.9,0.0774,1.0,12.0,1043.0,86.9,86.9,86.9,0.0774,True,1.0,748.0,True,0.116,0.116
P13,280576,False,2025-06-04,2025-06-04,1,60.0,28469.0,474.5,474.5,474.5,0.4224,1.0,60.0,28469.0,474.5,474.5,474.5,0.4224,True,1.0,748.0,True,0.634,0.634
P14,120430,False,2018-01-02,2026-02-16,121,4563.7,3373774.0,739.3,630.0,838.9,0.6582,22.0,946.0,663846.0,701.7,617.7,784.9,0.6248,False,,,False,,
P14,120431,False,2018-01-10,2026-04-10,105,3694.4,2660604.0,720.2,641.8,823.4,0.6467,25.0,763.0,497061.0,651.5,537.1,802.2,0.6068,False,,,False,,
P14,120433,False,2018-09-11,2026-02-09,47,1427.0,1039383.0,728.4,658.4,856.3,0.6485,9.0,258.0,159405.0,617.9,445.2,753.4,0.5501,False,,,False,,
P14,120434,False,2020-03-15,2024-11-24,11,326.0,244430.0,749.8,688.6,804.9,0.6675,2.0,36.0,22518.0,625.5,591.6,686.5,0.5569,False,,,False,,
P14,120435,False,2018-01-03,2022-06-23,21,489.2,384536.0,786.0,737.7,832.9,0.6998,,,,,,,,False,1.0,689.0,True,1.141,
P14,120436,False,2018-01-26,2026-08-16,117,4711.8,3742575.0,794.3,722.4,881.4,0.7072,29.0,1131.5,827450.0,731.3,630.1,830.2,0.6511,False,1.0,689.0,True,1.153,1.061
P14,120437,False,2018-01-19,2026-08-18,112,4645.7,3792771.0,816.4,741.9,900.4,0.7269,23.0,664.4,528008.0,794.7,723.4,857.0,0.7075,False,1.0,689.0,True,1.185,1.153
P14,120441,False,2020-03-10,2020-10-07,2,54.0,42629.0,789.4,781.4,832.5,0.7028,,,,,,,,True,,,False,,
P14,120442,False,2018-01-11,2018-01-11,1,13.0,10205.0,785.0,785.0,785.0,0.6989,,,,,,,,True,,,False,,
P14,120444,False,2018-01-17,2025-12-15,36,954.6,711371.0,745.2,607.3,873.1,0.6635,5.0,65.5,41916.0,639.9,532.4,761.1,0.5697,False,1.0,689.0,True,1.082,0.929
P14,120445,False,2020-04-23,2022-07-27,23,640.9,435503.0,679.5,562.7,825.3,0.605,,,,,,,,False,1.0,689.0,True,0.986,
P14,120447,False,2020-04-23,2021-10-14,7,120.0,73770.0,614.8,500.4,752.5,0.5473,,,,,,,,False,,,False,,
P14,120448,False,2018-02-20,2026-08-05,82,3195.2,2579424.0,807.3,717.1,899.7,0.7187,19.0,571.0,399798.0,700.2,649.9,809.5,0.6234,False,1.0,689.0,True,1.172,1.016
P14,120450,False,2018-05-14,2026-08-24,53,1240.9,889829.0,717.1,618.4,812.6,0.6384,17.0,371.0,240925.0,649.4,593.2,706.8,0.5782,False,1.0,689.0,True,1.041,0.943
P14,120451,False,2018-02-13,2026-07-05,42,690.0,489450.0,709.3,595.7,820.6,0.6315,11.0,168.0,106641.0,634.8,520.7,724.2,0.5651,False,1.0,689.0,True,1.029,0.921
P14,120452,False,2019-01-03,2020-01-01,5,73.8,50833.0,688.5,594.1,764.5,0.613,,,,,,,,False,,,False,,
P14,120453,False,2018-02-12,2026-07-30,42,845.0,593443.0,702.3,607.2,805.7,0.6253,13.0,238.0,151435.0,636.3,599.5,706.1,0.5665,False,1.0,689.0,True,1.019,0.924
P14,120454,False,2018-10-29,2024-01-12,19,285.0,189472.0,664.9,593.1,745.7,0.592,,,,,,,,False,,,False,,
P14,120465,False,2018-02-14,2022-08-17,49,1255.6,977569.0,778.6,709.8,853.1,0.6932,,,,,,,,False,1.0,689.0,True,1.13,
P14,120531,False,2019-04-22,2026-05-04,30,573.0,358386.0,625.5,476.3,762.4,0.5569,11.0,247.0,142384.0,576.5,404.7,679.3,0.5132,False,1.0,689.0,True,0.908,0.837
P14,120532,False,2018-07-12,2026-08-23,82,2333.2,1700847.0,729.0,636.7,828.0,0.649,29.0,721.5,467569.0,648.1,533.3,770.4,0.577,False,1.0,689.0,True,1.058,0.941
P14,120534,False,2021-02-08,2026-02-10,20,389.0,261484.0,672.2,519.8,779.9,0.5985,8.0,176.0,120020.0,681.9,523.5,794.1,0.6071,False,,,False,,
P14,120536,False,2018-01-03,2026-08-25,68,1523.5,1060957.0,696.4,618.8,790.8,0.62,22.0,403.4,252678.0,626.4,532.8,766.7,0.5577,False,1.0,689.0,True,1.011,0.909
P14,241281,False,2020-07-06,2020-07-06,1,31.0,27399.0,883.8,883.8,883.8,0.7869,,,,,,,,True,,,False,,
P14,242030,False,2018-01-22,2019-06-25,5,264.0,221757.0,840.0,805.4,865.0,0.7479,,,,,,,,False,,,False,,
P14,280003,False,2018-09-26,2019-05-03,4,59.4,51254.0,862.1,831.9,904.2,0.7676,,,,,,,,False,,,False,,
P14,280012,False,2020-10-03,2020-10-03,1,12.0,7530.0,627.5,627.5,627.5,0.5587,,,,,,,,True,,,False,,
P14,280013,False,2019-07-12,2024-01-04,20,274.9,183572.0,667.9,612.0,749.0,0.5946,,,,,,,,False,,,False,,
P14,280040,False,2018-01-15,2019-06-27,4,190.2,168002.0,883.1,794.2,943.3,0.7862,,,,,,,,False,,,False,,
P14,280052,False,2020-11-05,2020-12-10,2,24.0,20684.0,861.8,815.4,908.3,0.7673,,,,,,,,True,0.0,689.0,True,1.251,
P14,280086,False,2018-05-09,2019-09-24,4,52.0,37136.0,714.2,686.2,743.4,0.6358,,,,,,,,False,,,False,,
P14,280087,False,2019-03-11,2019-03-11,1,16.0,10237.0,639.8,639.8,639.8,0.5696,,,,,,,,True,,,False,,
P14,280090,False,2020-03-01,2026-08-23,40,825.0,548409.0,664.7,563.9,793.4,0.5918,21.0,433.0,271947.0,628.1,562.6,765.9,0.5592,False,1.0,689.0,True,0.965,0.912
P14,280098,False,2020-06-15,2022-03-14,8,168.0,112969.0,672.4,524.5,814.7,0.5987,,,,,,,,False,1.0,689.0,True,0.976,
P14,280107,False,2018-04-30,2026-08-07,44,1108.5,787189.0,710.1,585.8,831.1,0.6322,13.0,385.0,245205.0,636.8,343.5,817.3,0.567,False,1.0,689.0,True,1.031,0.924
P14,280114,False,2018-07-16,2021-11-11,4,64.0,45392.0,709.3,613.5,842.9,0.6315,,,,,,,,False,,,False,,
P14,280115,False,2018-05-15,2021-10-01,15,198.0,138693.0,700.5,548.9,854.4,0.6236,,,,,,,,False,,,False,,
P14,280133,False,2018-05-21,2018-06-14,4,218.7,204476.0,935.0,869.1,1002.2,0.8324,,,,,,,,False,,,False,,
P14,280134,False,2018-06-25,2018-06-25,1,27.0,24871.0,921.2,921.2,921.2,0.8201,,,,,,,,True,1.0,689.0,True,1.337,
P14,280136,False,2022-08-03,2022-08-03,1,12.0,7157.0,596.4,596.4,596.4,0.531,,,,,,,,True,,,False,,
P14,280164,False,2019-02-14,2026-07-31,40,799.0,528549.0,661.5,581.6,779.2,0.589,13.0,320.0,196920.0,615.4,570.4,732.0,0.5479,False,1.0,689.0,True,0.96,0.893
P14,280166,False,2019-05-28,2025-10-20,136,6664.2,5078628.0,762.1,679.4,833.0,0.6785,12.0,632.0,433214.0,685.5,549.7,829.9,0.6103,False,,,False,,
P14,280204,False,2021-01-20,2024-01-13,20,658.5,497705.0,755.8,692.8,840.8,0.6729,,,,,,,,False,,,False,,
P14,280206,False,2019-10-31,2019-10-31,1,8.0,7289.0,911.1,911.1,911.1,0.8112,,,,,,,,True,,,False,,
P14,280216,False,2020-02-10,2020-04-01,2,24.0,22288.0,928.7,850.6,1006.7,0.7484,,,,,,,,True,,,False,,
P14,280236,False,2020-06-25,2023-12-05,26,671.0,403548.0,601.4,531.0,645.9,0.5354,,,,,,,,False,,,False,,
P14,280237,False,2020-06-26,2023-01-04,12,308.4,166457.0,539.8,449.5,629.9,0.4806,,,,,,,,False,,,False,,
P14,280238,False,2020-06-29,2023-11-28,27,603.0,390197.0,647.1,541.4,748.4,0.5761,,,,,,,,False,,,False,,
P14,280239,False,2020-06-29,2023-10-02,29,746.5,507396.0,679.7,622.2,742.1,0.6051,,,,,,,,False,,,False,,
P14,280241,False,2021-01-21,2021-01-24,2,55.0,46581.0,846.9,836.4,853.0,0.754,,,,,,,,True,,,False,,
P14,280244,False,2020-05-03,2025-06-19,17,1048.4,775076.0,739.3,684.5,820.2,0.6582,7.0,283.0,216208.0,764.0,673.6,862.5,0.6802,False,,,False,,
P14,280245,False,2020-05-10,2024-08-30,7,347.0,219399.0,632.3,472.3,838.9,0.5629,,,,,,,,False,,,False,,
P14,280284,False,2020-02-09,2021-02-21,3,114.0,96531.0,846.8,829.9,858.2,0.7539,,,,,,,,False,,,False,,
P14,280285,False,2020-02-06,2020-02-06,1,60.0,53682.0,894.7,894.7,894.7,0.7966,,,,,,,,True,,,False,,
P14,280323,False,2021-09-22,2021-09-22,1,12.0,9436.0,786.3,786.3,786.3,0.7001,,,,,,,,True,0.0,689.0,True,1.141,
P14,280326,False,2021-06-10,2021-06-10,1,67.0,45167.0,674.1,674.1,674.1,0.6002,,,,,,,,True,,,False,,
P14,280345,False,2025-08-04,2026-09-02,20,536.6,327168.0,609.7,557.4,703.5,0.5428,20.0,536.6,327168.0,609.7,557.4,703.5,0.5428,False,1.0,689.0,True,0.885,0.885
P14,280347,False,2025-09-27,2026-09-02,14,371.0,222534.0,599.8,440.9,714.2,0.534,14.0,371.0,222534.0,599.8,440.9,714.2,0.534,False,1.0,689.0,True,0.871,0.871
P14,280362,False,2022-03-21,2025-02-18,16,714.0,531754.0,744.8,667.1,822.3,0.6631,3.0,98.0,65504.0,668.4,653.0,692.9,0.5951,False,,,False,,
P14,280365,False,2022-03-24,2025-02-26,13,685.0,484067.0,706.7,641.6,773.7,0.6292,1.0,20.0,8150.0,407.5,407.5,407.5,0.3628,False,1.0,689.0,True,1.026,0.591
P14,280383,False,2022-07-16,2024-12-11,9,158.0,105587.0,668.3,555.2,799.0,0.595,3.0,67.0,45070.0,672.7,566.0,748.4,0.5989,False,1.0,689.0,True,0.97,0.976
P14,280384,False,2023-03-09,2024-12-06,7,120.0,78394.0,653.3,571.6,744.5,0.5816,3.0,60.0,41564.0,692.7,571.6,802.5,0.6167,False,1.0,689.0,True,0.948,1.005
P14,280385,False,2022-07-29,2024-06-22,3,48.0,37053.0,771.9,654.6,829.5,0.6873,,,,,,,,False,1.0,689.0,True,1.12,
P14,280401,False,2024-07-27,2024-10-15,2,24.0,12039.0,501.6,289.8,713.4,0.4466,1.0,12.0,8561.0,713.4,713.4,713.4,0.6352,True,,,False,,
P14,280404,False,2024-07-27,2024-10-16,2,36.0,22424.0,622.9,620.3,624.3,0.5546,1.0,12.0,7440.0,620.0,620.0,620.0,0.552,True,,,False,,
P14,280478,False,2025-04-11,2026-09-01,29,972.0,665004.0,684.2,567.6,794.4,0.6091,29.0,972.0,665004.0,684.2,567.6,794.4,0.6091,False,1.0,689.0,True,0.993,0.993
P14,280571,False,2025-05-20,2026-02-19,11,435.0,336327.0,773.2,726.0,862.4,0.6884,11.0,435.0,336327.0,773.2,726.0,862.4,0.6884,False,1.0,689.0,True,1.122,1.122
P14,280572,False,2026-02-22,2026-08-20,6,217.0,155664.0,717.3,592.3,832.2,0.6387,6.0,217.0,155664.0,717.3,592.3,832.2,0.6387,False,1.0,689.0,True,1.041,1.041
P14,280573,False,2025-04-21,2026-04-10,3,108.0,69126.0,640.1,547.5,699.9,0.5699,3.0,108.0,69126.0,640.1,547.5,699.9,0.5699,False,1.0,689.0,True,0.929,0.929
P14,280574,False,2025-05-14,2025-05-26,4,108.0,80816.0,748.3,670.1,820.9,0.6662,4.0,108.0,80816.0,748.3,670.1,820.9,0.6662,False,1.0,689.0,True,1.086,1.086
P14,280601,False,2025-08-07,2026-06-25,11,328.8,211115.0,642.1,484.5,740.9,0.5717,11.0,328.8,211115.0,642.1,484.5,740.9,0.5717,False,1.0,689.0,True,0.932,0.932
P14,280602,False,2025-08-09,2026-08-26,12,265.0,153694.0,580.0,422.5,726.0,0.5164,12.0,265.0,153694.0,580.0,422.5,726.0,0.5164,False,1.0,689.0,True,0.842,0.842
P14,280642,False,2026-04-23,2026-04-23,1,20.0,10796.0,539.8,539.8,539.8,0.4806,1.0,20.0,10796.0,539.8,539.8,539.8,0.4806,True,,,False,,
P14,280659,False,2026-03-02,2026-05-24,7,497.0,374312.0,753.1,678.3,826.3,0.6705,7.0,497.0,374312.0,753.1,678.3,826.3,0.6705,False,1.0,689.0,True,1.093,1.093
P14,280660,False,2026-03-10,2026-05-01,7,242.0,178249.0,736.6,684.7,770.7,0.6558,7.0,242.0,178249.0,736.6,684.7,770.7,0.6558,False,1.0,689.0,True,1.069,1.069
P14,570475,False,2026-06-19,2026-06-21,2,90.0,66847.0,742.7,656.2,800.4,0.6613,2.0,90.0,66847.0,742.7,656.2,800.4,0.6613,True,1.0,689.0,True,1.078,1.078
P15,120430,False,2018-02-22,2025-07-31,6,146.0,79622.0,545.4,456.5,640.6,0.4855,1.0,24.0,12380.0,515.8,515.8,515.8,0.4593,False,,,False,,
P15,120431,False,2018-09-27,2020-09-24,3,39.9,26054.0,653.6,594.1,707.2,0.5819,,,,,,,,False,,,False,,
P15,120435,False,2018-02-23,2018-02-23,1,6.0,3733.0,622.2,622.2,622.2,0.554,,,,,,,,True,1.0,630.0,True,0.988,
P15,120436,False,2018-02-26,2026-01-29,44,1528.2,1159747.0,758.9,692.1,870.4,0.6756,7.0,205.0,159066.0,775.9,707.7,851.9,0.6908,False,1.0,630.0,True,1.205,1.232
P15,120437,False,2018-04-05,2025-07-10,19,541.8,412649.0,761.6,668.4,878.8,0.678,2.0,53.0,32911.0,621.0,601.8,671.7,0.5528,False,1.0,630.0,True,1.209,0.986
P15,120442,False,2018-12-19,2018-12-19,1,6.6,5801.0,882.9,882.9,882.9,0.7861,,,,,,,,True,,,False,,
P15,120444,False,2018-06-22,2020-05-28,4,56.0,40761.0,727.9,514.7,861.6,0.648,,,,,,,,False,1.0,630.0,True,1.155,
P15,120448,False,2018-02-26,2025-07-08,17,598.7,468925.0,783.3,714.4,874.7,0.6974,2.0,59.0,34888.0,591.3,480.3,762.2,0.5265,False,1.0,630.0,True,1.243,0.939
P15,120450,False,2018-02-12,2018-02-12,1,27.0,8170.0,302.6,302.6,302.6,0.2694,,,,,,,,True,0.0,630.0,True,0.48,
P15,120451,False,2018-02-21,2018-02-21,1,24.0,12613.0,525.5,525.5,525.5,0.4679,,,,,,,,True,0.0,630.0,True,0.834,
P15,120463,False,2024-02-16,2026-02-01,28,1513.3,1035325.0,684.1,546.8,799.7,0.6091,14.0,824.3,582975.0,707.2,558.1,814.8,0.6296,False,1.0,630.0,True,1.086,1.123
P15,120464,False,2018-04-19,2025-09-03,50,2462.4,1920713.0,780.0,714.3,867.1,0.6944,8.0,254.0,192397.0,757.5,619.3,888.3,0.6744,False,,,False,,
P15,120465,False,2018-07-27,2019-01-22,3,103.7,69106.0,666.4,647.3,673.5,0.5933,,,,,,,,False,1.0,630.0,True,1.058,
P15,120531,False,2019-06-29,2019-06-29,1,2.7,153.0,56.2,56.2,56.2,0.05,,,,,,,,True,0.0,630.0,True,0.089,
P15,120534,False,2021-02-07,2021-02-07,1,12.0,8233.0,686.1,686.1,686.1,0.6108,,,,,,,,True,,,False,,
P15,241281,False,2020-05-28,2020-05-28,1,24.0,15007.0,625.3,625.3,625.3,0.5567,,,,,,,,True,,,False,,
P15,241283,False,2018-11-05,2025-10-09,15,516.0,376192.0,729.1,663.3,837.6,0.6491,5.0,188.0,137987.0,734.0,617.4,834.0,0.6535,False,1.0,630.0,True,1.157,1.165
P15,241287,False,2020-11-17,2024-02-04,12,600.0,448723.0,747.9,635.8,867.2,0.6658,,,,,,,,False,,,False,,
P15,241288,False,2018-07-13,2024-05-03,17,737.2,550166.0,746.3,638.8,856.5,0.6645,,,,,,,,False,,,False,,
P15,241653,False,2020-01-29,2020-01-31,2,18.0,14216.0,789.8,648.5,1044.0,0.7031,,,,,,,,True,,,False,,
P15,242027,False,2018-02-13,2019-08-12,5,206.8,129111.0,624.2,562.8,715.6,0.5557,,,,,,,,False,,,False,,
P15,242030,False,2018-10-15,2019-06-12,4,164.6,130561.0,793.4,684.1,873.8,0.7064,,,,,,,,False,,,False,,
P15,251200,False,2018-05-14,2023-07-22,31,900.6,695814.0,772.6,671.9,897.3,0.6878,,,,,,,,False,0.0,630.0,True,1.226,
P15,280003,False,2018-12-20,2018-12-20,1,10.4,6863.0,658.0,658.0,658.0,0.5859,,,,,,,,True,,,False,,
P15,280013,False,2022-08-08,2023-10-16,2,36.0,29499.0,819.4,685.3,894.0,0.7295,,,,,,,,True,,,False,,
P15,280040,False,2018-10-15,2019-05-22,3,67.0,47594.0,710.4,677.9,738.5,0.6324,,,,,,,,False,,,False,,
P15,280052,False,2019-02-11,2023-05-15,65,3740.0,2970615.0,794.3,711.8,882.4,0.7072,,,,,,,,False,1.0,630.0,True,1.261,
P15,280087,False,2018-05-08,2018-05-08,1,38.0,18485.0,486.4,486.4,486.4,0.4331,,,,,,,,True,,,False,,
P15,280103,False,2018-07-09,2025-10-19,41,2054.5,1546666.0,752.8,710.3,838.4,0.6702,3.0,120.0,85472.0,712.3,612.1,763.5,0.6341,False,1.0,630.0,True,1.195,1.131
P15,280104,False,2020-04-16,2025-10-07,27,1079.0,818930.0,759.0,690.9,843.7,0.6757,3.0,94.5,58716.0,621.3,487.2,763.7,0.5532,False,1.0,630.0,True,1.205,0.986
P15,280105,False,2018-08-23,2025-10-06,40,1990.8,1473448.0,740.1,663.3,809.5,0.659,2.0,90.0,72266.0,803.0,792.5,834.3,0.7149,False,,,False,,
P15,280106,False,2020-04-22,2026-03-01,27,875.0,621170.0,709.9,591.2,825.3,0.632,5.0,89.0,47311.0,531.6,316.7,886.8,0.4733,False,,,False,,
P15,280107,False,2018-03-12,2025-01-30,9,198.0,125294.0,632.8,452.8,864.3,0.5634,1.0,48.0,30994.0,645.7,645.7,645.7,0.5749,False,1.0,630.0,True,1.004,1.025
P15,280121,False,2025-08-19,2025-08-19,1,24.0,18670.0,777.9,777.9,777.9,0.6926,1.0,24.0,18670.0,777.9,777.9,777.9,0.6926,True,1.0,630.0,True,1.235,1.235
P15,280133,False,2018-05-15,2018-06-18,2,75.0,55431.0,739.1,553.8,817.3,0.658,,,,,,,,True,,,False,,
P15,280135,False,2018-06-18,2018-08-15,3,234.2,174151.0,743.5,724.1,766.5,0.662,,,,,,,,False,1.0,630.0,True,1.18,
P15,280141,False,2018-08-27,2018-08-27,1,106.0,92614.0,873.5,873.5,873.5,0.7777,,,,,,,,True,,,False,,
P15,280142,False,2018-10-01,2019-07-31,19,1238.1,1132425.0,914.7,837.0,1018.9,0.7372,,,,,,,,False,,,False,,
P15,280147,False,2019-01-31,2019-04-15,4,229.1,209954.0,916.4,873.0,949.1,0.8159,,,,,,,,False,,,False,,
P15,280166,False,2019-07-15,2024-12-07,31,1348.1,1003825.0,744.6,681.4,820.3,0.6629,1.0,12.0,9340.0,778.4,778.4,778.4,0.693,False,,,False,,
P15,280169,False,2020-02-25,2025-08-17,38,2323.0,1779284.0,765.9,669.7,855.1,0.6819,5.0,312.0,223440.0,716.2,549.4,837.3,0.6376,False,1.0,630.0,True,1.216,1.137
P15,280172,False,2019-05-13,2022-12-01,15,457.0,349426.0,764.6,684.2,887.8,0.6807,,,,,,,,False,1.0,630.0,True,1.214,
P15,280175,False,2019-05-09,2020-03-21,10,344.0,265328.0,771.3,634.1,905.6,0.6216,,,,,,,,False,,,False,,
P15,280185,False,2019-02-25,2019-03-11,3,317.6,289382.0,911.2,887.1,928.2,0.8113,,,,,,,,False,1.0,630.0,True,1.446,
P15,280196,False,2019-04-01,2019-04-01,1,29.7,17253.0,581.5,581.5,581.5,0.5177,,,,,,,,True,,,False,,
P15,280198,False,2020-03-15,2020-12-06,7,372.5,281859.0,756.7,676.0,814.1,0.6737,,,,,,,,False,,,False,,
P15,280204,False,2021-02-20,2023-02-24,3,67.0,47686.0,711.7,655.3,795.0,0.6337,,,,,,,,False,,,False,,
P15,280205,False,2019-04-18,2021-04-05,10,339.4,285679.0,841.6,778.3,941.1,0.7493,,,,,,,,False,,,False,,
P15,280206,False,2019-05-14,2020-09-27,11,722.6,429027.0,593.7,496.0,735.3,0.5286,,,,,,,,False,,,False,,
P15,280212,False,2019-10-07,2026-01-23,26,862.5,634017.0,735.1,566.7,864.7,0.6545,1.0,44.0,24622.0,559.6,559.6,559.6,0.4982,False,1.0,630.0,True,1.167,0.888
P15,280213,False,2019-11-26,2025-09-07,22,732.9,540937.0,738.1,679.2,827.8,0.6572,2.0,36.0,23523.0,653.4,323.5,836.7,0.5818,False,1.0,630.0,True,1.172,1.037
P15,280214,False,2020-02-05,2021-05-01,31,1723.0,1360976.0,789.9,734.0,837.8,0.7032,,,,,,,,False,,,False,,
P15,280216,False,2020-02-10,2020-07-19,22,1794.3,1778421.0,991.1,925.3,1037.6,0.7988,,,,,,,,False,,,False,,
P15,280222,False,2020-01-23,2025-09-16,33,1742.7,1373296.0,788.0,714.3,882.5,0.7016,2.0,84.0,72163.0,859.1,855.3,861.9,0.7649,False,1.0,630.0,True,1.251,1.364
P15,280243,False,2020-01-29,2020-02-02,4,95.0,88954.0,936.4,902.3,955.4,0.8337,,,,,,,,False,,,False,,
P15,280244,False,2025-05-15,2025-05-15,1,24.0,16892.0,703.8,703.8,703.8,0.6266,1.0,24.0,16892.0,703.8,703.8,703.8,0.6266,True,,,False,,
P15,280256,False,2022-06-21,2024-09-03,22,1236.0,987386.0,798.9,725.0,877.2,0.7112,1.0,63.0,55216.0,876.4,876.4,876.4,0.7803,False,0.0,630.0,True,1.268,1.391
P15,280264,False,2025-03-29,2025-09-21,8,517.5,381995.0,738.2,649.7,815.7,0.6572,8.0,517.5,381995.0,738.2,649.7,815.7,0.6572,False,1.0,630.0,True,1.172,1.172
P15,280318,False,2022-04-23,2025-08-20,10,223.0,154791.0,694.1,574.7,828.3,0.618,3.0,72.0,51930.0,721.2,626.5,824.4,0.6421,False,1.0,630.0,True,1.102,1.145
P15,280323,False,2021-08-23,2025-09-03,18,770.0,566455.0,735.7,642.2,847.2,0.655,1.0,24.0,15941.0,664.2,664.2,664.2,0.5913,False,1.0,630.0,True,1.168,1.054
P15,280324,False,2021-04-01,2025-09-08,29,1292.8,1035074.0,800.6,718.8,892.1,0.7128,1.0,24.0,18365.0,765.2,765.2,765.2,0.6813,False,1.0,630.0,True,1.271,1.215
P15,280325,False,2021-08-02,2023-01-09,12,882.0,644984.0,731.3,745.5,762.4,0.6511,,,,,,,,False,1.0,630.0,True,1.161,
P15,280344,False,2024-10-12,2025-09-30,5,170.5,130327.0,764.2,750.1,858.9,0.6804,5.0,170.5,130327.0,764.2,750.1,858.9,0.6804,False,1.0,630.0,True,1.213,1.213
P15,280348,False,2024-03-09,2025-12-21,37,1704.4,1278186.0,750.0,653.7,868.9,0.6677,24.0,1216.4,915788.0,752.9,663.5,873.4,0.6703,False,1.0,630.0,True,1.19,1.195
P15,280351,False,2022-04-30,2025-06-24,73,5450.0,4208818.0,772.3,697.8,868.1,0.6876,28.0,2280.0,1767184.0,775.1,666.1,864.1,0.6901,False,1.0,630.0,True,1.226,1.23
P15,280352,False,2025-02-23,2025-02-23,1,12.0,10454.0,871.2,871.2,871.2,0.7756,1.0,12.0,10454.0,871.2,871.2,871.2,0.7756,True,,,False,,
P15,280391,False,2022-03-09,2025-03-24,20,1100.5,896661.0,814.8,743.9,881.9,0.7254,1.0,24.0,20515.0,854.8,854.8,854.8,0.761,False,,,False,,
P15,280395,False,2022-03-06,2022-03-06,1,325.0,251767.0,774.7,774.7,774.7,0.6897,,,,,,,,True,,,False,,
P15,280396,False,2022-03-24,2022-03-24,1,12.0,9810.0,817.5,817.5,817.5,0.7278,,,,,,,,True,,,False,,
P15,280405,False,2022-03-01,2025-10-02,26,1719.0,1354690.0,788.1,708.6,870.7,0.7016,4.0,174.0,123636.0,710.5,607.4,837.6,0.6326,False,1.0,630.0,True,1.251,1.128
P15,280421,False,2023-05-14,2026-02-03,11,379.0,272968.0,720.2,665.0,825.9,0.6412,3.0,132.0,80912.0,613.0,535.3,711.2,0.5457,False,1.0,630.0,True,1.143,0.973
P15,280425,False,2025-07-21,2025-10-10,2,48.0,29966.0,624.3,609.5,639.1,0.5558,2.0,48.0,29966.0,624.3,609.5,639.1,0.5558,True,1.0,630.0,True,0.991,0.991
P15,280450,False,2023-07-20,2023-07-20,1,36.0,23107.0,641.9,641.9,641.9,0.5715,,,,,,,,True,1.0,630.0,True,1.019,
P15,280451,False,2023-06-14,2026-02-05,9,372.6,300725.0,807.2,653.0,913.5,0.7187,6.0,186.6,143178.0,767.5,665.7,850.7,0.6833,False,1.0,630.0,True,1.281,1.218
P15,280452,False,2023-07-11,2026-02-04,5,168.0,100711.0,599.5,480.5,704.6,0.5337,3.0,84.0,57445.0,683.9,650.6,711.9,0.6089,False,1.0,630.0,True,0.952,1.086
P15,280453,False,2024-02-19,2024-12-08,3,143.0,71209.0,498.0,407.5,645.1,0.4433,1.0,31.0,21729.0,700.9,700.9,700.9,0.624,False,1.0,630.0,True,0.79,1.113
P15,280454,False,2024-01-05,2024-01-28,4,194.0,155222.0,800.1,705.8,899.9,0.7124,,,,,,,,False,1.0,630.0,True,1.27,
P15,280480,False,2024-02-26,2026-01-19,6,341.0,236282.0,692.9,656.9,734.0,0.6169,1.0,96.0,62887.0,655.1,655.1,655.1,0.5832,False,1.0,630.0,True,1.1,1.04
P15,280490,False,2025-06-24,2025-09-04,2,54.0,32180.0,595.9,569.4,605.8,0.5306,2.0,54.0,32180.0,595.9,569.4,605.8,0.5306,True,1.0,630.0,True,0.946,0.946
P15,280493,False,2025-03-25,2026-01-25,2,70.0,45945.0,656.4,595.1,870.6,0.5844,2.0,70.0,45945.0,656.4,595.1,870.6,0.5844,True,1.0,630.0,True,1.042,1.042
P15,280541,False,2025-10-07,2025-10-07,1,36.0,24402.0,677.8,677.8,677.8,0.6035,1.0,36.0,24402.0,677.8,677.8,677.8,0.6035,True,1.0,630.0,True,1.076,1.076
P15,280559,False,2025-10-15,2025-12-04,2,60.0,46413.0,773.6,674.9,839.3,0.6887,2.0,60.0,46413.0,773.6,674.9,839.3,0.6887,True,1.0,630.0,True,1.228,1.228
P15,280563,False,2025-09-09,2025-09-09,1,60.0,45487.0,758.1,758.1,758.1,0.675,1.0,60.0,45487.0,758.1,758.1,758.1,0.675,True,1.0,630.0,True,1.203,1.203
P15,280566,False,2025-08-01,2025-08-03,2,96.0,72263.0,752.7,730.6,774.9,0.6702,2.0,96.0,72263.0,752.7,730.6,774.9,0.6702,True,1.0,630.0,True,1.195,1.195
P15,280591,False,2025-09-17,2025-09-17,1,66.0,43342.0,656.7,656.7,656.7,0.5847,1.0,66.0,43342.0,656.7,656.7,656.7,0.5847,True,1.0,630.0,True,1.042,1.042
P15,280605,False,2026-04-03,2026-08-09,4,222.5,127286.0,572.1,488.0,645.6,0.4414,4.0,222.5,127286.0,572.1,488.0,645.6,0.4414,False,1.0,630.0,True,0.908,0.908
P15,280607,False,2026-04-26,2026-08-11,3,110.0,61212.0,556.5,417.4,765.1,0.4294,3.0,110.0,61212.0,556.5,417.4,765.1,0.4294,False,1.0,630.0,True,0.883,0.883
P15,280609,False,2026-04-29,2026-07-05,5,118.5,64455.0,543.9,334.9,782.7,0.3777,5.0,118.5,64455.0,543.9,334.9,782.7,0.3777,False,1.0,630.0,True,0.863,0.863
P15,280610,False,2026-06-17,2026-08-15,7,305.0,114297.0,374.7,243.0,481.2,0.2602,7.0,305.0,114297.0,374.7,243.0,481.2,0.2602,False,1.0,630.0,True,0.595,0.595
P15,280612,False,2026-08-19,2026-08-19,1,35.0,7909.0,226.0,226.0,226.0,0.2092,1.0,35.0,7909.0,226.0,226.0,226.0,0.2092,True,1.0,630.0,True,0.359,0.359
P15,280613,False,2026-04-14,2026-05-04,4,172.0,110600.0,643.0,574.5,731.2,0.5954,4.0,172.0,110600.0,643.0,574.5,731.2,0.5954,False,1.0,630.0,True,1.021,1.021
P15,280614,False,2026-04-20,2026-06-07,3,127.8,81779.0,640.1,518.0,774.1,0.5927,3.0,127.8,81779.0,640.1,518.0,774.1,0.5927,False,1.0,630.0,True,1.016,1.016
P15,280616,False,2026-04-23,2026-04-23,1,72.0,36653.0,509.1,509.1,509.1,0.4513,1.0,72.0,36653.0,509.1,509.1,509.1,0.4513,True,1.0,630.0,True,0.808,0.808
P15,280617,False,2026-05-22,2026-09-01,5,217.0,136105.0,627.2,515.8,752.1,0.5227,5.0,217.0,136105.0,627.2,515.8,752.1,0.5227,False,1.0,630.0,True,0.996,0.996
P15,280622,False,2026-06-19,2026-08-17,4,155.5,44011.0,283.0,197.3,309.9,0.2184,4.0,155.5,44011.0,283.0,197.3,309.9,0.2184,False,1.0,630.0,True,0.449,0.449
P15,280624,False,2026-04-10,2026-04-10,1,28.5,18186.0,638.1,638.1,638.1,0.4924,1.0,28.5,18186.0,638.1,638.1,638.1,0.4924,True,1.0,630.0,True,1.013,1.013
P15,280652,False,2026-06-21,2026-07-16,4,215.0,133679.0,621.8,514.1,732.9,0.5757,4.0,215.0,133679.0,621.8,514.1,732.9,0.5757,False,1.0,630.0,True,0.987,0.987
P15,280689,False,2026-05-26,2026-08-02,13,799.8,553255.0,691.8,567.0,813.9,0.5765,13.0,799.8,553255.0,691.8,567.0,813.9,0.5765,False,1.0,630.0,True,1.098,1.098
P15,280698,False,2026-06-10,2026-08-22,4,152.0,72661.0,478.0,304.9,672.1,0.3984,4.0,152.0,72661.0,478.0,304.9,672.1,0.3984,False,1.0,630.0,True,0.759,0.759
P15,570223,False,2026-01-28,2026-01-28,1,24.0,15318.0,638.2,638.2,638.2,0.5682,1.0,24.0,15318.0,638.2,638.2,638.2,0.5682,True,1.0,630.0,True,1.013,1.013
P16,120430,False,2018-01-17,2026-03-26,13,277.6,177808.0,640.5,534.8,744.9,0.5702,2.0,14.2,8459.0,596.5,359.0,657.4,0.5311,False,,,False,,
P16,120431,False,2018-03-15,2019-03-29,4,69.8,46606.0,667.2,558.6,772.4,0.594,,,,,,,,False,,,False,,
P16,120433,False,2018-02-08,2018-05-23,4,114.5,91551.0,799.4,658.1,865.7,0.7117,,,,,,,,False,,,False,,
P16,120436,False,2018-01-15,2026-07-04,25,814.7,634582.0,778.9,721.5,885.4,0.6934,3.0,54.0,40060.0,741.9,702.3,793.0,0.6605,False,1.0,800.0,True,0.974,0.927
P16,120437,False,2018-01-29,2026-09-01,25,767.0,552259.0,720.0,617.7,845.2,0.641,3.0,72.0,57545.0,799.2,781.2,812.9,0.7116,False,1.0,800.0,True,0.9,0.999
P16,120444,False,2018-05-29,2026-03-15,11,262.9,180321.0,685.9,642.8,760.4,0.6107,2.0,24.0,17122.0,713.4,674.6,752.2,0.6352,False,1.0,800.0,True,0.857,0.892
P16,120445,False,2020-08-29,2020-08-29,1,12.0,8975.0,747.9,747.9,747.9,0.6659,,,,,,,,True,0.0,800.0,True,0.935,
P16,120448,False,2018-03-29,2026-01-26,21,816.3,668539.0,819.0,775.4,901.6,0.7292,4.0,126.0,91666.0,727.5,570.1,859.5,0.6477,False,1.0,800.0,True,1.024,0.909
P16,120463,False,2026-01-29,2026-08-16,9,275.0,190716.0,693.5,680.5,753.8,0.6174,9.0,275.0,190716.0,693.5,680.5,753.8,0.6174,False,1.0,800.0,True,0.867,0.867
P16,120464,False,2018-01-16,2026-01-25,44,1981.1,1595677.0,805.4,741.7,877.0,0.7171,4.0,86.0,60237.0,700.4,588.9,803.7,0.6236,False,,,False,,
P16,120465,False,2019-03-26,2019-08-13,2,40.0,27336.0,683.4,620.8,871.2,0.6084,,,,,,,,True,0.0,800.0,True,0.854,
P16,120536,False,2018-04-16,2019-02-15,3,52.6,26374.0,500.9,454.2,527.4,0.446,,,,,,,,False,0.0,800.0,True,0.626,
P16,241283,False,2018-07-16,2026-08-26,11,362.0,253200.0,699.4,576.0,829.2,0.6227,5.0,166.5,115496.0,693.7,583.6,830.3,0.6176,False,1.0,800.0,True,0.874,0.867
P16,241287,False,2020-08-13,2026-01-04,8,327.0,253716.0,775.9,716.1,814.1,0.6908,2.0,108.0,85393.0,790.7,786.6,795.7,0.7039,False,,,False,,
P16,241288,False,2018-03-19,2022-05-14,19,953.8,793790.0,832.3,788.7,883.7,0.741,,,,,,,,False,,,False,,
P16,241653,False,2020-01-31,2020-01-31,1,11.0,8882.0,807.4,807.4,807.4,0.7189,,,,,,,,True,,,False,,
P16,241658,False,2018-01-24,2018-01-24,1,45.8,23051.0,503.8,503.8,503.8,0.4486,,,,,,,,True,,,False,,
P16,242027,False,2018-02-05,2018-07-09,9,520.0,399342.0,768.0,690.4,850.4,0.6837,,,,,,,,False,,,False,,
P16,242030,False,2018-02-05,2019-10-07,3,156.1,119722.0,767.1,674.6,843.0,0.683,,,,,,,,False,,,False,,
P16,251200,False,2018-03-15,2026-09-02,23,828.0,634608.0,766.4,663.0,878.6,0.6824,7.0,248.0,173565.0,699.9,592.3,793.8,0.6231,False,1.0,800.0,True,0.958,0.875
P16,280003,False,2018-02-07,2018-04-17,2,42.0,33535.0,798.5,751.7,872.0,0.7109,,,,,,,,True,,,False,,
P16,280013,False,2020-08-29,2023-10-16,2,84.0,71493.0,851.1,426.9,952.1,0.7578,,,,,,,,True,,,False,,
P16,280040,False,2018-01-22,2018-04-30,5,222.3,153580.0,690.8,506.8,842.8,0.615,,,,,,,,False,,,False,,
P16,280052,False,2018-10-22,2023-08-28,114,8488.6,6765827.0,797.0,764.6,875.4,0.7096,,,,,,,,False,1.0,800.0,True,0.996,
P16,280098,False,2020-08-17,2020-08-17,1,12.0,6192.0,516.0,516.0,516.0,0.4594,,,,,,,,True,0.0,800.0,True,0.645,
P16,280105,False,2021-06-14,2021-06-14,1,12.0,2232.0,186.0,186.0,186.0,0.1656,,,,,,,,True,,,False,,
P16,280107,False,2019-02-04,2026-08-01,9,156.0,96415.0,618.0,495.9,739.7,0.5503,1.0,12.0,5135.0,428.0,427.9,427.9,0.381,False,0.0,800.0,True,0.772,0.535
P16,280121,False,2020-11-08,2026-07-15,5,122.0,79658.0,652.9,629.0,723.4,0.5813,4.0,92.0,59390.0,645.5,538.1,731.2,0.5747,False,1.0,800.0,True,0.816,0.807
P16,280133,False,2018-05-22,2018-06-01,3,75.2,61726.0,820.8,717.3,901.1,0.7308,,,,,,,,False,,,False,,
P16,280134,False,2018-06-04,2018-06-04,1,53.0,48805.0,920.9,920.9,920.9,0.8198,,,,,,,,True,1.0,800.0,True,1.151,
P16,280135,False,2018-06-07,2018-06-29,4,133.2,102451.0,769.0,617.9,891.2,0.6847,,,,,,,,False,1.0,800.0,True,0.961,
P16,280147,False,2018-11-28,2019-07-11,7,231.0,188478.0,816.0,745.4,878.1,0.7265,,,,,,,,False,,,False,,
P16,280155,False,2020-06-27,2020-06-27,1,24.0,16547.0,689.5,689.5,689.5,0.6138,,,,,,,,True,,,False,,
P16,280166,False,2019-10-31,2019-10-31,1,8.0,4336.0,542.0,542.0,542.0,0.4826,,,,,,,,True,,,False,,
P16,280169,False,2020-02-15,2026-04-05,15,787.0,596243.0,757.6,703.8,828.7,0.6745,3.0,70.0,50175.0,716.8,510.0,880.1,0.6382,False,1.0,800.0,True,0.947,0.896
P16,280172,False,2019-04-03,2022-08-05,7,200.0,147766.0,738.8,647.0,829.9,0.6578,,,,,,,,False,1.0,800.0,True,0.924,
P16,280185,False,2019-02-25,2019-03-11,3,267.6,222720.0,832.2,814.1,849.2,0.7409,,,,,,,,False,1.0,800.0,True,1.04,
P16,280196,False,2019-03-25,2019-03-25,1,27.2,18183.0,667.3,667.3,667.3,0.5941,,,,,,,,True,,,False,,
P16,280198,False,2020-03-10,2021-05-09,8,430.3,319117.0,741.6,693.5,847.9,0.6603,,,,,,,,False,,,False,,
P16,280205,False,2019-04-22,2021-05-16,8,326.0,236974.0,726.9,611.9,859.8,0.6472,,,,,,,,False,,,False,,
P16,280206,False,2019-05-13,2021-09-01,20,1640.8,1177364.0,717.6,686.8,812.6,0.6389,,,,,,,,False,,,False,,
P16,280212,False,2020-03-20,2025-08-11,12,456.0,319672.0,701.0,600.6,787.1,0.6241,4.0,157.0,105499.0,672.0,617.5,709.1,0.5983,False,1.0,800.0,True,0.876,0.84
P16,280213,False,2020-01-08,2026-08-03,12,409.7,297595.0,726.4,625.4,799.3,0.6467,4.0,126.5,99507.0,786.6,747.0,831.7,0.7003,False,1.0,800.0,True,0.908,0.983
P16,280214,False,2020-02-05,2021-01-03,21,1309.0,1076344.0,822.3,793.4,862.3,0.7321,,,,,,,,False,,,False,,
P16,280222,False,2020-03-21,2025-08-14,41,3186.6,2533187.0,794.9,709.6,883.9,0.7077,3.0,106.0,76229.0,719.1,608.8,800.2,0.6403,False,1.0,800.0,True,0.994,0.899
P16,280243,False,2020-02-01,2020-02-19,5,108.0,91918.0,851.1,816.5,897.7,0.7577,,,,,,,,False,,,False,,
P16,280256,False,2022-01-19,2025-08-05,35,1997.5,1599384.0,800.7,715.8,868.6,0.7129,12.0,666.5,521711.0,782.8,696.5,820.3,0.6969,False,0.0,800.0,True,1.001,0.978
P16,280264,False,2025-06-18,2026-08-23,26,1678.0,1294513.0,771.5,656.1,852.5,0.6868,26.0,1678.0,1294513.0,771.5,656.1,852.5,0.6868,False,1.0,800.0,True,0.964,0.964
P16,280286,False,2020-02-02,2020-02-10,2,90.0,81985.0,910.9,901.7,924.9,0.811,,,,,,,,True,,,False,,
P16,280318,False,2025-11-15,2026-07-28,8,313.2,213395.0,681.2,560.7,853.6,0.6065,8.0,313.2,213395.0,681.2,560.7,853.6,0.6065,False,1.0,800.0,True,0.852,0.852
P16,280323,False,2021-06-20,2026-05-08,14,679.2,521928.0,768.4,629.9,865.4,0.6841,12.0,540.2,435213.0,805.6,734.3,870.4,0.7172,False,1.0,800.0,True,0.96,1.007
P16,280324,False,2021-06-14,2026-03-18,31,2249.1,1729083.0,768.8,692.2,866.6,0.6845,5.0,270.0,198104.0,733.7,663.9,801.0,0.6532,False,1.0,800.0,True,0.961,0.917
P16,280325,False,2021-06-06,2023-02-26,9,584.0,465510.0,797.1,730.5,871.5,0.7097,,,,,,,,False,1.0,800.0,True,0.996,
P16,280327,False,2023-12-17,2023-12-17,1,12.0,9856.0,821.3,821.3,821.3,0.7312,,,,,,,,True,,,False,,
P16,280348,False,2024-03-19,2026-08-21,12,442.0,315927.0,714.8,614.4,814.9,0.6364,11.0,430.0,306000.0,711.6,610.0,810.3,0.6336,False,1.0,800.0,True,0.894,0.89
P16,280351,False,2021-09-02,2025-06-29,197,20518.6,16854418.0,821.4,762.6,897.2,0.7313,45.0,4827.2,3972844.0,823.0,744.9,901.1,0.7327,False,1.0,800.0,True,1.027,1.029
P16,280352,False,2024-09-15,2024-09-15,1,12.0,2.0,0.2,0.2,0.2,0.0002,1.0,12.0,2.0,0.2,0.2,0.2,0.0002,True,,,False,,
P16,280388,False,2023-04-14,2023-09-15,3,60.0,44482.0,741.4,605.1,887.4,0.6601,,,,,,,,False,1.0,800.0,True,0.927,
P16,280405,False,2022-03-01,2026-07-06,11,565.5,465835.0,823.8,753.7,930.1,0.7334,1.0,24.0,12249.0,510.4,510.4,510.4,0.4544,False,1.0,800.0,True,1.03,0.638
P16,280425,False,2025-12-10,2026-08-06,4,108.0,64860.0,600.6,500.8,733.7,0.5347,4.0,108.0,64860.0,600.6,500.8,733.7,0.5347,False,1.0,800.0,True,0.751,0.751
P16,280450,False,2026-02-12,2026-04-13,2,37.0,31195.0,843.1,820.8,881.1,0.7506,2.0,37.0,31195.0,843.1,820.8,881.1,0.7506,True,1.0,800.0,True,1.054,1.054
P16,280454,False,2024-11-18,2026-07-22,6,180.0,122032.0,678.0,606.1,732.9,0.6036,6.0,180.0,122032.0,678.0,606.1,732.9,0.6036,False,1.0,800.0,True,0.848,0.848
P16,280480,False,2025-10-21,2026-05-05,5,276.3,205897.0,745.1,673.3,821.1,0.6634,5.0,276.3,205897.0,745.1,673.3,821.1,0.6634,False,1.0,800.0,True,0.931,0.931
P16,280490,False,2025-10-30,2026-05-02,6,314.0,246575.0,785.3,709.6,838.0,0.6991,6.0,314.0,246575.0,785.3,709.6,838.0,0.6991,False,1.0,800.0,True,0.982,0.982
P16,280541,False,2025-12-18,2025-12-18,1,42.0,28388.0,675.9,675.9,675.9,0.6018,1.0,42.0,28388.0,675.9,675.9,675.9,0.6018,True,1.0,800.0,True,0.845,0.845
P16,280559,False,2025-07-02,2026-08-28,8,248.5,173161.0,696.8,578.3,775.1,0.6204,8.0,248.5,173161.0,696.8,578.3,775.1,0.6204,False,1.0,800.0,True,0.871,0.871
P16,280563,False,2025-08-01,2026-08-30,15,620.0,449049.0,724.3,642.6,844.6,0.6448,15.0,620.0,449049.0,724.3,642.6,844.6,0.6448,False,1.0,800.0,True,0.905,0.905
P16,280564,False,2025-08-29,2026-04-19,6,240.5,198944.0,827.2,784.7,871.1,0.7365,6.0,240.5,198944.0,827.2,784.7,871.1,0.7365,False,1.0,800.0,True,1.034,1.034
P16,280566,False,2025-08-18,2026-07-07,4,150.0,108673.0,724.5,612.2,813.4,0.645,4.0,150.0,108673.0,724.5,612.2,813.4,0.645,False,1.0,800.0,True,0.906,0.906
P16,280567,False,2026-04-19,2026-04-19,1,12.0,7700.0,641.7,641.7,641.7,0.5713,1.0,12.0,7700.0,641.7,641.7,641.7,0.5713,True,1.0,800.0,True,0.802,0.802
P16,280590,False,2025-11-03,2026-08-16,6,197.5,150600.0,762.5,687.8,827.6,0.6789,6.0,197.5,150600.0,762.5,687.8,827.6,0.6789,False,1.0,800.0,True,0.953,0.953
P16,280591,False,2025-08-09,2026-08-18,6,278.5,217858.0,782.3,676.5,858.3,0.6965,6.0,278.5,217858.0,782.3,676.5,858.3,0.6965,False,1.0,800.0,True,0.978,0.978
P16,280592,False,2026-02-13,2026-07-27,5,132.0,104399.0,790.9,773.8,843.6,0.7042,5.0,132.0,104399.0,790.9,773.8,843.6,0.7042,False,1.0,800.0,True,0.989,0.989
P16,280601,False,2025-08-05,2025-08-05,1,16.0,3730.0,233.1,233.1,233.1,0.2076,1.0,16.0,3730.0,233.1,233.1,233.1,0.2076,True,0.0,800.0,True,0.291,0.291
P16,280644,False,2026-04-14,2026-04-14,2,24.0,18372.0,765.5,683.5,847.5,0.6815,2.0,24.0,18372.0,765.5,683.5,847.5,0.6815,True,,,False,,
P16,280674,False,2026-03-13,2026-03-13,1,30.0,20531.0,684.4,684.4,684.4,0.6093,1.0,30.0,20531.0,684.4,684.4,684.4,0.6093,True,,,False,,
P16,280683,False,2026-04-17,2026-05-11,2,140.0,106073.0,757.7,639.3,799.9,0.6746,2.0,140.0,106073.0,757.7,639.3,799.9,0.6746,True,1.0,800.0,True,0.947,0.947
P16,570261,False,2025-11-18,2025-11-18,1,66.0,54251.0,822.0,822.0,822.0,0.7318,1.0,66.0,54251.0,822.0,822.0,822.0,0.7318,True,1.0,800.0,True,1.028,1.028
P16,570471,False,2026-06-17,2026-06-18,2,60.0,40390.0,673.2,663.7,687.4,0.5993,2.0,60.0,40390.0,673.2,663.7,687.4,0.5993,True,1.0,800.0,True,0.842,0.842
P16,570560,False,2026-06-10,2026-08-02,3,84.0,56823.0,676.5,555.4,738.8,0.6023,3.0,84.0,56823.0,676.5,555.4,738.8,0.6023,False,1.0,800.0,True,0.846,0.846
P17,120436,True,2024-10-04,2024-10-04,1,32.0,35559.0,1111.2,1111.2,1111.2,0.4947,1.0,32.0,35559.0,1111.2,1111.2,1111.2,0.4947,True,1.0,1454.0,True,0.764,0.764
P17,120437,True,2021-06-23,2024-09-22,3,140.0,104642.0,747.4,543.0,920.2,0.3327,2.0,76.0,45808.0,602.7,543.0,829.9,0.2683,False,1.0,1454.0,True,0.514,0.415
P17,120448,True,2023-09-06,2024-09-19,2,82.0,78078.0,952.2,886.6,1200.2,0.4239,1.0,69.0,61178.0,886.6,886.6,886.6,0.3947,True,1.0,1454.0,True,0.655,0.61
P17,120464,True,2024-09-26,2024-09-29,2,112.0,97171.0,867.6,787.7,974.2,0.3862,2.0,112.0,97171.0,867.6,787.7,974.2,0.3862,True,,,False,,
P17,280052,True,2021-06-17,2023-12-02,61,3769.0,4831441.0,1281.9,830.2,1631.0,0.5706,,,,,,,,False,1.0,1454.0,True,0.882,
P17,280103,True,2022-05-07,2025-08-31,28,1252.5,1565389.0,1249.8,961.3,1469.8,0.5564,10.0,532.0,674577.0,1268.0,996.9,1449.4,0.5645,False,1.0,1454.0,True,0.86,0.872
P17,280104,True,2022-05-05,2025-08-27,9,573.0,724551.0,1264.5,996.7,1459.7,0.5629,1.0,12.0,14242.0,1186.8,1186.8,1186.8,0.5283,False,1.0,1454.0,True,0.87,0.816
P17,280105,True,2021-06-07,2025-07-16,23,1172.2,1335391.0,1139.2,912.3,1327.6,0.5071,5.0,306.0,406609.0,1328.8,1248.4,1459.3,0.5915,False,,,False,,
P17,280106,True,2022-05-09,2023-07-11,7,473.0,604861.0,1278.8,943.2,1649.7,0.5693,,,,,,,,False,,,False,,
P17,280107,True,2024-07-20,2024-07-20,1,19.5,12349.0,633.3,633.3,633.3,0.2819,,,,,,,,True,1.0,1454.0,True,0.436,
P17,280166,True,2022-05-15,2026-02-15,25,1313.0,1540679.0,1173.4,917.8,1449.9,0.5223,9.0,450.0,624660.0,1388.1,1288.8,1539.7,0.6179,False,,,False,,
P17,280169,True,2024-07-02,2024-10-01,4,279.8,293215.0,1048.1,816.0,1330.8,0.4666,2.0,68.8,63590.0,925.0,835.6,961.2,0.4117,False,1.0,1454.0,True,0.721,0.636
P17,280212,True,2021-10-19,2025-05-18,10,286.5,375834.0,1311.8,1132.1,1409.5,0.584,2.0,29.5,44479.0,1507.8,1381.1,1915.2,0.6712,False,1.0,1454.0,True,0.902,1.037
P17,280213,True,2021-08-16,2026-08-26,15,564.0,731177.0,1296.4,1201.5,1506.1,0.5771,4.0,232.0,326687.0,1408.1,1328.7,1518.7,0.6268,False,1.0,1454.0,True,0.892,0.968
P17,280222,True,2022-01-01,2025-07-30,37,2154.2,2906555.0,1349.3,1169.1,1565.0,0.6006,12.0,696.0,888173.0,1276.1,990.1,1464.5,0.5681,False,1.0,1454.0,True,0.928,0.878
P17,280234,True,2022-10-12,2022-10-12,1,12.0,16332.0,1361.0,1361.0,1361.0,0.5027,,,,,,,,True,,,False,,
P17,280244,True,2024-06-26,2024-07-15,3,146.0,123746.0,847.6,534.2,1212.9,0.3773,,,,,,,,False,,,False,,
P17,280245,True,2024-07-18,2024-07-18,1,19.0,20598.0,1084.1,1084.1,1084.1,0.4826,,,,,,,,True,,,False,,
P17,280256,True,2025-08-03,2026-03-11,2,176.0,241932.0,1374.6,1326.7,1501.1,0.6119,2.0,176.0,241932.0,1374.6,1326.7,1501.1,0.6119,True,0.0,1454.0,True,0.945,0.945
P17,280318,True,2024-09-25,2024-09-25,1,24.0,27877.0,1161.5,1161.5,1161.5,0.5171,1.0,24.0,27877.0,1161.5,1161.5,1161.5,0.5171,True,1.0,1454.0,True,0.799,0.799
P17,280323,True,2021-06-21,2026-08-17,30,1036.2,1113324.0,1074.4,667.2,1456.5,0.4783,9.0,305.2,338500.0,1108.9,610.5,1453.5,0.4936,False,1.0,1454.0,True,0.739,0.763
P17,280324,True,2021-08-08,2026-08-15,85,5237.5,6958347.0,1328.6,1082.4,1589.0,0.5914,19.0,973.0,1376026.0,1414.2,1214.2,1619.0,0.6295,False,1.0,1454.0,True,0.914,0.973
P17,280325,True,2022-01-23,2022-01-23,1,12.0,20370.0,1697.5,1697.5,1697.5,0.7557,,,,,,,,True,1.0,1454.0,True,1.167,
P17,280344,True,2025-05-07,2026-03-08,4,172.0,211214.0,1228.0,1112.8,1409.3,0.5466,4.0,172.0,211214.0,1228.0,1112.8,1409.3,0.5466,False,1.0,1454.0,True,0.845,0.845
P17,280351,True,2023-08-01,2023-08-07,2,31.0,40807.0,1316.4,1120.4,1442.8,0.586,,,,,,,,True,0.0,1454.0,True,0.905,
P17,280391,True,2022-09-01,2025-03-16,11,440.5,497782.0,1130.0,840.9,1422.0,0.503,1.0,16.0,18978.0,1186.1,1186.1,1186.1,0.528,False,,,False,,
P17,280396,True,2022-03-09,2022-03-09,1,64.0,92746.0,1449.2,1449.2,1449.2,0.6451,,,,,,,,True,,,False,,
P17,280405,True,2022-07-31,2025-05-16,21,974.0,1236338.0,1269.3,1023.7,1480.8,0.5651,5.0,268.0,289653.0,1080.8,891.2,1295.1,0.4811,False,1.0,1454.0,True,0.873,0.743
P17,280421,True,2023-06-14,2026-01-17,10,466.0,651561.0,1398.2,1306.1,1561.9,0.6224,5.0,92.0,100022.0,1087.2,800.0,1257.4,0.484,False,1.0,1454.0,True,0.962,0.748
P17,280451,True,2023-09-15,2026-03-27,11,736.1,883736.0,1200.6,966.6,1307.4,0.5344,5.0,216.1,238169.0,1102.1,794.8,1313.0,0.4906,False,1.0,1454.0,True,0.826,0.758
P17,280452,True,2024-06-12,2026-03-22,5,236.0,203897.0,864.0,612.0,1066.4,0.3846,3.0,172.0,142114.0,826.2,612.0,1132.1,0.3678,False,1.0,1454.0,True,0.594,0.568
P17,280453,True,2024-01-26,2025-05-11,2,72.0,103529.0,1437.9,1415.1,1479.0,0.6401,1.0,24.0,35606.0,1483.6,1483.6,1483.6,0.6604,True,1.0,1454.0,True,0.989,1.02
P17,280454,True,2024-02-10,2024-02-10,1,12.0,12267.0,1022.2,1022.2,1022.2,0.455,,,,,,,,True,1.0,1454.0,True,0.703,
P17,280480,True,2023-12-15,2026-08-23,42,2897.8,4045976.0,1396.2,1193.7,1561.5,0.6215,34.0,2355.5,3318334.0,1408.8,1254.7,1532.9,0.6271,False,1.0,1454.0,True,0.96,0.969
P17,280489,True,2025-04-18,2025-05-02,2,64.0,66064.0,1032.2,862.7,1138.2,0.4595,2.0,64.0,66064.0,1032.2,862.7,1138.2,0.4595,True,1.0,1454.0,True,0.71,0.71
P17,280490,True,2025-04-21,2026-01-04,7,457.0,617055.0,1350.2,1216.0,1498.9,0.6011,7.0,457.0,617055.0,1350.2,1216.0,1498.9,0.6011,False,1.0,1454.0,True,0.929,0.929
P17,280590,True,2025-04-19,2025-07-06,2,84.0,129766.0,1544.8,1463.6,1653.2,0.6877,2.0,84.0,129766.0,1544.8,1463.6,1653.2,0.6877,True,1.0,1454.0,True,1.062,1.062
P17,280591,True,2025-04-16,2025-08-24,3,152.0,204538.0,1345.6,1072.4,1537.5,0.599,3.0,152.0,204538.0,1345.6,1072.4,1537.5,0.599,False,1.0,1454.0,True,0.925,0.925
P17,280592,True,2025-04-13,2025-08-21,2,136.0,149956.0,1102.6,1027.5,1187.1,0.4908,2.0,136.0,149956.0,1102.6,1027.5,1187.1,0.4908,True,1.0,1454.0,True,0.758,0.758
P17,280647,True,2026-01-22,2026-01-25,2,100.0,139970.0,1399.7,1357.1,1470.7,0.6231,2.0,100.0,139970.0,1399.7,1357.1,1470.7,0.6231,True,,,False,,
P17,280686,True,2026-09-01,2026-09-01,1,36.0,50021.0,1389.5,1389.5,1389.5,0.6185,1.0,36.0,50021.0,1389.5,1389.5,1389.5,0.6185,True,1.0,1454.0,True,0.956,0.956
P17,570261,True,2025-12-09,2026-09-01,25,1290.5,1593370.0,1234.7,920.2,1499.5,0.5654,25.0,1290.5,1593370.0,1234.7,920.2,1499.5,0.5654,False,1.0,1454.0,True,0.849,0.849
P18,120448,True,2023-09-06,2023-09-06,1,2.0,3430.0,1715.0,1715.0,1715.0,0.7635,,,,,,,,True,0.0,1486.0,True,1.154,
P18,120463,True,2025-07-17,2025-07-17,1,48.0,54985.0,1145.5,1145.5,1145.5,0.5099,1.0,48.0,54985.0,1145.5,1145.5,1145.5,0.5099,True,0.0,1486.0,True,0.771,0.771
P18,280052,True,2022-05-13,2023-12-02,38,2412.8,3665606.0,1519.3,1365.0,1621.3,0.6763,,,,,,,,False,1.0,1486.0,True,1.022,
P18,280103,True,2023-06-17,2026-05-08,16,892.0,1282522.0,1437.8,1357.9,1525.9,0.64,13.0,794.0,1131128.0,1424.6,1341.2,1511.3,0.6342,False,1.0,1486.0,True,0.968,0.959
P18,280104,True,2025-01-02,2026-08-30,8,358.0,485786.0,1356.9,1285.2,1459.4,0.6057,8.0,358.0,485786.0,1356.9,1285.2,1459.4,0.6057,False,1.0,1486.0,True,0.913,0.913
P18,280105,True,2024-06-28,2026-04-10,11,530.0,649965.0,1226.3,1010.8,1504.7,0.5459,10.0,490.0,622830.0,1271.1,1041.8,1547.9,0.5658,False,,,False,,
P18,280106,True,2023-07-11,2025-03-26,3,127.0,159310.0,1254.4,916.5,1591.1,0.5584,2.0,72.0,108903.0,1512.5,1423.6,1672.6,0.6733,False,,,False,,
P18,280166,True,2022-07-01,2025-08-14,18,918.0,1348933.0,1469.4,1330.5,1623.8,0.6541,13.0,708.0,1053114.0,1487.4,1347.8,1627.8,0.6621,False,,,False,,
P18,280212,True,2022-07-27,2026-01-06,14,729.0,1036990.0,1422.5,1244.7,1663.3,0.6332,8.0,490.0,702107.0,1432.9,1310.9,1661.2,0.6379,False,1.0,1486.0,True,0.957,0.964
P18,280213,True,2022-09-12,2026-06-30,14,450.5,601581.0,1335.4,1126.7,1618.1,0.5944,6.0,150.0,185401.0,1236.0,899.3,1580.9,0.5502,False,1.0,1486.0,True,0.899,0.832
P18,280222,True,2022-06-13,2025-09-03,39,2460.0,3416631.0,1388.9,1197.7,1553.3,0.6183,9.0,525.0,776697.0,1479.4,1314.5,1666.3,0.6586,False,1.0,1486.0,True,0.935,0.996
P18,280232,True,2024-06-04,2024-06-04,1,24.0,47662.0,1985.9,1985.9,1985.9,0.8003,,,,,,,,True,,,False,,
P18,280318,True,2025-11-14,2025-11-14,1,24.0,44273.0,1844.7,1844.7,1844.7,0.8212,1.0,24.0,44273.0,1844.7,1844.7,1844.7,0.8212,True,1.0,1486.0,True,1.241,1.241
P18,280323,True,2022-06-29,2026-09-02,24,965.0,1391403.0,1441.9,1286.0,1618.8,0.6419,6.0,188.0,280521.0,1492.1,1341.5,1633.3,0.6642,False,1.0,1486.0,True,0.97,1.004
P18,280324,True,2022-05-09,2026-06-21,76,4992.2,7150189.0,1432.3,1254.9,1631.6,0.6376,27.0,1633.5,2424158.0,1484.0,1331.4,1647.5,0.6606,False,1.0,1486.0,True,0.964,0.999
P18,280344,True,2024-04-01,2026-08-16,30,1430.1,2010468.0,1405.8,1182.7,1597.4,0.6258,28.0,1270.1,1829274.0,1440.3,1284.5,1630.2,0.6411,False,1.0,1486.0,True,0.946,0.969
P18,280351,True,2023-05-01,2024-02-11,4,708.0,1134462.0,1602.3,1611.8,1613.8,0.7133,,,,,,,,False,0.0,1486.0,True,1.078,
P18,280391,True,2023-08-10,2025-07-30,3,138.0,157517.0,1141.4,959.0,1423.1,0.5081,2.0,126.0,137190.0,1088.8,959.0,1334.2,0.4847,False,,,False,,
P18,280405,True,2024-01-23,2026-07-26,9,438.0,508355.0,1160.6,845.7,1364.6,0.5217,5.0,244.0,246181.0,1008.9,773.3,1307.8,0.4581,False,1.0,1486.0,True,0.781,0.679
P18,280421,True,2024-02-18,2026-08-26,19,877.8,1104651.0,1258.4,1156.8,1383.1,0.5602,16.0,697.8,851849.0,1220.7,1140.4,1378.5,0.5434,False,1.0,1486.0,True,0.847,0.821
P18,280451,True,2024-05-07,2026-08-16,6,227.0,261134.0,1150.4,582.8,1575.9,0.5172,5.0,203.0,236555.0,1165.3,581.2,1594.5,0.5245,False,1.0,1486.0,True,0.774,0.784
P18,280452,True,2024-06-30,2026-08-25,8,276.0,332219.0,1203.7,1109.2,1312.4,0.5358,7.0,264.0,320900.0,1215.5,1135.8,1325.1,0.5411,False,1.0,1486.0,True,0.81,0.818
P18,280453,True,2025-02-12,2026-08-23,5,196.0,213365.0,1088.6,925.3,1266.0,0.4846,5.0,196.0,213365.0,1088.6,925.3,1266.0,0.4846,False,1.0,1486.0,True,0.733,0.733
P18,280454,True,2024-02-09,2024-11-10,6,301.0,411328.0,1366.5,1074.4,1630.8,0.6083,1.0,48.0,68157.0,1419.9,1419.9,1419.9,0.6321,False,1.0,1486.0,True,0.92,0.956
P18,280480,True,2023-12-08,2026-07-23,59,3399.8,4941653.0,1453.5,1308.5,1640.5,0.6471,37.0,2052.8,2975837.0,1449.7,1294.7,1646.0,0.6453,False,1.0,1486.0,True,0.978,0.976
P18,280489,True,2024-04-23,2025-06-22,5,373.0,570600.0,1529.8,1406.8,1661.1,0.681,2.0,176.0,291628.0,1657.0,1647.2,1673.2,0.7376,False,1.0,1486.0,True,1.029,1.115
P18,280490,True,2025-04-16,2026-07-26,14,732.0,1029411.0,1406.3,1264.1,1575.0,0.626,14.0,732.0,1029411.0,1406.3,1264.1,1575.0,0.626,False,1.0,1486.0,True,0.946,0.946
P18,280493,True,2024-06-07,2025-07-28,3,108.0,132621.0,1228.0,1104.7,1478.2,0.5466,1.0,36.0,39667.0,1101.8,1101.8,1101.8,0.4905,False,1.0,1486.0,True,0.826,0.741
P18,280541,True,2026-05-04,2026-05-04,1,15.0,8307.0,553.8,553.8,553.8,0.4931,1.0,15.0,8307.0,553.8,553.8,553.8,0.4931,True,0.0,1486.0,True,0.373,0.373
P18,280559,True,2025-04-18,2025-04-18,1,24.0,29767.0,1240.3,1240.3,1240.3,0.5521,1.0,24.0,29767.0,1240.3,1240.3,1240.3,0.5521,True,1.0,1486.0,True,0.835,0.835
P18,280564,True,2026-08-31,2026-09-01,2,40.0,45582.0,1139.5,1058.5,1301.7,0.5073,2.0,40.0,45582.0,1139.5,1058.5,1301.7,0.5073,True,1.0,1486.0,True,0.767,0.767
P18,280567,True,2025-10-13,2025-10-19,2,248.0,409821.0,1652.5,1538.3,1791.2,0.7356,2.0,248.0,409821.0,1652.5,1538.3,1791.2,0.7356,True,1.0,1486.0,True,1.112,1.112
P18,280590,True,2025-10-12,2026-06-26,6,161.5,261405.0,1618.6,1470.3,1735.8,0.7205,6.0,161.5,261405.0,1618.6,1470.3,1735.8,0.7205,False,1.0,1486.0,True,1.089,1.089
P18,280591,True,2025-10-08,2026-03-05,3,126.0,141030.0,1119.3,752.5,1693.0,0.4983,3.0,126.0,141030.0,1119.3,752.5,1693.0,0.4983,False,1.0,1486.0,True,0.753,0.753
P18,280592,True,2025-10-11,2025-10-11,1,24.0,39368.0,1640.3,1640.3,1640.3,0.7302,1.0,24.0,39368.0,1640.3,1640.3,1640.3,0.7302,True,1.0,1486.0,True,1.104,1.104
P18,280647,True,2026-01-20,2026-01-25,2,128.0,182034.0,1422.1,1376.7,1509.4,0.6331,2.0,128.0,182034.0,1422.1,1376.7,1509.4,0.6331,True,,,False,,
P18,280686,True,2026-05-30,2026-08-01,8,593.0,733845.0,1237.5,962.5,1519.5,0.5737,8.0,593.0,733845.0,1237.5,962.5,1519.5,0.5737,False,1.0,1486.0,True,0.833,0.833
P18,570223,True,2025-07-20,2026-08-23,2,64.0,72482.0,1132.5,1022.4,1396.8,0.5042,2.0,64.0,72482.0,1132.5,1022.4,1396.8,0.5042,True,1.0,1486.0,True,0.762,0.762
P18,570261,True,2026-01-17,2026-08-09,5,200.0,242623.0,1213.1,967.3,1423.9,0.54,5.0,200.0,242623.0,1213.1,967.3,1423.9,0.54,False,1.0,1486.0,True,0.816,0.816
P19,280052,True,2023-10-24,2023-10-24,1,13.0,10647.0,819.0,819.0,819.0,0.3646,,,,,,,,True,1.0,1454.0,True,0.563,
P19,280105,True,2026-02-24,2026-02-24,1,64.0,94189.0,1471.7,1471.7,1471.7,0.6551,1.0,64.0,94189.0,1471.7,1471.7,1471.7,0.6551,True,,,False,,
P19,280212,True,2024-07-10,2024-09-10,2,36.0,43446.0,1206.8,1109.2,1261.0,0.5372,1.0,24.0,30265.0,1261.0,1261.0,1261.0,0.5614,True,1.0,1454.0,True,0.83,0.867
P19,280213,True,2024-05-15,2025-03-16,9,312.0,333775.0,1069.8,675.8,1406.1,0.4762,5.0,192.0,174506.0,908.9,675.4,1333.9,0.4046,False,1.0,1454.0,True,0.736,0.625
P19,280222,True,2024-04-01,2025-01-09,9,354.5,483650.0,1364.3,1166.9,1571.5,0.6073,4.0,151.5,220128.0,1453.0,1038.1,1584.0,0.6468,False,1.0,1454.0,True,0.938,0.999
P19,280256,True,2025-11-08,2026-09-01,27,2054.0,2966406.0,1444.2,1233.8,1659.8,0.6488,27.0,2054.0,2966406.0,1444.2,1233.8,1659.8,0.6488,False,1.0,1454.0,True,0.993,0.993
P19,280323,True,2023-10-27,2025-04-24,29,1978.5,2886041.0,1458.7,1307.2,1704.7,0.6494,9.0,554.0,742644.0,1340.5,849.8,1687.0,0.5967,False,1.0,1454.0,True,1.003,0.922
P19,280324,True,2023-11-13,2025-11-02,46,3066.5,4468191.0,1457.1,1342.5,1608.5,0.6486,19.0,1216.0,1713534.0,1409.2,1249.8,1655.3,0.6273,False,1.0,1454.0,True,1.002,0.969
P19,280351,True,2025-05-23,2026-09-02,68,6389.2,9463803.0,1481.2,1302.7,1652.7,0.6594,68.0,6389.2,9463803.0,1481.2,1302.7,1652.7,0.6594,False,1.0,1454.0,True,1.019,1.019
P19,280405,True,2024-12-02,2025-02-06,3,94.0,57385.0,610.5,490.8,791.1,0.2718,3.0,94.0,57385.0,610.5,490.8,791.1,0.2718,False,1.0,1454.0,True,0.42,0.42
P19,280454,True,2024-03-10,2024-03-10,1,64.0,106763.0,1668.2,1668.2,1668.2,0.7426,,,,,,,,True,1.0,1454.0,True,1.147,
P19,280480,True,2023-12-10,2025-03-23,45,3297.3,4736477.0,1436.5,1262.5,1600.6,0.6394,18.0,1278.3,1819357.0,1423.2,1285.2,1588.1,0.6336,False,1.0,1454.0,True,0.988,0.979
P19,280489,True,2024-04-24,2025-04-27,5,411.0,614148.0,1494.3,1368.9,1606.5,0.6652,3.0,251.0,395960.0,1577.5,1499.1,1747.6,0.7022,False,1.0,1454.0,True,1.028,1.085
P19,280584,True,2026-09-02,2026-09-02,1,12.0,20783.0,1731.9,1731.9,1731.9,0.771,1.0,12.0,20783.0,1731.9,1731.9,1731.9,0.771,True,0.0,1454.0,True,1.191,1.191
P19,280590,True,2025-04-11,2025-04-11,1,40.0,58102.0,1452.5,1452.5,1452.5,0.6466,1.0,40.0,58102.0,1452.5,1452.5,1452.5,0.6466,True,1.0,1454.0,True,0.999,0.999
P19,280591,True,2025-04-16,2025-04-16,1,14.0,20801.0,1485.8,1485.8,1485.8,0.6614,1.0,14.0,20801.0,1485.8,1485.8,1485.8,0.6614,True,1.0,1454.0,True,1.022,1.022
P20,120436,True,2024-05-02,2026-07-08,17,900.8,1354687.0,1504.0,1364.6,1646.8,0.6695,12.0,612.8,945743.0,1543.4,1365.8,1757.0,0.6871,False,1.0,1475.0,True,1.02,1.046
P20,120437,True,2024-05-08,2026-07-10,5,245.0,370656.0,1512.9,1391.7,1668.2,0.6878,4.0,161.0,247723.0,1538.7,1309.0,1676.8,0.7068,False,1.0,1475.0,True,1.026,1.043
P20,120448,True,2024-04-09,2026-08-30,18,806.8,1085772.0,1345.9,1183.4,1576.4,0.5991,13.0,526.8,695072.0,1319.5,1053.8,1479.9,0.5874,False,1.0,1475.0,True,0.912,0.895
P20,120463,True,2025-02-16,2025-02-16,1,24.0,41693.0,1737.2,1737.2,1737.2,0.7733,1.0,24.0,41693.0,1737.2,1737.2,1737.2,0.7733,True,0.0,1475.0,True,1.178,1.178
P20,120464,True,2024-06-23,2026-02-08,26,1386.9,1952818.0,1408.0,1229.2,1709.0,0.6268,25.0,1346.9,1894172.0,1406.3,1123.4,1711.8,0.626,False,,,False,,
P20,241283,True,2025-06-26,2025-06-26,1,24.0,29318.0,1221.6,1221.6,1221.6,0.5438,1.0,24.0,29318.0,1221.6,1221.6,1221.6,0.5438,True,1.0,1475.0,True,0.828,0.828
P20,241287,True,2024-05-05,2026-02-18,13,599.0,927829.0,1549.0,1432.6,1657.5,0.6895,7.0,355.0,553048.0,1557.9,1438.0,1657.0,0.6935,False,,,False,,
P20,251200,True,2025-02-03,2026-03-01,6,328.0,449732.0,1371.1,1307.8,1645.6,0.6104,6.0,328.0,449732.0,1371.1,1307.8,1645.6,0.6104,False,1.0,1475.0,True,0.93,0.93
P20,280103,True,2024-07-16,2026-08-05,26,1216.5,1781525.0,1464.5,1311.9,1641.2,0.6555,22.0,921.5,1338100.0,1452.1,1235.3,1640.3,0.6512,False,1.0,1475.0,True,0.993,0.984
P20,280104,True,2025-07-09,2026-08-03,3,112.0,146253.0,1305.8,1092.5,1444.9,0.6682,3.0,112.0,146253.0,1305.8,1092.5,1444.9,0.6682,False,1.0,1475.0,True,0.885,0.885
P20,280105,True,2024-06-30,2025-10-29,9,270.0,419380.0,1553.3,1436.7,1677.6,0.6914,7.0,200.0,311869.0,1559.3,1414.9,1683.8,0.6942,False,,,False,,
P20,280106,True,2024-04-16,2025-11-09,6,241.0,267974.0,1111.9,805.8,1554.2,0.495,3.0,124.0,108993.0,879.0,745.2,1063.0,0.3913,False,,,False,,
P20,280107,True,2025-06-15,2026-08-24,3,174.0,243887.0,1401.7,1021.2,1596.8,0.624,3.0,174.0,243887.0,1401.7,1021.2,1596.8,0.624,False,1.0,1475.0,True,0.95,0.95
P20,280166,True,2024-04-08,2025-12-03,13,674.5,952340.0,1411.9,1193.3,1542.1,0.6285,8.0,480.0,697522.0,1453.2,1311.3,1578.1,0.6469,False,,,False,,
P20,280169,True,2024-04-29,2026-08-11,28,1379.5,2016513.0,1461.8,1310.0,1632.0,0.6507,20.0,1041.5,1546119.0,1484.5,1302.0,1674.1,0.6608,False,1.0,1475.0,True,0.991,1.006
P20,280244,True,2024-06-07,2025-06-11,12,542.0,867906.0,1601.3,1407.7,1781.2,0.7128,8.0,392.0,641278.0,1635.9,1499.9,1777.8,0.7282,False,,,False,,
P20,280245,True,2024-06-18,2024-06-25,2,184.0,273177.0,1484.7,1393.9,1543.9,0.6609,,,,,,,,True,,,False,,
P20,280246,True,2024-06-09,2024-08-29,3,179.0,223149.0,1246.6,834.4,1635.0,0.555,,,,,,,,False,,,False,,
P20,280264,True,2025-02-06,2025-02-09,2,112.0,170086.0,1518.6,1434.4,1630.9,0.676,2.0,112.0,170086.0,1518.6,1434.4,1630.9,0.676,True,1.0,1475.0,True,1.03,1.03
P20,280318,True,2024-08-04,2026-08-30,9,319.0,475611.0,1490.9,1374.7,1722.4,0.6637,7.0,288.0,433105.0,1503.8,1379.7,1746.3,0.6694,False,1.0,1475.0,True,1.011,1.02
P20,280323,True,2023-12-06,2026-07-28,11,497.8,716771.0,1440.0,1211.5,1729.1,0.641,7.0,273.8,381431.0,1393.4,1136.3,1638.1,0.6203,False,1.0,1475.0,True,0.976,0.945
P20,280324,True,2024-04-21,2026-07-26,17,956.5,1526499.0,1595.9,1427.4,1767.0,0.7104,15.0,884.5,1446258.0,1635.1,1502.0,1772.8,0.7279,False,1.0,1475.0,True,1.082,1.109
P20,280344,True,2024-05-17,2026-09-01,22,871.1,1221176.0,1401.8,1274.3,1579.7,0.6287,15.0,579.1,831676.0,1436.1,1307.2,1635.7,0.6464,False,1.0,1475.0,True,0.95,0.974
P20,280351,True,2025-11-02,2025-11-02,1,64.0,82206.0,1284.5,1284.5,1284.5,0.5718,1.0,64.0,82206.0,1284.5,1284.5,1284.5,0.5718,True,0.0,1475.0,True,0.871,0.871
P20,280391,True,2024-04-12,2024-07-24,2,79.0,77549.0,981.6,799.7,1198.9,0.437,,,,,,,,True,,,False,,
P20,280421,True,2024-06-28,2026-07-21,10,424.0,588426.0,1387.8,1247.1,1497.6,0.6178,9.0,382.0,527422.0,1380.7,1204.9,1504.0,0.6146,False,1.0,1475.0,True,0.941,0.936
P20,280451,True,2024-11-14,2026-06-29,7,292.0,414163.0,1418.4,1294.1,1595.4,0.6314,7.0,292.0,414163.0,1418.4,1294.1,1595.4,0.6314,False,1.0,1475.0,True,0.962,0.962
P20,280453,True,2024-11-12,2026-05-17,4,148.0,175966.0,1189.0,1059.1,1304.4,0.5414,4.0,148.0,175966.0,1189.0,1059.1,1304.4,0.5414,False,1.0,1475.0,True,0.806,0.806
P20,280454,True,2024-11-12,2024-11-12,1,12.0,17843.0,1487.0,1487.0,1487.0,0.6619,1.0,12.0,17843.0,1487.0,1487.0,1487.0,0.6619,True,1.0,1475.0,True,1.008,1.008
P20,280480,True,2024-12-10,2026-08-16,8,463.2,701659.0,1514.6,1176.6,1717.2,0.6743,8.0,463.2,701659.0,1514.6,1176.6,1717.2,0.6743,False,1.0,1475.0,True,1.027,1.027
P20,280490,True,2025-06-22,2025-12-14,3,96.0,135140.0,1407.7,1264.3,1639.6,0.6267,3.0,96.0,135140.0,1407.7,1264.3,1639.6,0.6267,False,1.0,1475.0,True,0.954,0.954
P20,280516,True,2024-07-02,2024-07-02,1,95.0,152767.0,1608.1,1608.1,1608.1,0.7158,,,,,,,,True,1.0,1475.0,True,1.09,
P20,280583,True,2025-04-13,2026-09-01,19,719.0,1034969.0,1439.5,1271.6,1701.2,0.6594,19.0,719.0,1034969.0,1439.5,1271.6,1701.2,0.6594,False,1.0,1475.0,True,0.976,0.976
P20,280584,True,2025-04-17,2026-09-02,22,800.0,1082998.0,1353.7,1194.8,1591.9,0.6026,22.0,800.0,1082998.0,1353.7,1194.8,1591.9,0.6026,False,1.0,1475.0,True,0.918,0.918
P20,280585,True,2025-07-23,2026-08-23,17,824.0,1202461.0,1459.3,1222.7,1688.2,0.6512,17.0,824.0,1202461.0,1459.3,1222.7,1688.2,0.6512,False,1.0,1475.0,True,0.989,0.989
P20,280586,True,2025-05-11,2026-08-23,10,516.0,743245.0,1440.4,1185.7,1683.3,0.6439,10.0,516.0,743245.0,1440.4,1185.7,1683.3,0.6439,False,1.0,1475.0,True,0.977,0.977
P20,280587,True,2025-04-10,2025-12-01,2,90.1,118437.0,1314.2,1006.9,1583.9,0.585,2.0,90.1,118437.0,1314.2,1006.9,1583.9,0.585,True,1.0,1475.0,True,0.891,0.891
P20,280588,True,2025-04-06,2025-04-06,1,12.0,16854.0,1404.5,1404.5,1404.5,0.6252,1.0,12.0,16854.0,1404.5,1404.5,1404.5,0.6252,True,1.0,1475.0,True,0.952,0.952
P20,280589,True,2025-04-27,2025-04-27,1,36.0,60428.0,1678.6,1678.6,1678.6,0.7472,1.0,36.0,60428.0,1678.6,1678.6,1678.6,0.7472,True,1.0,1475.0,True,1.138,1.138
P20,280659,True,2026-03-05,2026-04-12,5,192.5,335495.0,1742.8,1646.0,1838.6,0.7758,5.0,192.5,335495.0,1742.8,1646.0,1838.6,0.7758,False,1.0,1475.0,True,1.182,1.182
P20,280674,True,2026-02-26,2026-03-17,2,184.0,298173.0,1620.5,1613.5,1625.1,0.7214,2.0,184.0,298173.0,1620.5,1613.5,1625.1,0.7214,True,,,False,,
P20,570261,True,2025-12-19,2026-06-16,5,181.0,225731.0,1247.1,1025.8,1546.7,0.5552,5.0,181.0,225731.0,1247.1,1025.8,1546.7,0.5552,False,1.0,1475.0,True,0.845,0.845
P21,120464,True,2025-08-14,2025-08-14,1,24.0,16330.0,680.4,680.4,680.4,0.3029,1.0,24.0,16330.0,680.4,680.4,680.4,0.3029,True,,,False,,
P21,280166,True,2025-08-13,2025-08-13,1,24.0,37974.0,1582.2,1582.2,1582.2,0.7043,1.0,24.0,37974.0,1582.2,1582.2,1582.2,0.7043,True,,,False,,
P21,280212,True,2025-06-22,2026-07-17,6,288.5,435780.0,1510.5,1458.0,1616.1,0.6724,6.0,288.5,435780.0,1510.5,1458.0,1616.1,0.6724,False,1.0,1432.0,True,1.055,1.055
P21,280213,True,2025-07-13,2026-04-14,6,316.0,456692.0,1445.2,1253.6,1624.9,0.6434,6.0,316.0,456692.0,1445.2,1253.6,1624.9,0.6434,False,1.0,1432.0,True,1.009,1.009
P21,280222,True,2025-05-06,2025-10-01,14,879.6,1315580.0,1495.7,1350.8,1649.3,0.6658,14.0,879.6,1315580.0,1495.7,1350.8,1649.3,0.6658,False,1.0,1432.0,True,1.044,1.044
P21,280256,True,2025-08-08,2025-08-08,1,24.0,23782.0,990.9,990.9,990.9,0.4411,1.0,24.0,23782.0,990.9,990.9,990.9,0.4411,True,0.0,1432.0,True,0.692,0.692
P21,280323,True,2025-04-21,2026-07-03,7,307.5,456674.0,1485.1,1358.8,1635.0,0.6611,7.0,307.5,456674.0,1485.1,1358.8,1635.0,0.6611,False,1.0,1432.0,True,1.037,1.037
P21,280324,True,2024-10-29,2026-09-01,25,1753.1,2549964.0,1454.5,1259.8,1642.4,0.65,25.0,1753.1,2549964.0,1454.5,1259.8,1642.4,0.65,False,1.0,1432.0,True,1.016,1.016
P21,280405,True,2025-08-06,2025-08-06,1,37.0,55220.0,1492.4,1492.4,1492.4,0.6644,1.0,37.0,55220.0,1492.4,1492.4,1492.4,0.6644,True,1.0,1432.0,True,1.042,1.042
P21,280451,True,2025-11-02,2025-11-02,1,63.0,89555.0,1421.5,1421.5,1421.5,0.6328,1.0,63.0,89555.0,1421.5,1421.5,1421.5,0.6328,True,0.0,1432.0,True,0.993,0.993
P21,280480,True,2024-11-06,2026-08-30,35,2910.8,4102578.0,1409.4,1316.8,1593.7,0.636,35.0,2910.8,4102578.0,1409.4,1316.8,1593.7,0.636,False,1.0,1432.0,True,0.984,0.984
P21,280489,True,2025-04-28,2025-05-22,5,262.0,406083.0,1549.9,1503.8,1599.4,0.69,5.0,262.0,406083.0,1549.9,1503.8,1599.4,0.69,False,1.0,1432.0,True,1.082,1.082
P21,280490,True,2025-08-12,2026-08-23,12,489.0,739829.0,1512.9,1406.5,1600.3,0.6735,12.0,489.0,739829.0,1512.9,1406.5,1600.3,0.6735,False,1.0,1432.0,True,1.056,1.056
P21,280559,True,2025-07-11,2026-08-09,4,160.0,233347.0,1458.4,1395.2,1518.1,0.6492,4.0,160.0,233347.0,1458.4,1395.2,1518.1,0.6492,False,1.0,1432.0,True,1.018,1.018
P21,280564,True,2025-09-06,2026-08-08,4,136.0,179863.0,1322.5,1049.4,1549.2,0.5887,4.0,136.0,179863.0,1322.5,1049.4,1549.2,0.5887,False,1.0,1432.0,True,0.924,0.924
P21,280590,True,2025-06-26,2026-08-03,6,265.0,313706.0,1183.8,887.0,1461.1,0.527,6.0,265.0,313706.0,1183.8,887.0,1461.1,0.527,False,1.0,1432.0,True,0.827,0.827
P21,280591,True,2020-06-21,2026-08-12,10,464.0,577011.0,1243.6,999.4,1441.5,0.5536,9.0,452.0,561811.0,1242.9,996.1,1445.0,0.5533,False,1.0,1432.0,True,0.868,0.868
P21,280592,True,2025-04-30,2026-07-14,4,109.2,161615.0,1479.3,1248.7,1662.4,0.6585,4.0,109.2,161615.0,1479.3,1248.7,1662.4,0.6585,False,1.0,1432.0,True,1.033,1.033
P21,280647,True,2026-01-25,2026-04-10,3,111.0,167182.0,1506.1,1371.8,1603.2,0.6705,3.0,111.0,167182.0,1506.1,1371.8,1603.2,0.6705,False,,,False,,
P21,280682,True,2026-03-01,2026-03-01,1,88.0,126999.0,1443.2,1443.2,1443.2,0.6424,1.0,88.0,126999.0,1443.2,1443.2,1443.2,0.6424,True,1.0,1432.0,True,1.008,1.008
P21,280683,True,2026-03-08,2026-03-08,1,40.0,65409.0,1635.2,1635.2,1635.2,0.7279,1.0,40.0,65409.0,1635.2,1635.2,1635.2,0.7279,True,1.0,1432.0,True,1.142,1.142
P21,280686,True,2026-05-25,2026-07-15,8,748.5,1071630.0,1431.7,1288.1,1568.5,0.6505,8.0,748.5,1071630.0,1431.7,1288.1,1568.5,0.6505,False,1.0,1432.0,True,1.0,1.0
P21,570261,True,2025-11-02,2026-05-19,12,594.5,780332.0,1312.6,1179.2,1420.1,0.5843,12.0,594.5,780332.0,1312.6,1179.2,1420.1,0.5843,False,1.0,1432.0,True,0.917,0.917
P22,120436,True,2025-12-19,2025-12-21,2,60.0,72156.0,1202.6,1111.1,1477.0,0.5353,2.0,60.0,72156.0,1202.6,1111.1,1477.0,0.5353,True,1.0,1356.0,True,0.887,0.887
P22,120437,True,2026-03-22,2026-03-22,1,112.0,142227.0,1269.9,1269.9,1269.9,0.5653,1.0,112.0,142227.0,1269.9,1269.9,1269.9,0.5653,True,0.0,1356.0,True,0.937,0.937
P22,120448,True,2026-01-02,2026-08-16,6,387.3,471945.0,1218.5,1085.6,1281.3,0.5424,6.0,387.3,471945.0,1218.5,1085.6,1281.3,0.5424,False,1.0,1356.0,True,0.899,0.899
P22,120464,True,2026-04-05,2026-04-05,1,88.0,148357.0,1685.9,1685.9,1685.9,0.7505,1.0,88.0,148357.0,1685.9,1685.9,1685.9,0.7505,True,,,False,,
P22,241283,True,2026-04-14,2026-08-20,3,88.0,129515.0,1471.8,1308.5,1601.8,0.6552,3.0,88.0,129515.0,1471.8,1308.5,1601.8,0.6552,False,1.0,1356.0,True,1.085,1.085
P22,241287,True,2026-04-19,2026-04-19,1,24.0,35996.0,1499.9,1499.8,1499.8,0.6677,1.0,24.0,35996.0,1499.9,1499.8,1499.8,0.6677,True,,,False,,
P22,251200,True,2026-08-08,2026-08-09,2,24.0,22678.0,944.9,702.3,1187.5,0.4206,2.0,24.0,22678.0,944.9,702.3,1187.5,0.4206,True,1.0,1356.0,True,0.697,0.697
P22,280103,True,2026-04-20,2026-06-21,4,177.0,268307.0,1515.9,1308.0,1712.4,0.6748,4.0,177.0,268307.0,1515.9,1308.0,1712.4,0.6748,False,0.0,1356.0,True,1.118,1.118
P22,280104,True,2026-04-22,2026-05-24,3,76.0,107429.0,1413.5,1217.5,1676.7,0.6292,3.0,76.0,107429.0,1413.5,1217.5,1676.7,0.6292,False,0.0,1356.0,True,1.042,1.042
P22,280107,True,2026-04-03,2026-06-17,2,134.0,198364.0,1480.3,1352.4,1694.7,0.659,2.0,134.0,198364.0,1480.3,1352.4,1694.7,0.659,True,0.0,1356.0,True,1.092,1.092
P22,280121,True,2026-08-07,2026-08-07,1,36.0,43754.0,1215.4,1215.4,1215.4,0.541,1.0,36.0,43754.0,1215.4,1215.4,1215.4,0.541,True,0.0,1356.0,True,0.896,0.896
P22,280169,True,2025-12-21,2026-04-26,5,258.0,328230.0,1272.2,956.8,1643.9,0.6175,5.0,258.0,328230.0,1272.2,956.8,1643.9,0.6175,False,1.0,1356.0,True,0.938,0.938
P22,280212,True,2026-06-10,2026-08-27,4,168.0,217949.0,1297.3,1148.4,1483.4,0.5775,4.0,168.0,217949.0,1297.3,1148.4,1483.4,0.5775,False,1.0,1356.0,True,0.957,0.957
P22,280318,True,2025-11-07,2026-08-04,5,252.0,317542.0,1260.1,1130.8,1377.7,0.5609,5.0,252.0,317542.0,1260.1,1130.8,1377.7,0.5609,False,1.0,1356.0,True,0.929,0.929
P22,280323,True,2026-05-12,2026-08-25,5,156.0,232309.0,1489.2,1320.4,1727.9,0.6629,5.0,156.0,232309.0,1489.2,1320.4,1727.9,0.6629,False,1.0,1356.0,True,1.098,1.098
P22,280324,True,2025-10-21,2026-08-23,11,353.0,574344.0,1627.0,1514.3,1827.4,0.7243,11.0,353.0,574344.0,1627.0,1514.3,1827.4,0.7243,False,1.0,1356.0,True,1.2,1.2
P22,280344,True,2026-05-22,2026-07-12,2,107.0,147258.0,1376.2,1130.7,1678.0,0.6126,2.0,107.0,147258.0,1376.2,1130.7,1678.0,0.6126,True,1.0,1356.0,True,1.015,1.015
P22,280421,True,2025-11-10,2026-04-23,2,113.0,146404.0,1295.6,1220.8,1350.9,0.5767,2.0,113.0,146404.0,1295.6,1220.8,1350.9,0.5767,True,1.0,1356.0,True,0.955,0.955
P22,280425,True,2026-06-15,2026-06-15,1,46.0,74614.0,1622.0,1622.0,1622.0,0.7221,1.0,46.0,74614.0,1622.0,1622.0,1622.0,0.7221,True,1.0,1356.0,True,1.196,1.196
P22,280451,True,2025-12-12,2026-07-06,4,164.0,238806.0,1456.1,1298.1,1703.1,0.6482,4.0,164.0,238806.0,1456.1,1298.1,1703.1,0.6482,False,1.0,1356.0,True,1.074,1.074
P22,280452,True,2025-12-12,2026-07-08,4,138.0,170763.0,1237.4,1087.3,1338.2,0.5508,4.0,138.0,170763.0,1237.4,1087.3,1338.2,0.5508,False,1.0,1356.0,True,0.913,0.913
P22,280453,True,2025-11-16,2026-07-09,3,154.0,164604.0,1068.9,985.5,1244.7,0.4758,3.0,154.0,164604.0,1068.9,985.5,1244.7,0.4758,False,1.0,1356.0,True,0.788,0.788
P22,280480,True,2025-11-02,2026-08-21,15,917.0,1366618.0,1490.3,1279.0,1675.7,0.6634,15.0,917.0,1366618.0,1490.3,1279.0,1675.7,0.6634,False,1.0,1356.0,True,1.099,1.099
P22,280490,True,2026-06-25,2026-07-25,4,228.0,351602.0,1542.1,1525.6,1665.0,0.6865,4.0,228.0,351602.0,1542.1,1525.6,1665.0,0.6865,False,1.0,1356.0,True,1.137,1.137
P22,280590,True,2025-11-21,2026-08-30,5,200.0,308118.0,1540.6,1415.0,1630.5,0.6858,5.0,200.0,308118.0,1540.6,1415.0,1630.5,0.6858,False,1.0,1356.0,True,1.136,1.136
P22,280591,True,2025-12-07,2026-09-01,6,398.0,615863.0,1547.4,1372.0,1772.3,0.6888,6.0,398.0,615863.0,1547.4,1372.0,1772.3,0.6888,False,1.0,1356.0,True,1.141,1.141
P22,280642,True,2026-04-09,2026-04-09,1,12.0,17196.0,1433.0,1433.0,1433.0,0.6379,1.0,12.0,17196.0,1433.0,1433.0,1433.0,0.6379,True,,,False,,
P22,280647,True,2026-01-23,2026-02-15,4,289.0,460284.0,1592.7,1544.7,1683.9,0.709,4.0,289.0,460284.0,1592.7,1544.7,1683.9,0.709,False,,,False,,
P22,280659,True,2026-04-09,2026-05-03,7,251.0,392298.0,1562.9,1451.9,1667.2,0.7324,7.0,251.0,392298.0,1562.9,1451.9,1667.2,0.7324,False,1.0,1356.0,True,1.153,1.153
P22,280674,True,2026-04-14,2026-04-14,1,24.0,41103.0,1712.6,1712.6,1712.6,0.7624,1.0,24.0,41103.0,1712.6,1712.6,1712.6,0.7624,True,,,False,,
P22,280682,True,2026-03-27,2026-04-28,3,196.0,332747.0,1697.7,1614.7,1759.9,0.7675,3.0,196.0,332747.0,1697.7,1614.7,1759.9,0.7675,False,1.0,1356.0,True,1.252,1.252
P22,280684,True,2026-03-05,2026-03-05,1,63.0,70175.0,1113.9,1113.9,1113.9,0.4959,1.0,63.0,70175.0,1113.9,1113.9,1113.9,0.4959,True,1.0,1356.0,True,0.821,0.821
P22,570261,True,2025-11-02,2025-12-14,3,164.0,203417.0,1240.3,772.3,1409.0,0.5521,3.0,164.0,203417.0,1240.3,772.3,1409.0,0.5521,False,1.0,1356.0,True,0.915,0.915
