line,from_sku,to_sku,n,recent_n,last_seen,setup_hours,ttp_change,ffs_change,tpld_change,cspkr_change,conv_to_org,cinn_to_non_cinn,added_flavors,cip_req_after,in_changeover_table
P09,280315,280316,11,0,2023-02-23,,,,,,,,,,False
P09,280065,280315,9,0,2023-02-20,,,,,,,,,,False
P09,280315,280065,9,0,2023-03-18,,,,,,,,,,False
P09,280452,280453,8,4,2026-06-23,0.0,1.0,0.0,0.0,0.0,0.0,0.0,0.0,0.0,True
P09,280105,280166,7,0,2023-01-20,0.0,1.0,0.0,0.0,0.0,0.0,0.0,-2.0,0.0,True
P09,242027,280105,6,0,2018-10-10,,,,,,,,,,False
P09,280065,280317,6,0,2023-01-28,,,,,,,,,,False
P09,280315,280317,6,0,2023-03-03,,,,,,,,,,False
P09,280421,280451,6,4,2026-09-01,0.0,1.0,0.0,0.0,0.0,0.0,0.0,0.0,0.0,True
P09,280421,280453,6,1,2026-05-28,0.0,1.0,0.0,0.0,0.0,0.0,0.0,-1.0,0.0,True
P09,280451,280452,6,3,2026-07-17,0.0,1.0,0.0,0.0,0.0,0.0,0.0,-1.0,0.0,True
P09,120436,120448,5,2,2026-02-14,0.0,1.0,0.0,0.0,0.0,0.0,0.0,0.0,0.0,True
P09,251200,120464,5,0,2023-11-01,0.25,1.0,0.0,0.0,0.0,0.0,0.0,1.0,0.0,True
P09,251200,280169,5,0,2023-05-08,0.0,1.0,0.0,0.0,0.0,0.0,0.0,0.0,0.0,True
P09,280065,251200,5,0,2023-06-04,,,,,,,,,,False
P09,280104,280391,5,2,2025-02-09,0.75,1.0,0.0,0.0,0.0,0.0,1.0,1.0,0.0,True
P09,280105,242030,5,0,2019-12-01,,,,,,,,,,False
P09,280169,280318,5,0,2024-04-23,0.25,1.0,0.0,0.0,0.0,0.0,0.0,1.0,0.0,True
P09,280316,280317,5,0,2023-05-05,,,,,,,,,,False
P09,280317,280065,5,0,2023-02-09,,,,,,,,,,False
P09,280318,251200,5,0,2023-10-29,0.0,1.0,0.0,0.0,0.0,0.0,0.0,-1.0,0.0,True
P09,120464,251200,4,0,2023-07-23,0.0,1.0,0.0,0.0,0.0,0.0,0.0,-1.0,0.0,True
P09,120464,280105,4,0,2020-06-28,1.0,1.0,0.0,1.0,1.0,0.0,0.0,0.0,0.0,True
P09,241288,120464,4,0,2023-09-27,0.25,1.0,0.0,0.0,0.0,0.0,0.0,1.0,0.0,True
P09,251200,280065,4,0,2023-04-14,,,,,,,,,,False
P09,251200,280315,4,0,2023-03-10,,,,,,,,,,False
P09,280052,280105,4,0,2020-11-08,1.25,1.0,0.0,1.0,1.0,0.0,1.0,-1.0,0.0,True
P09,280103,280104,4,0,2024-01-04,0.0,1.0,0.0,0.0,0.0,0.0,0.0,-1.0,0.0,True
P09,280104,280105,4,0,2024-05-05,0.75,1.0,0.0,0.0,0.0,0.0,1.0,1.0,0.0,True
P09,280105,120464,4,0,2019-09-30,1.0,1.0,0.0,1.0,1.0,0.0,0.0,0.0,0.0,True
P09,280105,280103,4,0,2024-06-11,0.0,1.0,0.0,0.0,0.0,0.0,0.0,0.0,0.0,True
P09,280105,280106,4,0,2024-01-22,0.0,1.0,0.0,0.0,0.0,0.0,0.0,0.0,0.0,True
P09,280166,280105,4,0,2019-12-18,0.5,1.0,0.0,0.0,0.0,0.0,0.0,2.0,0.0,True
P09,280169,280198,4,0,2021-03-17,,,,,,,,,,False
P09,280317,280315,4,0,2023-03-16,,,,,,,,,,False
P09,280317,280316,4,0,2022-11-13,,,,,,,,,,False
P09,280451,280453,4,1,2025-03-02,0.0,1.0,0.0,0.0,0.0,0.0,0.0,-1.0,0.0,True
P09,280452,280421,4,0,2024-03-29,0.25,1.0,0.0,0.0,0.0,0.0,0.0,1.0,0.0,True
P09,120436,120437,3,0,2022-09-05,0.0,1.0,0.0,0.0,0.0,0.0,0.0,0.0,0.0,True
P09,120436,120464,3,0,2022-08-28,0.5,1.0,0.0,0.0,0.0,0.0,0.0,2.0,0.0,True
P09,120436,280166,3,0,2023-12-14,1.0,0.0,0.0,1.0,1.0,0.0,0.0,0.0,0.0,True
P09,120437,120444,3,0,2018-04-11,0.0,1.0,0.0,0.0,0.0,0.0,0.0,0.0,0.0,True
P09,120448,120436,3,1,2025-02-22,0.5,1.0,0.0,0.0,0.0,0.0,1.0,0.0,0.0,True
P09,120464,241283,3,1,2025-01-30,0.5,1.0,0.0,0.0,0.0,1.0,0.0,0.0,0.0,True
P09,120464,241288,3,0,2023-10-01,0.0,1.0,0.0,0.0,0.0,0.0,0.0,-1.0,0.0,True
P09,241287,241283,3,1,2025-03-10,0.75,1.0,0.0,0.0,0.0,1.0,0.0,1.0,0.0,True
P09,242027,120464,3,0,2018-05-01,,,,,,,,,,False
P09,242030,280105,3,0,2019-11-04,,,,,,,,,,False
P09,251200,241283,3,0,2023-02-02,0.75,1.0,0.0,0.0,0.0,1.0,0.0,1.0,0.0,True
P09,280052,280065,3,0,2022-04-18,,,,,,,,,,False
P09,280052,280147,3,0,2019-02-19,,,,,,,,,,False
P09,280052,280214,3,0,2021-01-25,,,,,,,,,,False
P09,280065,280052,3,0,2022-03-20,,,,,,,,,,False
P09,280065,280316,3,0,2023-04-17,,,,,,,,,,False
P09,280103,280166,3,1,2024-09-05,0.0,1.0,0.0,0.0,0.0,0.0,0.0,-2.0,0.0,True
P09,280104,280103,3,2,2026-03-23,0.75,1.0,0.0,0.0,0.0,0.0,1.0,1.0,0.0,True
P09,280105,120436,3,0,2019-11-05,0.5,1.0,0.0,1.0,1.0,0.0,0.0,-2.0,0.0,True
P09,280105,280052,3,0,2019-09-26,1.75,1.0,0.0,1.0,1.0,1.0,0.0,1.0,0.0,True
P09,280105,280172,3,0,2020-07-01,,,,,,,,,,False
P09,280105,280206,3,0,2020-08-23,,,,,,,,,,False
P09,280105,280452,3,1,2024-09-24,0.0,1.0,0.0,0.0,0.0,0.0,0.0,0.0,0.0,True
P09,280166,280104,3,1,2025-02-08,0.25,1.0,0.0,0.0,0.0,0.0,0.0,1.0,0.0,True
P09,280166,280324,3,0,2023-08-29,1.75,1.0,0.0,1.0,1.0,0.0,0.0,3.0,0.0,True
P09,280166,280452,3,1,2025-01-14,0.5,1.0,0.0,0.0,0.0,0.0,0.0,2.0,0.0,True
P09,280169,241287,3,0,2024-06-02,0.0,1.0,0.0,0.0,0.0,0.0,0.0,0.0,0.0,True
P09,280198,280169,3,0,2021-02-18,,,,,,,,,,False
P09,280214,280065,3,0,2021-03-22,,,,,,,,,,False
P09,280222,280065,3,0,2023-06-03,,,,,,,,,,False
P09,280316,280065,3,0,2023-03-05,,,,,,,,,,False
P09,280316,280318,3,0,2023-02-25,,,,,,,,,,False
P09,280318,241283,3,0,2024-05-22,0.5,1.0,0.0,0.0,0.0,1.0,0.0,0.0,0.0,True
P09,280324,280065,3,0,2022-06-08,,,,,,,,,,False
P09,280324,280315,3,0,2023-06-01,,,,,,,,,,False
P09,280324,280325,3,0,2021-08-01,1.0,1.0,0.0,1.0,0.0,0.0,1.0,-2.0,0.0,True
P09,280325,280324,3,0,2021-09-20,1.5,1.0,0.0,1.0,0.0,0.0,0.0,2.0,0.0,True
P09,280391,280104,3,1,2025-07-02,0.0,1.0,0.0,0.0,0.0,0.0,0.0,-1.0,0.0,True
P09,280421,280452,3,2,2026-05-18,0.0,1.0,0.0,0.0,0.0,0.0,0.0,-1.0,0.0,True
P09,280450,280451,3,0,2023-08-23,1.5,1.0,0.0,1.0,1.0,0.0,0.0,2.0,0.0,True
P09,280451,280105,3,1,2024-09-23,0.0,1.0,0.0,0.0,0.0,0.0,0.0,-1.0,0.0,True
P09,280451,280478,3,2,2025-07-05,0.25,1.0,0.0,1.0,0.0,0.0,0.0,-3.0,0.0,True
P09,280451,280493,3,3,2026-09-01,0.0,1.0,0.0,0.0,0.0,0.0,0.0,-2.0,0.0,True
P09,280453,251200,3,2,2026-04-03,0.75,1.0,0.0,1.0,1.0,0.0,0.0,-1.0,0.0,True
P09,280453,280104,3,1,2024-09-29,0.0,1.0,0.0,0.0,0.0,0.0,0.0,-1.0,0.0,True
P09,280453,280166,3,1,2025-01-10,0.0,1.0,0.0,0.0,0.0,0.0,0.0,-2.0,0.0,True
P09,280478,280421,3,2,2025-12-12,1.75,1.0,0.0,1.0,0.0,0.0,0.0,3.0,0.0,True
P09,280478,280451,3,2,2025-07-06,1.75,1.0,0.0,1.0,0.0,0.0,0.0,3.0,0.0,True
P09,280478,280453,3,2,2026-01-09,1.5,1.0,0.0,1.0,0.0,0.0,0.0,2.0,0.0,True
P09,280493,280166,3,1,2024-12-21,0.0,1.0,0.0,0.0,0.0,0.0,0.0,-1.0,0.0,True
P09,280582,280581,3,3,2025-08-03,0.0,1.0,0.0,0.0,0.0,0.0,0.0,0.0,0.0,True
P09,280587,280584,3,3,2026-07-21,0.75,1.0,0.0,0.0,0.0,0.0,1.0,1.0,0.0,True
P09,120436,280105,2,1,2025-02-26,1.5,1.0,0.0,1.0,1.0,0.0,0.0,2.0,0.0,True
P09,120436,280213,2,0,2019-11-11,1.5,1.0,0.0,1.0,1.0,1.0,0.0,0.0,0.0,True
P09,120437,120436,2,0,2018-03-19,0.0,1.0,0.0,0.0,0.0,0.0,0.0,0.0,0.0,True
P09,120437,280169,2,0,2024-06-08,0.25,1.0,0.0,0.0,0.0,0.0,0.0,1.0,0.0,True
P09,120448,251200,2,1,2024-12-08,0.75,1.0,0.0,0.0,0.0,0.0,1.0,1.0,0.0,True
P09,120448,280052,2,0,2019-11-24,2.25,1.0,0.0,1.0,1.0,1.0,0.0,3.0,0.0,True
P09,120464,120437,2,0,2018-04-09,0.0,1.0,0.0,0.0,0.0,0.0,0.0,-2.0,0.0,True
P09,120464,242027,2,0,2018-10-01,,,,,,,,,,False
P09,120464,242030,2,0,2019-01-28,,,,,,,,,,False
P09,120464,280318,2,1,2024-11-18,0.0,1.0,0.0,0.0,0.0,0.0,0.0,0.0,0.0,True
P09,241283,120464,2,0,2020-06-25,0.0,1.0,0.0,0.0,0.0,0.0,0.0,0.0,0.0,True
P09,241283,251200,2,0,2021-04-25,0.0,1.0,0.0,0.0,0.0,0.0,0.0,-1.0,0.0,True
P09,241283,280052,2,0,2023-02-27,1.25,1.0,0.0,1.0,1.0,0.0,0.0,1.0,0.0,True
P09,241283,280065,2,0,2022-02-13,,,,,,,,,,False
P09,241283,280107,2,1,2025-07-21,0.0,1.0,0.0,0.0,0.0,0.0,0.0,-2.0,0.0,True
P09,241283,280169,2,0,2023-02-03,0.0,1.0,0.0,0.0,0.0,0.0,0.0,-1.0,0.0,True
P09,241287,280105,2,0,2024-01-20,1.25,1.0,0.0,1.0,1.0,0.0,0.0,1.0,0.0,True
P09,241287,280169,2,0,2024-04-08,0.0,1.0,0.0,0.0,0.0,0.0,0.0,0.0,0.0,True
P09,241287,280325,2,0,2021-11-02,1.0,1.0,0.0,1.0,1.0,0.0,0.0,0.0,0.0,True
P09,241288,280169,2,0,2024-01-11,0.0,1.0,0.0,0.0,0.0,0.0,0.0,0.0,0.0,True
P09,242027,242030,2,0,2018-06-28,,,,,,,,,,False
P09,242027,280107,2,0,2018-09-13,,,,,,,,,,False
P09,242030,280040,2,0,2019-04-30,,,,,,,,,,False
P09,242030,280052,2,0,2019-03-05,,,,,,,,,,False
P09,242030,280166,2,0,2019-09-10,,,,,,,,,,False
P09,251200,241287,2,0,2023-06-05,0.0,1.0,0.0,0.0,0.0,0.0,0.0,0.0,0.0,True
P09,251200,280104,2,0,2021-12-22,1.0,1.0,0.0,1.0,1.0,0.0,0.0,0.0,0.0,True
P09,251200,280166,2,1,2026-01-05,0.75,1.0,0.0,1.0,1.0,0.0,0.0,-1.0,0.0,True
P09,251200,280172,2,0,2022-08-31,,,,,,,,,,False
P09,251200,280450,2,0,2023-08-21,0.0,1.0,0.0,0.0,0.0,0.0,0.0,0.0,0.0,True
P09,251200,280586,2,2,2025-12-05,1.25,1.0,0.0,1.0,1.0,0.0,0.0,1.0,0.0,True
P09,280040,280105,2,0,2019-01-22,,,,,,,,,,False
P09,280052,280040,2,0,2019-01-21,,,,,,,,,,False
P09,280052,280213,2,0,2020-05-03,0.0,1.0,0.0,0.0,0.0,0.0,1.0,-3.0,0.0,True
P09,280052,280222,2,0,2021-01-09,1.5,1.0,0.0,1.0,0.0,0.0,1.0,0.0,0.0,True
P09,280052,280325,2,0,2022-03-23,1.0,1.0,0.0,1.0,0.0,0.0,1.0,-2.0,0.0,True
P09,280065,241283,2,0,2022-07-31,,,,,,,,,,False
P09,280065,280106,2,0,2023-02-14,,,,,,,,,,False
P09,280065,280198,2,0,2020-12-20,,,,,,,,,,False
P09,280065,280205,2,0,2021-05-13,,,,,,,,,,False
P09,280065,280213,2,0,2022-07-20,,,,,,,,,,False
P09,280065,280318,2,0,2023-03-20,,,,,,,,,,False
P09,280065,280324,2,0,2023-05-21,,,,,,,,,,False
P09,280068,120436,2,0,2019-10-14,,,,,,,,,,False
P09,280103,120448,2,0,2024-02-20,0.5,1.0,0.0,1.0,1.0,0.0,0.0,-2.0,0.0,True
P09,280103,251200,2,0,2021-12-19,0.75,1.0,0.0,1.0,1.0,0.0,0.0,-1.0,0.0,True
P09,280103,280105,2,0,2021-06-04,0.0,1.0,0.0,0.0,0.0,0.0,0.0,0.0,0.0,True
P09,280103,280315,2,0,2023-01-24,,,,,,,,,,False
P09,280103,280451,2,0,2024-08-26,0.25,1.0,0.0,0.0,0.0,0.0,0.0,1.0,0.0,True
P09,280104,280451,2,2,2025-07-04,1.0,1.0,0.0,0.0,0.0,0.0,1.0,2.0,0.0,True
P09,280105,241287,2,0,2023-09-17,0.75,1.0,0.0,1.0,1.0,0.0,0.0,-1.0,0.0,True
P09,280105,280169,2,0,2023-09-20,0.75,1.0,0.0,1.0,1.0,0.0,0.0,-1.0,0.0,True
P09,280105,280205,2,0,2020-11-17,,,,,,,,,,False
P09,280105,280214,2,0,2021-01-19,,,,,,,,,,False
P09,280105,280421,2,0,2024-05-05,0.25,1.0,0.0,0.0,0.0,0.0,0.0,1.0,0.0,True
P09,280106,241287,2,0,2024-04-05,0.75,1.0,0.0,1.0,1.0,0.0,0.0,-1.0,0.0,True
P09,280106,280103,2,0,2020-11-12,0.0,1.0,0.0,0.0,0.0,0.0,0.0,0.0,0.0,True
P09,280106,280344,2,1,2025-09-07,0.0,1.0,0.0,0.0,0.0,0.0,0.0,0.0,0.0,True
P09,280106,280493,2,1,2024-12-20,0.0,1.0,0.0,0.0,0.0,0.0,0.0,-1.0,0.0,True
P09,280107,280318,2,0,2023-08-06,0.5,1.0,0.0,0.0,0.0,0.0,0.0,2.0,0.0,True
P09,280147,280105,2,0,2019-02-28,,,,,,,,,,False
P09,280166,120436,2,0,2024-03-06,1.0,0.0,0.0,1.0,1.0,0.0,0.0,0.0,0.0,True
P09,280166,120464,2,0,2019-09-17,1.5,1.0,0.0,1.0,1.0,0.0,0.0,2.0,0.0,True
P09,280166,280052,2,0,2020-01-02,2.25,1.0,0.0,1.0,1.0,1.0,0.0,3.0,0.0,True
P09,280166,280103,2,1,2024-09-07,0.5,1.0,0.0,0.0,0.0,0.0,0.0,2.0,0.0,True
P09,280166,280198,2,0,2020-03-16,,,,,,,,,,False
P09,280166,280451,2,1,2025-01-03,0.75,1.0,0.0,0.0,0.0,0.0,0.0,3.0,0.0,True
P09,280169,251200,2,0,2023-09-24,0.0,1.0,0.0,0.0,0.0,0.0,0.0,0.0,0.0,True
P09,280169,280065,2,0,2022-05-20,,,,,,,,,,False
P09,280169,280105,2,0,2024-06-09,1.25,1.0,0.0,1.0,1.0,0.0,0.0,1.0,0.0,True
P09,280169,280107,2,0,2023-08-04,0.25,1.0,0.0,0.0,0.0,1.0,0.0,-1.0,0.0,True
P09,280169,280315,2,0,2023-02-04,,,,,,,,,,False
P09,280169,280324,2,0,2023-04-02,1.5,1.0,0.0,1.0,1.0,0.0,0.0,2.0,0.0,True
P09,280169,280451,2,0,2024-02-27,1.5,1.0,0.0,1.0,1.0,0.0,0.0,2.0,0.0,True
P09,280172,241283,2,0,2022-04-10,,,,,,,,,,False
P09,280198,280065,2,0,2020-12-19,,,,,,,,,,False
P09,280198,280105,2,0,2020-03-22,,,,,,,,,,False
P09,280206,280105,2,0,2020-08-21,,,,,,,,,,False
P09,280206,280222,2,0,2020-07-28,,,,,,,,,,False
P09,280212,280052,2,0,2022-04-13,1.0,0.0,0.0,1.0,0.0,0.0,0.0,0.0,0.0,True
P09,280213,280052,2,0,2019-11-12,0.75,1.0,0.0,0.0,0.0,0.0,0.0,3.0,0.0,True
P09,280222,251200,2,0,2022-01-17,0.5,1.0,0.0,1.0,1.0,0.0,0.0,-2.0,0.0,True
P09,280222,280206,2,0,2020-07-26,,,,,,,,,,False
P09,280222,280212,2,0,2021-08-10,0.0,1.0,0.0,0.0,0.0,0.0,0.0,0.0,0.0,True
P09,280222,280324,2,0,2020-11-30,1.0,1.0,0.0,1.0,0.0,0.0,0.0,0.0,0.0,True
P09,280264,280478,2,2,2025-03-13,0.5,1.0,0.0,1.0,1.0,0.0,0.0,-2.0,0.0,True
P09,280315,120464,2,0,2023-06-17,,,,,,,,,,False
P09,280315,251200,2,0,2022-08-10,,,,,,,,,,False
P09,280315,280103,2,0,2021-12-19,,,,,,,,,,False
P09,280315,280318,2,0,2023-03-10,,,,,,,,,,False
P09,280316,280169,2,0,2022-08-25,,,,,,,,,,False
P09,280316,280315,2,0,2021-12-17,,,,,,,,,,False
P09,280317,251200,2,0,2023-05-06,,,,,,,,,,False
P09,280317,280318,2,0,2022-11-30,,,,,,,,,,False
P09,280317,280324,2,0,2023-03-03,,,,,,,,,,False
P09,280318,120437,2,0,2022-12-10,0.0,1.0,0.0,0.0,0.0,0.0,0.0,-2.0,0.0,True
P09,280318,120448,2,0,2023-10-08,0.0,1.0,0.0,0.0,0.0,0.0,0.0,-2.0,0.0,True
P09,280318,280169,2,0,2024-05-30,0.0,1.0,0.0,0.0,0.0,0.0,0.0,-1.0,0.0,True
P09,280318,280317,2,0,2022-09-11,,,,,,,,,,False
P09,280318,280421,2,0,2024-04-26,1.25,1.0,0.0,1.0,1.0,0.0,0.0,1.0,0.0,True
P09,280323,280452,2,0,2024-02-09,1.5,1.0,0.0,1.0,1.0,0.0,0.0,2.0,0.0,True
P09,280325,280222,2,0,2022-03-15,1.0,1.0,0.0,0.0,0.0,1.0,0.0,2.0,0.0,True
P09,280391,280106,2,1,2025-01-06,0.0,1.0,0.0,0.0,0.0,0.0,0.0,0.0,0.0,True
P09,280391,280169,2,0,2024-01-30,0.75,1.0,0.0,1.0,1.0,0.0,0.0,-1.0,0.0,True
P09,280421,280104,2,0,2024-04-28,0.0,1.0,0.0,0.0,0.0,0.0,0.0,-2.0,0.0,True
P09,280421,280106,2,0,2023-11-09,0.0,1.0,0.0,0.0,0.0,0.0,0.0,-1.0,0.0,True
P09,280451,280166,2,0,2024-07-19,0.0,1.0,0.0,0.0,0.0,0.0,0.0,-3.0,0.0,True
P09,280451,280421,2,2,2026-08-30,0.0,1.0,0.0,0.0,0.0,0.0,0.0,0.0,0.0,True
P09,280451,280450,2,0,2024-05-29,0.5,1.0,0.0,1.0,1.0,0.0,0.0,-2.0,0.0,True
P09,280452,280103,2,1,2024-12-16,0.0,1.0,0.0,0.0,0.0,0.0,0.0,0.0,0.0,True
P09,280452,280451,2,1,2025-01-15,0.25,1.0,0.0,0.0,0.0,0.0,0.0,1.0,0.0,True
P09,280452,280660,2,2,2026-05-05,0.5,1.0,0.0,1.0,1.0,0.0,0.0,-2.0,0.0,True
P09,280452,570468,2,2,2026-07-26,0.75,1.0,0.0,1.0,0.0,0.0,0.0,-1.0,0.0,True
P09,280453,120436,2,2,2025-09-11,0.5,1.0,0.0,1.0,1.0,0.0,0.0,-2.0,0.0,True
P09,280453,120464,2,2,2025-01-20,1.0,1.0,0.0,1.0,1.0,0.0,0.0,0.0,0.0,True
P09,280453,280103,2,1,2025-08-27,0.0,1.0,0.0,0.0,0.0,0.0,0.0,0.0,0.0,True
P09,280453,280391,2,0,2024-04-01,0.0,1.0,0.0,0.0,0.0,0.0,0.0,0.0,0.0,True
P09,280453,280421,2,0,2024-07-14,0.25,1.0,0.0,0.0,0.0,0.0,0.0,1.0,0.0,True
P09,280478,280103,2,2,2025-09-03,1.5,1.0,0.0,1.0,0.0,0.0,0.0,2.0,0.0,True
P09,280493,280103,2,2,2025-07-08,0.25,1.0,0.0,0.0,0.0,0.0,0.0,1.0,0.0,True
P09,280493,280104,2,1,2025-07-18,0.0,1.0,0.0,0.0,0.0,0.0,0.0,0.0,0.0,True
P09,280493,280453,2,1,2025-01-19,0.25,1.0,0.0,0.0,0.0,0.0,0.0,1.0,0.0,True
P09,280571,280572,2,2,2026-02-19,0.0,1.0,0.0,0.0,0.0,0.0,0.0,0.0,0.0,True
P09,280581,280169,2,2,2026-07-01,1.0,0.0,0.0,1.0,0.0,0.0,0.0,0.0,0.0,True
P09,280581,280478,2,2,2026-07-11,0.75,1.0,0.0,1.0,1.0,0.0,0.0,-1.0,0.0,True
P09,280581,280572,2,2,2026-03-01,0.0,1.0,0.0,0.0,0.0,0.0,0.0,-1.0,0.0,True
P09,280581,280573,2,2,2026-04-10,0.0,1.0,0.0,0.0,0.0,0.0,0.0,-1.0,0.0,True
P09,280581,280582,2,2,2026-01-17,0.0,1.0,0.0,0.0,0.0,0.0,0.0,0.0,0.0,True
P09,280583,280478,2,2,2025-11-20,1.0,1.0,0.0,1.0,1.0,0.0,0.0,0.0,0.0,True
P09,280587,280588,2,2,2025-08-12,0.75,1.0,0.0,0.0,0.0,0.0,1.0,1.0,0.0,True
P09,280673,280585,2,2,2026-04-24,1.25,1.0,0.0,1.0,1.0,0.0,0.0,1.0,0.0,True
P09,120430,120436,1,1,2026-02-12,1.0,0.0,0.0,1.0,1.0,0.0,0.0,0.0,0.0,True
P09,120430,120464,1,0,2019-03-26,1.5,1.0,0.0,1.0,1.0,0.0,0.0,2.0,0.0,True
P09,120430,120465,1,0,2018-05-21,,,,,,,,,,False
P09,120430,280147,1,0,2018-08-20,,,,,,,,,,False
P09,120431,280068,1,0,2018-03-26,,,,,,,,,,False
P09,120431,280324,1,0,2020-12-01,1.75,1.0,0.0,1.0,1.0,0.0,0.0,3.0,0.0,True
P09,120433,120448,1,0,2019-11-19,1.0,0.0,0.0,1.0,1.0,0.0,0.0,0.0,0.0,True
P09,120436,120450,1,0,2019-03-25,1.5,1.0,0.0,1.0,1.0,1.0,0.0,0.0,0.0,True
P09,120436,241283,1,0,2022-10-17,1.0,1.0,0.0,0.0,0.0,1.0,0.0,2.0,0.0,True
P09,120436,242027,1,0,2018-10-08,,,,,,,,,,False
P09,120436,242030,1,0,2019-03-04,,,,,,,,,,False
P09,120436,280104,1,0,2021-04-04,1.25,1.0,0.0,1.0,1.0,0.0,0.0,1.0,0.0,True
P09,120436,280169,1,1,2025-03-06,0.25,1.0,0.0,0.0,0.0,0.0,0.0,1.0,0.0,True
P09,120436,280318,1,0,2021-12-12,0.5,1.0,0.0,0.0,0.0,0.0,0.0,2.0,0.0,True
P09,120436,280478,1,1,2025-09-13,1.0,1.0,0.0,1.0,1.0,0.0,0.0,0.0,0.0,True
P09,120437,120448,1,0,2018-01-22,0.0,1.0,0.0,0.0,0.0,0.0,0.0,0.0,0.0,True
P09,120437,241283,1,0,2023-10-13,1.0,1.0,0.0,0.0,0.0,1.0,0.0,2.0,0.0,True
P09,120437,242027,1,0,2018-01-29,,,,,,,,,,False
P09,120437,251200,1,1,2025-02-17,0.25,1.0,0.0,0.0,0.0,0.0,0.0,1.0,0.0,True
P09,120437,280052,1,0,2019-08-05,2.25,1.0,0.0,1.0,1.0,1.0,0.0,3.0,0.0,True
P09,120437,280065,1,0,2022-11-06,,,,,,,,,,False
P09,120437,280107,1,0,2023-10-19,0.5,1.0,0.0,0.0,0.0,1.0,0.0,0.0,0.0,True
P09,120437,280222,1,0,2020-07-07,2.25,1.0,0.0,1.0,1.0,1.0,0.0,3.0,0.0,True
P09,120437,280315,1,0,2022-12-11,,,,,,,,,,False
P09,120444,120437,1,0,2018-02-28,0.0,1.0,0.0,0.0,0.0,0.0,0.0,0.0,0.0,True
P09,120444,120536,1,0,2018-04-12,1.0,1.0,0.0,1.0,1.0,0.0,0.0,0.0,0.0,True
P09,120444,241283,1,0,2021-05-10,1.0,1.0,0.0,0.0,0.0,1.0,0.0,2.0,0.0,True
P09,120444,241287,1,0,2021-09-15,0.25,1.0,0.0,0.0,0.0,0.0,0.0,1.0,0.0,True
P09,120444,242027,1,0,2018-03-05,,,,,,,,,,False
P09,120444,280103,1,0,2020-02-23,1.5,1.0,0.0,1.0,1.0,0.0,0.0,2.0,0.0,True
P09,120444,280172,1,0,2021-09-12,,,,,,,,,,False
P09,120448,120433,1,0,2019-11-19,1.0,0.0,0.0,1.0,1.0,0.0,0.0,0.0,0.0,True
P09,120448,120437,1,0,2023-10-12,0.5,1.0,0.0,0.0,0.0,0.0,1.0,0.0,0.0,True
P09,120448,242027,1,0,2018-04-02,,,,,,,,,,False
P09,120448,280103,1,0,2018-07-25,2.0,1.0,0.0,1.0,1.0,0.0,1.0,2.0,0.0,True
P09,120448,280105,1,0,2019-07-15,2.0,1.0,0.0,1.0,1.0,0.0,1.0,2.0,0.0,True
P09,120448,280169,1,0,2024-02-25,0.75,1.0,0.0,0.0,0.0,0.0,1.0,1.0,0.0,True
P09,120448,280214,1,0,2020-03-29,,,,,,,,,,False
P09,120448,280316,1,0,2022-12-03,,,,,,,,,,False
P09,120448,280318,1,0,2024-03-10,1.0,1.0,0.0,0.0,0.0,0.0,1.0,2.0,0.0,True
P09,120448,280541,1,1,2026-02-15,0.75,1.0,0.0,0.0,0.0,0.0,1.0,1.0,0.0,True
P09,120450,120430,1,0,2019-03-25,0.0,1.0,0.0,0.0,0.0,0.0,0.0,0.0,0.0,True
P09,120450,120464,1,0,2018-04-30,1.5,1.0,0.0,1.0,1.0,0.0,0.0,2.0,0.0,True
P09,120450,280052,1,0,2019-02-18,1.75,1.0,0.0,1.0,1.0,0.0,0.0,3.0,0.0,True
P09,120464,120431,1,0,2018-03-22,0.5,1.0,0.0,1.0,1.0,0.0,0.0,-2.0,0.0,True
P09,120464,120436,1,0,2022-10-16,0.0,1.0,0.0,0.0,0.0,0.0,0.0,-2.0,0.0,True
P09,120464,120448,1,0,2019-04-09,0.0,1.0,0.0,0.0,0.0,0.0,0.0,-2.0,0.0,True
P09,120464,241287,1,0,2020-10-31,0.0,1.0,0.0,0.0,0.0,0.0,0.0,-1.0,0.0,True
P09,120464,280065,1,0,2022-10-08,,,,,,,,,,False
P09,120464,280169,1,0,2024-04-21,0.0,1.0,0.0,0.0,0.0,0.0,0.0,-1.0,0.0,True
P09,120464,280172,1,0,2019-09-23,,,,,,,,,,False
P09,120464,280222,1,0,2020-09-01,1.75,1.0,0.0,1.0,1.0,1.0,0.0,1.0,0.0,True
P09,120464,280315,1,0,2022-04-20,,,,,,,,,,False
P09,120464,280452,1,0,2023-11-03,1.0,1.0,0.0,1.0,1.0,0.0,0.0,0.0,0.0,True
P09,120465,280039,1,0,2018-05-21,,,,,,,,,,False
P09,120536,242027,1,0,2018-04-16,,,,,,,,,,False
P09,241283,120437,1,0,2023-10-14,0.0,1.0,0.0,0.0,0.0,0.0,0.0,-2.0,0.0,True
P09,241283,241287,1,0,2024-03-25,0.0,1.0,0.0,0.0,0.0,0.0,0.0,-1.0,0.0,True
P09,241283,280172,1,0,2022-04-08,,,,,,,,,,False
P09,241283,280212,1,0,2022-04-11,1.25,1.0,0.0,1.0,1.0,0.0,0.0,1.0,0.0,True
P09,241283,280246,1,0,2024-06-24,0.0,1.0,0.0,0.0,0.0,0.0,0.0,0.0,0.0,True
P09,241283,280264,1,1,2025-03-11,0.0,1.0,0.0,0.0,0.0,0.0,0.0,0.0,0.0,True
P09,241283,280315,1,0,2022-10-19,,,,,,,,,,False
P09,241283,280316,1,0,2022-08-02,,,,,,,,,,False
P09,241283,280318,1,0,2023-06-23,0.0,1.0,0.0,0.0,0.0,0.0,0.0,0.0,0.0,True
P09,241283,280344,1,1,2026-07-05,1.0,1.0,0.0,1.0,1.0,0.0,0.0,0.0,0.0,True
P09,241283,280425,1,1,2025-10-31,0.0,1.0,0.0,0.0,0.0,0.0,0.0,-1.0,0.0,True
P09,241283,280451,1,0,2024-05-23,1.25,1.0,0.0,1.0,1.0,0.0,0.0,1.0,0.0,True
P09,241283,280478,1,0,2024-07-04,0.5,1.0,0.0,1.0,1.0,0.0,0.0,-2.0,0.0,True
P09,241283,280493,1,1,2025-02-02,0.75,1.0,0.0,1.0,1.0,0.0,0.0,-1.0,0.0,True
P09,241287,120437,1,0,2024-06-04,0.0,1.0,0.0,0.0,0.0,0.0,0.0,-1.0,0.0,True
P09,241287,251200,1,0,2023-04-11,0.0,1.0,0.0,0.0,0.0,0.0,0.0,0.0,0.0,True
P09,241287,280103,1,1,2026-02-06,1.25,1.0,0.0,1.0,1.0,0.0,0.0,1.0,0.0,True
P09,241287,280198,1,0,2020-11-01,,,,,,,,,,False
P09,241287,280206,1,0,2020-04-15,,,,,,,,,,False
P09,241287,280244,1,0,2024-06-18,0.0,1.0,0.0,0.0,0.0,0.0,0.0,-1.0,0.0,True
P09,241287,280315,1,0,2021-04-28,,,,,,,,,,False
P09,241287,280316,1,0,2023-05-04,,,,,,,,,,False
P09,241287,280421,1,1,2024-12-14,1.5,1.0,0.0,1.0,1.0,0.0,0.0,2.0,0.0,True
P09,241287,280452,1,0,2024-03-28,1.25,1.0,0.0,1.0,1.0,0.0,0.0,1.0,0.0,True
P09,241287,280453,1,0,2023-06-09,1.25,1.0,0.0,1.0,1.0,0.0,0.0,1.0,0.0,True
P09,241288,120436,1,0,2018-02-20,0.0,1.0,0.0,0.0,0.0,0.0,0.0,-1.0,0.0,True
P09,241288,242030,1,0,2019-12-02,,,,,,,,,,False
P09,241288,280040,1,0,2018-12-17,,,,,,,,,,False
P09,241288,280206,1,0,2020-07-19,,,,,,,,,,False
P09,241288,280317,1,0,2021-10-10,,,,,,,,,,False
P09,241288,280324,1,0,2022-06-03,1.5,1.0,0.0,1.0,1.0,0.0,0.0,2.0,0.0,True
P09,241288,280450,1,0,2023-10-02,0.0,1.0,0.0,0.0,0.0,0.0,0.0,0.0,0.0,True
P09,241658,242027,1,0,2018-01-15,,,,,,,,,,False
P09,242027,120437,1,0,2018-01-18,,,,,,,,,,False
P09,242027,280068,1,0,2018-03-08,,,,,,,,,,False
P09,242030,120436,1,0,2019-10-16,,,,,,,,,,False
P09,242030,120450,1,0,2018-04-26,,,,,,,,,,False
P09,242030,241288,1,0,2019-12-02,,,,,,,,,,False
P09,242030,251200,1,0,2019-12-04,,,,,,,,,,False
P09,251200,120436,1,1,2025-02-18,0.0,1.0,0.0,0.0,0.0,0.0,0.0,-1.0,0.0,True
P09,251200,120437,1,0,2018-01-25,0.0,1.0,0.0,0.0,0.0,0.0,0.0,-1.0,0.0,True
P09,251200,241288,1,0,2023-09-25,0.0,1.0,0.0,0.0,0.0,0.0,0.0,0.0,0.0,True
P09,251200,280052,1,0,2020-04-30,2.0,1.0,0.0,1.0,1.0,1.0,0.0,2.0,0.0,True
P09,251200,280103,1,0,2020-02-02,1.25,1.0,0.0,1.0,1.0,0.0,0.0,1.0,0.0,True
P09,251200,280206,1,0,2019-12-06,,,,,,,,,,False
P09,251200,280246,1,0,2024-07-01,0.25,1.0,0.0,0.0,0.0,0.0,0.0,1.0,0.0,True
P09,251200,280264,1,1,2024-12-09,0.25,1.0,0.0,0.0,0.0,0.0,0.0,1.0,0.0,True
P09,251200,280316,1,0,2022-01-16,,,,,,,,,,False
P09,251200,280318,1,1,2026-04-05,0.25,1.0,0.0,0.0,0.0,0.0,0.0,1.0,0.0,True
P09,251200,280421,1,0,2023-04-21,1.5,1.0,0.0,1.0,1.0,0.0,0.0,2.0,0.0,True
P09,251200,280566,1,1,2026-08-17,0.25,1.0,0.0,0.0,0.0,0.0,0.0,1.0,0.0,True
P09,251200,280582,1,1,2025-07-31,1.0,1.0,0.0,1.0,0.0,0.0,0.0,0.0,0.0,True
P09,251200,280659,1,1,2026-04-30,0.0,1.0,0.0,0.0,0.0,0.0,0.0,-1.0,0.0,True
P09,280013,280222,1,0,2020-08-30,1.75,1.0,0.0,1.0,1.0,0.0,0.0,3.0,0.0,True
P09,280039,280103,1,0,2018-07-23,,,,,,,,,,False
P09,280040,242027,1,0,2018-09-13,,,,,,,,,,False
P09,280040,280052,1,0,2018-12-17,,,,,,,,,,False
P09,280040,280166,1,0,2019-05-01,,,,,,,,,,False
P09,280052,120436,1,0,2019-03-11,0.75,1.0,0.0,1.0,1.0,0.0,1.0,-3.0,0.0,True
P09,280052,120464,1,0,2018-10-24,1.25,1.0,0.0,1.0,1.0,0.0,1.0,-1.0,0.0,True
P09,280052,241288,1,0,2018-12-12,1.0,1.0,0.0,1.0,1.0,0.0,1.0,-2.0,0.0,True
P09,280052,242030,1,0,2019-08-21,,,,,,,,,,False
P09,280052,280068,1,0,2018-11-15,,,,,,,,,,False
P09,280052,280166,1,0,2019-11-14,0.75,1.0,0.0,1.0,1.0,0.0,1.0,-3.0,0.0,True
P09,280052,280169,1,0,2023-03-30,1.0,1.0,0.0,1.0,1.0,0.0,1.0,-2.0,0.0,True
P09,280052,280205,1,0,2019-04-17,,,,,,,,,,False
P09,280052,280206,1,0,2019-10-31,,,,,,,,,,False
P09,280052,280315,1,0,2023-03-02,,,,,,,,,,False
P09,280052,280316,1,0,2022-03-02,,,,,,,,,,False
P09,280052,280317,1,0,2023-03-14,,,,,,,,,,False
P09,280052,280324,1,0,2021-08-17,1.0,1.0,0.0,1.0,0.0,0.0,0.0,0.0,0.0,True
P09,280052,280452,1,0,2023-09-08,1.25,1.0,0.0,1.0,1.0,0.0,1.0,-1.0,0.0,True
P09,280065,120464,1,0,2022-04-19,,,,,,,,,,False
P09,280065,241288,1,0,2022-12-19,,,,,,,,,,False
P09,280065,280104,1,0,2021-03-24,,,,,,,,,,False
P09,280065,280105,1,0,2021-10-16,,,,,,,,,,False
P09,280065,280166,1,0,2022-06-12,,,,,,,,,,False
P09,280065,280169,1,0,2020-10-11,,,,,,,,,,False
P09,280065,280172,1,0,2022-01-23,,,,,,,,,,False
P09,280065,280212,1,0,2021-08-08,,,,,,,,,,False
P09,280065,280325,1,0,2021-11-16,,,,,,,,,,False
P09,280065,280351,1,0,2021-09-03,,,,,,,,,,False
P09,280068,120448,1,0,2018-03-28,,,,,,,,,,False
P09,280068,241658,1,0,2018-01-09,,,,,,,,,,False
P09,280068,280105,1,0,2020-01-26,,,,,,,,,,False
P09,280068,280317,1,0,2018-01-02,,,,,,,,,,False
P09,280103,120464,1,0,2024-05-17,1.0,0.0,0.0,1.0,1.0,0.0,0.0,0.0,0.0,True
P09,280103,242027,1,0,2018-07-30,,,,,,,,,,False
P09,280103,280039,1,0,2018-07-18,,,,,,,,,,False
P09,280103,280065,1,0,2020-12-04,,,,,,,,,,False
P09,280103,280106,1,1,2025-09-05,0.0,1.0,0.0,0.0,0.0,0.0,0.0,0.0,0.0,True
P09,280103,280147,1,0,2018-08-13,,,,,,,,,,False
P09,280103,280155,1,0,2020-06-16,,,,,,,,,,False
P09,280103,280324,1,1,2024-11-22,1.25,1.0,0.0,1.0,1.0,0.0,0.0,1.0,0.0,True
P09,280103,280452,1,1,2024-09-08,0.0,1.0,0.0,0.0,0.0,0.0,0.0,0.0,0.0,True
P09,280103,280453,1,0,2024-08-13,0.0,1.0,0.0,0.0,0.0,0.0,0.0,0.0,0.0,True
P09,280103,280478,1,0,2024-06-12,0.5,1.0,0.0,1.0,0.0,0.0,0.0,-2.0,0.0,True
P09,280103,280493,1,1,2024-12-18,0.0,1.0,0.0,0.0,0.0,0.0,0.0,-1.0,0.0,True
P09,280103,280574,1,1,2025-05-10,0.5,1.0,0.0,1.0,1.0,0.0,0.0,-2.0,0.0,True
P09,280103,280578,1,1,2025-08-29,0.75,1.0,0.0,1.0,1.0,0.0,0.0,-1.0,0.0,True
P09,280103,280581,1,1,2026-02-07,0.75,1.0,0.0,1.0,1.0,0.0,0.0,-1.0,0.0,True
P09,280103,280585,1,1,2026-03-29,1.0,0.0,0.0,1.0,1.0,0.0,0.0,0.0,0.0,True
P09,280103,280587,1,1,2025-07-09,0.75,1.0,0.0,1.0,1.0,0.0,0.0,-1.0,0.0,True
P09,280103,280588,1,1,2026-03-23,1.0,1.0,0.0,1.0,1.0,0.0,0.0,0.0,0.0,True
P09,280104,241283,1,1,2025-07-20,2.25,1.0,0.0,1.0,1.0,1.0,1.0,1.0,0.0,True
P09,280104,280065,1,0,2021-04-06,,,,,,,,,,False
P09,280104,280106,1,0,2021-03-26,0.75,1.0,0.0,0.0,0.0,0.0,1.0,1.0,0.0,True
P09,280104,280166,1,0,2024-01-07,0.25,1.0,0.0,0.0,0.0,0.0,1.0,-1.0,0.0,True
P09,280104,280172,1,0,2022-02-08,,,,,,,,,,False
P09,280104,280198,1,0,2020-02-27,,,,,,,,,,False
P09,280104,280206,1,0,2020-08-16,,,,,,,,,,False
P09,280104,280222,1,0,2021-03-04,2.5,1.0,0.0,1.0,1.0,1.0,1.0,2.0,0.0,True
P09,280104,280256,1,1,2025-07-24,1.75,1.0,0.0,1.0,1.0,1.0,1.0,-1.0,0.0,True
P09,280104,280318,1,0,2023-10-26,1.75,1.0,0.0,1.0,1.0,0.0,1.0,1.0,0.0,True
P09,280104,280324,1,0,2021-07-20,1.5,1.0,0.0,1.0,1.0,0.0,0.0,2.0,0.0,True
P09,280104,280421,1,0,2024-08-20,1.0,1.0,0.0,0.0,0.0,0.0,1.0,2.0,0.0,True
P09,280104,280452,1,0,2023-12-07,0.75,1.0,0.0,0.0,0.0,0.0,1.0,1.0,0.0,True
P09,280104,280478,1,1,2024-10-17,1.25,1.0,0.0,1.0,0.0,0.0,1.0,-1.0,0.0,True
P09,280104,280493,1,1,2025-09-17,0.5,1.0,0.0,0.0,0.0,0.0,1.0,0.0,0.0,True
P09,280104,280592,1,1,2025-06-22,1.0,0.0,0.0,1.0,1.0,0.0,0.0,0.0,0.0,True
P09,280105,120430,1,0,2018-05-18,0.5,1.0,0.0,1.0,1.0,0.0,0.0,-2.0,0.0,True
P09,280105,241288,1,0,2018-09-25,0.75,1.0,0.0,1.0,1.0,0.0,0.0,-1.0,0.0,True
P09,280105,242027,1,0,2018-06-11,,,,,,,,,,False
P09,280105,280040,1,0,2018-09-24,,,,,,,,,,False
P09,280105,280065,1,0,2023-02-18,,,,,,,,,,False
P09,280105,280068,1,0,2020-01-24,,,,,,,,,,False
P09,280105,280315,1,0,2021-06-06,,,,,,,,,,False
P09,280105,280325,1,0,2021-05-05,0.75,1.0,0.0,1.0,1.0,0.0,0.0,-1.0,0.0,True
P09,280105,280451,1,1,2025-02-28,0.25,1.0,0.0,0.0,0.0,0.0,0.0,1.0,0.0,True
P09,280105,280586,1,1,2025-11-09,1.0,0.0,0.0,1.0,1.0,0.0,0.0,0.0,0.0,True
P09,280106,251200,1,0,2021-02-26,0.75,1.0,0.0,1.0,1.0,0.0,0.0,-1.0,0.0,True
P09,280106,280052,1,0,2020-09-13,1.75,1.0,0.0,1.0,1.0,1.0,0.0,1.0,0.0,True
P09,280106,280105,1,0,2023-02-17,0.0,1.0,0.0,0.0,0.0,0.0,0.0,0.0,0.0,True
P09,280106,280166,1,0,2020-02-11,0.0,1.0,0.0,0.0,0.0,0.0,0.0,-2.0,0.0,True
P09,280106,280198,1,0,2021-03-30,,,,,,,,,,False
P09,280106,280206,1,0,2020-08-19,,,,,,,,,,False
P09,280106,280214,1,0,2021-01-14,,,,,,,,,,False
P09,280106,280315,1,0,2021-03-10,,,,,,,,,,False
P09,280106,280317,1,0,2021-10-24,,,,,,,,,,False
P09,280106,280318,1,0,2023-11-14,1.0,1.0,0.0,1.0,1.0,0.0,0.0,0.0,0.0,True
P09,280106,280325,1,0,2022-01-11,0.75,1.0,0.0,1.0,1.0,0.0,0.0,-1.0,0.0,True
P09,280106,280391,1,0,2024-01-24,0.0,1.0,0.0,0.0,0.0,0.0,0.0,0.0,0.0,True
P09,280106,280453,1,1,2025-01-08,0.0,1.0,0.0,0.0,0.0,0.0,0.0,0.0,0.0,True
P09,280106,280571,1,1,2025-10-19,0.5,1.0,0.0,1.0,1.0,0.0,0.0,-2.0,0.0,True
P09,280107,120436,1,0,2018-09-17,0.0,1.0,0.0,0.0,0.0,0.0,0.0,0.0,0.0,True
P09,280107,120444,1,0,2021-09-11,0.0,1.0,0.0,0.0,0.0,0.0,0.0,0.0,0.0,True
P09,280107,241283,1,0,2024-06-22,0.5,1.0,0.0,0.0,0.0,0.0,0.0,2.0,0.0,True
P09,280107,251200,1,1,2026-01-03,0.25,1.0,0.0,0.0,0.0,0.0,0.0,1.0,0.0,True
P09,280107,280104,1,1,2025-07-23,1.25,1.0,0.0,1.0,1.0,0.0,0.0,1.0,0.0,True
P09,280107,280114,1,0,2018-06-13,,,,,,,,,,False
P09,280107,280264,1,1,2026-02-04,0.5,1.0,0.0,0.0,0.0,0.0,0.0,2.0,0.0,True
P09,280107,280452,1,0,2023-10-19,1.5,1.0,0.0,1.0,1.0,0.0,0.0,2.0,0.0,True
P09,280107,280557,1,1,2025-07-14,0.5,1.0,0.0,0.0,0.0,0.0,0.0,2.0,0.0,True
P09,280114,280135,1,0,2018-06-14,,,,,,,,,,False
P09,280121,120464,1,0,2024-04-20,0.25,1.0,0.0,0.0,0.0,0.0,0.0,1.0,0.0,True
P09,280121,251200,1,0,2021-06-21,0.0,1.0,0.0,0.0,0.0,0.0,0.0,0.0,0.0,True
P09,280121,280318,1,0,2024-06-20,0.25,1.0,0.0,0.0,0.0,0.0,0.0,1.0,0.0,True
P09,280121,280574,1,1,2025-06-04,0.75,1.0,0.0,1.0,0.0,0.0,0.0,-1.0,0.0,True
P09,280121,280587,1,1,2026-05-23,1.0,1.0,0.0,1.0,1.0,0.0,0.0,0.0,0.0,True
P09,280135,242027,1,0,2018-06-18,,,,,,,,,,False
P09,280136,280103,1,0,2018-07-12,,,,,,,,,,False
P09,280142,280105,1,0,2019-06-24,,,,,,,,,,False
P09,280147,120430,1,0,2018-08-17,,,,,,,,,,False
P09,280147,120437,1,0,2019-08-02,,,,,,,,,,False
P09,280147,280052,1,0,2018-12-10,,,,,,,,,,False
P09,280147,280196,1,0,2019-02-11,,,,,,,,,,False
P09,280155,120444,1,0,2020-02-20,,,,,,,,,,False
P09,280155,280105,1,0,2020-06-16,,,,,,,,,,False
P09,280166,241287,1,0,2020-04-12,1.25,1.0,0.0,1.0,1.0,0.0,0.0,1.0,0.0,True
P09,280166,242030,1,0,2019-10-14,,,,,,,,,,False
P09,280166,251200,1,0,2022-09-25,1.25,1.0,0.0,1.0,1.0,0.0,0.0,1.0,0.0,True
P09,280166,280065,1,0,2023-05-17,,,,,,,,,,False
P09,280166,280068,1,0,2019-10-10,,,,,,,,,,False
P09,280166,280106,1,0,2024-07-10,0.5,1.0,0.0,0.0,0.0,0.0,0.0,2.0,0.0,True
P09,280166,280147,1,0,2019-07-29,,,,,,,,,,False
P09,280166,280169,1,0,2022-06-17,1.25,1.0,0.0,1.0,1.0,0.0,0.0,1.0,0.0,True
P09,280166,280317,1,0,2022-05-25,,,,,,,,,,False
P09,280166,280323,1,0,2024-01-07,1.0,0.0,0.0,1.0,1.0,0.0,0.0,0.0,0.0,True
P09,280166,280391,1,1,2025-01-12,0.5,1.0,0.0,0.0,0.0,0.0,0.0,2.0,0.0,True
P09,280166,280421,1,0,2023-08-15,0.75,1.0,0.0,0.0,0.0,0.0,0.0,3.0,0.0,True
P09,280166,280453,1,0,2024-07-28,0.5,1.0,0.0,0.0,0.0,0.0,0.0,2.0,0.0,True
P09,280166,280478,1,1,2026-01-06,1.0,1.0,0.0,1.0,0.0,0.0,0.0,0.0,0.0,True
P09,280169,120436,1,0,2022-08-26,0.0,1.0,0.0,0.0,0.0,0.0,0.0,-1.0,0.0,True
P09,280169,280052,1,0,2020-10-22,2.0,1.0,0.0,1.0,1.0,1.0,0.0,2.0,0.0,True
P09,280169,280166,1,0,2022-09-20,0.75,1.0,0.0,1.0,1.0,0.0,0.0,-1.0,0.0,True
P09,280169,280214,1,0,2021-01-02,,,,,,,,,,False
P09,280169,280222,1,0,2024-04-09,2.0,1.0,0.0,1.0,1.0,1.0,0.0,2.0,0.0,True
P09,280169,280264,1,1,2026-07-03,0.25,1.0,0.0,0.0,0.0,0.0,0.0,1.0,0.0,True
P09,280169,280286,1,0,2021-02-21,,,,,,,,,,False
P09,280169,280325,1,0,2021-06-29,1.0,0.0,0.0,1.0,1.0,0.0,0.0,0.0,0.0,True
P09,280169,280351,1,0,2024-02-04,1.5,1.0,0.0,1.0,1.0,1.0,0.0,0.0,0.0,True
P09,280169,280355,1,0,2021-05-16,0.0,1.0,0.0,0.0,0.0,0.0,0.0,0.0,0.0,True
P09,280169,280391,1,0,2022-12-22,1.25,1.0,0.0,1.0,1.0,0.0,0.0,1.0,0.0,True
P09,280169,280425,1,1,2025-06-12,0.5,1.0,0.0,0.0,0.0,1.0,0.0,0.0,0.0,True
P09,280169,280450,1,1,2025-03-07,0.0,1.0,0.0,0.0,0.0,0.0,0.0,0.0,0.0,True
P09,280169,280541,1,1,2025-05-30,0.0,1.0,0.0,0.0,0.0,0.0,0.0,0.0,0.0,True
P09,280169,280581,1,1,2025-11-03,1.0,0.0,0.0,1.0,0.0,0.0,0.0,0.0,0.0,True
P09,280172,120436,1,0,2022-09-04,,,,,,,,,,False
P09,280172,120444,1,0,2021-09-12,,,,,,,,,,False
P09,280172,120448,1,0,2020-03-27,,,,,,,,,,False
P09,280172,241288,1,0,2020-07-16,,,,,,,,,,False
P09,280172,251200,1,0,2020-06-07,,,,,,,,,,False
P09,280172,280065,1,0,2022-01-30,,,,,,,,,,False
P09,280172,280105,1,0,2019-09-24,,,,,,,,,,False
P09,280172,280212,1,0,2020-07-01,,,,,,,,,,False
P09,280172,280222,1,0,2020-05-17,,,,,,,,,,False
P09,280172,280286,1,0,2021-02-02,,,,,,,,,,False
P09,280196,120450,1,0,2019-02-15,,,,,,,,,,False
P09,280198,241287,1,0,2020-04-23,,,,,,,,,,False
P09,280198,280052,1,0,2020-10-04,,,,,,,,,,False
P09,280198,280106,1,0,2020-06-12,,,,,,,,,,False
P09,280198,280214,1,0,2021-03-18,,,,,,,,,,False
P09,280198,280222,1,0,2020-02-16,,,,,,,,,,False
P09,280198,280325,1,0,2021-03-31,,,,,,,,,,False
P09,280205,280166,1,0,2019-04-22,,,,,,,,,,False
P09,280205,280169,1,0,2021-05-14,,,,,,,,,,False
P09,280205,280212,1,0,2020-01-12,,,,,,,,,,False
P09,280205,280214,1,0,2020-12-09,,,,,,,,,,False
P09,280205,280222,1,0,2020-11-18,,,,,,,,,,False
P09,280206,120448,1,0,2019-07-15,,,,,,,,,,False
P09,280206,242030,1,0,2019-11-04,,,,,,,,,,False
P09,280206,280013,1,0,2020-08-29,,,,,,,,,,False
P09,280206,280106,1,0,2020-08-19,,,,,,,,,,False
P09,280206,280172,1,0,2020-07-15,,,,,,,,,,False
P09,280206,280198,1,0,2020-04-19,,,,,,,,,,False
P09,280212,120437,1,0,2020-07-06,0.75,1.0,0.0,1.0,1.0,0.0,1.0,-3.0,0.0,True
P09,280212,280065,1,0,2021-11-08,,,,,,,,,,False
P09,280212,280105,1,0,2020-01-19,1.25,1.0,0.0,1.0,1.0,0.0,1.0,-1.0,0.0,True
P09,280212,280106,1,0,2021-03-08,1.25,1.0,0.0,1.0,1.0,0.0,1.0,-1.0,0.0,True
P09,280212,280222,1,0,2021-08-08,0.5,1.0,0.0,0.0,0.0,0.0,1.0,0.0,0.0,True
P09,280213,280105,1,0,2019-10-23,1.5,1.0,0.0,1.0,1.0,0.0,0.0,2.0,0.0,True
P09,280213,280106,1,0,2022-01-09,1.5,1.0,0.0,1.0,1.0,0.0,0.0,2.0,0.0,True
P09,280213,280169,1,0,2022-07-23,1.25,1.0,0.0,1.0,1.0,0.0,0.0,1.0,0.0,True
P09,280213,280222,1,0,2020-05-10,1.75,1.0,0.0,1.0,0.0,0.0,0.0,3.0,0.0,True
P09,280214,251200,1,0,2021-01-21,,,,,,,,,,False
P09,280214,280052,1,0,2020-12-11,,,,,,,,,,False
P09,280214,280103,1,0,2020-04-08,,,,,,,,,,False
P09,280214,280105,1,0,2021-01-18,,,,,,,,,,False
P09,280214,280106,1,0,2020-02-09,,,,,,,,,,False
P09,280214,280172,1,0,2021-01-28,,,,,,,,,,False
P09,280214,280198,1,0,2020-09-27,,,,,,,,,,False
P09,280222,120464,1,0,2020-08-30,0.75,1.0,0.0,1.0,1.0,0.0,0.0,-1.0,0.0,True
P09,280222,241288,1,0,2020-10-26,0.5,1.0,0.0,1.0,1.0,0.0,0.0,-2.0,0.0,True
P09,280222,280052,1,0,2020-09-02,1.0,1.0,0.0,1.0,0.0,0.0,0.0,0.0,0.0,True
P09,280222,280103,1,0,2020-07-30,0.75,1.0,0.0,1.0,1.0,0.0,0.0,-1.0,0.0,True
P09,280222,280105,1,0,2021-01-11,0.75,1.0,0.0,1.0,1.0,0.0,0.0,-1.0,0.0,True
P09,280222,280106,1,0,2020-05-18,0.75,1.0,0.0,1.0,1.0,0.0,0.0,-1.0,0.0,True
P09,280222,280155,1,0,2020-02-17,,,,,,,,,,False
P09,280222,280315,1,0,2022-06-24,,,,,,,,,,False
P09,280222,280451,1,0,2024-04-10,1.0,1.0,0.0,1.0,1.0,0.0,0.0,0.0,0.0,True
P09,280235,251200,1,0,2022-01-16,2.0,1.0,1.0,1.0,1.0,0.0,0.0,0.0,0.0,True
P09,280244,280121,1,0,2024-06-19,0.25,1.0,0.0,0.0,0.0,0.0,0.0,1.0,0.0,True
P09,280244,280493,1,1,2025-05-06,1.25,1.0,0.0,1.0,1.0,0.0,0.0,1.0,0.0,True
P09,280246,251200,1,0,2024-07-01,0.0,1.0,0.0,0.0,0.0,0.0,0.0,-1.0,0.0,True
P09,280246,280318,1,0,2024-06-24,0.0,1.0,0.0,0.0,0.0,0.0,0.0,0.0,0.0,True
P09,280246,280450,1,0,2024-07-02,0.0,1.0,0.0,0.0,0.0,0.0,0.0,-1.0,0.0,True
P09,280246,280478,1,0,2024-06-25,0.5,1.0,0.0,1.0,1.0,0.0,0.0,-2.0,0.0,True
P09,280256,280351,1,1,2025-04-07,0.25,1.0,0.0,0.0,0.0,0.0,0.0,1.0,0.0,True
P09,280256,280489,1,1,2025-07-27,0.5,1.0,0.0,0.0,0.0,0.0,0.0,2.0,0.0,True
P09,280256,280587,1,1,2025-08-11,1.25,1.0,0.0,1.0,1.0,0.0,0.0,1.0,0.0,True
P09,280264,120448,1,1,2024-12-07,0.0,1.0,0.0,0.0,0.0,0.0,0.0,-2.0,0.0,True
P09,280264,241287,1,1,2026-02-04,0.0,1.0,0.0,0.0,0.0,0.0,0.0,-1.0,0.0,True
P09,280264,280566,1,1,2026-08-24,0.0,1.0,0.0,0.0,0.0,0.0,0.0,0.0,0.0,True
P09,280264,280581,1,1,2026-07-03,0.75,1.0,0.0,1.0,0.0,0.0,0.0,-1.0,0.0,True
P09,280286,280065,1,0,2021-02-22,,,,,,,,,,False
P09,280286,280318,1,0,2021-02-03,,,,,,,,,,False
P09,280315,241283,1,0,2021-04-23,,,,,,,,,,False
P09,280315,280169,1,0,2021-02-15,,,,,,,,,,False
P09,280315,280222,1,0,2023-06-01,,,,,,,,,,False
P09,280315,280324,1,0,2021-06-07,,,,,,,,,,False
P09,280315,280351,1,0,2022-05-04,,,,,,,,,,False
P09,280315,280391,1,0,2022-09-17,,,,,,,,,,False
P09,280316,120464,1,0,2022-10-05,,,,,,,,,,False
P09,280316,241288,1,0,2022-06-02,,,,,,,,,,False
P09,280316,251200,1,0,2022-01-04,,,,,,,,,,False
P09,280316,280052,1,0,2022-02-27,,,,,,,,,,False
P09,280316,280104,1,0,2022-02-06,,,,,,,,,,False
P09,280316,280105,1,0,2021-05-02,,,,,,,,,,False
P09,280316,280222,1,0,2022-01-16,,,,,,,,,,False
P09,280316,280323,1,0,2022-12-05,,,,,,,,,,False
P09,280316,280391,1,0,2022-11-14,,,,,,,,,,False
P09,280317,280052,1,0,2022-03-06,,,,,,,,,,False
P09,280317,280068,1,0,2018-01-08,,,,,,,,,,False
P09,280317,280106,1,0,2021-02-25,,,,,,,,,,False
P09,280317,280169,1,0,2021-10-26,,,,,,,,,,False
P09,280317,280222,1,0,2022-06-26,,,,,,,,,,False
P09,280318,241288,1,0,2024-01-10,0.0,1.0,0.0,0.0,0.0,0.0,0.0,-1.0,0.0,True
P09,280318,280052,1,0,2023-03-12,1.75,1.0,0.0,1.0,1.0,1.0,0.0,1.0,0.0,True
P09,280318,280065,1,0,2021-02-04,,,,,,,,,,False
P09,280318,280107,1,0,2024-06-22,0.0,1.0,0.0,0.0,0.0,1.0,0.0,-2.0,0.0,True
P09,280318,280222,1,0,2022-06-21,1.75,1.0,0.0,1.0,1.0,1.0,0.0,1.0,0.0,True
P09,280318,280246,1,0,2024-06-25,0.0,1.0,0.0,0.0,0.0,0.0,0.0,0.0,0.0,True
P09,280318,280315,1,0,2022-09-29,,,,,,,,,,False
P09,280318,280324,1,0,2021-07-12,1.25,1.0,0.0,1.0,1.0,0.0,0.0,1.0,0.0,True
P09,280318,280391,1,0,2023-01-10,1.0,1.0,0.0,1.0,1.0,0.0,0.0,0.0,0.0,True
P09,280318,280425,1,1,2026-04-06,0.25,1.0,0.0,0.0,0.0,1.0,0.0,-1.0,0.0,True
P09,280318,280478,1,1,2024-11-20,0.5,1.0,0.0,1.0,1.0,0.0,0.0,-2.0,0.0,True
P09,280318,280571,1,1,2025-12-20,0.5,1.0,0.0,1.0,0.0,0.0,0.0,-2.0,0.0,True
P09,280323,251200,1,1,2026-08-16,1.25,1.0,0.0,1.0,1.0,0.0,0.0,1.0,0.0,True
P09,280323,280318,1,0,2022-12-09,1.5,1.0,0.0,1.0,1.0,0.0,0.0,2.0,0.0,True
P09,280324,120431,1,0,2020-12-01,0.75,1.0,0.0,1.0,1.0,0.0,1.0,-3.0,0.0,True
P09,280324,120436,1,0,2021-12-11,0.75,1.0,0.0,1.0,1.0,0.0,1.0,-3.0,0.0,True
P09,280324,241287,1,0,2023-04-09,1.0,1.0,0.0,1.0,1.0,0.0,1.0,-2.0,0.0,True
P09,280324,280052,1,0,2023-03-26,1.5,1.0,0.0,1.0,0.0,1.0,0.0,0.0,0.0,True
P09,280324,280103,1,0,2020-12-02,1.25,1.0,0.0,1.0,1.0,0.0,1.0,-1.0,0.0,True
P09,280324,280104,1,0,2021-07-18,0.5,1.0,0.0,1.0,1.0,0.0,0.0,-2.0,0.0,True
P09,280324,280121,1,0,2021-06-20,1.0,1.0,0.0,1.0,1.0,0.0,1.0,-2.0,0.0,True
P09,280324,280166,1,0,2021-12-02,0.75,1.0,0.0,1.0,1.0,0.0,1.0,-3.0,0.0,True
P09,280324,280169,1,0,2022-05-18,1.0,1.0,0.0,1.0,1.0,0.0,1.0,-2.0,0.0,True
P09,280324,280222,1,0,2021-08-31,2.0,1.0,0.0,1.0,0.0,1.0,1.0,0.0,0.0,True
P09,280324,280264,1,1,2024-12-01,1.25,1.0,0.0,1.0,1.0,0.0,1.0,-1.0,0.0,True
P09,280324,280316,1,0,2023-03-05,,,,,,,,,,False
P09,280324,280351,1,0,2023-07-16,1.5,1.0,0.0,1.0,0.0,1.0,1.0,-2.0,0.0,True
P09,280324,280405,1,0,2024-05-10,2.0,1.0,0.0,1.0,0.0,1.0,1.0,0.0,0.0,True
P09,280324,280581,1,1,2025-03-30,1.0,1.0,0.0,1.0,1.0,0.0,1.0,-2.0,0.0,True
P09,280325,120436,1,0,2021-04-02,0.75,1.0,0.0,1.0,1.0,0.0,0.0,-1.0,0.0,True
P09,280325,120444,1,0,2021-05-08,0.75,1.0,0.0,1.0,1.0,0.0,0.0,-1.0,0.0,True
P09,280325,280065,1,0,2021-06-30,,,,,,,,,,False
P09,280325,280169,1,0,2021-11-20,1.0,0.0,0.0,1.0,1.0,0.0,0.0,0.0,0.0,True
P09,280325,280212,1,0,2021-11-05,1.0,1.0,0.0,0.0,0.0,1.0,0.0,2.0,0.0,True
P09,280325,280235,1,0,2022-01-11,2.0,1.0,1.0,1.0,1.0,0.0,0.0,0.0,0.0,True
P09,280325,280405,1,0,2022-03-27,1.0,1.0,0.0,0.0,0.0,1.0,0.0,2.0,0.0,True
P09,280344,280103,1,0,2024-08-08,0.0,1.0,0.0,0.0,0.0,0.0,0.0,0.0,0.0,True
P09,280344,280453,1,1,2025-09-08,0.0,1.0,0.0,0.0,0.0,0.0,0.0,0.0,0.0,True
P09,280344,280581,1,1,2026-07-10,0.75,1.0,0.0,1.0,1.0,0.0,0.0,-1.0,0.0,True
P09,280344,280586,1,1,2026-06-20,1.0,1.0,0.0,1.0,1.0,0.0,0.0,0.0,0.0,True
P09,280351,241288,1,0,2023-07-16,1.0,1.0,0.0,1.0,1.0,0.0,0.0,0.0,0.0,True
P09,280351,280065,1,0,2021-09-05,,,,,,,,,,False
P09,280351,280315,1,0,2022-05-05,,,,,,,,,,False
P09,280351,280323,1,0,2024-02-04,0.75,1.0,0.0,1.0,0.0,0.0,0.0,-1.0,0.0,True
P09,280351,280391,1,1,2025-04-10,1.25,1.0,0.0,1.0,1.0,0.0,0.0,1.0,0.0,True
P09,280351,280451,1,0,2024-02-18,1.5,1.0,0.0,1.0,1.0,0.0,0.0,2.0,0.0,True
P09,280351,280452,1,1,2025-04-13,1.25,1.0,0.0,1.0,1.0,0.0,0.0,1.0,0.0,True
P09,280351,280586,1,1,2025-04-16,1.25,1.0,0.0,1.0,1.0,0.0,0.0,1.0,0.0,True
P09,280355,280324,1,0,2021-05-17,1.5,1.0,0.0,1.0,1.0,0.0,0.0,2.0,0.0,True
P09,280391,241283,1,0,2022-09-18,1.5,1.0,0.0,1.0,1.0,1.0,0.0,0.0,0.0,True
P09,280391,241287,1,0,2024-06-16,0.75,1.0,0.0,1.0,1.0,0.0,0.0,-1.0,0.0,True
P09,280391,280103,1,0,2022-11-15,0.0,1.0,0.0,0.0,0.0,0.0,0.0,0.0,0.0,True
P09,280391,280166,1,1,2025-01-12,0.0,1.0,0.0,0.0,0.0,0.0,0.0,-2.0,0.0,True
P09,280391,280244,1,1,2025-05-01,0.5,1.0,0.0,1.0,1.0,0.0,0.0,-2.0,0.0,True
P09,280391,280315,1,0,2023-06-16,,,,,,,,,,False
P09,280391,280351,1,1,2025-04-13,1.25,1.0,0.0,1.0,1.0,1.0,0.0,-1.0,0.0,True
P09,280391,280450,1,0,2023-12-01,0.75,1.0,0.0,1.0,1.0,0.0,0.0,-1.0,0.0,True
P09,280391,280451,1,1,2024-11-14,0.25,1.0,0.0,0.0,0.0,0.0,0.0,1.0,0.0,True
P09,280391,280452,1,0,2024-01-26,0.0,1.0,0.0,0.0,0.0,0.0,0.0,0.0,0.0,True
P09,280391,280453,1,0,2024-04-01,0.0,1.0,0.0,0.0,0.0,0.0,0.0,0.0,0.0,True
P09,280391,280478,1,1,2025-02-10,0.5,1.0,0.0,1.0,0.0,0.0,0.0,-2.0,0.0,True
P09,280391,280493,1,0,2024-05-02,0.0,1.0,0.0,0.0,0.0,0.0,0.0,-1.0,0.0,True
P09,280405,280103,1,0,2024-08-25,0.75,1.0,0.0,1.0,1.0,0.0,0.0,-1.0,0.0,True
P09,280405,280315,1,0,2022-03-30,,,,,,,,,,False
P09,280405,280493,1,0,2024-05-14,0.5,1.0,0.0,1.0,1.0,0.0,0.0,-2.0,0.0,True
P09,280421,280166,1,0,2023-08-28,0.0,1.0,0.0,0.0,0.0,0.0,0.0,-3.0,0.0,True
P09,280421,280324,1,1,2025-03-22,1.0,1.0,0.0,1.0,1.0,0.0,0.0,0.0,0.0,True
P09,280421,280391,1,0,2024-03-31,0.0,1.0,0.0,0.0,0.0,0.0,0.0,-1.0,0.0,True
P09,280421,280405,1,0,2024-08-21,1.5,1.0,0.0,1.0,1.0,1.0,0.0,0.0,0.0,True
P09,280421,280450,1,1,2025-12-15,0.5,1.0,0.0,1.0,1.0,0.0,0.0,-2.0,0.0,True
P09,280421,280478,1,1,2026-07-28,0.25,1.0,0.0,1.0,0.0,0.0,0.0,-3.0,0.0,True
P09,280421,280493,1,1,2025-01-18,0.0,1.0,0.0,0.0,0.0,0.0,0.0,-2.0,0.0,True
P09,280425,280169,1,1,2025-11-02,0.0,1.0,0.0,0.0,0.0,0.0,0.0,0.0,0.0,True
P09,280425,280581,1,1,2026-04-07,1.0,1.0,0.0,1.0,0.0,0.0,0.0,0.0,0.0,True
P09,280425,280582,1,1,2025-06-14,1.0,1.0,0.0,1.0,0.0,0.0,0.0,0.0,0.0,True
P09,280450,120448,1,0,2023-12-10,0.0,1.0,0.0,0.0,0.0,0.0,0.0,-1.0,0.0,True
P09,280450,241283,1,0,2024-07-03,0.75,1.0,0.0,0.0,0.0,1.0,0.0,1.0,0.0,True
P09,280450,241287,1,1,2025-03-08,0.0,1.0,0.0,0.0,0.0,0.0,0.0,0.0,0.0,True
P09,280450,280166,1,0,2023-12-01,0.75,1.0,0.0,1.0,1.0,0.0,0.0,-1.0,0.0,True
P09,280450,280169,1,0,2023-10-03,0.0,1.0,0.0,0.0,0.0,0.0,0.0,0.0,0.0,True
P09,280450,280318,1,0,2024-05-29,0.25,1.0,0.0,0.0,0.0,0.0,0.0,1.0,0.0,True
P09,280450,280581,1,1,2026-08-12,1.0,1.0,0.0,1.0,0.0,0.0,0.0,0.0,0.0,True
P09,280450,280585,1,1,2025-12-16,1.25,1.0,0.0,1.0,1.0,0.0,0.0,1.0,0.0,True
P09,280451,120464,1,1,2024-11-15,0.75,1.0,0.0,1.0,1.0,0.0,0.0,-1.0,0.0,True
P09,280451,251200,1,1,2025-12-04,0.5,1.0,0.0,1.0,1.0,0.0,0.0,-2.0,0.0,True
P09,280451,280103,1,0,2024-08-11,0.0,1.0,0.0,0.0,0.0,0.0,0.0,-1.0,0.0,True
P09,280451,280104,1,0,2024-09-01,0.0,1.0,0.0,0.0,0.0,0.0,0.0,-2.0,0.0,True
P09,280451,280351,1,0,2024-02-11,1.0,1.0,0.0,1.0,1.0,1.0,0.0,-2.0,0.0,True
P09,280451,280391,1,1,2025-01-05,0.0,1.0,0.0,0.0,0.0,0.0,0.0,-1.0,0.0,True
P09,280451,280517,1,1,2024-09-18,0.5,1.0,0.0,1.0,1.0,0.0,0.0,-2.0,0.0,True
P09,280452,280104,1,0,2024-01-28,0.0,1.0,0.0,0.0,0.0,0.0,0.0,-1.0,0.0,True
P09,280452,280106,1,0,2024-08-06,0.0,1.0,0.0,0.0,0.0,0.0,0.0,0.0,0.0,True
P09,280452,280318,1,0,2024-01-09,1.0,1.0,0.0,1.0,1.0,0.0,0.0,0.0,0.0,True
P09,280452,280351,1,1,2025-04-14,1.25,1.0,0.0,1.0,1.0,1.0,0.0,-1.0,0.0,True
P09,280452,280391,1,0,2024-04-30,0.0,1.0,0.0,0.0,0.0,0.0,0.0,0.0,0.0,True
P09,280452,280450,1,0,2023-12-09,0.75,1.0,0.0,1.0,1.0,0.0,0.0,-1.0,0.0,True
P09,280452,280493,1,0,2024-07-26,0.0,1.0,0.0,0.0,0.0,0.0,0.0,-1.0,0.0,True
P09,280452,280566,1,1,2026-03-11,1.0,1.0,0.0,1.0,1.0,0.0,0.0,0.0,0.0,True
P09,280452,280587,1,1,2026-07-19,0.75,1.0,0.0,1.0,1.0,0.0,0.0,-1.0,0.0,True
P09,280452,570223,1,1,2026-06-17,0.0,1.0,0.0,0.0,0.0,0.0,0.0,0.0,0.0,True
P09,280453,241287,1,0,2023-07-30,0.75,1.0,0.0,1.0,1.0,0.0,0.0,-1.0,0.0,True
P09,280453,280105,1,0,2023-09-14,0.0,1.0,0.0,0.0,0.0,0.0,0.0,0.0,0.0,True
P09,280453,280121,1,0,2024-04-18,0.75,1.0,0.0,1.0,1.0,0.0,0.0,-1.0,0.0,True
P09,280453,280318,1,0,2024-03-23,1.0,1.0,0.0,1.0,1.0,0.0,0.0,0.0,0.0,True
P09,280453,280324,1,0,2024-05-08,1.25,1.0,0.0,1.0,1.0,0.0,0.0,1.0,0.0,True
P09,280453,280451,1,0,2024-05-27,0.25,1.0,0.0,0.0,0.0,0.0,0.0,1.0,0.0,True
P09,280453,280452,1,1,2026-05-03,0.0,1.0,0.0,0.0,0.0,0.0,0.0,0.0,0.0,True
P09,280453,280478,1,0,2024-07-29,0.5,1.0,0.0,1.0,0.0,0.0,0.0,-2.0,0.0,True
P09,280453,280493,1,0,2024-06-28,0.0,1.0,0.0,0.0,0.0,0.0,0.0,-1.0,0.0,True
P09,280453,280573,1,1,2026-01-10,0.5,1.0,0.0,1.0,1.0,0.0,0.0,-2.0,0.0,True
P09,280453,280581,1,1,2026-06-26,0.75,1.0,0.0,1.0,1.0,0.0,0.0,-1.0,0.0,True
P09,280453,280660,1,1,2026-05-30,0.5,1.0,0.0,1.0,1.0,0.0,0.0,-2.0,0.0,True
P09,280478,120437,1,1,2025-02-12,1.0,1.0,0.0,1.0,1.0,0.0,0.0,0.0,0.0,True
P09,280478,241287,1,1,2024-12-13,1.25,1.0,0.0,1.0,1.0,0.0,0.0,1.0,0.0,True
P09,280478,280104,1,1,2025-09-16,1.25,1.0,0.0,1.0,0.0,0.0,0.0,1.0,0.0,True
P09,280478,280166,1,0,2024-07-07,1.0,1.0,0.0,1.0,0.0,0.0,0.0,0.0,0.0,True
P09,280478,280324,1,1,2025-11-22,1.75,1.0,0.0,1.0,1.0,0.0,0.0,3.0,0.0,True
P09,280478,280391,1,0,2024-06-14,1.5,1.0,0.0,1.0,0.0,0.0,0.0,2.0,0.0,True
P09,280478,280452,1,1,2026-06-15,1.5,1.0,0.0,1.0,0.0,0.0,0.0,2.0,0.0,True
P09,280478,280493,1,1,2025-07-16,1.25,1.0,0.0,1.0,0.0,0.0,0.0,1.0,0.0,True
P09,280478,280576,1,1,2025-06-27,1.25,1.0,0.0,1.0,1.0,0.0,0.0,1.0,0.0,True
P09,280478,280581,1,1,2026-07-31,1.25,1.0,0.0,1.0,1.0,0.0,0.0,1.0,0.0,True
P09,280478,570468,1,1,2026-07-15,0.25,1.0,0.0,0.0,0.0,0.0,0.0,1.0,0.0,True
P09,280480,280264,1,1,2026-08-19,1.25,1.0,0.0,1.0,1.0,0.0,1.0,-1.0,0.0,True
P09,280489,570223,1,1,2025-07-28,1.0,1.0,0.0,1.0,1.0,0.0,0.0,0.0,0.0,True
P09,280490,280585,1,1,2025-11-16,1.25,1.0,0.0,1.0,1.0,0.0,0.0,1.0,0.0,True
P09,280493,280106,1,1,2024-12-19,0.25,1.0,0.0,0.0,0.0,0.0,0.0,1.0,0.0,True
P09,280493,280246,1,0,2024-06-30,1.25,1.0,0.0,1.0,1.0,0.0,0.0,1.0,0.0,True
P09,280493,280451,1,1,2025-09-18,0.5,1.0,0.0,0.0,0.0,0.0,0.0,2.0,0.0,True
P09,280493,280452,1,1,2025-02-05,0.25,1.0,0.0,0.0,0.0,0.0,0.0,1.0,0.0,True
P09,280493,280571,1,1,2025-10-14,0.75,1.0,0.0,1.0,1.0,0.0,0.0,-1.0,0.0,True
P09,280493,280660,1,1,2026-05-31,0.75,1.0,0.0,1.0,1.0,0.0,0.0,-1.0,0.0,True
P09,280493,570468,1,1,2026-06-04,1.0,1.0,0.0,1.0,0.0,0.0,0.0,0.0,0.0,True
P09,280517,280451,1,1,2024-09-21,1.5,1.0,0.0,1.0,1.0,0.0,0.0,2.0,0.0,True
P09,280541,280121,1,1,2025-06-03,0.0,1.0,0.0,0.0,0.0,0.0,0.0,0.0,0.0,True
P09,280541,280451,1,1,2026-08-27,1.5,1.0,0.0,1.0,1.0,0.0,0.0,2.0,0.0,True
P09,280541,280571,1,1,2026-02-17,0.75,1.0,0.0,1.0,0.0,0.0,0.0,-1.0,0.0,True
P09,280557,280478,1,1,2025-07-15,0.5,1.0,0.0,1.0,1.0,0.0,0.0,-2.0,0.0,True
P09,280563,280684,1,1,2026-03-19,0.0,1.0,0.0,0.0,0.0,0.0,0.0,-2.0,0.0,True
P09,280566,280421,1,1,2026-05-14,1.25,1.0,0.0,1.0,1.0,0.0,0.0,1.0,0.0,True
P09,280566,280478,1,1,2026-06-14,0.5,1.0,0.0,1.0,1.0,0.0,0.0,-2.0,0.0,True
P09,280566,280480,1,1,2026-08-18,1.75,1.0,0.0,1.0,1.0,1.0,0.0,1.0,0.0,True
P09,280566,280541,1,1,2026-08-25,0.0,1.0,0.0,0.0,0.0,0.0,0.0,-1.0,0.0,True
P09,280566,280660,1,1,2026-03-12,0.5,1.0,0.0,1.0,0.0,0.0,0.0,-2.0,0.0,True
P09,280571,241283,1,1,2025-10-28,2.0,1.0,0.0,1.0,0.0,1.0,0.0,2.0,0.0,True
P09,280571,280106,1,1,2025-10-14,1.5,1.0,0.0,1.0,1.0,0.0,0.0,2.0,0.0,True
P09,280571,280582,1,1,2025-05-26,0.25,1.0,0.0,0.0,0.0,0.0,0.0,1.0,0.0,True
P09,280572,280105,1,1,2025-11-08,2.0,1.0,0.0,1.0,1.0,0.0,1.0,2.0,0.0,True
P09,280572,280391,1,1,2025-07-01,2.0,1.0,0.0,1.0,1.0,0.0,1.0,2.0,0.0,True
P09,280572,280576,1,1,2026-02-20,0.75,1.0,0.0,0.0,0.0,0.0,1.0,1.0,0.0,True
P09,280572,280581,1,1,2026-01-14,0.75,1.0,0.0,0.0,0.0,0.0,1.0,1.0,0.0,True
P09,280572,280586,1,1,2026-03-03,2.0,1.0,0.0,1.0,1.0,0.0,1.0,2.0,0.0,True
P09,280572,280587,1,1,2025-10-23,1.25,1.0,0.0,1.0,1.0,0.0,0.0,1.0,0.0,True
P09,280573,120430,1,1,2026-02-12,1.0,1.0,0.0,1.0,1.0,0.0,0.0,0.0,0.0,True
P09,280573,280578,1,1,2026-04-12,0.25,1.0,0.0,0.0,0.0,0.0,0.0,1.0,0.0,True
P09,280573,570468,1,1,2026-01-12,1.25,1.0,0.0,1.0,1.0,0.0,0.0,1.0,0.0,True
P09,280574,280169,1,1,2025-06-08,1.25,1.0,0.0,1.0,0.0,0.0,0.0,1.0,0.0,True
P09,280574,280391,1,1,2025-04-29,1.5,1.0,0.0,1.0,1.0,0.0,0.0,2.0,0.0,True
P09,280574,280584,1,1,2025-05-18,1.5,1.0,0.0,1.0,1.0,0.0,0.0,2.0,0.0,True
P09,280576,280563,1,1,2026-03-17,1.5,1.0,0.0,1.0,1.0,0.0,0.0,2.0,0.0,True
P09,280576,280572,1,1,2025-06-29,0.0,1.0,0.0,0.0,0.0,0.0,0.0,-1.0,0.0,True
P09,280576,280574,1,1,2025-04-23,0.0,1.0,0.0,0.0,0.0,0.0,0.0,-1.0,0.0,True
P09,280576,280582,1,1,2026-02-21,0.0,1.0,0.0,0.0,0.0,0.0,0.0,0.0,0.0,True
P09,280578,280581,1,1,2025-08-30,0.0,1.0,0.0,0.0,0.0,0.0,0.0,0.0,0.0,True
P09,280578,280588,1,1,2026-02-24,1.25,1.0,0.0,1.0,1.0,0.0,0.0,1.0,0.0,True
P09,280578,280673,1,1,2026-04-12,0.0,1.0,0.0,0.0,0.0,0.0,0.0,0.0,0.0,True
P09,280581,241283,1,1,2026-07-04,1.75,1.0,0.0,1.0,0.0,1.0,0.0,1.0,0.0,True
P09,280581,280256,1,1,2025-04-04,1.25,1.0,0.0,1.0,1.0,1.0,0.0,-1.0,0.0,True
P09,280581,280318,1,1,2025-12-19,1.25,1.0,0.0,1.0,0.0,0.0,0.0,1.0,0.0,True
P09,280581,280323,1,1,2026-08-14,0.75,1.0,0.0,1.0,1.0,0.0,0.0,-1.0,0.0,True
P09,280581,280583,1,1,2025-08-06,0.75,1.0,0.0,1.0,1.0,0.0,0.0,-1.0,0.0,True
P09,280581,280673,1,1,2026-05-12,0.0,1.0,0.0,0.0,0.0,0.0,0.0,0.0,0.0,True
P09,280582,251200,1,1,2025-06-17,1.0,1.0,0.0,1.0,0.0,0.0,0.0,0.0,0.0,True
P09,280582,280578,1,1,2026-02-22,0.0,1.0,0.0,0.0,0.0,0.0,0.0,0.0,0.0,True
P09,280583,280103,1,1,2026-03-29,1.5,1.0,0.0,1.0,1.0,0.0,0.0,2.0,0.0,True
P09,280583,280490,1,1,2025-11-13,1.25,1.0,0.0,1.0,1.0,0.0,0.0,1.0,0.0,True
P09,280583,280585,1,1,2025-12-09,0.5,1.0,0.0,0.0,0.0,0.0,0.0,2.0,0.0,True
P09,280583,280586,1,1,2025-08-07,0.5,1.0,0.0,0.0,0.0,0.0,0.0,2.0,0.0,True
P09,280583,280587,1,1,2025-08-20,0.25,1.0,0.0,0.0,0.0,0.0,0.0,1.0,0.0,True
P09,280584,280421,1,1,2026-05-25,1.25,1.0,0.0,1.0,1.0,0.0,0.0,1.0,0.0,True
P09,280584,280571,1,1,2025-10-26,0.5,1.0,0.0,1.0,1.0,0.0,0.0,-2.0,0.0,True
P09,280584,280583,1,1,2025-08-16,0.0,1.0,0.0,0.0,0.0,0.0,0.0,-2.0,0.0,True
P09,280584,280588,1,1,2025-05-20,0.0,1.0,0.0,0.0,0.0,0.0,0.0,0.0,0.0,True
P09,280584,570223,1,1,2026-07-24,1.0,1.0,0.0,1.0,1.0,0.0,0.0,0.0,0.0,True
P09,280585,280452,1,1,2026-03-31,1.0,1.0,0.0,1.0,1.0,0.0,0.0,0.0,0.0,True
P09,280585,280478,1,1,2025-12-10,0.5,1.0,0.0,1.0,1.0,0.0,0.0,-2.0,0.0,True
P09,280585,280566,1,1,2026-06-11,1.0,1.0,0.0,1.0,1.0,0.0,0.0,0.0,0.0,True
P09,280585,280581,1,1,2025-12-17,0.75,1.0,0.0,1.0,1.0,0.0,0.0,-1.0,0.0,True
P09,280585,280583,1,1,2025-11-19,0.0,1.0,0.0,0.0,0.0,0.0,0.0,-2.0,0.0,True
P09,280585,280587,1,1,2026-04-15,0.0,1.0,0.0,0.0,0.0,0.0,0.0,-1.0,0.0,True
P09,280585,280673,1,1,2026-04-26,0.75,1.0,0.0,1.0,1.0,0.0,0.0,-1.0,0.0,True
P09,280586,280104,1,1,2025-06-21,0.75,1.0,0.0,1.0,1.0,0.0,0.0,-1.0,0.0,True
P09,280586,280256,1,1,2025-08-10,1.0,1.0,0.0,1.0,1.0,1.0,0.0,-2.0,0.0,True
P09,280586,280421,1,1,2026-03-04,1.25,1.0,0.0,1.0,1.0,0.0,0.0,1.0,0.0,True
P09,280586,280452,1,1,2026-06-22,1.0,1.0,0.0,1.0,1.0,0.0,0.0,0.0,0.0,True
P09,280586,280581,1,1,2026-02-26,0.75,1.0,0.0,1.0,1.0,0.0,0.0,-1.0,0.0,True
P09,280586,280583,1,1,2025-12-08,0.0,1.0,0.0,0.0,0.0,0.0,0.0,-2.0,0.0,True
P09,280586,280587,1,1,2025-04-19,0.0,1.0,0.0,0.0,0.0,0.0,0.0,-1.0,0.0,True
P09,280586,280588,1,1,2025-11-11,0.0,1.0,0.0,0.0,0.0,0.0,0.0,0.0,0.0,True
P09,280587,280107,1,1,2025-07-11,1.75,1.0,0.0,1.0,1.0,1.0,1.0,-1.0,0.0,True
P09,280587,280451,1,1,2025-08-21,2.0,1.0,0.0,1.0,1.0,0.0,1.0,2.0,0.0,True
P09,280587,280583,1,1,2026-03-27,0.25,1.0,0.0,0.0,0.0,0.0,1.0,-1.0,0.0,True
P09,280587,570468,1,1,2026-04-16,1.5,1.0,0.0,1.0,1.0,0.0,1.0,0.0,0.0,True
P09,280588,280571,1,1,2025-05-22,0.5,1.0,0.0,1.0,1.0,0.0,0.0,-2.0,0.0,True
P09,280588,280576,1,1,2025-04-22,0.75,1.0,0.0,1.0,1.0,0.0,0.0,-1.0,0.0,True
P09,280588,280583,1,1,2025-11-12,0.0,1.0,0.0,0.0,0.0,0.0,0.0,-2.0,0.0,True
P09,280588,280584,1,1,2025-08-15,0.0,1.0,0.0,0.0,0.0,0.0,0.0,0.0,0.0,True
P09,280588,280586,1,1,2026-02-25,0.0,1.0,0.0,0.0,0.0,0.0,0.0,0.0,0.0,True
P09,280588,280587,1,1,2026-03-25,0.0,1.0,0.0,0.0,0.0,0.0,0.0,-1.0,0.0,True
P09,280590,280585,1,1,2026-06-09,1.5,1.0,0.0,1.0,1.0,0.0,0.0,2.0,0.0,True
P09,280592,280583,1,1,2025-06-24,1.25,1.0,0.0,1.0,1.0,0.0,1.0,-1.0,0.0,True
P09,280659,280453,1,1,2026-05-02,1.5,1.0,0.0,1.0,1.0,0.0,0.0,2.0,0.0,True
P09,280660,280166,1,1,2025-02-07,1.0,1.0,0.0,1.0,1.0,0.0,0.0,0.0,0.0,True
P09,280660,280451,1,1,2026-06-01,1.75,1.0,0.0,1.0,1.0,0.0,0.0,3.0,0.0,True
P09,280660,280493,1,1,2026-05-31,1.25,1.0,0.0,1.0,1.0,0.0,0.0,1.0,0.0,True
P09,280660,280576,1,1,2026-03-15,0.25,1.0,0.0,0.0,0.0,0.0,0.0,1.0,0.0,True
P09,280660,280581,1,1,2026-05-11,0.25,1.0,0.0,0.0,0.0,0.0,0.0,1.0,0.0,True
P09,280673,251200,1,1,2026-04-27,1.0,1.0,0.0,1.0,0.0,0.0,0.0,0.0,0.0,True
P09,280673,280566,1,1,2026-05-13,1.25,1.0,0.0,1.0,0.0,0.0,0.0,1.0,0.0,True
P09,280684,280104,1,1,2026-03-20,1.0,1.0,0.0,1.0,1.0,0.0,0.0,0.0,0.0,True
P09,280686,280590,1,1,2026-06-08,0.0,1.0,0.0,0.0,0.0,0.0,0.0,0.0,0.0,True
P09,570223,280344,1,1,2026-06-18,0.0,1.0,0.0,0.0,0.0,0.0,0.0,0.0,0.0,True
P09,570223,280453,1,1,2025-07-28,0.0,1.0,0.0,0.0,0.0,0.0,0.0,0.0,0.0,True
P09,570223,280673,1,1,2026-04-19,0.75,1.0,0.0,1.0,1.0,0.0,0.0,-1.0,0.0,True
P09,570223,570468,1,1,2026-07-25,0.75,1.0,0.0,1.0,0.0,0.0,0.0,-1.0,0.0,True
P09,570468,280121,1,1,2026-05-21,1.0,1.0,0.0,1.0,1.0,0.0,0.0,0.0,0.0,True
P09,570468,280421,1,1,2026-07-27,1.5,1.0,0.0,1.0,0.0,0.0,0.0,2.0,0.0,True
P09,570468,280450,1,1,2026-08-11,1.0,1.0,0.0,1.0,1.0,0.0,0.0,0.0,0.0,True
P09,570468,280451,1,1,2026-07-16,1.5,1.0,0.0,1.0,0.0,0.0,0.0,2.0,0.0,True
P09,570468,280452,1,1,2026-07-26,1.25,1.0,0.0,1.0,0.0,0.0,0.0,1.0,0.0,True
P09,570468,280572,1,1,2026-01-13,0.75,1.0,0.0,1.0,1.0,0.0,0.0,-1.0,0.0,True
P09,570468,280686,1,1,2026-06-06,1.25,1.0,0.0,1.0,1.0,1.0,0.0,-1.0,0.0,True
P09,570468,570223,1,1,2026-04-18,1.25,1.0,0.0,1.0,0.0,0.0,0.0,1.0,0.0,True
P10,280130,280206,17,0,2020-10-26,,,,,,,,,,False
P10,280129,280130,11,0,2020-10-25,0.5,1.0,0.0,0.0,0.0,0.0,1.0,0.0,0.0,True
P10,280206,280130,11,0,2020-10-01,,,,,,,,,,False
P10,280130,280129,8,0,2019-06-19,0.0,1.0,0.0,0.0,0.0,0.0,0.0,0.0,0.0,True
P10,280206,280129,8,0,2020-10-22,,,,,,,,,,False
P10,280052,280206,5,0,2021-01-11,,,,,,,,,,False
P10,280206,280052,5,0,2021-01-03,,,,,,,,,,False
P10,280222,280351,4,0,2023-06-18,0.0,1.0,0.0,0.0,0.0,0.0,0.0,-2.0,0.0,True
P10,280351,280222,4,0,2023-06-19,0.5,1.0,0.0,0.0,0.0,0.0,0.0,2.0,0.0,True
P10,280351,280388,4,0,2024-02-17,,,,,,,,,,False
P10,280388,280351,4,0,2024-02-18,,,,,,,,,,False
P10,120436,120464,3,0,2019-04-01,0.5,1.0,0.0,0.0,0.0,0.0,0.0,2.0,0.0,True
P10,120464,280206,3,0,2020-08-16,,,,,,,,,,False
P10,241283,120464,3,0,2019-04-08,0.0,1.0,0.0,0.0,0.0,0.0,0.0,0.0,0.0,True
P10,242027,280068,3,0,2018-07-26,,,,,,,,,,False
P10,280052,280068,3,0,2019-05-09,,,,,,,,,,False
P10,280052,280147,3,0,2019-06-24,,,,,,,,,,False
P10,280052,280222,3,0,2022-04-27,1.5,1.0,0.0,1.0,0.0,0.0,1.0,0.0,0.0,True
P10,280068,120436,3,0,2018-10-02,,,,,,,,,,False
P10,280068,242027,3,0,2018-06-21,,,,,,,,,,False
P10,280130,280052,3,0,2020-04-23,1.75,1.0,0.0,1.0,1.0,0.0,0.0,3.0,0.0,True
P10,120436,120448,2,0,2018-08-03,0.0,1.0,0.0,0.0,0.0,0.0,0.0,0.0,0.0,True
P10,120448,251200,2,0,2019-07-24,0.75,1.0,0.0,0.0,0.0,0.0,1.0,1.0,0.0,True
P10,120464,120433,2,0,2019-03-25,0.5,1.0,0.0,1.0,1.0,0.0,0.0,-2.0,0.0,True
P10,120464,120436,2,0,2018-10-17,0.0,1.0,0.0,0.0,0.0,0.0,0.0,-2.0,0.0,True
P10,120464,120437,2,0,2019-04-09,0.0,1.0,0.0,0.0,0.0,0.0,0.0,-2.0,0.0,True
P10,120464,280052,2,0,2019-02-18,1.75,1.0,0.0,1.0,1.0,1.0,0.0,1.0,0.0,True
P10,120465,241288,2,0,2018-11-27,,,,,,,,,,False
P10,241288,120465,2,0,2018-11-29,,,,,,,,,,False
P10,242027,120433,2,0,2018-03-01,,,,,,,,,,False
P10,280068,242030,2,0,2019-01-09,,,,,,,,,,False
P10,280206,280212,2,0,2020-06-11,,,,,,,,,,False
P10,280212,280130,2,0,2020-07-02,0.75,1.0,0.0,1.0,1.0,0.0,1.0,-3.0,0.0,True
P10,280213,280052,2,0,2020-06-21,0.75,1.0,0.0,0.0,0.0,0.0,0.0,3.0,0.0,True
P10,280222,280172,2,0,2021-06-06,,,,,,,,,,False
P10,280256,280351,2,0,2022-04-17,0.25,1.0,0.0,0.0,0.0,0.0,0.0,1.0,0.0,True
P10,280351,280256,2,0,2022-04-17,0.0,1.0,0.0,0.0,0.0,0.0,0.0,-1.0,0.0,True
P10,120430,120436,1,0,2019-03-28,1.0,0.0,0.0,1.0,1.0,0.0,0.0,0.0,0.0,True
P10,120430,280115,1,0,2018-08-20,,,,,,,,,,False
P10,120431,120436,1,0,2018-07-30,1.0,1.0,0.0,1.0,1.0,0.0,0.0,0.0,0.0,True
P10,120431,280068,1,0,2018-03-26,,,,,,,,,,False
P10,120433,120430,1,0,2019-03-27,0.5,1.0,0.0,0.0,0.0,0.0,1.0,0.0,0.0,True
P10,120433,120435,1,0,2018-01-18,,,,,,,,,,False
P10,120433,120464,1,0,2018-05-01,2.0,1.0,0.0,1.0,1.0,0.0,1.0,2.0,0.0,True
P10,120433,120465,1,0,2018-03-20,,,,,,,,,,False
P10,120433,242027,1,0,2018-05-08,,,,,,,,,,False
P10,120433,280068,1,0,2018-03-05,,,,,,,,,,False
P10,120435,242027,1,0,2018-01-22,,,,,,,,,,False
P10,120436,120433,1,0,2018-03-19,1.0,1.0,0.0,1.0,1.0,0.0,0.0,0.0,0.0,True
P10,120436,120444,1,0,2019-03-13,0.0,1.0,0.0,0.0,0.0,0.0,0.0,0.0,0.0,True
P10,120436,241288,1,0,2018-10-03,0.25,1.0,0.0,0.0,0.0,0.0,0.0,1.0,0.0,True
P10,120436,280052,1,0,2019-04-29,2.25,1.0,0.0,1.0,1.0,1.0,0.0,3.0,0.0,True
P10,120436,280068,1,0,2018-10-22,,,,,,,,,,False
P10,120437,120464,1,0,2018-10-08,0.5,1.0,0.0,0.0,0.0,0.0,0.0,2.0,0.0,True
P10,120437,241283,1,0,2018-10-15,1.0,1.0,0.0,0.0,0.0,1.0,0.0,2.0,0.0,True
P10,120437,242027,1,0,2018-04-16,,,,,,,,,,False
P10,120437,280052,1,0,2019-04-15,2.25,1.0,0.0,1.0,1.0,1.0,0.0,3.0,0.0,True
P10,120437,280068,1,0,2018-10-01,,,,,,,,,,False
P10,120437,280134,1,0,2018-05-29,,,,,,,,,,False
P10,120441,120531,1,0,2020-07-17,,,,,,,,,,False
P10,120442,120465,1,0,2018-09-07,,,,,,,,,,False
P10,120444,241288,1,0,2019-03-14,0.25,1.0,0.0,0.0,0.0,0.0,0.0,1.0,0.0,True
P10,120448,120436,1,0,2018-07-31,0.5,1.0,0.0,0.0,0.0,0.0,1.0,0.0,0.0,True
P10,120448,120464,1,0,2019-09-30,1.0,1.0,0.0,0.0,0.0,0.0,1.0,2.0,0.0,True
P10,120448,241283,1,0,2019-03-18,1.5,1.0,0.0,0.0,0.0,1.0,1.0,2.0,0.0,True
P10,120450,280040,1,0,2018-08-22,,,,,,,,,,False
P10,120451,280013,1,0,2018-09-24,0.0,1.0,0.0,0.0,0.0,0.0,0.0,0.0,0.0,True
P10,120452,241288,1,0,2018-10-24,,,,,,,,,,False
P10,120453,120433,1,0,2018-04-30,0.0,1.0,0.0,0.0,0.0,0.0,0.0,0.0,0.0,True
P10,120464,120448,1,0,2019-07-22,0.0,1.0,0.0,0.0,0.0,0.0,0.0,-2.0,0.0,True
P10,120464,120451,1,0,2018-09-24,1.0,1.0,0.0,1.0,1.0,1.0,0.0,-2.0,0.0,True
P10,120464,241283,1,0,2019-04-08,0.5,1.0,0.0,0.0,0.0,1.0,0.0,0.0,0.0,True
P10,120464,241288,1,0,2022-06-05,0.0,1.0,0.0,0.0,0.0,0.0,0.0,-1.0,0.0,True
P10,120464,280068,1,0,2018-02-14,,,,,,,,,,False
P10,120465,120430,1,0,2018-08-15,,,,,,,,,,False
P10,120465,120431,1,0,2018-03-21,,,,,,,,,,False
P10,120465,120464,1,0,2018-09-10,,,,,,,,,,False
P10,120465,242027,1,0,2018-04-02,,,,,,,,,,False
P10,120465,280052,1,0,2018-12-03,,,,,,,,,,False
P10,120465,280135,1,0,2018-06-28,,,,,,,,,,False
P10,120531,280206,1,0,2020-07-19,,,,,,,,,,False
P10,120532,120437,1,0,2018-04-09,1.0,1.0,0.0,1.0,1.0,0.0,0.0,0.0,0.0,True
P10,241287,280206,1,0,2020-04-12,,,,,,,,,,False
P10,241287,280222,1,0,2020-03-22,2.0,1.0,0.0,1.0,1.0,1.0,0.0,2.0,0.0,True
P10,241288,120437,1,0,2018-10-08,0.0,1.0,0.0,0.0,0.0,0.0,0.0,-1.0,0.0,True
P10,241288,120448,1,0,2019-03-15,0.0,1.0,0.0,0.0,0.0,0.0,0.0,-1.0,0.0,True
P10,241288,120464,1,0,2022-06-03,0.25,1.0,0.0,0.0,0.0,0.0,0.0,1.0,0.0,True
P10,241288,280040,1,0,2018-10-29,,,,,,,,,,False
P10,241288,280222,1,0,2022-06-07,2.0,1.0,0.0,1.0,1.0,1.0,0.0,2.0,0.0,True
P10,241288,280351,1,0,2023-10-02,1.5,1.0,0.0,1.0,1.0,1.0,0.0,0.0,0.0,True
P10,242027,120532,1,0,2018-04-06,,,,,,,,,,False
P10,242027,242030,1,0,2018-04-24,,,,,,,,,,False
P10,242027,280129,1,0,2018-06-22,,,,,,,,,,False
P10,242027,280130,1,0,2018-05-10,,,,,,,,,,False
P10,242027,280133,1,0,2018-05-21,,,,,,,,,,False
P10,242030,120436,1,0,2019-06-29,,,,,,,,,,False
P10,242030,120453,1,0,2018-04-26,,,,,,,,,,False
P10,242030,242027,1,0,2018-02-26,,,,,,,,,,False
P10,242030,280130,1,0,2019-01-15,,,,,,,,,,False
P10,251200,120437,1,0,2018-05-25,0.0,1.0,0.0,0.0,0.0,0.0,0.0,-1.0,0.0,True
P10,251200,120464,1,0,2019-07-25,0.25,1.0,0.0,0.0,0.0,0.0,0.0,1.0,0.0,True
P10,251200,120465,1,0,2018-08-13,,,,,,,,,,False
P10,251200,241287,1,0,2020-04-09,0.0,1.0,0.0,0.0,0.0,0.0,0.0,0.0,0.0,True
P10,251200,280130,1,0,2019-02-04,0.25,1.0,0.0,0.0,1.0,1.0,0.0,-1.0,0.0,True
P10,251200,280206,1,0,2019-12-08,,,,,,,,,,False
P10,251200,280214,1,0,2020-04-05,,,,,,,,,,False
P10,280003,120465,1,0,2018-06-27,,,,,,,,,,False
P10,280012,120442,1,0,2018-09-06,,,,,,,,,,False
P10,280012,280129,1,0,2018-12-10,,,,,,,,,,False
P10,280013,280068,1,0,2018-09-25,,,,,,,,,,False
P10,280040,120437,1,0,2018-10-29,,,,,,,,,,False
P10,280040,242027,1,0,2018-07-17,,,,,,,,,,False
P10,280040,280068,1,0,2018-08-22,,,,,,,,,,False
P10,280052,120448,1,0,2019-09-30,0.25,1.0,0.0,1.0,1.0,0.0,0.0,-3.0,0.0,True
P10,280052,241287,1,0,2020-03-15,1.0,1.0,0.0,1.0,1.0,0.0,1.0,-2.0,0.0,True
P10,280052,280012,1,0,2018-12-03,,,,,,,,,,False
P10,280052,280130,1,0,2019-03-06,0.75,1.0,0.0,1.0,1.0,0.0,1.0,-3.0,0.0,True
P10,280052,280205,1,0,2019-04-16,,,,,,,,,,False
P10,280052,280213,1,0,2020-06-18,0.0,1.0,0.0,0.0,0.0,0.0,1.0,-3.0,0.0,True
P10,280068,120431,1,0,2018-07-27,,,,,,,,,,False
P10,280068,120437,1,0,2018-09-26,,,,,,,,,,False
P10,280068,120452,1,0,2018-10-22,,,,,,,,,,False
P10,280068,120465,1,0,2018-03-30,,,,,,,,,,False
P10,280068,280012,1,0,2018-09-05,,,,,,,,,,False
P10,280068,280040,1,0,2018-07-16,,,,,,,,,,False
P10,280068,280052,1,0,2018-12-19,,,,,,,,,,False
P10,280068,280107,1,0,2019-01-23,,,,,,,,,,False
P10,280068,280206,1,0,2019-05-13,,,,,,,,,,False
P10,280107,120464,1,0,2019-01-24,0.5,1.0,0.0,0.0,0.0,0.0,0.0,2.0,0.0,True
P10,280107,280351,1,0,2023-08-06,1.25,1.0,0.0,1.0,1.0,0.0,0.0,1.0,0.0,True
P10,280115,120450,1,0,2018-08-21,,,,,,,,,,False
P10,280129,120436,1,0,2019-03-11,0.5,1.0,0.0,0.0,1.0,0.0,1.0,0.0,0.0,True
P10,280129,120464,1,0,2019-02-05,1.0,1.0,0.0,0.0,1.0,0.0,1.0,2.0,0.0,True
P10,280129,120465,1,0,2018-11-27,,,,,,,,,,False
P10,280129,242027,1,0,2018-05-17,,,,,,,,,,False
P10,280129,280003,1,0,2018-06-26,,,,,,,,,,False
P10,280129,280052,1,0,2019-06-20,1.75,1.0,0.0,1.0,1.0,0.0,0.0,3.0,0.0,True
P10,280129,280068,1,0,2019-01-17,,,,,,,,,,False
P10,280129,280206,1,0,2019-12-16,,,,,,,,,,False
P10,280129,280212,1,0,2020-07-01,1.75,1.0,0.0,1.0,1.0,0.0,0.0,3.0,0.0,True
P10,280130,241283,1,0,2020-08-02,0.5,1.0,0.0,0.0,1.0,0.0,0.0,2.0,0.0,True
P10,280130,251200,1,0,2019-12-04,0.25,1.0,0.0,0.0,1.0,0.0,0.0,1.0,0.0,True
P10,280130,280351,1,0,2019-02-04,1.25,1.0,0.0,1.0,1.0,0.0,0.0,1.0,0.0,True
P10,280133,251200,1,0,2018-05-23,,,,,,,,,,False
P10,280134,280135,1,0,2018-06-01,,,,,,,,,,False
P10,280135,280068,1,0,2018-06-04,,,,,,,,,,False
P10,280147,242030,1,0,2019-06-25,,,,,,,,,,False
P10,280147,251200,1,0,2019-01-31,,,,,,,,,,False
P10,280147,280205,1,0,2019-04-24,,,,,,,,,,False
P10,280169,280351,1,0,2021-10-11,1.5,1.0,0.0,1.0,1.0,1.0,0.0,0.0,0.0,True
P10,280172,280206,1,0,2020-05-17,,,,,,,,,,False
P10,280172,280222,1,0,2021-06-06,,,,,,,,,,False
P10,280205,120436,1,0,2019-04-26,,,,,,,,,,False
P10,280205,280052,1,0,2019-04-22,,,,,,,,,,False
P10,280205,280206,1,0,2020-12-13,,,,,,,,,,False
P10,280206,120464,1,0,2019-07-16,,,,,,,,,,False
P10,280206,251200,1,0,2020-04-05,,,,,,,,,,False
P10,280206,280205,1,0,2020-12-13,,,,,,,,,,False
P10,280206,280213,1,0,2019-09-19,,,,,,,,,,False
P10,280206,280214,1,0,2020-07-12,,,,,,,,,,False
P10,280206,280222,1,0,2020-05-14,,,,,,,,,,False
P10,280206,280351,1,0,2021-09-02,,,,,,,,,,False
P10,280212,280129,1,0,2020-07-01,0.25,1.0,0.0,1.0,1.0,0.0,0.0,-3.0,0.0,True
P10,280212,280206,1,0,2020-06-14,,,,,,,,,,False
P10,280213,280214,1,0,2020-03-26,,,,,,,,,,False
P10,280213,280351,1,0,2021-12-04,1.25,1.0,0.0,1.0,0.0,0.0,0.0,1.0,0.0,True
P10,280214,120441,1,0,2020-07-16,,,,,,,,,,False
P10,280214,251200,1,0,2020-04-07,,,,,,,,,,False
P10,280214,280206,1,0,2020-03-29,,,,,,,,,,False
P10,280222,280130,1,0,2020-01-12,0.25,1.0,0.0,1.0,1.0,0.0,0.0,-3.0,0.0,True
P10,280222,280206,1,0,2021-06-13,,,,,,,,,,False
P10,280222,280212,1,0,2020-06-28,0.0,1.0,0.0,0.0,0.0,0.0,0.0,0.0,0.0,True
P10,280222,280213,1,0,2020-03-25,0.25,1.0,0.0,1.0,0.0,0.0,0.0,-3.0,0.0,True
P10,280222,280388,1,0,2022-06-11,,,,,,,,,,False
P10,280222,280405,1,0,2023-06-21,0.0,1.0,0.0,0.0,0.0,0.0,0.0,0.0,0.0,True
P10,280240,280351,1,0,2023-10-22,,,,,,,,,,False
P10,280315,280351,1,0,2024-01-02,,,,,,,,,,False
P10,280351,241288,1,0,2023-10-01,1.0,1.0,0.0,1.0,1.0,0.0,0.0,0.0,0.0,True
P10,280351,280052,1,0,2022-04-24,1.5,1.0,0.0,1.0,0.0,0.0,0.0,2.0,0.0,True
P10,280351,280129,1,0,2019-02-05,0.75,1.0,0.0,1.0,1.0,0.0,0.0,-1.0,0.0,True
P10,280351,280169,1,0,2021-10-05,1.0,1.0,0.0,1.0,1.0,0.0,0.0,0.0,0.0,True
P10,280351,280213,1,0,2021-12-01,0.75,1.0,0.0,1.0,0.0,0.0,0.0,-1.0,0.0,True
P10,280351,280352,1,0,2023-08-02,,,,,,,,,,False
P10,280351,280452,1,0,2023-10-15,1.25,1.0,0.0,1.0,1.0,0.0,0.0,1.0,0.0,True
P10,280352,280107,1,0,2023-08-04,,,,,,,,,,False
P10,280388,280256,1,0,2022-05-15,,,,,,,,,,False
P10,280391,280351,1,0,2023-12-04,1.25,1.0,0.0,1.0,1.0,1.0,0.0,-1.0,0.0,True
P10,280405,280351,1,0,2023-06-25,0.0,1.0,0.0,0.0,0.0,0.0,0.0,-2.0,0.0,True
P10,280421,280351,1,0,2023-09-11,1.0,1.0,0.0,1.0,1.0,1.0,0.0,-2.0,0.0,True
P10,280452,280240,1,0,2023-10-16,,,,,,,,,,False
P11,280130,280264,19,4,2025-03-25,0.5,1.0,0.0,0.0,1.0,0.0,0.0,2.0,0.0,True
P11,280129,280130,10,1,2025-01-17,0.5,1.0,0.0,0.0,0.0,0.0,1.0,0.0,0.0,True
P11,280264,280352,10,0,2023-10-03,,,,,,,,,,False
P11,280352,280264,10,0,2023-09-19,,,,,,,,,,False
P11,280264,280130,9,1,2024-09-14,0.0,1.0,0.0,0.0,1.0,1.0,0.0,-2.0,0.0,True
P11,280264,280351,9,0,2024-06-01,1.25,1.0,0.0,1.0,1.0,1.0,0.0,-1.0,0.0,True
P11,280351,280264,9,0,2024-06-01,1.25,1.0,0.0,1.0,1.0,0.0,0.0,1.0,0.0,True
P11,120448,120436,7,3,2025-09-29,0.5,1.0,0.0,0.0,0.0,0.0,1.0,0.0,0.0,True
P11,280130,280129,7,2,2024-11-04,0.0,1.0,0.0,0.0,0.0,0.0,0.0,0.0,0.0,True
P11,280130,280352,7,0,2023-09-13,,,,,,,,,,False
P11,120436,120464,6,1,2025-01-29,0.5,1.0,0.0,0.0,0.0,0.0,0.0,2.0,0.0,True
P11,280052,280068,6,0,2019-12-04,,,,,,,,,,False
P11,280169,280264,6,1,2025-11-12,0.25,1.0,0.0,0.0,0.0,0.0,0.0,1.0,0.0,True
P11,280238,280239,6,0,2024-04-16,,,,,,,,,,False
P11,280264,280256,6,1,2025-06-08,1.0,1.0,0.0,1.0,1.0,1.0,0.0,-2.0,0.0,True
P11,120464,120436,5,0,2020-05-28,0.0,1.0,0.0,0.0,0.0,0.0,0.0,-2.0,0.0,True
P11,120464,120448,5,1,2024-10-31,0.0,1.0,0.0,0.0,0.0,0.0,0.0,-2.0,0.0,True
P11,241283,280264,5,1,2025-06-13,0.0,1.0,0.0,0.0,0.0,0.0,0.0,0.0,0.0,True
P11,280264,280169,5,2,2026-05-17,0.0,1.0,0.0,0.0,0.0,0.0,0.0,-1.0,0.0,True
P11,280351,280130,5,0,2024-07-03,0.75,1.0,0.0,1.0,1.0,0.0,0.0,-1.0,0.0,True
P11,280352,280129,5,0,2023-10-05,,,,,,,,,,False
P11,280352,280130,5,0,2023-06-08,,,,,,,,,,False
P11,280352,280240,5,0,2023-09-13,,,,,,,,,,False
P11,241283,120464,4,2,2025-12-07,0.0,1.0,0.0,0.0,0.0,0.0,0.0,0.0,0.0,True
P11,280206,280052,4,0,2021-01-04,,,,,,,,,,False
P11,280264,241287,4,0,2024-08-15,0.0,1.0,0.0,0.0,0.0,0.0,0.0,-1.0,0.0,True
P11,280264,280362,4,0,2024-08-04,,,,,,,,,,False
P11,280326,280327,4,0,2022-10-29,,,,,,,,,,False
P11,280362,280264,4,1,2024-09-09,,,,,,,,,,False
P11,280405,280212,4,2,2024-12-08,0.0,1.0,0.0,0.0,0.0,0.0,0.0,0.0,0.0,True
P11,120436,120430,3,0,2020-05-29,1.0,0.0,0.0,1.0,1.0,0.0,0.0,0.0,0.0,True
P11,120436,120448,3,1,2025-02-02,0.0,1.0,0.0,0.0,0.0,0.0,0.0,0.0,0.0,True
P11,120436,241288,3,0,2024-03-17,0.25,1.0,0.0,0.0,0.0,0.0,0.0,1.0,0.0,True
P11,120436,280169,3,1,2025-11-06,0.25,1.0,0.0,0.0,0.0,0.0,0.0,1.0,0.0,True
P11,120448,120437,3,1,2025-02-15,0.5,1.0,0.0,0.0,0.0,0.0,1.0,0.0,0.0,True
P11,120464,241283,3,0,2022-09-04,0.5,1.0,0.0,0.0,0.0,1.0,0.0,0.0,0.0,True
P11,241283,280107,3,0,2024-04-11,0.0,1.0,0.0,0.0,0.0,0.0,0.0,-2.0,0.0,True
P11,241287,280169,3,0,2024-04-21,0.0,1.0,0.0,0.0,0.0,0.0,0.0,0.0,0.0,True
P11,241288,120436,3,0,2019-10-22,0.0,1.0,0.0,0.0,0.0,0.0,0.0,-1.0,0.0,True
P11,241288,280169,3,1,2025-02-20,0.0,1.0,0.0,0.0,0.0,0.0,0.0,0.0,0.0,True
P11,280052,242027,3,0,2019-07-17,,,,,,,,,,False
P11,280052,280147,3,0,2019-05-02,,,,,,,,,,False
P11,280052,280222,3,0,2023-02-14,1.5,1.0,0.0,1.0,0.0,0.0,1.0,0.0,0.0,True
P11,280068,120436,3,0,2019-06-12,,,,,,,,,,False
P11,280068,280052,3,0,2019-11-04,,,,,,,,,,False
P11,280107,120436,3,1,2025-02-22,0.0,1.0,0.0,0.0,0.0,0.0,0.0,0.0,0.0,True
P11,280107,241283,3,0,2024-06-06,0.5,1.0,0.0,0.0,0.0,0.0,0.0,2.0,0.0,True
P11,280107,280264,3,1,2025-10-23,0.5,1.0,0.0,0.0,0.0,0.0,0.0,2.0,0.0,True
P11,280147,280052,3,0,2019-05-06,,,,,,,,,,False
P11,280169,280352,3,0,2023-08-02,,,,,,,,,,False
P11,280172,120464,3,0,2020-10-28,,,,,,,,,,False
P11,280212,280052,3,0,2023-03-17,1.0,0.0,0.0,1.0,0.0,0.0,0.0,0.0,0.0,True
P11,280213,280212,3,0,2022-12-15,1.75,1.0,0.0,1.0,0.0,0.0,0.0,3.0,0.0,True
P11,280222,280206,3,0,2020-12-01,,,,,,,,,,False
P11,280256,280130,3,1,2025-03-20,1.0,1.0,0.0,1.0,1.0,0.0,0.0,0.0,0.0,True
P11,280256,280264,3,1,2025-06-02,1.5,1.0,0.0,1.0,1.0,0.0,0.0,2.0,0.0,True
P11,280264,241283,3,0,2024-08-23,0.5,1.0,0.0,0.0,0.0,1.0,0.0,0.0,0.0,True
P11,280264,280206,3,0,2021-08-08,,,,,,,,,,False
P11,280264,280318,3,2,2025-01-21,0.0,1.0,0.0,0.0,0.0,0.0,0.0,0.0,0.0,True
P11,280327,280351,3,0,2022-10-30,,,,,,,,,,False
P11,280351,280256,3,1,2025-04-14,0.0,1.0,0.0,0.0,0.0,0.0,0.0,-1.0,0.0,True
P11,280352,120464,3,0,2022-09-02,,,,,,,,,,False
P11,280352,280351,3,0,2022-08-09,,,,,,,,,,False
P11,120430,120436,2,0,2023-12-12,1.0,0.0,0.0,1.0,1.0,0.0,0.0,0.0,0.0,True
P11,120436,280107,2,0,2019-10-28,0.5,1.0,0.0,0.0,0.0,1.0,0.0,0.0,0.0,True
P11,120436,280172,2,0,2019-08-26,,,,,,,,,,False
P11,120437,120436,2,1,2025-02-01,0.0,1.0,0.0,0.0,0.0,0.0,0.0,0.0,0.0,True
P11,120437,120448,2,0,2022-09-18,0.0,1.0,0.0,0.0,0.0,0.0,0.0,0.0,0.0,True
P11,120437,241283,2,0,2020-10-18,1.0,1.0,0.0,0.0,0.0,1.0,0.0,2.0,0.0,True
P11,120437,241288,2,1,2025-02-18,0.25,1.0,0.0,0.0,0.0,0.0,0.0,1.0,0.0,True
P11,120437,280264,2,0,2022-10-25,0.5,1.0,0.0,0.0,0.0,0.0,0.0,2.0,0.0,True
P11,120444,120435,2,0,2020-12-21,,,,,,,,,,False
P11,120448,120464,2,0,2020-03-08,1.0,1.0,0.0,0.0,0.0,0.0,1.0,2.0,0.0,True
P11,120448,241283,2,1,2025-01-13,1.5,1.0,0.0,0.0,0.0,1.0,1.0,2.0,0.0,True
P11,120448,280169,2,0,2022-09-19,0.75,1.0,0.0,0.0,0.0,0.0,1.0,1.0,0.0,True
P11,120464,280172,2,0,2019-12-15,,,,,,,,,,False
P11,120464,280206,2,0,2020-11-01,,,,,,,,,,False
P11,120464,280222,2,0,2020-08-16,1.75,1.0,0.0,1.0,1.0,1.0,0.0,1.0,0.0,True
P11,120532,120431,2,0,2018-09-14,0.0,1.0,0.0,0.0,0.0,0.0,0.0,0.0,0.0,True
P11,241283,241288,2,0,2024-02-16,0.0,1.0,0.0,0.0,0.0,0.0,0.0,-1.0,0.0,True
P11,241283,280425,2,0,2024-07-18,0.0,1.0,0.0,0.0,0.0,0.0,0.0,-1.0,0.0,True
P11,241287,120448,2,1,2025-09-27,0.0,1.0,0.0,0.0,0.0,0.0,0.0,-1.0,0.0,True
P11,241287,241288,2,0,2024-01-18,0.0,1.0,0.0,0.0,0.0,0.0,0.0,0.0,0.0,True
P11,241287,280351,2,1,2025-04-12,1.5,1.0,0.0,1.0,1.0,1.0,0.0,0.0,0.0,True
P11,241287,280365,2,1,2024-11-14,,,,,,,,,,False
P11,241288,280052,2,0,2019-12-20,2.0,1.0,0.0,1.0,1.0,1.0,0.0,2.0,0.0,True
P11,242027,120430,2,0,2018-05-02,,,,,,,,,,False
P11,242027,120437,2,0,2018-09-10,,,,,,,,,,False
P11,242027,280068,2,0,2018-07-19,,,,,,,,,,False
P11,242030,242027,2,0,2018-07-18,,,,,,,,,,False
P11,251200,120437,2,0,2021-06-18,0.0,1.0,0.0,0.0,0.0,0.0,0.0,-1.0,0.0,True
P11,251200,120448,2,2,2026-08-24,0.0,1.0,0.0,0.0,0.0,0.0,0.0,-1.0,0.0,True
P11,251200,280169,2,1,2024-10-06,0.0,1.0,0.0,0.0,0.0,0.0,0.0,0.0,0.0,True
P11,280012,280013,2,0,2020-04-13,,,,,,,,,,False
P11,280040,242030,2,0,2019-02-05,,,,,,,,,,False
P11,280052,280198,2,0,2020-09-03,,,,,,,,,,False
P11,280052,280214,2,0,2020-02-05,,,,,,,,,,False
P11,280068,242027,2,0,2018-07-10,,,,,,,,,,False
P11,280129,280169,2,0,2023-08-01,0.75,1.0,0.0,0.0,1.0,0.0,1.0,1.0,0.0,True
P11,280129,280256,2,1,2025-03-20,1.5,1.0,0.0,1.0,1.0,0.0,1.0,0.0,0.0,True
P11,280129,280351,2,0,2023-07-28,1.75,1.0,0.0,1.0,1.0,0.0,1.0,1.0,0.0,True
P11,280129,280352,2,0,2023-05-08,,,,,,,,,,False
P11,280130,241283,2,0,2024-07-17,0.5,1.0,0.0,0.0,1.0,0.0,0.0,2.0,0.0,True
P11,280130,280435,2,0,2024-07-05,,,,,,,,,,False
P11,280169,241288,2,0,2022-05-31,0.0,1.0,0.0,0.0,0.0,0.0,0.0,0.0,0.0,True
P11,280169,251200,2,1,2024-10-02,0.0,1.0,0.0,0.0,0.0,0.0,0.0,0.0,0.0,True
P11,280169,280107,2,1,2025-02-21,0.25,1.0,0.0,0.0,0.0,1.0,0.0,-1.0,0.0,True
P11,280169,280318,2,1,2025-11-08,0.25,1.0,0.0,0.0,0.0,0.0,0.0,1.0,0.0,True
P11,280172,120437,2,0,2021-08-15,,,,,,,,,,False
P11,280198,280169,2,0,2020-11-16,,,,,,,,,,False
P11,280206,280130,2,0,2021-02-15,,,,,,,,,,False
P11,280206,280172,2,0,2021-08-13,,,,,,,,,,False
P11,280206,280264,2,0,2021-08-01,,,,,,,,,,False
P11,280206,280316,2,0,2021-04-18,,,,,,,,,,False
P11,280206,280326,2,0,2021-06-27,,,,,,,,,,False
P11,280212,280351,2,0,2023-10-08,0.0,1.0,0.0,0.0,0.0,0.0,1.0,-2.0,0.0,True
P11,280212,280405,2,1,2024-12-03,0.5,1.0,0.0,0.0,0.0,0.0,1.0,0.0,0.0,True
P11,280213,280052,2,0,2023-02-08,0.75,1.0,0.0,0.0,0.0,0.0,0.0,3.0,0.0,True
P11,280213,280264,2,1,2025-07-10,1.5,1.0,0.0,1.0,1.0,0.0,0.0,2.0,0.0,True
P11,280214,280052,2,0,2020-10-11,,,,,,,,,,False
P11,280214,280198,2,0,2021-03-22,,,,,,,,,,False
P11,280222,280213,2,0,2020-08-18,0.25,1.0,0.0,1.0,0.0,0.0,0.0,-3.0,0.0,True
P11,280236,280237,2,0,2022-05-10,,,,,,,,,,False
P11,280236,280238,2,0,2020-06-02,,,,,,,,,,False
P11,280240,280169,2,0,2023-01-06,,,,,,,,,,False
P11,280240,280213,2,0,2024-01-28,,,,,,,,,,False
P11,280240,280222,2,0,2024-02-29,,,,,,,,,,False
P11,280256,280213,2,0,2024-03-14,1.0,1.0,0.0,1.0,0.0,0.0,0.0,0.0,0.0,True
P11,280256,280351,2,0,2024-06-25,0.25,1.0,0.0,0.0,0.0,0.0,0.0,1.0,0.0,True
P11,280256,280352,2,0,2023-05-18,,,,,,,,,,False
P11,280264,280052,2,0,2023-05-03,1.75,1.0,0.0,1.0,1.0,1.0,0.0,1.0,0.0,True
P11,280264,280129,2,1,2025-03-19,0.0,1.0,0.0,0.0,1.0,1.0,0.0,-2.0,0.0,True
P11,280264,280240,2,0,2024-01-05,,,,,,,,,,False
P11,280264,280327,2,0,2022-03-26,,,,,,,,,,False
P11,280264,280563,2,2,2026-06-18,1.25,1.0,0.0,1.0,1.0,0.0,0.0,1.0,0.0,True
P11,280264,280660,2,2,2026-05-06,0.5,1.0,0.0,1.0,0.0,0.0,0.0,-2.0,0.0,True
P11,280318,280169,2,2,2025-11-10,0.0,1.0,0.0,0.0,0.0,0.0,0.0,-1.0,0.0,True
P11,280327,280326,2,0,2022-02-22,,,,,,,,,,False
P11,280351,280352,2,0,2022-12-21,,,,,,,,,,False
P11,280351,280405,2,0,2024-06-19,0.5,1.0,0.0,0.0,0.0,0.0,0.0,2.0,0.0,True
P11,280365,280264,2,0,2024-08-18,,,,,,,,,,False
P11,280405,280256,2,1,2025-06-02,0.0,1.0,0.0,0.0,0.0,0.0,0.0,-3.0,0.0,True
P11,280425,241283,2,1,2025-12-04,0.25,1.0,0.0,0.0,0.0,0.0,0.0,1.0,0.0,True
P11,280566,280264,2,2,2026-07-25,0.0,1.0,0.0,0.0,0.0,0.0,0.0,0.0,0.0,True
P11,280590,280592,2,2,2026-06-21,0.25,1.0,0.0,0.0,0.0,0.0,0.0,1.0,0.0,True
P11,120430,120433,1,0,2018-10-19,0.0,1.0,0.0,0.0,0.0,0.0,0.0,0.0,0.0,True
P11,120430,120464,1,0,2018-04-17,1.5,1.0,0.0,1.0,1.0,0.0,0.0,2.0,0.0,True
P11,120430,242027,1,0,2018-04-30,,,,,,,,,,False
P11,120430,280003,1,0,2018-04-02,,,,,,,,,,False
P11,120430,280012,1,0,2019-02-11,,,,,,,,,,False
P11,120430,280236,1,0,2020-06-01,,,,,,,,,,False
P11,120431,120433,1,0,2018-08-03,0.0,1.0,0.0,0.0,0.0,0.0,0.0,0.0,0.0,True
P11,120431,120453,1,0,2018-01-29,0.5,1.0,0.0,0.0,0.0,1.0,0.0,0.0,0.0,True
P11,120431,120536,1,0,2018-07-30,0.0,1.0,0.0,0.0,0.0,0.0,0.0,0.0,0.0,True
P11,120431,280147,1,0,2018-09-17,,,,,,,,,,False
P11,120433,120448,1,0,2018-08-09,1.0,0.0,0.0,1.0,1.0,0.0,0.0,0.0,0.0,True
P11,120433,120532,1,0,2018-01-23,0.5,1.0,0.0,0.0,0.0,0.0,1.0,0.0,0.0,True
P11,120433,241283,1,0,2018-08-27,2.5,1.0,0.0,1.0,1.0,1.0,1.0,2.0,0.0,True
P11,120433,280068,1,0,2018-10-22,,,,,,,,,,False
P11,120433,280129,1,0,2024-05-09,1.5,1.0,0.0,1.0,1.0,1.0,0.0,0.0,0.0,True
P11,120435,120430,1,0,2020-12-22,,,,,,,,,,False
P11,120435,120444,1,0,2018-03-29,,,,,,,,,,False
P11,120436,120437,1,0,2019-08-15,0.0,1.0,0.0,0.0,0.0,0.0,0.0,0.0,0.0,True
P11,120436,120444,1,0,2018-03-28,0.0,1.0,0.0,0.0,0.0,0.0,0.0,0.0,0.0,True
P11,120436,120463,1,0,2018-02-12,1.0,1.0,0.0,1.0,1.0,0.0,0.0,0.0,0.0,True
P11,120436,242027,1,0,2018-04-09,,,,,,,,,,False
P11,120436,242030,1,0,2018-05-08,,,,,,,,,,False
P11,120436,251200,1,1,2025-02-24,0.25,1.0,0.0,0.0,0.0,0.0,0.0,1.0,0.0,True
P11,120436,280052,1,0,2019-06-17,2.25,1.0,0.0,1.0,1.0,1.0,0.0,3.0,0.0,True
P11,120436,280093,1,0,2019-09-17,,,,,,,,,,False
P11,120436,280130,1,1,2024-11-03,0.5,1.0,0.0,0.0,1.0,1.0,0.0,0.0,0.0,True
P11,120436,280256,1,0,2024-03-13,1.5,1.0,0.0,1.0,1.0,1.0,0.0,0.0,0.0,True
P11,120436,280264,1,1,2025-10-01,0.5,1.0,0.0,0.0,0.0,0.0,0.0,2.0,0.0,True
P11,120436,280326,1,0,2021-08-27,,,,,,,,,,False
P11,120436,280351,1,0,2023-08-06,1.75,1.0,0.0,1.0,1.0,1.0,0.0,1.0,0.0,True
P11,120436,280352,1,0,2023-09-06,,,,,,,,,,False
P11,120436,280578,1,1,2025-09-13,1.25,1.0,0.0,1.0,0.0,0.0,0.0,1.0,0.0,True
P11,120436,280581,1,1,2026-06-12,1.25,1.0,0.0,1.0,0.0,0.0,0.0,1.0,0.0,True
P11,120436,280582,1,1,2025-08-14,1.25,1.0,0.0,1.0,0.0,0.0,0.0,1.0,0.0,True
P11,120437,120431,1,0,2018-07-25,1.0,0.0,0.0,1.0,1.0,0.0,0.0,0.0,0.0,True
P11,120437,120433,1,0,2018-01-22,1.0,1.0,0.0,1.0,1.0,0.0,0.0,0.0,0.0,True
P11,120437,120442,1,0,2019-08-05,,,,,,,,,,False
P11,120437,120532,1,0,2018-09-13,1.0,1.0,0.0,1.0,1.0,0.0,0.0,0.0,0.0,True
P11,120437,280052,1,0,2018-12-10,2.25,1.0,0.0,1.0,1.0,1.0,0.0,3.0,0.0,True
P11,120437,280068,1,0,2018-03-19,,,,,,,,,,False
P11,120437,280107,1,0,2019-04-15,0.5,1.0,0.0,0.0,0.0,1.0,0.0,0.0,0.0,True
P11,120437,280129,1,0,2021-08-16,0.5,1.0,0.0,0.0,1.0,1.0,0.0,0.0,0.0,True
P11,120437,280205,1,0,2020-07-31,,,,,,,,,,False
P11,120437,280206,1,0,2021-06-20,,,,,,,,,,False
P11,120437,280325,1,0,2021-07-14,1.25,1.0,0.0,1.0,1.0,0.0,0.0,1.0,0.0,True
P11,120437,280563,1,1,2025-08-05,1.75,1.0,0.0,1.0,1.0,0.0,0.0,3.0,0.0,True
P11,120442,120436,1,0,2019-08-12,,,,,,,,,,False
P11,120444,120430,1,0,2018-04-02,1.0,1.0,0.0,1.0,1.0,0.0,0.0,0.0,0.0,True
P11,120444,120437,1,0,2019-09-30,0.0,1.0,0.0,0.0,0.0,0.0,0.0,0.0,0.0,True
P11,120444,242027,1,0,2018-01-15,,,,,,,,,,False
P11,120444,280130,1,0,2021-03-14,0.5,1.0,0.0,0.0,1.0,1.0,0.0,0.0,0.0,True
P11,120444,280240,1,0,2023-12-02,,,,,,,,,,False
P11,120445,120447,1,0,2020-02-20,,,,,,,,,,False
P11,120445,280169,1,0,2020-11-23,,,,,,,,,,False
P11,120447,120436,1,0,2020-04-15,,,,,,,,,,False
P11,120447,241287,1,0,2020-02-21,,,,,,,,,,False
P11,120448,241288,1,0,2019-08-19,0.75,1.0,0.0,0.0,0.0,0.0,1.0,1.0,0.0,True
P11,120448,280052,1,0,2019-09-03,2.25,1.0,0.0,1.0,1.0,1.0,0.0,3.0,0.0,True
P11,120448,280130,1,0,2024-03-04,1.0,1.0,0.0,0.0,1.0,1.0,1.0,0.0,0.0,True
P11,120448,280133,1,0,2018-08-13,,,,,,,,,,False
P11,120448,280264,1,1,2025-09-05,1.0,1.0,0.0,0.0,0.0,0.0,1.0,2.0,0.0,True
P11,120448,280326,1,0,2021-04-01,,,,,,,,,,False
P11,120448,280327,1,0,2021-04-03,,,,,,,,,,False
P11,120448,280450,1,1,2025-10-18,0.75,1.0,0.0,0.0,0.0,0.0,1.0,1.0,0.0,True
P11,120448,280572,1,1,2026-08-25,1.0,0.0,0.0,1.0,0.0,0.0,0.0,0.0,0.0,True
P11,120451,120532,1,0,2020-02-27,0.0,1.0,0.0,0.0,0.0,0.0,0.0,0.0,0.0,True
P11,120452,120437,1,0,2018-03-15,,,,,,,,,,False
P11,120452,241288,1,0,2018-05-14,,,,,,,,,,False
P11,120453,120445,1,0,2020-02-17,,,,,,,,,,False
P11,120453,120536,1,0,2018-01-30,0.5,1.0,0.0,0.0,0.0,0.0,1.0,0.0,0.0,True
P11,120463,120464,1,0,2018-02-12,1.5,1.0,0.0,1.0,1.0,0.0,0.0,2.0,0.0,True
P11,120464,120433,1,0,2018-08-24,0.5,1.0,0.0,1.0,1.0,0.0,0.0,-2.0,0.0,True
P11,120464,120444,1,0,2019-09-27,0.0,1.0,0.0,0.0,0.0,0.0,0.0,-2.0,0.0,True
P11,120464,280052,1,0,2020-09-01,1.75,1.0,0.0,1.0,1.0,1.0,0.0,1.0,0.0,True
P11,120464,280068,1,0,2018-02-13,,,,,,,,,,False
P11,120464,280129,1,1,2025-01-17,0.0,1.0,0.0,0.0,1.0,1.0,0.0,-2.0,0.0,True
P11,120464,280169,1,1,2025-01-30,0.0,1.0,0.0,0.0,0.0,0.0,0.0,-1.0,0.0,True
P11,120464,280198,1,0,2020-11-15,,,,,,,,,,False
P11,120464,280205,1,0,2020-10-21,,,,,,,,,,False
P11,120464,280214,1,0,2021-03-20,,,,,,,,,,False
P11,120464,280236,1,0,2020-04-21,,,,,,,,,,False
P11,120464,280237,1,0,2020-03-31,,,,,,,,,,False
P11,120464,280298,1,1,2025-12-09,0.0,1.0,0.0,0.0,1.0,0.0,0.0,-1.0,0.0,True
P11,120464,280351,1,0,2021-09-05,1.25,1.0,0.0,1.0,1.0,1.0,0.0,-1.0,0.0,True
P11,120464,280352,1,0,2023-01-25,,,,,,,,,,False
P11,120532,120464,1,0,2020-03-01,1.5,1.0,0.0,1.0,1.0,0.0,0.0,2.0,0.0,True
P11,120532,280214,1,0,2020-06-07,,,,,,,,,,False
P11,120536,120431,1,0,2018-07-31,0.0,1.0,0.0,0.0,0.0,0.0,0.0,0.0,0.0,True
P11,120536,241287,1,0,2020-05-17,1.25,1.0,0.0,1.0,1.0,0.0,0.0,1.0,0.0,True
P11,120536,280068,1,0,2018-01-31,,,,,,,,,,False
P11,241283,120437,1,0,2019-11-21,0.0,1.0,0.0,0.0,0.0,0.0,0.0,-2.0,0.0,True
P11,241283,242027,1,0,2018-08-28,,,,,,,,,,False
P11,241283,280052,1,0,2019-11-24,1.25,1.0,0.0,1.0,1.0,0.0,0.0,1.0,0.0,True
P11,241283,280135,1,0,2018-06-19,,,,,,,,,,False
P11,241283,280169,1,1,2024-11-18,0.0,1.0,0.0,0.0,0.0,0.0,0.0,-1.0,0.0,True
P11,241283,280212,1,0,2019-10-29,1.25,1.0,0.0,1.0,1.0,0.0,0.0,1.0,0.0,True
P11,241283,280222,1,0,2020-09-24,1.25,1.0,0.0,1.0,1.0,0.0,0.0,1.0,0.0,True
P11,241283,280240,1,0,2021-11-29,,,,,,,,,,False
P11,241283,280245,1,0,2021-05-16,0.0,1.0,0.0,0.0,0.0,0.0,0.0,-2.0,0.0,True
P11,241283,280327,1,0,2022-11-17,,,,,,,,,,False
P11,241283,280351,1,0,2024-08-25,0.75,1.0,0.0,1.0,1.0,0.0,0.0,-1.0,0.0,True
P11,241283,280365,1,0,2024-06-09,,,,,,,,,,False
P11,241283,280566,1,1,2026-07-23,0.0,1.0,0.0,0.0,0.0,0.0,0.0,0.0,0.0,True
P11,241287,280012,1,0,2020-04-12,,,,,,,,,,False
P11,241287,280107,1,0,2020-02-23,0.25,1.0,0.0,0.0,0.0,1.0,0.0,-1.0,0.0,True
P11,241287,280130,1,1,2024-11-21,0.25,1.0,0.0,0.0,1.0,1.0,0.0,-1.0,0.0,True
P11,241287,280206,1,0,2020-11-08,,,,,,,,,,False
P11,241287,280238,1,0,2020-05-19,,,,,,,,,,False
P11,241287,280240,1,0,2024-02-28,,,,,,,,,,False
P11,241287,280264,1,0,2021-04-09,0.25,1.0,0.0,0.0,0.0,0.0,0.0,1.0,0.0,True
P11,241288,120437,1,0,2021-07-13,0.0,1.0,0.0,0.0,0.0,0.0,0.0,-1.0,0.0,True
P11,241288,120444,1,0,2018-01-10,0.0,1.0,0.0,0.0,0.0,0.0,0.0,-1.0,0.0,True
P11,241288,120464,1,0,2020-06-24,0.25,1.0,0.0,0.0,0.0,0.0,0.0,1.0,0.0,True
P11,241288,251200,1,0,2021-06-14,0.0,1.0,0.0,0.0,0.0,0.0,0.0,0.0,0.0,True
P11,241288,280039,1,0,2018-05-16,,,,,,,,,,False
P11,241288,280107,1,0,2024-01-20,0.25,1.0,0.0,0.0,0.0,1.0,0.0,-1.0,0.0,True
P11,241288,280135,1,0,2018-06-25,,,,,,,,,,False
P11,241288,280172,1,0,2020-07-28,,,,,,,,,,False
P11,241288,280214,1,0,2021-02-25,,,,,,,,,,False
P11,241288,280236,1,0,2022-05-09,,,,,,,,,,False
P11,241288,280238,1,0,2024-03-18,,,,,,,,,,False
P11,241288,280264,1,0,2021-09-26,0.25,1.0,0.0,0.0,0.0,0.0,0.0,1.0,0.0,True
P11,241288,280318,1,0,2024-04-08,0.25,1.0,0.0,0.0,0.0,0.0,0.0,1.0,0.0,True
P11,241288,280352,1,0,2022-06-02,,,,,,,,,,False
P11,241658,280040,1,0,2018-01-04,,,,,,,,,,False
P11,242027,120436,1,0,2019-06-21,,,,,,,,,,False
P11,242027,120452,1,0,2018-03-14,,,,,,,,,,False
P11,242027,120464,1,0,2019-07-19,,,,,,,,,,False
P11,242027,242030,1,0,2018-07-16,,,,,,,,,,False
P11,242027,280114,1,0,2018-05-11,,,,,,,,,,False
P11,242027,280135,1,0,2018-06-12,,,,,,,,,,False
P11,242027,280206,1,0,2019-05-13,,,,,,,,,,False
P11,242030,120430,1,0,2019-02-08,,,,,,,,,,False
P11,242030,241288,1,0,2018-01-09,,,,,,,,,,False
P11,242030,241658,1,0,2018-01-03,,,,,,,,,,False
P11,242030,280040,1,0,2019-02-04,,,,,,,,,,False
P11,251200,241288,1,0,2020-06-23,0.0,1.0,0.0,0.0,0.0,0.0,0.0,0.0,0.0,True
P11,251200,280130,1,0,2021-05-12,0.25,1.0,0.0,0.0,1.0,1.0,0.0,-1.0,0.0,True
P11,251200,280264,1,0,2024-08-27,0.25,1.0,0.0,0.0,0.0,0.0,0.0,1.0,0.0,True
P11,251200,280318,1,1,2025-02-26,0.25,1.0,0.0,0.0,0.0,0.0,0.0,1.0,0.0,True
P11,251200,280327,1,0,2022-02-20,,,,,,,,,,False
P11,251200,280358,1,1,2025-05-24,0.0,1.0,0.0,0.0,0.0,0.0,0.0,0.0,0.0,True
P11,251200,280450,1,1,2025-05-03,0.0,1.0,0.0,0.0,0.0,0.0,0.0,0.0,0.0,True
P11,251200,280563,1,1,2026-05-22,1.5,1.0,0.0,1.0,1.0,0.0,0.0,2.0,0.0,True
P11,251200,280574,1,1,2025-05-17,0.75,1.0,0.0,1.0,0.0,0.0,0.0,-1.0,0.0,True
P11,280003,120436,1,0,2018-04-03,,,,,,,,,,False
P11,280013,120447,1,0,2020-04-14,,,,,,,,,,False
P11,280013,241287,1,0,2020-09-09,1.25,1.0,0.0,1.0,1.0,0.0,0.0,1.0,0.0,True
P11,280013,280196,1,0,2019-02-12,,,,,,,,,,False
P11,280039,242027,1,0,2018-05-21,,,,,,,,,,False
P11,280052,120437,1,0,2018-12-06,0.75,1.0,0.0,1.0,1.0,0.0,1.0,-3.0,0.0,True
P11,280052,241287,1,0,2020-11-05,1.0,1.0,0.0,1.0,1.0,0.0,1.0,-2.0,0.0,True
P11,280052,242030,1,0,2019-02-04,,,,,,,,,,False
P11,280052,280093,1,0,2019-11-12,,,,,,,,,,False
P11,280052,280121,1,0,2020-05-03,1.0,1.0,0.0,1.0,1.0,0.0,1.0,-2.0,0.0,True
P11,280052,280129,1,0,2023-05-07,0.25,1.0,0.0,1.0,1.0,0.0,0.0,-3.0,0.0,True
P11,280052,280130,1,0,2023-08-13,0.75,1.0,0.0,1.0,1.0,0.0,1.0,-3.0,0.0,True
P11,280052,280205,1,0,2020-10-14,,,,,,,,,,False
P11,280052,280206,1,0,2020-10-25,,,,,,,,,,False
P11,280052,280212,1,0,2019-10-30,1.0,0.0,0.0,1.0,0.0,0.0,0.0,0.0,0.0,True
P11,280052,280213,1,0,2019-11-18,0.0,1.0,0.0,0.0,0.0,0.0,1.0,-3.0,0.0,True
P11,280052,280239,1,0,2020-04-27,,,,,,,,,,False
P11,280052,280240,1,0,2023-03-22,,,,,,,,,,False
P11,280052,280264,1,0,2023-04-02,1.25,1.0,0.0,1.0,1.0,0.0,1.0,-1.0,0.0,True
P11,280052,280405,1,0,2022-02-27,1.5,1.0,0.0,1.0,0.0,0.0,1.0,0.0,0.0,True
P11,280068,120437,1,0,2018-07-23,,,,,,,,,,False
P11,280068,120464,1,0,2019-12-11,,,,,,,,,,False
P11,280068,280039,1,0,2018-06-29,,,,,,,,,,False
P11,280068,280086,1,0,2018-06-08,,,,,,,,,,False
P11,280068,280107,1,0,2019-12-08,,,,,,,,,,False
P11,280068,280213,1,0,2019-09-09,,,,,,,,,,False
P11,280068,280237,1,0,2019-11-04,,,,,,,,,,False
P11,280086,280087,1,0,2018-06-09,,,,,,,,,,False
P11,280087,242027,1,0,2018-06-11,,,,,,,,,,False
P11,280093,120448,1,0,2019-09-18,,,,,,,,,,False
P11,280093,280052,1,0,2019-11-18,,,,,,,,,,False
P11,280107,120464,1,0,2018-08-20,0.5,1.0,0.0,0.0,0.0,0.0,0.0,2.0,0.0,True
P11,280107,280068,1,0,2019-12-10,,,,,,,,,,False
P11,280107,280130,1,0,2024-02-23,0.0,1.0,0.0,0.0,1.0,0.0,0.0,0.0,0.0,True
P11,280107,280172,1,0,2021-04-06,,,,,,,,,,False
P11,280107,280206,1,0,2020-02-25,,,,,,,,,,False
P11,280107,280351,1,0,2021-12-03,1.25,1.0,0.0,1.0,1.0,0.0,0.0,1.0,0.0,True
P11,280107,280365,1,0,2024-04-12,,,,,,,,,,False
P11,280107,280581,1,1,2025-08-16,1.25,1.0,0.0,1.0,0.0,0.0,0.0,1.0,0.0,True
P11,280114,120452,1,0,2018-05-14,,,,,,,,,,False
P11,280121,120436,1,1,2025-11-02,0.0,1.0,0.0,0.0,0.0,0.0,0.0,-1.0,0.0,True
P11,280121,251200,1,0,2020-06-21,0.0,1.0,0.0,0.0,0.0,0.0,0.0,0.0,0.0,True
P11,280121,280172,1,0,2020-09-15,,,,,,,,,,False
P11,280121,280222,1,0,2020-05-04,2.0,1.0,0.0,1.0,1.0,1.0,0.0,2.0,0.0,True
P11,280121,280241,1,0,2021-01-17,,,,,,,,,,False
P11,280121,280244,1,0,2024-07-22,0.0,1.0,0.0,0.0,0.0,0.0,0.0,-1.0,0.0,True
P11,280129,120448,1,0,2022-10-21,0.0,1.0,0.0,0.0,1.0,0.0,0.0,0.0,0.0,True
P11,280129,241283,1,0,2021-05-14,1.0,1.0,0.0,0.0,1.0,0.0,1.0,2.0,0.0,True
P11,280129,280206,1,0,2021-04-26,,,,,,,,,,False
P11,280129,280264,1,0,2022-04-17,1.0,1.0,0.0,0.0,1.0,0.0,1.0,2.0,0.0,True
P11,280129,280362,1,1,2024-09-08,,,,,,,,,,False
P11,280129,280405,1,1,2024-11-04,2.25,1.0,0.0,1.0,1.0,0.0,1.0,3.0,0.0,True
P11,280130,120430,1,0,2023-12-12,1.0,1.0,0.0,1.0,1.0,0.0,0.0,0.0,0.0,True
P11,280130,120464,1,0,2021-03-15,0.5,1.0,0.0,0.0,1.0,0.0,0.0,2.0,0.0,True
P11,280130,241287,1,0,2024-02-25,0.25,1.0,0.0,0.0,1.0,0.0,0.0,1.0,0.0,True
P11,280130,241288,1,0,2022-05-19,0.25,1.0,0.0,0.0,1.0,0.0,0.0,1.0,0.0,True
P11,280130,280121,1,0,2021-01-16,0.25,1.0,0.0,0.0,1.0,0.0,0.0,1.0,0.0,True
P11,280130,280172,1,0,2021-02-16,,,,,,,,,,False
P11,280130,280206,1,0,2021-02-07,,,,,,,,,,False
P11,280130,280213,1,0,2023-02-07,1.0,1.0,0.0,1.0,1.0,0.0,0.0,0.0,0.0,True
P11,280130,280240,1,0,2024-05-10,,,,,,,,,,False
P11,280130,280256,1,0,2022-03-12,1.0,1.0,0.0,1.0,1.0,0.0,0.0,0.0,0.0,True
P11,280130,280351,1,0,2023-10-15,1.25,1.0,0.0,1.0,1.0,0.0,0.0,1.0,0.0,True
P11,280130,280517,1,1,2024-09-20,0.25,1.0,0.0,0.0,1.0,0.0,0.0,1.0,0.0,True
P11,280133,120436,1,0,2018-08-15,,,,,,,,,,False
P11,280135,241283,1,0,2018-06-18,,,,,,,,,,False
P11,280135,241288,1,0,2018-06-22,,,,,,,,,,False
P11,280135,280068,1,0,2018-06-27,,,,,,,,,,False
P11,280147,120437,1,0,2019-08-05,,,,,,,,,,False
P11,280147,120448,1,0,2019-03-11,,,,,,,,,,False
P11,280147,120464,1,0,2018-09-24,,,,,,,,,,False
P11,280169,120436,1,0,2024-03-12,0.0,1.0,0.0,0.0,0.0,0.0,0.0,-1.0,0.0,True
P11,280169,120437,1,1,2025-01-31,0.0,1.0,0.0,0.0,0.0,0.0,0.0,-1.0,0.0,True
P11,280169,120448,1,1,2025-10-15,0.0,1.0,0.0,0.0,0.0,0.0,0.0,-1.0,0.0,True
P11,280169,241287,1,1,2024-11-20,0.0,1.0,0.0,0.0,0.0,0.0,0.0,0.0,0.0,True
P11,280169,280121,1,0,2020-09-13,0.0,1.0,0.0,0.0,0.0,0.0,0.0,0.0,0.0,True
P11,280169,280129,1,0,2022-07-19,0.25,1.0,0.0,0.0,1.0,1.0,0.0,-1.0,0.0,True
P11,280169,280130,1,0,2023-09-24,0.25,1.0,0.0,0.0,1.0,1.0,0.0,-1.0,0.0,True
P11,280169,280198,1,0,2020-03-18,,,,,,,,,,False
P11,280169,280205,1,0,2020-11-24,,,,,,,,,,False
P11,280169,280212,1,1,2024-11-11,2.0,1.0,0.0,1.0,1.0,1.0,0.0,2.0,0.0,True
P11,280169,280238,1,0,2020-11-18,,,,,,,,,,False
P11,280169,280240,1,0,2024-01-27,,,,,,,,,,False
P11,280169,280244,1,1,2025-05-15,0.0,1.0,0.0,0.0,0.0,0.0,0.0,-1.0,0.0,True
P11,280169,280256,1,0,2023-10-29,1.25,1.0,0.0,1.0,1.0,1.0,0.0,-1.0,0.0,True
P11,280169,280351,1,0,2023-04-19,1.5,1.0,0.0,1.0,1.0,1.0,0.0,0.0,0.0,True
P11,280169,280405,1,1,2025-05-29,2.0,1.0,0.0,1.0,1.0,1.0,0.0,2.0,0.0,True
P11,280169,280480,1,1,2024-10-07,2.0,1.0,0.0,1.0,1.0,1.0,0.0,2.0,0.0,True
P11,280169,280660,1,1,2026-05-18,0.75,1.0,0.0,1.0,0.0,0.0,0.0,-1.0,0.0,True
P11,280172,120448,1,0,2019-08-27,,,,,,,,,,False
P11,280172,241287,1,0,2021-04-07,,,,,,,,,,False
P11,280172,241288,1,0,2019-12-17,,,,,,,,,,False
P11,280172,251200,1,0,2021-02-19,,,,,,,,,,False
P11,280172,280214,1,0,2020-09-15,,,,,,,,,,False
P11,280196,280147,1,0,2019-02-25,,,,,,,,,,False
P11,280198,241283,1,0,2020-09-23,,,,,,,,,,False
P11,280198,241287,1,0,2020-03-22,,,,,,,,,,False
P11,280198,280013,1,0,2020-09-07,,,,,,,,,,False
P11,280198,280121,1,0,2020-06-18,,,,,,,,,,False
P11,280198,280242,1,0,2021-03-26,,,,,,,,,,False
P11,280205,120437,1,0,2020-10-15,,,,,,,,,,False
P11,280205,280052,1,0,2020-10-22,,,,,,,,,,False
P11,280205,280172,1,0,2020-08-02,,,,,,,,,,False
P11,280205,280213,1,0,2020-11-29,,,,,,,,,,False
P11,280206,120444,1,0,2020-12-20,,,,,,,,,,False
P11,280206,120451,1,0,2020-02-26,,,,,,,,,,False
P11,280206,120453,1,0,2020-02-16,,,,,,,,,,False
P11,280206,120464,1,0,2020-11-11,,,,,,,,,,False
P11,280206,280147,1,0,2019-07-31,,,,,,,,,,False
P11,280206,280198,1,0,2020-07-14,,,,,,,,,,False
P11,280206,280213,1,0,2020-01-26,,,,,,,,,,False
P11,280206,280222,1,0,2020-10-04,,,,,,,,,,False
P11,280206,280240,1,0,2021-01-20,,,,,,,,,,False
P11,280212,120436,1,0,2019-09-16,0.75,1.0,0.0,1.0,1.0,0.0,1.0,-3.0,0.0,True
P11,280212,241287,1,1,2024-11-12,1.0,1.0,0.0,1.0,1.0,0.0,1.0,-2.0,0.0,True
P11,280212,280130,1,0,2022-10-19,0.75,1.0,0.0,1.0,1.0,0.0,1.0,-3.0,0.0,True
P11,280212,280169,1,1,2024-11-10,1.0,1.0,0.0,1.0,1.0,0.0,1.0,-2.0,0.0,True
P11,280212,280213,1,0,2024-06-22,0.75,1.0,0.0,1.0,0.0,0.0,1.0,-3.0,0.0,True
P11,280212,280222,1,1,2024-12-10,0.5,1.0,0.0,0.0,0.0,0.0,1.0,0.0,0.0,True
P11,280212,280256,1,0,2022-10-16,0.0,1.0,0.0,0.0,0.0,0.0,1.0,-3.0,0.0,True
P11,280212,280264,1,1,2025-01-03,1.25,1.0,0.0,1.0,1.0,0.0,1.0,-1.0,0.0,True
P11,280213,120444,1,0,2021-03-11,1.0,1.0,0.0,1.0,1.0,0.0,0.0,0.0,0.0,True
P11,280213,120464,1,0,2020-08-19,1.5,1.0,0.0,1.0,1.0,0.0,0.0,2.0,0.0,True
P11,280213,241283,1,0,2019-11-20,1.5,1.0,0.0,1.0,1.0,0.0,0.0,2.0,0.0,True
P11,280213,280107,1,0,2024-03-16,1.0,0.0,0.0,1.0,1.0,0.0,0.0,0.0,0.0,True
P11,280213,280130,1,0,2023-05-23,1.0,1.0,0.0,1.0,1.0,0.0,0.0,0.0,0.0,True
P11,280213,280206,1,0,2020-07-06,,,,,,,,,,False
P11,280213,280222,1,0,2020-11-29,1.75,1.0,0.0,1.0,0.0,0.0,0.0,3.0,0.0,True
P11,280213,280256,1,0,2024-06-23,1.0,1.0,0.0,1.0,0.0,0.0,0.0,0.0,0.0,True
P11,280213,280365,1,1,2024-10-12,,,,,,,,,,False
P11,280214,280206,1,0,2020-02-09,,,,,,,,,,False
P11,280214,280213,1,0,2021-03-10,,,,,,,,,,False
P11,280214,280222,1,0,2020-06-11,,,,,,,,,,False
P11,280222,120536,1,0,2020-05-14,0.25,1.0,0.0,1.0,1.0,0.0,0.0,-3.0,0.0,True
P11,280222,280052,1,0,2020-06-14,1.0,1.0,0.0,1.0,0.0,0.0,0.0,0.0,0.0,True
P11,280222,280107,1,0,2024-07-29,0.25,1.0,0.0,1.0,1.0,0.0,0.0,-3.0,0.0,True
P11,280222,280130,1,0,2021-01-14,0.25,1.0,0.0,1.0,1.0,0.0,0.0,-3.0,0.0,True
P11,280222,280214,1,0,2020-10-06,,,,,,,,,,False
P11,280222,280256,1,0,2022-08-15,0.0,1.0,0.0,0.0,0.0,0.0,0.0,-3.0,0.0,True
P11,280222,280318,1,0,2024-03-02,0.75,1.0,0.0,1.0,1.0,0.0,0.0,-1.0,0.0,True
P11,280222,280351,1,0,2022-06-12,0.0,1.0,0.0,0.0,0.0,0.0,0.0,-2.0,0.0,True
P11,280222,280352,1,0,2023-02-19,,,,,,,,,,False
P11,280222,280405,1,0,2022-02-17,0.0,1.0,0.0,0.0,0.0,0.0,0.0,0.0,0.0,True
P11,280236,280129,1,0,2024-03-23,,,,,,,,,,False
P11,280236,280326,1,0,2021-06-04,,,,,,,,,,False
P11,280237,280052,1,0,2019-11-06,,,,,,,,,,False
P11,280237,280129,1,0,2021-06-07,,,,,,,,,,False
P11,280237,280238,1,0,2022-05-11,,,,,,,,,,False
P11,280237,280239,1,0,2020-04-02,,,,,,,,,,False
P11,280238,241287,1,0,2020-04-10,,,,,,,,,,False
P11,280238,280052,1,0,2020-04-27,,,,,,,,,,False
P11,280239,120445,1,0,2020-11-22,,,,,,,,,,False
P11,280239,120464,1,0,2020-05-26,,,,,,,,,,False
P11,280239,120532,1,0,2020-06-05,,,,,,,,,,False
P11,280239,241287,1,0,2024-04-16,,,,,,,,,,False
P11,280239,280052,1,0,2020-04-29,,,,,,,,,,False
P11,280239,280129,1,0,2022-05-12,,,,,,,,,,False
P11,280239,280236,1,0,2024-03-22,,,,,,,,,,False
P11,280239,280238,1,0,2020-04-05,,,,,,,,,,False
P11,280240,120436,1,0,2021-08-23,,,,,,,,,,False
P11,280240,120437,1,0,2023-10-16,,,,,,,,,,False
P11,280240,241283,1,0,2024-01-06,,,,,,,,,,False
P11,280240,280130,1,0,2023-03-23,,,,,,,,,,False
P11,280240,280206,1,0,2021-01-20,,,,,,,,,,False
P11,280240,280256,1,0,2023-12-03,,,,,,,,,,False
P11,280240,280264,1,0,2022-11-18,,,,,,,,,,False
P11,280240,280326,1,0,2021-11-30,,,,,,,,,,False
P11,280240,280327,1,0,2024-05-12,,,,,,,,,,False
P11,280240,280352,1,0,2023-09-17,,,,,,,,,,False
P11,280241,280206,1,0,2021-01-18,,,,,,,,,,False
P11,280242,120448,1,0,2021-03-28,,,,,,,,,,False
P11,280244,251200,1,1,2025-05-16,0.25,1.0,0.0,0.0,0.0,0.0,0.0,1.0,0.0,True
P11,280244,280405,1,0,2024-07-23,2.25,1.0,0.0,1.0,1.0,1.0,0.0,3.0,0.0,True
P11,280245,241283,1,0,2021-05-28,1.5,1.0,0.0,0.0,0.0,1.0,1.0,2.0,0.0,True
P11,280245,280352,1,0,2021-05-18,,,,,,,,,,False
P11,280246,280121,1,0,2024-07-21,0.0,1.0,0.0,0.0,0.0,0.0,0.0,-1.0,0.0,True
P11,280246,280245,1,0,2021-05-24,0.0,1.0,0.0,0.0,0.0,0.0,0.0,-2.0,0.0,True
P11,280256,120436,1,0,2023-08-30,1.0,1.0,0.0,1.0,1.0,0.0,0.0,0.0,0.0,True
P11,280256,120464,1,0,2023-01-19,1.5,1.0,0.0,1.0,1.0,0.0,0.0,2.0,0.0,True
P11,280256,241283,1,0,2024-02-15,1.5,1.0,0.0,1.0,1.0,0.0,0.0,2.0,0.0,True
P11,280256,280212,1,0,2022-10-10,0.75,1.0,0.0,0.0,0.0,0.0,0.0,3.0,0.0,True
P11,280256,280222,1,0,2024-07-27,0.75,1.0,0.0,0.0,0.0,0.0,0.0,3.0,0.0,True
P11,280256,280405,1,0,2023-10-07,0.75,1.0,0.0,0.0,0.0,0.0,0.0,3.0,0.0,True
P11,280256,280435,1,0,2023-12-03,,,,,,,,,,False
P11,280256,280480,1,0,2024-02-11,1.75,1.0,0.0,1.0,0.0,0.0,0.0,3.0,0.0,True
P11,280256,280574,1,1,2025-04-17,1.0,1.0,0.0,1.0,1.0,0.0,0.0,0.0,0.0,True
P11,280256,280582,1,1,2025-04-06,1.25,1.0,0.0,1.0,1.0,0.0,0.0,1.0,0.0,True
P11,280256,280590,1,1,2025-06-09,0.0,1.0,0.0,0.0,0.0,0.0,0.0,0.0,0.0,True
P11,280264,120433,1,0,2024-05-08,0.5,1.0,0.0,1.0,1.0,0.0,0.0,-2.0,0.0,True
P11,280264,120436,1,1,2026-06-09,0.0,1.0,0.0,0.0,0.0,0.0,0.0,-2.0,0.0,True
P11,280264,120437,1,0,2022-09-18,0.0,1.0,0.0,0.0,0.0,0.0,0.0,-2.0,0.0,True
P11,280264,120444,1,0,2023-12-01,0.0,1.0,0.0,0.0,0.0,0.0,0.0,-2.0,0.0,True
P11,280264,120448,1,1,2025-08-31,0.0,1.0,0.0,0.0,0.0,0.0,0.0,-2.0,0.0,True
P11,280264,120464,1,0,2022-04-20,0.0,1.0,0.0,0.0,0.0,0.0,0.0,0.0,0.0,True
P11,280264,280121,1,1,2025-10-30,0.0,1.0,0.0,0.0,0.0,0.0,0.0,-1.0,0.0,True
P11,280264,280212,1,1,2024-12-01,1.75,1.0,0.0,1.0,1.0,1.0,0.0,1.0,0.0,True
P11,280264,280213,1,0,2022-12-14,1.0,1.0,0.0,1.0,1.0,1.0,0.0,-2.0,0.0,True
P11,280264,280222,1,0,2022-02-13,1.75,1.0,0.0,1.0,1.0,1.0,0.0,1.0,0.0,True
P11,280264,280236,1,0,2021-06-04,,,,,,,,,,False
P11,280264,280246,1,0,2021-05-23,0.0,1.0,0.0,0.0,0.0,0.0,0.0,0.0,0.0,True
P11,280264,280323,1,0,2024-04-07,0.5,1.0,0.0,1.0,1.0,0.0,0.0,-2.0,0.0,True
P11,280264,280325,1,0,2021-11-15,0.75,1.0,0.0,1.0,1.0,0.0,0.0,-1.0,0.0,True
P11,280264,280326,1,0,2022-10-26,,,,,,,,,,False
P11,280264,280365,1,0,2024-09-04,,,,,,,,,,False
P11,280264,280425,1,0,2024-05-02,0.25,1.0,0.0,0.0,0.0,1.0,0.0,-1.0,0.0,True
P11,280264,280566,1,1,2025-09-07,0.0,1.0,0.0,0.0,0.0,0.0,0.0,0.0,0.0,True
P11,280264,280576,1,1,2025-03-29,0.75,1.0,0.0,1.0,0.0,0.0,0.0,-1.0,0.0,True
P11,280264,280578,1,1,2025-11-17,0.75,1.0,0.0,1.0,0.0,0.0,0.0,-1.0,0.0,True
P11,280264,280601,1,1,2025-07-11,0.5,1.0,0.0,1.0,0.0,0.0,0.0,-2.0,0.0,True
P11,280298,120436,1,1,2025-12-22,0.0,1.0,0.0,0.0,1.0,0.0,0.0,-1.0,0.0,True
P11,280298,280351,1,0,2021-10-31,1.5,1.0,0.0,1.0,1.0,1.0,0.0,0.0,0.0,True
P11,280298,280683,1,1,2026-06-29,1.25,1.0,0.0,1.0,1.0,0.0,0.0,1.0,0.0,True
P11,280316,280206,1,0,2021-04-18,,,,,,,,,,False
P11,280316,280264,1,0,2021-04-21,,,,,,,,,,False
P11,280318,120436,1,1,2025-01-23,0.0,1.0,0.0,0.0,0.0,0.0,0.0,-2.0,0.0,True
P11,280318,120448,1,0,2024-03-02,0.0,1.0,0.0,0.0,0.0,0.0,0.0,-2.0,0.0,True
P11,280318,120464,1,1,2024-10-30,0.0,1.0,0.0,0.0,0.0,0.0,0.0,0.0,0.0,True
P11,280318,241283,1,0,2024-04-10,0.5,1.0,0.0,0.0,0.0,1.0,0.0,0.0,0.0,True
P11,280318,251200,1,1,2025-01-10,0.0,1.0,0.0,0.0,0.0,0.0,0.0,-1.0,0.0,True
P11,280318,280107,1,1,2025-10-21,0.0,1.0,0.0,0.0,0.0,1.0,0.0,-2.0,0.0,True
P11,280318,280130,1,1,2025-02-27,0.0,1.0,0.0,0.0,1.0,1.0,0.0,-2.0,0.0,True
P11,280318,280264,1,0,2023-12-19,0.0,1.0,0.0,0.0,0.0,0.0,0.0,0.0,0.0,True
P11,280318,280352,1,0,2023-04-28,,,,,,,,,,False
P11,280323,241288,1,0,2024-04-08,1.25,1.0,0.0,1.0,1.0,0.0,0.0,1.0,0.0,True
P11,280325,241287,1,0,2021-11-08,1.0,1.0,0.0,1.0,1.0,0.0,0.0,0.0,0.0,True
P11,280325,280129,1,0,2021-11-16,1.25,1.0,0.0,1.0,1.0,1.0,0.0,-1.0,0.0,True
P11,280325,280206,1,0,2021-07-18,,,,,,,,,,False
P11,280325,280351,1,0,2022-01-23,0.5,1.0,0.0,0.0,0.0,1.0,0.0,0.0,0.0,True
P11,280326,120437,1,0,2021-05-02,,,,,,,,,,False
P11,280326,120448,1,0,2021-04-01,,,,,,,,,,False
P11,280326,280052,1,0,2022-02-24,,,,,,,,,,False
P11,280326,280107,1,0,2021-12-02,,,,,,,,,,False
P11,280326,280236,1,0,2021-06-06,,,,,,,,,,False
P11,280326,280264,1,0,2022-08-24,,,,,,,,,,False
P11,280326,280352,1,0,2021-08-31,,,,,,,,,,False
P11,280327,120464,1,0,2021-06-29,,,,,,,,,,False
P11,280327,241283,1,0,2021-04-04,,,,,,,,,,False
P11,280327,251200,1,0,2021-05-09,,,,,,,,,,False
P11,280327,280238,1,0,2024-04-15,,,,,,,,,,False
P11,280327,280240,1,0,2022-11-18,,,,,,,,,,False
P11,280327,280325,1,0,2022-01-22,,,,,,,,,,False
P11,280327,280365,1,0,2024-05-13,,,,,,,,,,False
P11,280345,280256,1,1,2025-07-17,1.5,1.0,0.0,1.0,1.0,1.0,0.0,0.0,0.0,True
P11,280351,241288,1,0,2022-05-08,1.0,1.0,0.0,1.0,1.0,0.0,0.0,0.0,0.0,True
P11,280351,251200,1,0,2024-08-26,1.0,1.0,0.0,1.0,1.0,0.0,0.0,0.0,0.0,True
P11,280351,280052,1,0,2023-08-09,1.5,1.0,0.0,1.0,0.0,0.0,0.0,2.0,0.0,True
P11,280351,280107,1,0,2024-06-05,0.75,1.0,0.0,1.0,1.0,0.0,0.0,-1.0,0.0,True
P11,280351,280129,1,0,2023-08-01,0.75,1.0,0.0,1.0,1.0,0.0,0.0,-1.0,0.0,True
P11,280351,280212,1,0,2022-11-27,0.5,1.0,0.0,0.0,0.0,0.0,0.0,2.0,0.0,True
P11,280351,280222,1,0,2022-08-12,0.5,1.0,0.0,0.0,0.0,0.0,0.0,2.0,0.0,True
P11,280351,280240,1,0,2023-10-16,,,,,,,,,,False
P11,280351,280298,1,0,2021-10-25,1.0,1.0,0.0,1.0,1.0,0.0,0.0,0.0,0.0,True
P11,280351,280325,1,0,2021-11-02,0.0,1.0,0.0,0.0,0.0,0.0,0.0,0.0,0.0,True
P11,280351,280326,1,0,2022-01-19,,,,,,,,,,False
P11,280351,280327,1,0,2021-12-17,,,,,,,,,,False
P11,280352,120436,1,0,2023-08-04,,,,,,,,,,False
P11,280352,280212,1,0,2023-03-15,,,,,,,,,,False
P11,280352,280256,1,0,2022-08-07,,,,,,,,,,False
P11,280352,280326,1,0,2022-08-22,,,,,,,,,,False
P11,280358,280169,1,1,2025-05-28,0.0,1.0,0.0,0.0,0.0,0.0,0.0,0.0,0.0,True
P11,280362,241283,1,1,2024-11-17,,,,,,,,,,False
P11,280362,280351,1,0,2024-05-23,,,,,,,,,,False
P11,280365,280130,1,1,2024-09-05,,,,,,,,,,False
P11,280365,280169,1,0,2024-05-14,,,,,,,,,,False
P11,280365,280327,1,0,2024-04-14,,,,,,,,,,False
P11,280365,280351,1,0,2024-06-10,,,,,,,,,,False
P11,280365,280362,1,1,2024-11-16,,,,,,,,,,False
P11,280365,280435,1,1,2024-10-14,,,,,,,,,,False
P11,280405,251200,1,0,2022-02-18,0.5,1.0,0.0,1.0,1.0,0.0,0.0,-2.0,0.0,True
P11,280405,280169,1,0,2022-04-03,0.5,1.0,0.0,1.0,1.0,0.0,0.0,-2.0,0.0,True
P11,280405,280264,1,0,2022-12-04,0.75,1.0,0.0,1.0,1.0,0.0,0.0,-1.0,0.0,True
P11,280405,280352,1,0,2022-03-04,,,,,,,,,,False
P11,280425,280246,1,0,2024-07-20,0.25,1.0,0.0,0.0,0.0,0.0,0.0,1.0,0.0,True
P11,280425,280264,1,0,2024-05-06,0.25,1.0,0.0,0.0,0.0,0.0,0.0,1.0,0.0,True
P11,280435,280130,1,0,2023-12-09,,,,,,,,,,False
P11,280435,280169,1,1,2024-10-15,,,,,,,,,,False
P11,280435,280264,1,0,2024-03-06,,,,,,,,,,False
P11,280435,280365,1,0,2024-07-06,,,,,,,,,,False
P11,280450,280318,1,1,2025-10-19,0.25,1.0,0.0,0.0,0.0,0.0,0.0,1.0,0.0,True
P11,280450,280581,1,1,2025-05-05,1.0,1.0,0.0,1.0,0.0,0.0,0.0,0.0,0.0,True
P11,280480,280213,1,1,2024-10-09,0.0,1.0,0.0,0.0,0.0,0.0,1.0,-3.0,0.0,True
P11,280480,280256,1,0,2024-02-12,0.75,1.0,0.0,1.0,0.0,0.0,1.0,-3.0,0.0,True
P11,280541,241287,1,1,2025-04-09,0.0,1.0,0.0,0.0,0.0,0.0,0.0,0.0,0.0,True
P11,280563,120448,1,1,2025-08-10,0.25,1.0,0.0,1.0,1.0,0.0,0.0,-3.0,0.0,True
P11,280563,280566,1,1,2025-09-22,0.75,1.0,0.0,1.0,1.0,0.0,0.0,-1.0,0.0,True
P11,280563,280581,1,1,2026-04-25,0.5,1.0,0.0,1.0,1.0,0.0,0.0,-2.0,0.0,True
P11,280563,280590,1,1,2026-06-20,0.0,1.0,0.0,0.0,0.0,0.0,0.0,-3.0,0.0,True
P11,280563,280660,1,1,2026-05-26,0.25,1.0,0.0,1.0,1.0,0.0,0.0,-3.0,0.0,True
P11,280564,280264,1,1,2026-06-06,1.5,1.0,0.0,1.0,1.0,0.0,1.0,0.0,0.0,True
P11,280566,120436,1,1,2025-09-11,0.0,1.0,0.0,0.0,0.0,0.0,0.0,-2.0,0.0,True
P11,280566,241287,1,1,2025-09-26,0.0,1.0,0.0,0.0,0.0,0.0,0.0,-1.0,0.0,True
P11,280566,280563,1,1,2025-09-15,1.25,1.0,0.0,1.0,1.0,0.0,0.0,1.0,0.0,True
P11,280572,280573,1,1,2025-12-01,0.5,1.0,0.0,0.0,0.0,0.0,1.0,0.0,0.0,True
P11,280572,280581,1,1,2026-08-27,0.75,1.0,0.0,0.0,0.0,0.0,1.0,1.0,0.0,True
P11,280572,280591,1,1,2025-11-21,2.0,1.0,0.0,1.0,1.0,0.0,1.0,2.0,0.0,True
P11,280573,280425,1,1,2025-12-03,1.75,1.0,0.0,1.0,0.0,1.0,0.0,1.0,0.0,True
P11,280574,280581,1,1,2025-05-20,0.25,1.0,0.0,0.0,0.0,0.0,0.0,1.0,0.0,True
P11,280574,280582,1,1,2025-04-29,0.25,1.0,0.0,0.0,0.0,0.0,0.0,1.0,0.0,True
P11,280576,280256,1,1,2025-03-31,1.25,1.0,0.0,1.0,1.0,1.0,0.0,-1.0,0.0,True
P11,280578,241283,1,1,2026-07-22,1.75,1.0,0.0,1.0,0.0,1.0,0.0,1.0,0.0,True
P11,280578,280566,1,1,2025-09-14,1.25,1.0,0.0,1.0,0.0,0.0,0.0,1.0,0.0,True
P11,280578,280572,1,1,2025-11-20,0.0,1.0,0.0,0.0,0.0,0.0,0.0,-1.0,0.0,True
P11,280578,280673,1,1,2026-06-16,0.0,1.0,0.0,0.0,0.0,0.0,0.0,0.0,0.0,True
P11,280581,251200,1,1,2025-05-22,1.0,1.0,0.0,1.0,0.0,0.0,0.0,0.0,0.0,True
P11,280581,280264,1,1,2025-08-22,1.25,1.0,0.0,1.0,0.0,0.0,0.0,1.0,0.0,True
P11,280581,280318,1,1,2025-05-08,1.25,1.0,0.0,1.0,0.0,0.0,0.0,1.0,0.0,True
P11,280581,280578,1,1,2026-06-15,0.0,1.0,0.0,0.0,0.0,0.0,0.0,0.0,0.0,True
P11,280581,280659,1,1,2026-04-28,0.75,1.0,0.0,1.0,0.0,0.0,0.0,-1.0,0.0,True
P11,280582,251200,1,1,2025-05-01,1.0,1.0,0.0,1.0,0.0,0.0,0.0,0.0,0.0,True
P11,280582,280107,1,1,2025-08-15,1.25,1.0,0.0,1.0,0.0,1.0,0.0,-1.0,0.0,True
P11,280582,280541,1,1,2025-04-06,1.0,1.0,0.0,1.0,0.0,0.0,0.0,0.0,0.0,True
P11,280590,280563,1,1,2026-07-07,0.75,1.0,0.0,0.0,0.0,0.0,0.0,3.0,0.0,True
P11,280592,241283,1,1,2025-06-11,2.25,1.0,0.0,1.0,1.0,1.0,1.0,1.0,0.0,True
P11,280592,280298,1,1,2026-06-22,1.5,1.0,0.0,1.0,1.0,0.0,1.0,0.0,0.0,True
P11,280601,280602,1,1,2025-07-13,0.0,1.0,0.0,0.0,0.0,0.0,0.0,0.0,0.0,True
P11,280602,280345,1,1,2025-07-14,0.0,1.0,0.0,0.0,0.0,0.0,0.0,0.0,0.0,True
P11,280659,280264,1,1,2026-04-29,0.5,1.0,0.0,0.0,0.0,0.0,0.0,2.0,0.0,True
P11,280660,251200,1,1,2026-05-20,1.25,1.0,0.0,1.0,0.0,0.0,0.0,1.0,0.0,True
P11,280660,280264,1,1,2026-05-12,1.5,1.0,0.0,1.0,0.0,0.0,0.0,2.0,0.0,True
P11,280660,280564,1,1,2026-06-05,1.5,1.0,0.0,1.0,1.0,0.0,0.0,2.0,0.0,True
P11,280660,280571,1,1,2026-03-28,0.0,1.0,0.0,0.0,0.0,0.0,0.0,0.0,0.0,True
P11,280660,280682,1,1,2026-07-01,1.0,1.0,0.0,1.0,1.0,0.0,0.0,0.0,0.0,True
P11,280673,280264,1,1,2026-06-17,1.25,1.0,0.0,1.0,0.0,0.0,0.0,1.0,0.0,True
P11,280673,280566,1,1,2026-04-14,1.25,1.0,0.0,1.0,0.0,0.0,0.0,1.0,0.0,True
P11,280682,280590,1,1,2026-07-02,0.0,1.0,0.0,0.0,0.0,0.0,0.0,0.0,0.0,True
P11,280682,280660,1,1,2026-07-01,1.0,1.0,0.0,1.0,1.0,0.0,0.0,0.0,0.0,True
P11,280683,280682,1,1,2026-06-30,0.0,1.0,0.0,0.0,0.0,0.0,0.0,-2.0,0.0,True
P12,120436,120437,13,0,2024-01-17,0.0,1.0,0.0,0.0,0.0,0.0,0.0,0.0,0.0,True
P12,280095,280093,13,0,2020-01-27,,,,,,,,,,False
P12,120437,120448,12,0,2024-01-20,0.0,1.0,0.0,0.0,0.0,0.0,0.0,0.0,0.0,True
P12,120448,120436,12,3,2026-02-11,0.5,1.0,0.0,0.0,0.0,0.0,1.0,0.0,0.0,True
P12,280096,280095,12,0,2020-02-10,,,,,,,,,,False
P12,120436,120448,10,1,2024-11-03,0.0,1.0,0.0,0.0,0.0,0.0,0.0,0.0,0.0,True
P12,120436,280256,10,5,2025-07-02,1.5,1.0,0.0,1.0,1.0,1.0,0.0,0.0,0.0,True
P12,280093,280095,10,0,2020-08-20,,,,,,,,,,False
P12,120431,120532,9,0,2023-06-19,0.0,1.0,0.0,0.0,0.0,0.0,0.0,0.0,0.0,True
P12,120437,120431,9,0,2022-11-28,1.0,0.0,0.0,1.0,1.0,0.0,0.0,0.0,0.0,True
P12,120437,120444,9,1,2024-11-17,0.0,1.0,0.0,0.0,0.0,0.0,0.0,0.0,0.0,True
P12,280095,280096,9,0,2020-03-23,,,,,,,,,,False
P12,120431,120437,8,0,2022-05-15,1.0,0.0,0.0,1.0,1.0,0.0,0.0,0.0,0.0,True
P12,120448,280256,8,0,2024-04-21,2.0,1.0,0.0,1.0,1.0,1.0,1.0,0.0,0.0,True
P12,120532,120431,8,2,2026-02-05,0.0,1.0,0.0,0.0,0.0,0.0,0.0,0.0,0.0,True
P12,280107,120436,8,2,2025-11-20,0.0,1.0,0.0,0.0,0.0,0.0,0.0,0.0,0.0,True
P12,280256,120437,8,3,2025-02-01,1.0,1.0,0.0,1.0,1.0,0.0,0.0,0.0,0.0,True
P12,280377,280376,8,2,2026-08-05,0.0,1.0,0.0,0.0,0.0,0.0,0.0,0.0,0.0,True
P12,120430,120431,7,0,2024-05-23,0.0,1.0,0.0,0.0,0.0,0.0,0.0,0.0,0.0,True
P12,120430,120433,7,0,2024-05-08,0.0,1.0,0.0,0.0,0.0,0.0,0.0,0.0,0.0,True
P12,120430,120436,7,0,2024-01-28,1.0,0.0,0.0,1.0,1.0,0.0,0.0,0.0,0.0,True
P12,120431,120430,7,1,2025-11-16,0.0,1.0,0.0,0.0,0.0,0.0,0.0,0.0,0.0,True
P12,120444,120437,7,0,2022-08-07,0.0,1.0,0.0,0.0,0.0,0.0,0.0,0.0,0.0,True
P12,120448,120437,7,1,2024-11-14,0.5,1.0,0.0,0.0,0.0,0.0,1.0,0.0,0.0,True
P12,120450,120451,7,0,2020-10-02,0.0,1.0,0.0,0.0,0.0,0.0,0.0,0.0,0.0,True
P12,280096,280093,7,0,2020-03-24,,,,,,,,,,False
P12,280107,120448,7,3,2025-11-10,0.0,1.0,0.0,0.0,0.0,0.0,0.0,0.0,0.0,True
P12,280223,280230,7,0,2021-05-13,,,,,,,,,,False
P12,280256,280107,7,4,2025-03-10,1.0,1.0,0.0,1.0,1.0,0.0,0.0,0.0,0.0,True
P12,280376,280375,7,4,2025-07-19,0.0,1.0,0.0,0.0,0.0,0.0,0.0,0.0,0.0,True
P12,280376,280379,7,2,2026-08-06,0.0,1.0,0.0,0.0,0.0,0.0,0.0,0.0,0.0,True
P12,280377,280375,7,2,2026-01-17,0.0,1.0,0.0,0.0,0.0,0.0,0.0,0.0,0.0,True
P12,280379,280377,7,0,2023-11-30,0.0,1.0,0.0,0.0,0.0,0.0,0.0,0.0,0.0,True
P12,280380,280376,7,4,2025-12-03,0.0,1.0,0.0,0.0,0.0,0.0,0.0,0.0,0.0,True
P12,280380,280426,7,2,2026-01-22,1.0,0.0,0.0,1.0,0.0,0.0,0.0,0.0,0.0,True
P12,280539,280397,7,7,2026-08-07,0.0,1.0,0.0,0.0,0.0,0.0,0.0,0.0,1.0,True
P12,120430,120450,6,1,2025-01-22,0.5,1.0,0.0,0.0,0.0,1.0,0.0,0.0,0.0,True
P12,120430,120531,6,1,2025-11-17,0.0,1.0,0.0,0.0,0.0,0.0,0.0,0.0,0.0,True
P12,120431,120465,6,0,2021-04-21,,,,,,,,,,False
P12,120435,120430,6,0,2019-11-21,,,,,,,,,,False
P12,120436,120430,6,0,2024-01-28,1.0,0.0,0.0,1.0,1.0,0.0,0.0,0.0,0.0,True
P12,120437,280256,6,2,2025-02-01,1.5,1.0,0.0,1.0,1.0,1.0,0.0,0.0,0.0,True
P12,120450,120453,6,1,2025-09-02,0.0,1.0,0.0,0.0,0.0,0.0,0.0,0.0,0.0,True
P12,120536,280164,6,0,2024-04-29,0.0,1.0,0.0,0.0,0.0,0.0,0.0,0.0,0.0,True
P12,280107,280256,6,1,2025-01-08,1.0,1.0,0.0,1.0,1.0,0.0,0.0,0.0,0.0,True
P12,280256,120436,6,2,2025-03-01,1.0,1.0,0.0,1.0,1.0,0.0,0.0,0.0,0.0,True
P12,280375,280377,6,1,2026-06-23,0.0,1.0,0.0,0.0,0.0,0.0,0.0,0.0,0.0,True
P12,280375,280378,6,2,2025-12-05,0.0,1.0,0.0,0.0,0.0,0.0,0.0,0.0,0.0,True
P12,280376,280377,6,3,2026-03-31,0.0,1.0,0.0,0.0,0.0,0.0,0.0,0.0,0.0,True
P12,280378,280380,6,4,2026-04-14,0.0,1.0,0.0,0.0,0.0,0.0,0.0,0.0,0.0,True
P12,120435,120444,5,0,2022-10-05,,,,,,,,,,False
P12,120436,120444,5,0,2024-06-07,0.0,1.0,0.0,0.0,0.0,0.0,0.0,0.0,0.0,True
P12,120437,120436,5,0,2021-11-07,0.0,1.0,0.0,0.0,0.0,0.0,0.0,0.0,0.0,True
P12,120437,120532,5,0,2021-12-12,1.0,1.0,0.0,1.0,1.0,0.0,0.0,0.0,0.0,True
P12,120444,120435,5,0,2020-04-02,,,,,,,,,,False
P12,120448,120430,5,0,2024-03-27,1.5,1.0,0.0,1.0,1.0,0.0,1.0,0.0,0.0,True
P12,120450,120430,5,0,2024-04-24,0.0,1.0,0.0,0.0,0.0,0.0,0.0,0.0,0.0,True
P12,120531,120430,5,1,2025-01-20,0.0,1.0,0.0,0.0,0.0,0.0,0.0,0.0,0.0,True
P12,120532,120450,5,0,2022-03-05,0.5,1.0,0.0,0.0,0.0,1.0,0.0,0.0,0.0,True
P12,120532,120536,5,1,2025-10-04,0.0,1.0,0.0,0.0,0.0,0.0,0.0,0.0,0.0,True
P12,280225,280226,5,0,2021-04-13,,,,,,,,,,False
P12,280226,280227,5,0,2021-04-13,,,,,,,,,,False
P12,280256,120448,5,1,2024-11-11,1.0,1.0,0.0,1.0,1.0,0.0,0.0,0.0,0.0,True
P12,280375,280488,5,5,2026-04-17,0.0,1.0,0.0,0.0,0.0,0.0,0.0,0.0,0.0,True
P12,280376,280378,5,2,2026-01-15,0.0,1.0,0.0,0.0,0.0,0.0,0.0,0.0,0.0,True
P12,280376,280380,5,3,2026-07-17,0.0,1.0,0.0,0.0,0.0,0.0,0.0,0.0,0.0,True
P12,280379,280376,5,4,2026-03-31,0.0,1.0,0.0,0.0,0.0,0.0,0.0,0.0,0.0,True
P12,280426,280380,5,1,2025-12-07,1.0,0.0,0.0,1.0,0.0,0.0,0.0,0.0,0.0,True
P12,280426,280436,5,5,2026-08-02,0.0,1.0,0.0,0.0,0.0,0.0,0.0,0.0,0.0,True
P12,120430,120532,4,1,2025-01-30,0.0,1.0,0.0,0.0,0.0,0.0,0.0,0.0,0.0,True
P12,120430,120534,4,1,2025-10-07,0.0,1.0,0.0,0.0,0.0,0.0,0.0,0.0,0.0,True
P12,120431,280090,4,0,2024-06-17,0.0,1.0,0.0,0.0,0.0,0.0,0.0,0.0,0.0,True
P12,120433,120430,4,1,2025-09-08,0.5,1.0,0.0,0.0,0.0,0.0,1.0,0.0,0.0,True
P12,120437,241281,4,0,2022-09-27,,,,,,,,,,False
P12,120444,120436,4,0,2021-08-28,0.0,1.0,0.0,0.0,0.0,0.0,0.0,0.0,0.0,True
P12,120450,280107,4,0,2024-05-30,1.0,0.0,0.0,1.0,1.0,0.0,0.0,0.0,0.0,True
P12,120451,120431,4,0,2023-10-04,0.0,1.0,0.0,0.0,0.0,0.0,0.0,0.0,0.0,True
P12,120453,120431,4,1,2025-09-03,0.5,1.0,0.0,0.0,0.0,0.0,1.0,0.0,0.0,True
P12,120465,120431,4,0,2020-10-21,,,,,,,,,,False
P12,120532,280090,4,1,2025-07-30,0.0,1.0,0.0,0.0,0.0,0.0,0.0,0.0,0.0,True
P12,120536,280090,4,2,2025-10-05,0.0,1.0,0.0,0.0,0.0,0.0,0.0,0.0,0.0,True
P12,120536,280383,4,0,2024-08-03,0.0,1.0,0.0,0.0,0.0,0.0,0.0,0.0,0.0,True
P12,280003,120433,4,0,2019-04-03,,,,,,,,,,False
P12,280090,280164,4,1,2024-09-25,0.0,1.0,0.0,0.0,0.0,0.0,0.0,0.0,0.0,True
P12,280093,120430,4,0,2019-10-23,,,,,,,,,,False
P12,280228,280229,4,0,2021-04-09,,,,,,,,,,False
P12,280256,120430,4,3,2025-08-10,1.0,1.0,0.0,1.0,1.0,0.0,0.0,0.0,0.0,True
P12,280256,120431,4,0,2024-06-16,1.0,1.0,0.0,1.0,1.0,0.0,0.0,0.0,0.0,True
P12,280256,120450,4,0,2024-04-23,1.0,1.0,0.0,1.0,1.0,0.0,0.0,0.0,0.0,True
P12,280375,280380,4,2,2026-05-14,0.0,1.0,0.0,0.0,0.0,0.0,0.0,0.0,0.0,True
P12,280377,280378,4,3,2026-06-24,0.0,1.0,0.0,0.0,0.0,0.0,0.0,0.0,0.0,True
P12,280379,280375,4,2,2026-06-22,0.0,1.0,0.0,0.0,0.0,0.0,0.0,0.0,0.0,True
P12,280379,280380,4,2,2025-12-01,0.0,1.0,0.0,0.0,0.0,0.0,0.0,0.0,0.0,True
P12,280380,280375,4,2,2026-04-16,0.0,1.0,0.0,0.0,0.0,0.0,0.0,0.0,0.0,True
P12,280380,280377,4,3,2026-08-04,0.0,1.0,0.0,0.0,0.0,0.0,0.0,0.0,0.0,True
P12,120430,120435,3,0,2022-02-11,,,,,,,,,,False
P12,120430,120451,3,1,2025-09-15,0.5,1.0,0.0,0.0,0.0,1.0,0.0,0.0,0.0,True
P12,120430,280095,3,0,2019-09-16,,,,,,,,,,False
P12,120431,120435,3,0,2021-06-07,,,,,,,,,,False
P12,120433,120435,3,0,2022-01-25,,,,,,,,,,False
P12,120433,280003,3,0,2018-08-23,,,,,,,,,,False
P12,120435,120536,3,0,2021-10-25,,,,,,,,,,False
P12,120436,120450,3,0,2023-10-17,1.5,1.0,0.0,1.0,1.0,1.0,0.0,0.0,0.0,True
P12,120436,120465,3,0,2021-04-02,,,,,,,,,,False
P12,120436,280107,3,1,2025-11-09,0.5,1.0,0.0,0.0,0.0,1.0,0.0,0.0,0.0,True
P12,120444,120448,3,0,2024-03-22,0.0,1.0,0.0,0.0,0.0,0.0,0.0,0.0,0.0,True
P12,120444,120536,3,0,2023-06-28,1.0,1.0,0.0,1.0,1.0,0.0,0.0,0.0,0.0,True
P12,120444,280256,3,1,2024-11-21,1.5,1.0,0.0,1.0,1.0,1.0,0.0,0.0,0.0,True
P12,120448,120444,3,0,2021-11-03,0.5,1.0,0.0,0.0,0.0,0.0,1.0,0.0,0.0,True
P12,120448,120534,3,1,2026-02-07,1.5,1.0,0.0,1.0,1.0,0.0,1.0,0.0,0.0,True
P12,120448,120536,3,0,2024-06-02,1.5,1.0,0.0,1.0,1.0,0.0,1.0,0.0,0.0,True
P12,120448,241281,3,0,2021-10-21,,,,,,,,,,False
P12,120450,120465,3,0,2022-02-08,,,,,,,,,,False
P12,120450,280256,3,2,2025-08-06,1.0,1.0,0.0,1.0,1.0,0.0,0.0,0.0,0.0,True
P12,120451,120437,3,0,2022-04-13,1.0,1.0,0.0,1.0,1.0,0.0,0.0,0.0,0.0,True
P12,120453,120448,3,1,2025-10-11,1.0,1.0,0.0,1.0,1.0,0.0,0.0,0.0,0.0,True
P12,120453,120450,3,0,2023-07-15,0.5,1.0,0.0,0.0,0.0,0.0,1.0,0.0,0.0,True
P12,120453,280107,3,0,2021-01-29,1.5,1.0,0.0,1.0,1.0,0.0,1.0,0.0,0.0,True
P12,120453,280256,3,1,2025-02-20,1.5,1.0,0.0,1.0,1.0,0.0,1.0,0.0,0.0,True
P12,120465,120435,3,0,2022-11-02,,,,,,,,,,False
P12,120465,120448,3,0,2022-04-08,,,,,,,,,,False
P12,120532,120437,3,1,2025-01-31,1.0,1.0,0.0,1.0,1.0,0.0,0.0,0.0,0.0,True
P12,120532,120465,3,0,2021-12-13,,,,,,,,,,False
P12,120532,280164,3,1,2025-08-05,0.0,1.0,0.0,0.0,0.0,0.0,0.0,0.0,0.0,True
P12,120534,120532,3,1,2025-10-07,0.0,1.0,0.0,0.0,0.0,0.0,0.0,0.0,0.0,True
P12,120536,120430,3,1,2025-10-06,0.0,1.0,0.0,0.0,0.0,0.0,0.0,0.0,0.0,True
P12,120536,120435,3,0,2022-10-04,,,,,,,,,,False
P12,120536,120531,3,1,2025-02-18,0.0,1.0,0.0,0.0,0.0,0.0,0.0,0.0,0.0,True
P12,120536,120532,3,0,2022-10-30,0.0,1.0,0.0,0.0,0.0,0.0,0.0,0.0,0.0,True
P12,241281,280107,3,0,2021-10-22,,,,,,,,,,False
P12,280107,120437,3,0,2022-09-25,0.0,1.0,0.0,0.0,0.0,0.0,0.0,0.0,0.0,True
P12,280114,120453,3,0,2022-04-10,,,,,,,,,,False
P12,280114,280115,3,0,2022-02-18,,,,,,,,,,False
P12,280164,120431,3,1,2025-11-15,0.0,1.0,0.0,0.0,0.0,0.0,0.0,0.0,0.0,True
P12,280164,120531,3,0,2024-05-21,0.0,1.0,0.0,0.0,0.0,0.0,0.0,0.0,0.0,True
P12,280227,280228,3,0,2021-03-02,,,,,,,,,,False
P12,280229,280225,3,0,2021-04-11,,,,,,,,,,False
P12,280230,280223,3,0,2020-05-01,,,,,,,,,,False
P12,280230,280232,3,0,2021-05-14,,,,,,,,,,False
P12,280375,280376,3,2,2025-09-29,0.0,1.0,0.0,0.0,0.0,0.0,0.0,0.0,0.0,True
P12,280375,280379,3,0,2024-04-08,0.0,1.0,0.0,0.0,0.0,0.0,0.0,0.0,0.0,True
P12,280377,280379,3,2,2025-03-15,0.0,1.0,0.0,0.0,0.0,0.0,0.0,0.0,0.0,True
P12,280377,280380,3,1,2025-07-16,0.0,1.0,0.0,0.0,0.0,0.0,0.0,0.0,0.0,True
P12,280378,280426,3,3,2026-06-25,1.0,1.0,0.0,1.0,0.0,0.0,0.0,0.0,0.0,True
P12,280379,280488,3,2,2026-05-15,0.0,1.0,0.0,0.0,0.0,0.0,0.0,0.0,0.0,True
P12,280380,280378,3,1,2026-07-18,0.0,1.0,0.0,0.0,0.0,0.0,0.0,0.0,0.0,True
P12,280380,280379,3,2,2026-05-14,0.0,1.0,0.0,0.0,0.0,0.0,0.0,0.0,0.0,True
P12,280384,120536,3,0,2024-06-08,0.0,1.0,0.0,0.0,0.0,0.0,0.0,0.0,0.0,True
P12,280397,280539,3,3,2026-06-17,0.0,1.0,0.0,0.0,0.0,0.0,0.0,0.0,1.0,True
P12,280426,280256,3,1,2024-12-10,2.0,1.0,1.0,1.0,1.0,0.0,0.0,0.0,0.0,True
P12,280488,280378,3,3,2026-07-19,0.0,1.0,0.0,0.0,0.0,0.0,0.0,0.0,0.0,True
P12,120430,120437,2,0,2022-10-23,1.0,1.0,0.0,1.0,1.0,0.0,0.0,0.0,0.0,True
P12,120430,120448,2,0,2024-04-25,1.0,1.0,0.0,1.0,1.0,0.0,0.0,0.0,0.0,True
P12,120430,120536,2,1,2025-08-02,0.0,1.0,0.0,0.0,0.0,0.0,0.0,0.0,0.0,True
P12,120430,280114,2,0,2019-09-09,,,,,,,,,,False
P12,120431,120433,2,1,2025-09-07,0.0,1.0,0.0,0.0,0.0,0.0,0.0,0.0,0.0,True
P12,120431,120434,2,0,2024-04-13,0.0,1.0,0.0,0.0,0.0,0.0,0.0,0.0,0.0,True
P12,120431,120436,2,0,2024-05-12,1.0,1.0,0.0,1.0,1.0,0.0,0.0,0.0,0.0,True
P12,120431,120453,2,1,2025-10-10,0.5,1.0,0.0,0.0,0.0,1.0,0.0,0.0,0.0,True
P12,120431,120536,2,0,2020-09-03,0.0,1.0,0.0,0.0,0.0,0.0,0.0,0.0,0.0,True
P12,120431,280093,2,0,2019-02-11,,,,,,,,,,False
P12,120431,280096,2,0,2019-12-15,,,,,,,,,,False
P12,120431,280107,2,0,2024-08-05,1.5,1.0,0.0,1.0,1.0,1.0,0.0,0.0,0.0,True
P12,120431,280164,2,0,2024-04-16,0.0,1.0,0.0,0.0,0.0,0.0,0.0,0.0,0.0,True
P12,120431,280256,2,0,2023-10-05,1.5,1.0,0.0,1.0,1.0,1.0,0.0,0.0,0.0,True
P12,120433,120431,2,0,2024-05-09,0.5,1.0,0.0,0.0,0.0,0.0,1.0,0.0,0.0,True
P12,120433,120434,2,0,2024-03-29,0.5,1.0,0.0,0.0,0.0,0.0,1.0,0.0,0.0,True
P12,120433,120448,2,0,2021-02-22,1.0,0.0,0.0,1.0,1.0,0.0,0.0,0.0,0.0,True
P12,120433,120451,2,0,2022-05-11,1.0,1.0,0.0,0.0,0.0,1.0,1.0,0.0,0.0,True
P12,120433,120536,2,0,2023-09-11,0.5,1.0,0.0,0.0,0.0,0.0,1.0,0.0,0.0,True
P12,120434,120450,2,0,2024-03-30,0.5,1.0,0.0,0.0,0.0,1.0,0.0,0.0,0.0,True
P12,120435,120431,2,0,2020-02-27,,,,,,,,,,False
P12,120435,120436,2,0,2018-11-16,,,,,,,,,,False
P12,120435,120450,2,0,2018-02-15,,,,,,,,,,False
P12,120435,120453,2,0,2022-11-02,,,,,,,,,,False
P12,120435,120465,2,0,2022-04-06,,,,,,,,,,False
P12,120435,280096,2,0,2019-10-21,,,,,,,,,,False
P12,120436,280095,2,0,2020-03-22,,,,,,,,,,False
P12,120437,280095,2,0,2019-06-05,,,,,,,,,,False
P12,120437,280379,2,0,2022-12-05,2.5,1.0,1.0,1.0,0.0,1.0,0.0,0.0,0.0,True
P12,120437,280426,2,0,2023-01-23,2.5,1.0,1.0,1.0,0.0,1.0,0.0,0.0,0.0,True
P12,120444,120431,2,0,2021-11-04,1.0,1.0,0.0,1.0,1.0,0.0,0.0,0.0,0.0,True
P12,120444,120532,2,0,2022-10-06,1.0,1.0,0.0,1.0,1.0,0.0,0.0,0.0,0.0,True
P12,120445,120433,2,0,2020-11-02,,,,,,,,,,False
P12,120445,120434,2,0,2021-08-09,,,,,,,,,,False
P12,120448,120431,2,0,2018-10-03,1.5,1.0,0.0,1.0,1.0,0.0,1.0,0.0,0.0,True
P12,120448,280107,2,0,2022-04-25,1.0,1.0,0.0,0.0,0.0,1.0,1.0,0.0,0.0,True
P12,120450,120433,2,0,2022-12-21,0.0,1.0,0.0,0.0,0.0,0.0,0.0,0.0,0.0,True
P12,120450,120435,2,0,2022-04-05,,,,,,,,,,False
P12,120450,120452,2,0,2020-06-16,,,,,,,,,,False
P12,120450,120454,2,0,2023-05-05,,,,,,,,,,False
P12,120450,280114,2,0,2019-05-20,,,,,,,,,,False
P12,120451,120436,2,0,2023-11-03,1.0,1.0,0.0,1.0,1.0,0.0,0.0,0.0,0.0,True
P12,120451,280090,2,1,2024-09-23,0.0,1.0,0.0,0.0,0.0,0.0,0.0,0.0,0.0,True
P12,120451,280115,2,0,2021-12-19,,,,,,,,,,False
P12,120451,280164,2,1,2025-11-13,0.0,1.0,0.0,0.0,0.0,0.0,0.0,0.0,0.0,True
P12,120453,120451,2,0,2019-11-25,0.5,1.0,0.0,0.0,0.0,0.0,1.0,0.0,0.0,True
P12,120453,120454,2,0,2022-04-11,,,,,,,,,,False
P12,120453,120465,2,0,2019-10-14,,,,,,,,,,False
P12,120453,280164,2,0,2019-02-25,0.5,1.0,0.0,0.0,0.0,0.0,1.0,0.0,0.0,True
P12,120454,120450,2,0,2020-12-18,,,,,,,,,,False
P12,120454,120451,2,0,2023-10-03,,,,,,,,,,False
P12,120454,120453,2,0,2019-06-24,,,,,,,,,,False
P12,120454,280096,2,0,2020-02-09,,,,,,,,,,False
P12,120454,280164,2,0,2023-05-06,,,,,,,,,,False
P12,120465,120430,2,0,2019-06-20,,,,,,,,,,False
P12,120465,120436,2,0,2022-01-08,,,,,,,,,,False
P12,120465,120454,2,0,2020-12-17,,,,,,,,,,False
P12,120465,120532,2,0,2022-08-26,,,,,,,,,,False
P12,120465,120536,2,0,2020-11-18,,,,,,,,,,False
P12,120465,280164,2,0,2022-05-10,,,,,,,,,,False
P12,120531,120431,2,0,2024-03-03,0.0,1.0,0.0,0.0,0.0,0.0,0.0,0.0,0.0,True
P12,120531,120534,2,0,2022-01-03,0.0,1.0,0.0,0.0,0.0,0.0,0.0,0.0,0.0,True
P12,120531,280164,2,0,2022-02-19,0.0,1.0,0.0,0.0,0.0,0.0,0.0,0.0,0.0,True
P12,120532,120430,2,0,2022-05-26,0.0,1.0,0.0,0.0,0.0,0.0,0.0,0.0,0.0,True
P12,120532,120433,2,0,2022-01-23,0.0,1.0,0.0,0.0,0.0,0.0,0.0,0.0,0.0,True
P12,120532,120435,2,0,2019-11-20,,,,,,,,,,False
P12,120532,120453,2,0,2020-10-29,0.5,1.0,0.0,0.0,0.0,1.0,0.0,0.0,0.0,True
P12,120532,120534,2,0,2023-06-21,0.0,1.0,0.0,0.0,0.0,0.0,0.0,0.0,0.0,True
P12,120532,280114,2,0,2020-09-15,,,,,,,,,,False
P12,120532,280256,2,0,2023-05-21,1.5,1.0,0.0,1.0,1.0,1.0,0.0,0.0,0.0,True
P12,120534,120431,2,0,2020-11-03,0.0,1.0,0.0,0.0,0.0,0.0,0.0,0.0,0.0,True
P12,120534,120531,2,0,2022-11-13,0.0,1.0,0.0,0.0,0.0,0.0,0.0,0.0,0.0,True
P12,120534,120536,2,0,2024-04-29,0.0,1.0,0.0,0.0,0.0,0.0,0.0,0.0,0.0,True
P12,120536,280256,2,0,2024-06-09,1.5,1.0,0.0,1.0,1.0,1.0,0.0,0.0,0.0,True
P12,241281,120434,2,0,2021-01-31,,,,,,,,,,False
P12,241281,120436,2,0,2022-09-27,,,,,,,,,,False
P12,241281,120444,2,0,2021-06-02,,,,,,,,,,False
P12,241281,120448,2,0,2021-03-14,,,,,,,,,,False
P12,280090,120465,2,0,2022-11-01,,,,,,,,,,False
P12,280090,280401,2,0,2024-04-30,,,,,,,,,,False
P12,280093,120436,2,0,2018-10-10,,,,,,,,,,False
P12,280093,120437,2,0,2019-06-05,,,,,,,,,,False
P12,280095,120436,2,0,2019-06-10,,,,,,,,,,False
P12,280095,120454,2,0,2019-12-17,,,,,,,,,,False
P12,280096,120450,2,0,2019-10-22,,,,,,,,,,False
P12,280107,120434,2,0,2023-11-16,1.0,1.0,0.0,1.0,1.0,0.0,0.0,0.0,0.0,True
P12,280107,120444,2,0,2023-06-27,0.0,1.0,0.0,0.0,0.0,0.0,0.0,0.0,0.0,True
P12,280107,120450,2,0,2022-02-06,1.0,0.0,0.0,1.0,1.0,0.0,0.0,0.0,0.0,True
P12,280107,241281,2,0,2021-03-11,,,,,,,,,,False
P12,280107,280164,2,1,2025-01-04,1.0,1.0,0.0,1.0,1.0,0.0,0.0,0.0,0.0,True
P12,280115,120431,2,0,2021-07-27,,,,,,,,,,False
P12,280115,120532,2,0,2022-06-12,,,,,,,,,,False
P12,280164,120430,2,0,2023-03-17,0.0,1.0,0.0,0.0,0.0,0.0,0.0,0.0,0.0,True
P12,280164,120433,2,0,2022-05-10,0.0,1.0,0.0,0.0,0.0,0.0,0.0,0.0,0.0,True
P12,280164,120437,2,0,2021-11-23,1.0,1.0,0.0,1.0,1.0,0.0,0.0,0.0,0.0,True
P12,280164,120451,2,1,2025-01-06,0.5,1.0,0.0,0.0,0.0,1.0,0.0,0.0,0.0,True
P12,280164,120453,2,0,2024-03-06,0.5,1.0,0.0,0.0,0.0,1.0,0.0,0.0,0.0,True
P12,280164,120536,2,0,2024-07-31,0.0,1.0,0.0,0.0,0.0,0.0,0.0,0.0,0.0,True
P12,280174,280096,2,0,2019-10-22,,,,,,,,,,False
P12,280225,280287,2,0,2020-08-27,,,,,,,,,,False
P12,280256,120451,2,0,2024-05-20,1.0,1.0,0.0,1.0,1.0,0.0,0.0,0.0,0.0,True
P12,280256,120532,2,0,2023-05-18,1.0,1.0,0.0,1.0,1.0,0.0,0.0,0.0,0.0,True
P12,280256,120534,2,1,2025-01-12,1.0,1.0,0.0,1.0,1.0,0.0,0.0,0.0,0.0,True
P12,280256,280090,2,0,2024-02-21,1.0,1.0,0.0,1.0,1.0,0.0,0.0,0.0,0.0,True
P12,280256,280376,2,1,2024-11-24,2.0,1.0,1.0,1.0,1.0,0.0,0.0,0.0,0.0,True
P12,280256,280379,2,1,2025-07-09,2.0,1.0,1.0,1.0,1.0,0.0,0.0,0.0,0.0,True
P12,280256,280384,2,0,2024-03-16,1.0,1.0,0.0,1.0,1.0,0.0,0.0,0.0,0.0,True
P12,280377,280256,2,0,2023-08-22,2.0,1.0,1.0,1.0,1.0,0.0,0.0,0.0,0.0,True
P12,280377,280488,2,2,2025-10-01,0.0,1.0,0.0,0.0,0.0,0.0,0.0,0.0,0.0,True
P12,280378,280375,2,1,2026-05-13,0.0,1.0,0.0,0.0,0.0,0.0,0.0,0.0,0.0,True
P12,280378,280377,2,2,2026-01-15,0.0,1.0,0.0,0.0,0.0,0.0,0.0,0.0,0.0,True
P12,280378,280379,2,0,2023-06-06,0.0,1.0,0.0,0.0,0.0,0.0,0.0,0.0,0.0,True
P12,280378,280488,2,2,2026-07-19,0.0,1.0,0.0,0.0,0.0,0.0,0.0,0.0,0.0,True
P12,280379,280378,2,0,2022-07-27,0.0,1.0,0.0,0.0,0.0,0.0,0.0,0.0,0.0,True
P12,280379,280426,2,2,2026-07-24,1.0,1.0,0.0,1.0,0.0,0.0,0.0,0.0,0.0,True
P12,280383,120448,2,0,2022-02-26,1.0,1.0,0.0,1.0,1.0,0.0,0.0,0.0,0.0,True
P12,280383,280384,2,0,2023-06-14,0.0,1.0,0.0,0.0,0.0,0.0,0.0,0.0,0.0,True
P12,280384,280385,2,0,2023-06-16,0.0,1.0,0.0,0.0,0.0,0.0,0.0,0.0,0.0,True
P12,280385,120448,2,0,2022-11-14,1.0,1.0,0.0,1.0,1.0,0.0,0.0,0.0,0.0,True
P12,280397,280379,2,2,2026-07-22,0.0,1.0,0.0,0.0,0.0,0.0,0.0,0.0,1.0,True
P12,280401,280256,2,0,2024-05-01,,,,,,,,,,False
P12,280401,280403,2,0,2023-04-09,,,,,,,,,,False
P12,280404,120436,2,0,2024-02-04,,,,,,,,,,False
P12,280426,280401,2,0,2024-02-13,,,,,,,,,,False
P12,280488,120430,2,1,2026-04-18,2.0,1.0,1.0,1.0,1.0,0.0,0.0,0.0,0.0,True
P12,280488,280107,2,2,2025-04-07,2.0,1.0,1.0,1.0,0.0,0.0,0.0,0.0,0.0,True
P12,280488,280377,2,2,2025-06-01,0.0,1.0,0.0,0.0,0.0,0.0,0.0,0.0,0.0,True
P12,280488,280380,2,2,2026-01-20,0.0,1.0,0.0,0.0,0.0,0.0,0.0,0.0,0.0,True
P12,280611,280614,2,2,2026-08-14,1.0,1.0,0.0,1.0,1.0,0.0,0.0,0.0,1.0,True
P12,280612,280614,2,2,2026-07-09,1.0,0.0,0.0,1.0,1.0,0.0,0.0,0.0,1.0,True
P12,280613,280614,2,2,2026-06-14,0.0,1.0,0.0,0.0,0.0,0.0,0.0,0.0,1.0,True
P12,280613,280615,2,2,2026-06-07,0.0,1.0,0.0,0.0,0.0,0.0,0.0,0.0,1.0,True
P12,120430,120444,1,0,2018-01-22,1.0,1.0,0.0,1.0,1.0,0.0,0.0,0.0,0.0,True
P12,120430,120453,1,0,2018-01-15,0.5,1.0,0.0,0.0,0.0,1.0,0.0,0.0,0.0,True
P12,120430,120454,1,0,2019-06-24,,,,,,,,,,False
P12,120430,120463,1,0,2019-10-03,1.0,1.0,0.0,1.0,1.0,0.0,0.0,0.0,0.0,True
P12,120430,120465,1,0,2019-06-19,,,,,,,,,,False
P12,120430,242030,1,0,2018-11-12,,,,,,,,,,False
P12,120430,280003,1,0,2018-10-17,,,,,,,,,,False
P12,120430,280012,1,0,2019-07-29,,,,,,,,,,False
P12,120430,280096,1,0,2018-04-16,,,,,,,,,,False
P12,120430,280107,1,1,2025-08-11,1.5,1.0,0.0,1.0,1.0,1.0,0.0,0.0,0.0,True
P12,120430,280166,1,0,2023-03-31,1.0,0.0,0.0,1.0,1.0,0.0,0.0,0.0,0.0,True
P12,120430,280228,1,0,2021-04-08,,,,,,,,,,False
P12,120430,280256,1,1,2025-03-09,1.5,1.0,0.0,1.0,1.0,1.0,0.0,0.0,0.0,True
P12,120430,280611,1,1,2026-04-18,1.0,1.0,1.0,0.0,1.0,0.0,0.0,0.0,0.0,True
P12,120431,120445,1,0,2022-08-29,,,,,,,,,,False
P12,120431,120448,1,1,2026-02-07,1.0,1.0,0.0,1.0,1.0,0.0,0.0,0.0,0.0,True
P12,120431,120450,1,0,2018-01-29,0.5,1.0,0.0,0.0,0.0,1.0,0.0,0.0,0.0,True
P12,120431,120451,1,0,2019-11-26,0.5,1.0,0.0,0.0,0.0,1.0,0.0,0.0,0.0,True
P12,120431,120452,1,0,2018-08-13,,,,,,,,,,False
P12,120431,280003,1,0,2018-12-20,,,,,,,,,,False
P12,120431,280095,1,0,2019-11-11,,,,,,,,,,False
P12,120431,280115,1,0,2020-06-24,,,,,,,,,,False
P12,120431,280227,1,0,2020-12-07,,,,,,,,,,False
P12,120431,280383,1,0,2024-03-03,0.0,1.0,0.0,0.0,0.0,0.0,0.0,0.0,0.0,True
P12,120431,280384,1,0,2022-06-10,0.0,1.0,0.0,0.0,0.0,0.0,0.0,0.0,0.0,True
P12,120431,280426,1,0,2023-06-01,1.5,1.0,1.0,0.0,1.0,1.0,0.0,0.0,0.0,True
P12,120433,120450,1,0,2019-05-06,1.0,1.0,0.0,0.0,0.0,1.0,1.0,0.0,0.0,True
P12,120433,120453,1,0,2023-07-14,0.5,1.0,0.0,0.0,0.0,1.0,0.0,0.0,0.0,True
P12,120433,120454,1,0,2018-07-30,,,,,,,,,,False
P12,120433,120532,1,0,2018-08-06,0.5,1.0,0.0,0.0,0.0,0.0,1.0,0.0,0.0,True
P12,120433,120534,1,0,2020-11-03,0.5,1.0,0.0,0.0,0.0,0.0,1.0,0.0,0.0,True
P12,120433,280093,1,0,2019-04-08,,,,,,,,,,False
P12,120433,280096,1,0,2019-01-23,,,,,,,,,,False
P12,120433,280232,1,0,2020-08-17,,,,,,,,,,False
P12,120433,280256,1,0,2024-02-24,2.0,1.0,0.0,1.0,1.0,1.0,1.0,0.0,0.0,True
P12,120433,280376,1,0,2023-10-10,3.0,1.0,1.0,1.0,1.0,1.0,1.0,0.0,0.0,True
P12,120433,280380,1,0,2024-04-02,3.0,1.0,1.0,1.0,1.0,1.0,1.0,0.0,0.0,True
P12,120433,280383,1,0,2022-02-23,0.5,1.0,0.0,0.0,0.0,0.0,1.0,0.0,0.0,True
P12,120433,280384,1,0,2022-12-22,0.5,1.0,0.0,0.0,0.0,0.0,1.0,0.0,0.0,True
P12,120434,120431,1,0,2024-04-15,0.0,1.0,0.0,0.0,0.0,0.0,0.0,0.0,0.0,True
P12,120434,120435,1,0,2021-10-25,,,,,,,,,,False
P12,120434,120437,1,0,2021-08-01,1.0,1.0,0.0,1.0,1.0,0.0,0.0,0.0,0.0,True
P12,120434,120453,1,0,2021-01-29,0.5,1.0,0.0,0.0,0.0,1.0,0.0,0.0,0.0,True
P12,120434,120454,1,0,2024-04-14,,,,,,,,,,False
P12,120434,120531,1,0,2023-10-22,0.0,1.0,0.0,0.0,0.0,0.0,0.0,0.0,0.0,True
P12,120434,120532,1,0,2020-10-28,0.0,1.0,0.0,0.0,0.0,0.0,0.0,0.0,0.0,True
P12,120434,241281,1,0,2021-08-11,,,,,,,,,,False
P12,120434,280090,1,0,2021-02-02,0.0,1.0,0.0,0.0,0.0,0.0,0.0,0.0,0.0,True
P12,120434,280223,1,0,2020-04-29,,,,,,,,,,False
P12,120434,280383,1,0,2023-11-17,0.0,1.0,0.0,0.0,0.0,0.0,0.0,0.0,0.0,True
P12,120435,120433,1,0,2018-08-02,,,,,,,,,,False
P12,120435,120445,1,0,2020-07-19,,,,,,,,,,False
P12,120435,120448,1,0,2020-04-03,,,,,,,,,,False
P12,120435,120451,1,0,2020-11-23,,,,,,,,,,False
P12,120435,120532,1,0,2019-09-04,,,,,,,,,,False
P12,120435,280013,1,0,2021-05-07,,,,,,,,,,False
P12,120435,280223,1,0,2021-06-10,,,,,,,,,,False
P12,120436,120433,1,0,2018-02-26,1.0,1.0,0.0,1.0,1.0,0.0,0.0,0.0,0.0,True
P12,120436,120531,1,1,2025-01-18,1.0,1.0,0.0,1.0,1.0,0.0,0.0,0.0,0.0,True
P12,120436,120532,1,1,2026-01-27,1.0,1.0,0.0,1.0,1.0,0.0,0.0,0.0,0.0,True
P12,120436,120536,1,0,2022-09-30,1.0,1.0,0.0,1.0,1.0,0.0,0.0,0.0,0.0,True
P12,120436,241281,1,0,2021-03-20,,,,,,,,,,False
P12,120436,280013,1,0,2022-04-02,1.5,1.0,0.0,1.0,1.0,1.0,0.0,0.0,0.0,True
P12,120436,280223,1,0,2021-03-29,,,,,,,,,,False
P12,120436,280226,1,0,2020-03-09,,,,,,,,,,False
P12,120436,280244,1,1,2025-04-29,0.0,1.0,0.0,0.0,0.0,0.0,0.0,0.0,0.0,True
P12,120436,280285,1,0,2021-02-12,,,,,,,,,,False
P12,120436,280375,1,0,2022-10-10,2.5,1.0,1.0,1.0,0.0,1.0,0.0,0.0,0.0,True
P12,120436,280376,1,0,2021-11-08,2.5,1.0,1.0,1.0,0.0,1.0,0.0,0.0,0.0,True
P12,120436,280377,1,0,2022-03-14,2.5,1.0,1.0,1.0,0.0,1.0,0.0,0.0,0.0,True
P12,120436,280379,1,0,2022-01-10,2.5,1.0,1.0,1.0,0.0,1.0,0.0,0.0,0.0,True
P12,120436,280403,1,0,2024-05-14,,,,,,,,,,False
P12,120436,280404,1,0,2024-02-03,,,,,,,,,,False
P12,120436,280488,1,0,2024-02-05,2.5,1.0,1.0,1.0,0.0,1.0,0.0,0.0,0.0,True
P12,120436,280611,1,1,2026-02-16,2.0,1.0,1.0,1.0,1.0,0.0,0.0,0.0,0.0,True
P12,120437,120433,1,0,2021-06-27,1.0,1.0,0.0,1.0,1.0,0.0,0.0,0.0,0.0,True
P12,120437,120445,1,0,2021-08-06,,,,,,,,,,False
P12,120437,120451,1,1,2024-09-22,1.5,1.0,0.0,1.0,1.0,1.0,0.0,0.0,0.0,True
P12,120437,120452,1,0,2019-04-29,,,,,,,,,,False
P12,120437,120453,1,0,2021-11-29,1.5,1.0,0.0,1.0,1.0,1.0,0.0,0.0,0.0,True
P12,120437,280040,1,0,2018-12-03,,,,,,,,,,False
P12,120437,280052,1,0,2020-11-04,2.25,1.0,0.0,1.0,1.0,1.0,0.0,3.0,0.0,True
P12,120437,280096,1,0,2019-06-03,,,,,,,,,,False
P12,120437,280107,1,0,2020-06-14,0.5,1.0,0.0,0.0,0.0,1.0,0.0,0.0,0.0,True
P12,120437,280114,1,0,2019-08-12,,,,,,,,,,False
P12,120437,280130,1,0,2022-11-26,0.5,1.0,0.0,0.0,1.0,1.0,0.0,0.0,0.0,True
P12,120437,280227,1,0,2021-03-01,,,,,,,,,,False
P12,120437,280230,1,0,2021-06-11,,,,,,,,,,False
P12,120437,280352,1,0,2023-03-12,,,,,,,,,,False
P12,120437,280377,1,1,2025-02-05,2.5,1.0,1.0,1.0,0.0,1.0,0.0,0.0,0.0,True
P12,120437,280380,1,0,2021-09-05,2.5,1.0,1.0,1.0,0.0,1.0,0.0,0.0,0.0,True
P12,120442,120437,1,0,2018-01-30,,,,,,,,,,False
P12,120442,120532,1,0,2018-04-04,,,,,,,,,,False
P12,120444,120453,1,0,2020-08-02,1.5,1.0,0.0,1.0,1.0,1.0,0.0,0.0,0.0,True
P12,120444,241281,1,0,2021-01-26,,,,,,,,,,False
P12,120444,280096,1,0,2020-01-12,,,,,,,,,,False
P12,120444,280107,1,0,2022-03-21,0.5,1.0,0.0,0.0,0.0,1.0,0.0,0.0,0.0,True
P12,120444,280241,1,0,2021-02-07,,,,,,,,,,False
P12,120444,280377,1,0,2021-07-20,2.5,1.0,1.0,1.0,0.0,1.0,0.0,0.0,0.0,True
P12,120444,280384,1,0,2024-06-07,1.0,1.0,0.0,1.0,1.0,0.0,0.0,0.0,0.0,True
P12,120445,120430,1,0,2022-03-27,,,,,,,,,,False
P12,120445,120448,1,0,2020-09-17,,,,,,,,,,False
P12,120445,120451,1,0,2021-05-10,,,,,,,,,,False
P12,120445,120465,1,0,2020-07-21,,,,,,,,,,False
P12,120445,120536,1,0,2021-12-01,,,,,,,,,,False
P12,120445,280107,1,0,2022-06-18,,,,,,,,,,False
P12,120445,280164,1,0,2022-08-30,,,,,,,,,,False
P12,120447,120445,1,0,2021-05-09,,,,,,,,,,False
P12,120447,280012,1,0,2020-05-28,,,,,,,,,,False
P12,120448,120433,1,0,2019-10-01,1.0,0.0,0.0,1.0,1.0,0.0,0.0,0.0,0.0,True
P12,120448,120434,1,0,2020-10-27,1.5,1.0,0.0,1.0,1.0,0.0,1.0,0.0,0.0,True
P12,120448,120445,1,0,2020-05-15,,,,,,,,,,False
P12,120448,120450,1,0,2020-09-30,2.0,1.0,0.0,1.0,1.0,1.0,1.0,0.0,0.0,True
P12,120448,120451,1,1,2025-11-12,2.0,1.0,0.0,1.0,1.0,1.0,1.0,0.0,0.0,True
P12,120448,120453,1,0,2019-10-29,1.5,1.0,0.0,1.0,1.0,1.0,0.0,0.0,0.0,True
P12,120448,120532,1,0,2022-03-01,1.5,1.0,0.0,1.0,1.0,0.0,1.0,0.0,0.0,True
P12,120448,280096,1,0,2018-09-24,,,,,,,,,,False
P12,120448,280114,1,0,2022-04-10,,,,,,,,,,False
P12,120448,280164,1,0,2020-09-20,1.5,1.0,0.0,1.0,1.0,0.0,1.0,0.0,0.0,True
P12,120448,280379,1,1,2025-09-22,3.0,1.0,1.0,1.0,0.0,1.0,1.0,0.0,0.0,True
P12,120448,280383,1,0,2022-08-24,1.5,1.0,0.0,1.0,1.0,0.0,1.0,0.0,0.0,True
P12,120448,280385,1,0,2021-10-29,1.5,1.0,0.0,1.0,1.0,0.0,1.0,0.0,0.0,True
P12,120450,120431,1,0,2020-12-06,0.0,1.0,0.0,0.0,0.0,0.0,0.0,0.0,0.0,True
P12,120450,120434,1,0,2023-10-20,0.0,1.0,0.0,0.0,0.0,0.0,0.0,0.0,0.0,True
P12,120450,120436,1,0,2022-10-16,1.0,1.0,0.0,1.0,1.0,0.0,0.0,0.0,0.0,True
P12,120450,120442,1,0,2018-01-29,,,,,,,,,,False
P12,120450,120532,1,0,2019-11-18,0.0,1.0,0.0,0.0,0.0,0.0,0.0,0.0,0.0,True
P12,120450,120534,1,0,2019-06-17,0.0,1.0,0.0,0.0,0.0,0.0,0.0,0.0,0.0,True
P12,120450,120536,1,0,2018-11-27,0.0,1.0,0.0,0.0,0.0,0.0,0.0,0.0,0.0,True
P12,120450,280093,1,0,2019-10-22,,,,,,,,,,False
P12,120450,280115,1,0,2018-07-24,,,,,,,,,,False
P12,120450,280164,1,0,2024-03-01,0.0,1.0,0.0,0.0,0.0,0.0,0.0,0.0,0.0,True
P12,120450,280378,1,1,2025-07-11,2.0,1.0,1.0,1.0,1.0,0.0,0.0,0.0,0.0,True
P12,120451,120430,1,0,2019-03-13,0.0,1.0,0.0,0.0,0.0,0.0,0.0,0.0,0.0,True
P12,120451,120433,1,0,2018-01-17,0.0,1.0,0.0,0.0,0.0,0.0,0.0,0.0,0.0,True
P12,120451,120435,1,0,2019-08-13,,,,,,,,,,False
P12,120451,120445,1,0,2022-03-26,,,,,,,,,,False
P12,120451,120448,1,0,2019-10-28,1.0,1.0,0.0,1.0,1.0,0.0,0.0,0.0,0.0,True
P12,120451,120452,1,0,2020-10-04,,,,,,,,,,False
P12,120451,120453,1,0,2019-11-25,0.0,1.0,0.0,0.0,0.0,0.0,0.0,0.0,0.0,True
P12,120451,120454,1,0,2020-02-07,,,,,,,,,,False
P12,120451,120532,1,0,2018-01-03,0.0,1.0,0.0,0.0,0.0,0.0,0.0,0.0,0.0,True
P12,120451,120536,1,1,2025-01-06,0.0,1.0,0.0,0.0,0.0,0.0,0.0,0.0,0.0,True
P12,120451,280013,1,0,2024-03-20,0.0,1.0,0.0,0.0,0.0,0.0,0.0,0.0,0.0,True
P12,120451,280087,1,0,2019-12-01,,,,,,,,,,False
P12,120451,280107,1,1,2025-09-16,1.0,1.0,0.0,1.0,1.0,0.0,0.0,0.0,0.0,True
P12,120452,120454,1,0,2018-06-19,,,,,,,,,,False
P12,120452,120465,1,0,2019-04-29,,,,,,,,,,False
P12,120452,120532,1,0,2020-06-16,,,,,,,,,,False
P12,120452,280114,1,0,2018-08-13,,,,,,,,,,False
P12,120452,280228,1,0,2020-10-05,,,,,,,,,,False
P12,120453,120430,1,0,2019-01-03,0.5,1.0,0.0,0.0,0.0,0.0,1.0,0.0,0.0,True
P12,120453,120433,1,0,2023-10-09,0.0,1.0,0.0,0.0,0.0,0.0,0.0,0.0,0.0,True
P12,120453,120435,1,0,2018-05-15,,,,,,,,,,False
P12,120453,120436,1,0,2019-01-14,1.5,1.0,0.0,1.0,1.0,0.0,1.0,0.0,0.0,True
P12,120453,120444,1,0,2020-12-20,1.5,1.0,0.0,1.0,1.0,0.0,1.0,0.0,0.0,True
P12,120453,120532,1,0,2022-05-25,0.5,1.0,0.0,0.0,0.0,0.0,1.0,0.0,0.0,True
P12,120453,120536,1,0,2024-04-01,0.5,1.0,0.0,0.0,0.0,0.0,1.0,0.0,0.0,True
P12,120453,280013,1,0,2021-11-29,0.5,1.0,0.0,0.0,0.0,0.0,1.0,0.0,0.0,True
P12,120453,280098,1,0,2020-10-29,,,,,,,,,,False
P12,120453,280115,1,0,2019-06-26,,,,,,,,,,False
P12,120454,120430,1,0,2019-12-18,,,,,,,,,,False
P12,120454,120434,1,0,2024-04-14,,,,,,,,,,False
P12,120454,120435,1,0,2018-07-30,,,,,,,,,,False
P12,120454,120437,1,0,2018-02-09,,,,,,,,,,False
P12,120454,120442,1,0,2018-04-03,,,,,,,,,,False
P12,120454,120445,1,0,2020-08-14,,,,,,,,,,False
P12,120454,120536,1,0,2019-09-12,,,,,,,,,,False
P12,120454,280107,1,0,2021-03-10,,,,,,,,,,False
P12,120465,120433,1,0,2019-05-01,,,,,,,,,,False
P12,120465,120450,1,0,2019-05-28,,,,,,,,,,False
P12,120465,120531,1,0,2021-12-14,,,,,,,,,,False
P12,120465,120534,1,0,2020-07-22,,,,,,,,,,False
P12,120465,280095,1,0,2018-07-16,,,,,,,,,,False
P12,120465,280098,1,0,2022-01-27,,,,,,,,,,False
P12,120465,280107,1,0,2020-01-15,,,,,,,,,,False
P12,120465,280230,1,0,2020-04-14,,,,,,,,,,False
P12,120465,280241,1,0,2021-01-17,,,,,,,,,,False
P12,120465,280401,1,0,2022-02-08,,,,,,,,,,False
P12,120531,120433,1,0,2019-09-03,0.0,1.0,0.0,0.0,0.0,0.0,0.0,0.0,0.0,True
P12,120531,120436,1,0,2022-06-01,1.0,1.0,0.0,1.0,1.0,0.0,0.0,0.0,0.0,True
P12,120531,120448,1,0,2024-04-18,1.0,1.0,0.0,1.0,1.0,0.0,0.0,0.0,0.0,True
P12,120531,120453,1,1,2025-02-20,0.5,1.0,0.0,0.0,0.0,1.0,0.0,0.0,0.0,True
P12,120531,120465,1,0,2020-10-20,,,,,,,,,,False
P12,120531,120532,1,0,2023-04-02,0.0,1.0,0.0,0.0,0.0,0.0,0.0,0.0,0.0,True
P12,120531,120536,1,0,2021-12-15,0.0,1.0,0.0,0.0,0.0,0.0,0.0,0.0,0.0,True
P12,120531,280107,1,1,2025-11-19,1.5,1.0,0.0,1.0,1.0,1.0,0.0,0.0,0.0,True
P12,120531,280114,1,0,2021-07-26,,,,,,,,,,False
P12,120531,280244,1,0,2021-06-30,1.0,1.0,0.0,1.0,1.0,0.0,0.0,0.0,0.0,True
P12,120531,280245,1,0,2021-05-18,1.0,1.0,0.0,1.0,1.0,0.0,0.0,0.0,0.0,True
P12,120531,280383,1,0,2023-09-10,0.0,1.0,0.0,0.0,0.0,0.0,0.0,0.0,0.0,True
P12,120531,280384,1,0,2022-10-02,0.0,1.0,0.0,0.0,0.0,0.0,0.0,0.0,0.0,True
P12,120531,280385,1,0,2022-11-13,0.0,1.0,0.0,0.0,0.0,0.0,0.0,0.0,0.0,True
P12,120532,120436,1,0,2022-10-08,1.0,1.0,0.0,1.0,1.0,0.0,0.0,0.0,0.0,True
P12,120532,280003,1,0,2019-04-02,,,,,,,,,,False
P12,120532,280087,1,0,2019-12-02,,,,,,,,,,False
P12,120532,280093,1,0,2019-07-15,,,,,,,,,,False
P12,120532,280095,1,0,2019-08-05,,,,,,,,,,False
P12,120532,280107,1,0,2023-01-05,1.5,1.0,0.0,1.0,1.0,1.0,0.0,0.0,0.0,True
P12,120534,120430,1,0,2019-08-30,0.0,1.0,0.0,0.0,0.0,0.0,0.0,0.0,0.0,True
P12,120534,120436,1,1,2025-01-17,1.0,1.0,0.0,1.0,1.0,0.0,0.0,0.0,0.0,True
P12,120534,120448,1,1,2026-02-08,1.0,1.0,0.0,1.0,1.0,0.0,0.0,0.0,0.0,True
P12,120534,120454,1,0,2023-10-02,,,,,,,,,,False
P12,120534,120465,1,0,2020-02-13,,,,,,,,,,False
P12,120534,280090,1,0,2024-05-29,0.0,1.0,0.0,0.0,0.0,0.0,0.0,0.0,0.0,True
P12,120534,280114,1,0,2019-06-17,,,,,,,,,,False
P12,120534,280223,1,0,2020-07-23,,,,,,,,,,False
P12,120534,280256,1,0,2023-06-21,1.5,1.0,0.0,1.0,1.0,1.0,0.0,0.0,0.0,True
P12,120534,280385,1,0,2022-01-04,0.0,1.0,0.0,0.0,0.0,0.0,0.0,0.0,0.0,True
P12,120536,120433,1,0,2024-04-01,0.0,1.0,0.0,0.0,0.0,0.0,0.0,0.0,0.0,True
P12,120536,120436,1,0,2020-09-04,1.0,1.0,0.0,1.0,1.0,0.0,0.0,0.0,0.0,True
P12,120536,120437,1,0,2021-08-20,1.0,1.0,0.0,1.0,1.0,0.0,0.0,0.0,0.0,True
P12,120536,120444,1,0,2018-10-23,1.0,1.0,0.0,1.0,1.0,0.0,0.0,0.0,0.0,True
P12,120536,120450,1,0,2023-09-26,0.5,1.0,0.0,0.0,0.0,1.0,0.0,0.0,0.0,True
P12,120536,120453,1,0,2019-01-10,0.5,1.0,0.0,0.0,0.0,1.0,0.0,0.0,0.0,True
P12,120536,242030,1,0,2019-12-05,,,,,,,,,,False
P12,120536,280003,1,0,2018-07-25,,,,,,,,,,False
P12,120536,280012,1,0,2019-11-04,,,,,,,,,,False
P12,120536,280095,1,0,2020-01-26,,,,,,,,,,False
P12,120536,280096,1,0,2018-11-29,,,,,,,,,,False
P12,120536,280107,1,1,2025-01-07,1.5,1.0,0.0,1.0,1.0,1.0,0.0,0.0,0.0,True
P12,120536,280114,1,0,2021-06-29,,,,,,,,,,False
P12,120536,280115,1,0,2019-09-12,,,,,,,,,,False
P12,120536,280325,1,0,2021-10-26,1.25,1.0,0.0,1.0,1.0,0.0,0.0,1.0,0.0,True
P12,120536,280384,1,0,2021-12-18,0.0,1.0,0.0,0.0,0.0,0.0,0.0,0.0,0.0,True
P12,241281,120430,1,0,2021-09-28,,,,,,,,,,False
P12,241281,120531,1,0,2021-09-20,,,,,,,,,,False
P12,241281,120532,1,0,2021-08-15,,,,,,,,,,False
P12,241288,280385,1,0,2021-09-23,0.75,1.0,0.0,1.0,1.0,0.0,0.0,-1.0,0.0,True
P12,242030,280013,1,0,2018-11-13,,,,,,,,,,False
P12,242030,280040,1,0,2018-08-16,,,,,,,,,,False
P12,242030,280093,1,0,2019-12-08,,,,,,,,,,False
P12,242030,280134,1,0,2018-05-30,,,,,,,,,,False
P12,251200,120454,1,0,2019-09-11,,,,,,,,,,False
P12,280003,120430,1,0,2018-01-11,,,,,,,,,,False
P12,280003,280133,1,0,2018-05-23,,,,,,,,,,False
P12,280012,120465,1,0,2019-07-29,,,,,,,,,,False
P12,280012,120536,1,0,2019-11-05,,,,,,,,,,False
P12,280012,280013,1,0,2020-05-28,,,,,,,,,,False
P12,280013,120431,1,0,2018-12-17,0.0,1.0,0.0,0.0,0.0,0.0,0.0,0.0,0.0,True
P12,280013,120434,1,0,2022-04-03,0.0,1.0,0.0,0.0,0.0,0.0,0.0,0.0,0.0,True
P12,280013,120435,1,0,2018-11-14,,,,,,,,,,False
P12,280013,120436,1,0,2023-10-16,1.0,1.0,0.0,1.0,1.0,0.0,0.0,0.0,0.0,True
P12,280013,120437,1,0,2022-12-03,1.0,1.0,0.0,1.0,1.0,0.0,0.0,0.0,0.0,True
P12,280013,120444,1,0,2024-03-22,1.0,1.0,0.0,1.0,1.0,0.0,0.0,0.0,0.0,True
P12,280013,120445,1,0,2021-11-30,,,,,,,,,,False
P12,280013,120447,1,0,2021-05-08,,,,,,,,,,False
P12,280013,120448,1,0,2020-05-29,1.0,1.0,0.0,1.0,1.0,0.0,0.0,0.0,0.0,True
P12,280013,120450,1,0,2022-01-28,0.0,1.0,0.0,0.0,0.0,0.0,0.0,0.0,0.0,True
P12,280040,120430,1,0,2018-08-20,,,,,,,,,,False
P12,280052,241281,1,0,2020-11-08,,,,,,,,,,False
P12,280052,280093,1,0,2019-11-12,,,,,,,,,,False
P12,280087,120532,1,0,2019-12-02,,,,,,,,,,False
P12,280087,120536,1,0,2019-12-04,,,,,,,,,,False
P12,280090,120430,1,1,2025-07-31,0.0,1.0,0.0,0.0,0.0,0.0,0.0,0.0,0.0,True
P12,280090,120431,1,0,2020-07-07,0.0,1.0,0.0,0.0,0.0,0.0,0.0,0.0,0.0,True
P12,280090,120433,1,0,2024-02-22,0.0,1.0,0.0,0.0,0.0,0.0,0.0,0.0,0.0,True
P12,280090,120435,1,0,2020-11-22,,,,,,,,,,False
P12,280090,120450,1,0,2024-05-29,0.5,1.0,0.0,0.0,0.0,1.0,0.0,0.0,0.0,True
P12,280090,120454,1,0,2020-08-13,,,,,,,,,,False
P12,280090,120531,1,0,2024-03-18,0.0,1.0,0.0,0.0,0.0,0.0,0.0,0.0,0.0,True
P12,280090,120532,1,1,2025-08-03,0.0,1.0,0.0,0.0,0.0,0.0,0.0,0.0,0.0,True
P12,280090,120536,1,1,2025-10-05,0.0,1.0,0.0,0.0,0.0,0.0,0.0,0.0,0.0,True
P12,280090,280107,1,0,2023-11-15,1.5,1.0,0.0,1.0,1.0,1.0,0.0,0.0,0.0,True
P12,280090,280223,1,0,2021-05-13,,,,,,,,,,False
P12,280090,280256,1,0,2023-10-30,1.5,1.0,0.0,1.0,1.0,1.0,0.0,0.0,0.0,True
P12,280090,280380,1,0,2024-06-18,2.5,1.0,1.0,1.0,1.0,1.0,0.0,0.0,0.0,True
P12,280090,280385,1,0,2021-12-04,0.0,1.0,0.0,0.0,0.0,0.0,0.0,0.0,0.0,True
P12,280093,120431,1,0,2019-12-11,,,,,,,,,,False
P12,280093,120435,1,0,2019-09-18,,,,,,,,,,False
P12,280093,120448,1,0,2020-03-26,,,,,,,,,,False
P12,280093,120465,1,0,2020-01-14,,,,,,,,,,False
P12,280093,120531,1,0,2019-07-18,,,,,,,,,,False
P12,280093,120532,1,0,2018-04-23,,,,,,,,,,False
P12,280093,280096,1,0,2018-05-10,,,,,,,,,,False
P12,280093,280107,1,0,2019-08-26,,,,,,,,,,False
P12,280093,280133,1,0,2018-06-07,,,,,,,,,,False
P12,280093,280229,1,0,2020-01-28,,,,,,,,,,False
P12,280095,120430,1,0,2019-07-24,,,,,,,,,,False
P12,280095,120431,1,0,2018-09-12,,,,,,,,,,False
P12,280095,120444,1,0,2018-06-27,,,,,,,,,,False
P12,280095,120450,1,0,2019-03-11,,,,,,,,,,False
P12,280095,120531,1,0,2020-02-11,,,,,,,,,,False
P12,280095,120534,1,0,2019-07-15,,,,,,,,,,False
P12,280095,280105,1,0,2020-08-21,,,,,,,,,,False
P12,280095,280174,1,0,2019-04-09,,,,,,,,,,False
P12,280096,120430,1,0,2019-09-16,,,,,,,,,,False
P12,280096,120437,1,0,2019-08-07,,,,,,,,,,False
P12,280096,120454,1,0,2018-05-14,,,,,,,,,,False
P12,280096,280052,1,0,2019-11-11,,,,,,,,,,False
P12,280096,280174,1,0,2019-10-21,,,,,,,,,,False
P12,280098,120445,1,0,2020-11-01,,,,,,,,,,False
P12,280098,280013,1,0,2022-01-28,,,,,,,,,,False
P12,280105,280227,1,0,2020-08-23,,,,,,,,,,False
P12,280107,120451,1,0,2022-03-22,1.0,1.0,0.0,1.0,1.0,0.0,0.0,0.0,0.0,True
P12,280107,120453,1,0,2019-08-27,1.0,1.0,0.0,1.0,1.0,0.0,0.0,0.0,0.0,True
P12,280107,120534,1,0,2019-08-29,1.0,1.0,0.0,1.0,1.0,0.0,0.0,0.0,0.0,True
P12,280107,280114,1,0,2022-02-17,,,,,,,,,,False
P12,280107,280225,1,0,2021-01-11,,,,,,,,,,False
P12,280107,280284,1,0,2020-02-03,,,,,,,,,,False
P12,280107,280380,1,1,2025-03-11,2.0,1.0,1.0,1.0,0.0,0.0,0.0,0.0,0.0,True
P12,280107,280397,1,1,2025-03-25,2.0,1.0,1.0,1.0,0.0,0.0,0.0,0.0,0.0,True
P12,280114,120430,1,0,2019-09-09,,,,,,,,,,False
P12,280114,120435,1,0,2019-06-18,,,,,,,,,,False
P12,280114,120445,1,0,2020-09-16,,,,,,,,,,False
P12,280114,120450,1,0,2020-12-04,,,,,,,,,,False
P12,280114,120454,1,0,2019-03-11,,,,,,,,,,False
P12,280114,120531,1,0,2021-06-30,,,,,,,,,,False
P12,280114,242030,1,0,2018-08-14,,,,,,,,,,False
P12,280114,280096,1,0,2019-05-08,,,,,,,,,,False
P12,280114,280206,1,0,2019-09-09,,,,,,,,,,False
P12,280115,120437,1,0,2019-05-29,,,,,,,,,,False
P12,280115,120450,1,0,2021-12-20,,,,,,,,,,False
P12,280115,120451,1,0,2019-08-12,,,,,,,,,,False
P12,280115,120531,1,0,2022-02-18,,,,,,,,,,False
P12,280115,120536,1,0,2018-07-24,,,,,,,,,,False
P12,280115,280096,1,0,2019-09-16,,,,,,,,,,False
P12,280115,280164,1,0,2020-06-24,,,,,,,,,,False
P12,280115,280225,1,0,2020-10-06,,,,,,,,,,False
P12,280129,280256,1,0,2023-05-07,1.5,1.0,0.0,1.0,1.0,0.0,1.0,0.0,0.0,True
P12,280130,120437,1,0,2022-11-27,0.0,1.0,0.0,0.0,1.0,0.0,0.0,0.0,0.0,True
P12,280133,120431,1,0,2018-06-11,,,,,,,,,,False
P12,280133,242030,1,0,2018-05-29,,,,,,,,,,False
P12,280134,280095,1,0,2018-06-04,,,,,,,,,,False
P12,280164,120435,1,0,2020-02-17,,,,,,,,,,False
P12,280164,120436,1,0,2022-08-31,1.0,1.0,0.0,1.0,1.0,0.0,0.0,0.0,0.0,True
P12,280164,120444,1,0,2019-02-26,1.0,1.0,0.0,1.0,1.0,0.0,0.0,0.0,0.0,True
P12,280164,120445,1,0,2022-06-18,,,,,,,,,,False
P12,280164,120450,1,1,2025-08-05,0.5,1.0,0.0,0.0,0.0,1.0,0.0,0.0,0.0,True
P12,280164,120465,1,0,2022-01-07,,,,,,,,,,False
P12,280164,120532,1,0,2023-09-24,0.0,1.0,0.0,0.0,0.0,0.0,0.0,0.0,0.0,True
P12,280164,280090,1,0,2024-04-30,0.0,1.0,0.0,0.0,0.0,0.0,0.0,0.0,0.0,True
P12,280164,280107,1,0,2020-09-21,1.5,1.0,0.0,1.0,1.0,1.0,0.0,0.0,0.0,True
P12,280164,280114,1,0,2020-12-04,,,,,,,,,,False
P12,280164,280129,1,0,2023-05-07,1.5,1.0,0.0,1.0,1.0,1.0,0.0,0.0,0.0,True
P12,280164,280223,1,0,2020-06-25,,,,,,,,,,False
P12,280164,280256,1,1,2024-09-25,1.5,1.0,0.0,1.0,1.0,1.0,0.0,0.0,0.0,True
P12,280164,280384,1,0,2021-09-22,0.0,1.0,0.0,0.0,0.0,0.0,0.0,0.0,0.0,True
P12,280164,280401,1,0,2024-03-01,,,,,,,,,,False
P12,280166,120430,1,0,2023-04-01,1.0,0.0,0.0,1.0,1.0,0.0,0.0,0.0,0.0,True
P12,280174,120437,1,0,2019-04-10,,,,,,,,,,False
P12,280206,251200,1,0,2019-09-10,,,,,,,,,,False
P12,280223,120437,1,0,2021-06-11,,,,,,,,,,False
P12,280223,280115,1,0,2020-04-19,,,,,,,,,,False
P12,280223,280232,1,0,2020-05-03,,,,,,,,,,False
P12,280225,120430,1,0,2020-03-12,,,,,,,,,,False
P12,280225,280107,1,0,2020-01-30,,,,,,,,,,False
P12,280225,280229,1,0,2020-10-06,,,,,,,,,,False
P12,280226,120450,1,0,2021-03-06,,,,,,,,,,False
P12,280226,280225,1,0,2020-08-26,,,,,,,,,,False
P12,280226,280287,1,0,2020-12-09,,,,,,,,,,False
P12,280227,120431,1,0,2021-01-13,,,,,,,,,,False
P12,280227,120444,1,0,2020-10-08,,,,,,,,,,False
P12,280227,280114,1,0,2021-04-14,,,,,,,,,,False
P12,280227,280225,1,0,2020-12-07,,,,,,,,,,False
P12,280227,280226,1,0,2020-08-25,,,,,,,,,,False
P12,280227,280229,1,0,2020-06-30,,,,,,,,,,False
P12,280228,120431,1,0,2020-08-30,,,,,,,,,,False
P12,280228,280115,1,0,2020-10-05,,,,,,,,,,False
P12,280229,120431,1,0,2020-12-10,,,,,,,,,,False
P12,280229,120532,1,0,2020-06-30,,,,,,,,,,False
P12,280229,280226,1,0,2020-10-07,,,,,,,,,,False
P12,280229,280245,1,0,2020-05-07,,,,,,,,,,False
P12,280229,280287,1,0,2021-03-03,,,,,,,,,,False
P12,280230,120436,1,0,2021-04-02,,,,,,,,,,False
P12,280230,280093,1,0,2020-08-19,,,,,,,,,,False
P12,280230,280107,1,0,2021-06-12,,,,,,,,,,False
P12,280230,280225,1,0,2020-06-29,,,,,,,,,,False
P12,280232,120431,1,0,2020-07-26,,,,,,,,,,False
P12,280232,120536,1,0,2021-05-14,,,,,,,,,,False
P12,280232,280223,1,0,2020-08-18,,,,,,,,,,False
P12,280232,280225,1,0,2020-05-04,,,,,,,,,,False
P12,280232,280230,1,0,2021-04-01,,,,,,,,,,False
P12,280241,120444,1,0,2021-01-25,,,,,,,,,,False
P12,280241,280242,1,0,2021-01-20,,,,,,,,,,False
P12,280241,280284,1,0,2021-02-07,,,,,,,,,,False
P12,280242,280241,1,0,2021-01-24,,,,,,,,,,False
P12,280244,120437,1,1,2024-09-21,0.0,1.0,0.0,0.0,0.0,0.0,0.0,0.0,0.0,True
P12,280244,120448,1,0,2020-05-14,0.0,1.0,0.0,0.0,0.0,0.0,0.0,0.0,0.0,True
P12,280245,280244,1,0,2020-05-10,0.5,1.0,0.0,0.0,0.0,0.0,1.0,0.0,0.0,True
P12,280245,280256,1,0,2024-06-16,2.0,1.0,0.0,1.0,1.0,1.0,1.0,0.0,0.0,True
P12,280245,280377,1,0,2021-05-24,3.0,1.0,1.0,1.0,0.0,1.0,1.0,0.0,0.0,True
P12,280256,120444,1,0,2022-08-06,1.0,1.0,0.0,1.0,1.0,0.0,0.0,0.0,0.0,True
P12,280256,120453,1,0,2023-10-08,1.0,1.0,0.0,1.0,1.0,0.0,0.0,0.0,0.0,True
P12,280256,280164,1,0,2023-09-22,1.0,1.0,0.0,1.0,1.0,0.0,0.0,0.0,0.0,True
P12,280256,280245,1,0,2024-06-11,1.0,1.0,0.0,1.0,1.0,0.0,0.0,0.0,0.0,True
P12,280256,280351,1,0,2022-11-06,0.25,1.0,0.0,0.0,0.0,0.0,0.0,1.0,0.0,True
P12,280256,280375,1,0,2023-07-30,2.0,1.0,1.0,1.0,1.0,0.0,0.0,0.0,0.0,True
P12,280256,280383,1,0,2023-06-14,1.0,1.0,0.0,1.0,1.0,0.0,0.0,0.0,0.0,True
P12,280256,280385,1,0,2023-09-08,1.0,1.0,0.0,1.0,1.0,0.0,0.0,0.0,0.0,True
P12,280256,280401,1,0,2023-04-09,,,,,,,,,,False
P12,280256,280403,1,0,2023-05-22,,,,,,,,,,False
P12,280256,280426,1,0,2022-05-18,2.0,1.0,1.0,1.0,1.0,0.0,0.0,0.0,0.0,True
P12,280284,120436,1,0,2021-02-10,,,,,,,,,,False
P12,280284,120450,1,0,2020-02-05,,,,,,,,,,False
P12,280285,120437,1,0,2021-02-14,,,,,,,,,,False
P12,280287,280225,1,0,2021-03-04,,,,,,,,,,False
P12,280287,280227,1,0,2020-05-06,,,,,,,,,,False
P12,280287,280228,1,0,2020-08-28,,,,,,,,,,False
P12,280287,280229,1,0,2020-12-10,,,,,,,,,,False
P12,280325,280384,1,0,2021-10-27,0.75,1.0,0.0,1.0,1.0,0.0,0.0,-1.0,0.0,True
P12,280351,280256,1,0,2022-11-06,0.0,1.0,0.0,0.0,0.0,0.0,0.0,-1.0,0.0,True
P12,280351,280380,1,0,2023-10-15,1.75,1.0,1.0,1.0,1.0,0.0,0.0,-1.0,0.0,True
P12,280352,120448,1,0,2023-03-12,,,,,,,,,,False
P12,280375,280256,1,0,2023-08-01,2.0,1.0,1.0,1.0,1.0,0.0,0.0,0.0,0.0,True
P12,280375,280426,1,1,2026-07-30,1.0,1.0,0.0,1.0,0.0,0.0,0.0,0.0,0.0,True
P12,280375,280607,1,1,2026-04-12,2.0,1.0,1.0,1.0,0.0,0.0,0.0,0.0,0.0,True
P12,280375,280612,1,1,2026-08-10,2.0,1.0,1.0,1.0,1.0,0.0,0.0,0.0,0.0,True
P12,280376,280488,1,1,2024-09-14,0.0,1.0,0.0,0.0,0.0,0.0,0.0,0.0,0.0,True
P12,280377,120531,1,0,2021-07-25,2.0,1.0,1.0,1.0,1.0,0.0,0.0,0.0,0.0,True
P12,280377,280107,1,0,2023-06-08,2.0,1.0,1.0,1.0,0.0,0.0,0.0,0.0,0.0,True
P12,280377,280397,1,1,2026-04-01,0.0,1.0,0.0,0.0,0.0,0.0,0.0,0.0,0.0,True
P12,280378,120436,1,0,2021-09-15,2.0,1.0,1.0,1.0,0.0,0.0,0.0,0.0,0.0,True
P12,280378,120437,1,0,2021-11-15,2.0,1.0,1.0,1.0,0.0,0.0,0.0,0.0,0.0,True
P12,280378,120453,1,0,2022-05-24,2.0,1.0,1.0,1.0,1.0,0.0,0.0,0.0,0.0,True
P12,280378,120536,1,0,2022-01-19,2.0,1.0,1.0,1.0,1.0,0.0,0.0,0.0,0.0,True
P12,280378,241281,1,0,2021-06-01,,,,,,,,,,False
P12,280378,280256,1,0,2022-07-28,2.0,1.0,1.0,1.0,1.0,0.0,0.0,0.0,0.0,True
P12,280378,280376,1,0,2023-01-27,0.0,1.0,0.0,0.0,0.0,0.0,0.0,0.0,0.0,True
P12,280378,280539,1,1,2026-07-20,0.0,1.0,0.0,0.0,0.0,0.0,0.0,0.0,0.0,True
P12,280379,120437,1,0,2023-01-31,2.0,1.0,1.0,1.0,0.0,0.0,0.0,0.0,0.0,True
P12,280379,120450,1,1,2025-07-09,2.0,1.0,1.0,1.0,1.0,0.0,0.0,0.0,0.0,True
P12,280379,280013,1,0,2023-10-16,2.0,1.0,1.0,1.0,1.0,0.0,0.0,0.0,0.0,True
P12,280379,280403,1,0,2023-04-10,,,,,,,,,,False
P12,280379,280436,1,1,2026-04-26,1.0,0.0,0.0,1.0,0.0,0.0,0.0,0.0,0.0,True
P12,280379,280539,1,1,2026-08-07,0.0,1.0,0.0,0.0,0.0,0.0,0.0,0.0,0.0,True
P12,280380,120437,1,0,2021-09-05,2.0,1.0,1.0,1.0,0.0,0.0,0.0,0.0,0.0,True
P12,280380,120444,1,0,2022-03-20,2.0,1.0,1.0,1.0,0.0,0.0,0.0,0.0,0.0,True
P12,280380,120450,1,0,2022-10-13,2.0,1.0,1.0,1.0,1.0,0.0,0.0,0.0,0.0,True
P12,280380,280244,1,1,2024-09-20,2.0,1.0,1.0,1.0,0.0,0.0,0.0,0.0,0.0,True
P12,280380,280256,1,0,2022-01-13,2.0,1.0,1.0,1.0,1.0,0.0,0.0,0.0,0.0,True
P12,280380,280351,1,0,2023-10-15,2.25,1.0,1.0,1.0,1.0,0.0,0.0,1.0,0.0,True
P12,280380,280397,1,1,2026-06-20,0.0,1.0,0.0,0.0,0.0,0.0,0.0,0.0,0.0,True
P12,280380,280539,1,1,2025-12-09,0.0,1.0,0.0,0.0,0.0,0.0,0.0,0.0,0.0,True
P12,280380,280613,1,1,2026-06-12,2.0,1.0,1.0,1.0,0.0,0.0,0.0,0.0,0.0,True
P12,280383,120431,1,0,2024-08-04,0.0,1.0,0.0,0.0,0.0,0.0,0.0,0.0,0.0,True
P12,280383,120433,1,0,2023-09-10,0.0,1.0,0.0,0.0,0.0,0.0,0.0,0.0,0.0,True
P12,280383,120437,1,0,2021-09-26,1.0,1.0,0.0,1.0,1.0,0.0,0.0,0.0,0.0,True
P12,280383,120465,1,0,2022-08-26,,,,,,,,,,False
P12,280383,280013,1,0,2022-12-02,0.5,1.0,0.0,0.0,0.0,1.0,0.0,0.0,0.0,True
P12,280383,280385,1,0,2024-03-04,0.0,1.0,0.0,0.0,0.0,0.0,0.0,0.0,0.0,True
P12,280383,280401,1,0,2023-09-13,,,,,,,,,,False
P12,280384,120451,1,0,2021-12-19,0.5,1.0,0.0,0.0,0.0,1.0,0.0,0.0,0.0,True
P12,280384,120534,1,0,2022-12-22,0.0,1.0,0.0,0.0,0.0,0.0,0.0,0.0,0.0,True
P12,280384,241288,1,0,2021-09-23,1.25,1.0,0.0,1.0,1.0,0.0,0.0,1.0,0.0,True
P12,280384,280090,1,0,2024-03-17,0.0,1.0,0.0,0.0,0.0,0.0,0.0,0.0,0.0,True
P12,280384,280107,1,0,2022-02-04,1.5,1.0,0.0,1.0,1.0,1.0,0.0,0.0,0.0,True
P12,280384,280383,1,0,2021-10-28,0.0,1.0,0.0,0.0,0.0,0.0,0.0,0.0,0.0,True
P12,280385,120430,1,0,2023-09-09,0.0,1.0,0.0,0.0,0.0,0.0,0.0,0.0,0.0,True
P12,280385,120431,1,0,2023-06-16,0.0,1.0,0.0,0.0,0.0,0.0,0.0,0.0,0.0,True
P12,280385,120465,1,0,2021-12-06,,,,,,,,,,False
P12,280385,120534,1,0,2024-03-04,0.0,1.0,0.0,0.0,0.0,0.0,0.0,0.0,0.0,True
P12,280385,280090,1,0,2022-01-04,0.0,1.0,0.0,0.0,0.0,0.0,0.0,0.0,0.0,True
P12,280385,280115,1,0,2022-06-11,,,,,,,,,,False
P12,280385,280383,1,0,2021-09-24,0.0,1.0,0.0,0.0,0.0,0.0,0.0,0.0,0.0,True
P12,280397,120532,1,1,2025-07-29,2.0,1.0,1.0,1.0,1.0,0.0,0.0,0.0,1.0,True
P12,280397,280375,1,1,2025-05-25,0.0,1.0,0.0,0.0,0.0,0.0,0.0,0.0,1.0,True
P12,280397,280377,1,1,2026-05-12,0.0,1.0,0.0,0.0,0.0,0.0,0.0,0.0,1.0,True
P12,280397,280436,1,1,2025-06-08,1.0,1.0,0.0,1.0,0.0,0.0,0.0,0.0,1.0,True
P12,280397,280612,1,1,2026-08-08,2.0,1.0,1.0,1.0,1.0,0.0,0.0,0.0,1.0,True
P12,280401,120431,1,0,2023-05-25,,,,,,,,,,False
P12,280401,120453,1,0,2022-12-13,,,,,,,,,,False
P12,280401,120532,1,0,2022-07-16,,,,,,,,,,False
P12,280401,120536,1,0,2024-03-02,,,,,,,,,,False
P12,280401,280090,1,0,2022-12-12,,,,,,,,,,False
P12,280401,280404,1,0,2023-09-14,,,,,,,,,,False
P12,280403,120430,1,0,2022-02-10,,,,,,,,,,False
P12,280403,280256,1,0,2024-05-15,,,,,,,,,,False
P12,280403,280376,1,0,2023-04-11,,,,,,,,,,False
P12,280403,280378,1,0,2023-04-10,,,,,,,,,,False
P12,280403,280401,1,0,2023-05-23,,,,,,,,,,False
P12,280426,280164,1,0,2024-07-30,1.0,1.0,1.0,0.0,1.0,0.0,0.0,0.0,0.0,True
P12,280426,280379,1,1,2026-03-30,1.0,1.0,0.0,1.0,0.0,0.0,0.0,0.0,0.0,True
P12,280426,280397,1,1,2025-06-06,1.0,1.0,0.0,1.0,0.0,0.0,0.0,0.0,0.0,True
P12,280426,280488,1,1,2025-03-21,1.0,1.0,0.0,1.0,0.0,0.0,0.0,0.0,0.0,True
P12,280426,280613,1,1,2026-07-15,2.0,1.0,1.0,1.0,0.0,0.0,0.0,0.0,0.0,True
P12,280436,120436,1,1,2026-01-24,2.0,1.0,1.0,1.0,0.0,0.0,0.0,0.0,0.0,True
P12,280436,280256,1,1,2025-06-09,2.0,1.0,1.0,1.0,1.0,0.0,0.0,0.0,0.0,True
P12,280436,280375,1,1,2026-07-27,1.0,1.0,0.0,1.0,0.0,0.0,0.0,0.0,0.0,True
P12,280436,280380,1,1,2026-08-03,1.0,1.0,0.0,1.0,0.0,0.0,0.0,0.0,0.0,True
P12,280436,280426,1,1,2026-03-27,0.0,1.0,0.0,0.0,0.0,0.0,0.0,0.0,0.0,True
P12,280436,280539,1,1,2025-07-25,1.0,1.0,0.0,1.0,0.0,0.0,0.0,0.0,0.0,True
P12,280436,280605,1,1,2026-04-27,1.0,1.0,1.0,0.0,1.0,0.0,0.0,0.0,0.0,True
P12,280436,280612,1,1,2026-06-28,1.0,1.0,1.0,0.0,1.0,0.0,0.0,0.0,0.0,True
P12,280488,120532,1,1,2025-10-03,2.0,1.0,1.0,1.0,1.0,0.0,0.0,0.0,0.0,True
P12,280488,120536,1,1,2025-02-18,2.0,1.0,1.0,1.0,1.0,0.0,0.0,0.0,0.0,True
P12,280488,280379,1,0,2024-02-06,0.0,1.0,0.0,0.0,0.0,0.0,0.0,0.0,0.0,True
P12,280488,280426,1,1,2025-07-22,1.0,1.0,0.0,1.0,0.0,0.0,0.0,0.0,0.0,True
P12,280488,280612,1,1,2026-05-15,2.0,1.0,1.0,1.0,1.0,0.0,0.0,0.0,0.0,True
P12,280539,280376,1,1,2026-06-09,0.0,1.0,0.0,0.0,0.0,0.0,0.0,0.0,1.0,True
P12,280539,280380,1,1,2026-06-19,0.0,1.0,0.0,0.0,0.0,0.0,0.0,0.0,1.0,True
P12,280539,280605,1,1,2026-04-06,2.0,1.0,1.0,1.0,1.0,0.0,0.0,0.0,1.0,True
P12,280605,280607,1,1,2026-04-10,1.0,0.0,0.0,1.0,1.0,0.0,0.0,0.0,1.0,True
P12,280605,280613,1,1,2026-06-02,2.5,1.0,1.0,1.0,1.0,0.0,1.0,0.0,1.0,True
P12,280605,280622,1,1,2026-05-04,0.5,1.0,0.0,0.0,0.0,0.0,1.0,0.0,1.0,True
P12,280607,280375,1,1,2026-04-12,3.0,1.0,1.0,1.0,0.0,1.0,1.0,0.0,1.0,True
P12,280607,280378,1,1,2026-04-13,3.0,1.0,1.0,1.0,0.0,1.0,1.0,0.0,1.0,True
P12,280611,280612,1,1,2026-02-19,0.0,1.0,0.0,0.0,0.0,0.0,0.0,0.0,1.0,True
P12,280611,280615,1,1,2026-04-21,1.0,1.0,0.0,1.0,1.0,0.0,0.0,0.0,1.0,True
P12,280612,280375,1,1,2026-08-08,2.5,1.0,1.0,1.0,1.0,1.0,0.0,0.0,1.0,True
P12,280612,280379,1,1,2026-04-25,2.5,1.0,1.0,1.0,1.0,1.0,0.0,0.0,1.0,True
P12,280612,280397,1,1,2026-06-17,2.5,1.0,1.0,1.0,1.0,1.0,0.0,0.0,1.0,True
P12,280612,280426,1,1,2026-05-18,1.5,1.0,1.0,0.0,1.0,1.0,0.0,0.0,1.0,True
P12,280612,280611,1,1,2026-08-11,0.0,1.0,0.0,0.0,0.0,0.0,0.0,0.0,1.0,True
P12,280612,280613,1,1,2026-06-29,1.0,1.0,0.0,1.0,1.0,0.0,0.0,0.0,1.0,True
P12,280613,280376,1,1,2026-07-16,2.5,1.0,1.0,1.0,0.0,1.0,0.0,0.0,1.0,True
P12,280614,280426,1,1,2026-07-14,2.5,1.0,1.0,1.0,0.0,1.0,0.0,0.0,1.0,True
P12,280614,280539,1,1,2026-05-09,2.5,1.0,1.0,1.0,0.0,1.0,0.0,0.0,1.0,True
P12,280614,280605,1,1,2026-06-02,2.0,1.0,1.0,1.0,1.0,0.0,0.0,0.0,1.0,True
P12,280614,280612,1,1,2026-06-15,1.0,0.0,0.0,1.0,1.0,0.0,0.0,0.0,1.0,True
P12,280614,280613,1,1,2026-02-26,0.0,1.0,0.0,0.0,0.0,0.0,0.0,0.0,1.0,True
P12,280615,280539,1,1,2026-06-08,2.5,1.0,1.0,1.0,0.0,1.0,0.0,0.0,1.0,True
P12,280615,280612,1,1,2026-04-22,1.0,1.0,0.0,1.0,1.0,0.0,0.0,0.0,1.0,True
P12,280622,280436,1,1,2026-03-25,1.5,1.0,1.0,0.0,1.0,1.0,0.0,0.0,1.0,True
P12,280622,280611,1,1,2026-05-06,1.0,1.0,1.0,0.0,0.0,0.0,0.0,0.0,1.0,True
P12,280622,280612,1,1,2026-07-08,1.0,1.0,1.0,0.0,0.0,0.0,0.0,0.0,1.0,True
P13,280256,280351,15,12,2026-06-06,0.25,1.0,0.0,0.0,0.0,0.0,0.0,1.0,0.0,True
P13,280233,280234,9,0,2021-08-15,0.0,1.0,0.0,0.0,0.0,0.0,0.0,0.0,0.0,True
P13,280351,280256,9,6,2026-06-17,0.0,1.0,0.0,0.0,0.0,0.0,0.0,-1.0,0.0,True
P13,120464,241288,8,0,2020-12-17,0.0,1.0,0.0,0.0,0.0,0.0,0.0,-1.0,0.0,True
P13,280234,280235,8,0,2021-12-14,0.5,1.0,0.0,0.0,0.0,0.0,1.0,0.0,0.0,True
P13,280212,280052,7,0,2023-04-19,1.0,0.0,0.0,1.0,0.0,0.0,0.0,0.0,0.0,True
P13,120436,120437,6,0,2022-10-13,0.0,1.0,0.0,0.0,0.0,0.0,0.0,0.0,0.0,True
P13,120436,120464,6,0,2020-02-23,0.5,1.0,0.0,0.0,0.0,0.0,0.0,2.0,0.0,True
P13,280169,241283,6,1,2024-09-06,0.75,1.0,0.0,0.0,0.0,1.0,0.0,1.0,0.0,True
P13,280169,280325,6,0,2023-03-12,1.0,0.0,0.0,1.0,1.0,0.0,0.0,0.0,0.0,True
P13,280222,280212,6,1,2025-04-21,0.0,1.0,0.0,0.0,0.0,0.0,0.0,0.0,0.0,True
P13,280351,280264,6,6,2025-03-26,1.25,1.0,0.0,1.0,1.0,0.0,0.0,1.0,0.0,True
P13,120436,120448,5,0,2023-08-30,0.0,1.0,0.0,0.0,0.0,0.0,0.0,0.0,0.0,True
P13,241287,280169,5,0,2023-05-12,0.0,1.0,0.0,0.0,0.0,0.0,0.0,0.0,0.0,True
P13,251200,120437,5,0,2020-11-14,0.0,1.0,0.0,0.0,0.0,0.0,0.0,-1.0,0.0,True
P13,251200,120464,5,0,2024-01-27,0.25,1.0,0.0,0.0,0.0,0.0,0.0,1.0,0.0,True
P13,280052,280212,5,0,2023-07-17,1.0,0.0,0.0,1.0,0.0,0.0,0.0,0.0,0.0,True
P13,280169,241287,5,0,2023-12-17,0.0,1.0,0.0,0.0,0.0,0.0,0.0,0.0,0.0,True
P13,280213,280052,5,0,2023-07-16,0.75,1.0,0.0,0.0,0.0,0.0,0.0,3.0,0.0,True
P13,280264,280351,5,4,2025-06-27,1.25,1.0,0.0,1.0,1.0,1.0,0.0,-1.0,0.0,True
P13,120436,280169,4,1,2024-10-06,0.25,1.0,0.0,0.0,0.0,0.0,0.0,1.0,0.0,True
P13,120437,120436,4,0,2022-10-16,0.0,1.0,0.0,0.0,0.0,0.0,0.0,0.0,0.0,True
P13,120437,120448,4,0,2022-09-18,0.0,1.0,0.0,0.0,0.0,0.0,0.0,0.0,0.0,True
P13,120437,120464,4,0,2020-11-15,0.5,1.0,0.0,0.0,0.0,0.0,0.0,2.0,0.0,True
P13,120464,120436,4,0,2023-09-27,0.0,1.0,0.0,0.0,0.0,0.0,0.0,-2.0,0.0,True
P13,241288,120436,4,0,2019-07-22,0.0,1.0,0.0,0.0,0.0,0.0,0.0,-1.0,0.0,True
P13,280052,280147,4,0,2019-01-29,,,,,,,,,,False
P13,280052,280222,4,0,2021-06-20,1.5,1.0,0.0,1.0,0.0,0.0,1.0,0.0,0.0,True
P13,280169,280198,4,0,2021-03-09,,,,,,,,,,False
P13,280234,280233,4,0,2022-02-06,0.5,1.0,0.0,0.0,0.0,0.0,1.0,0.0,0.0,True
P13,280235,280234,4,0,2022-01-29,0.0,1.0,0.0,0.0,0.0,0.0,0.0,0.0,0.0,True
P13,280450,280264,4,1,2025-07-09,0.25,1.0,0.0,0.0,0.0,0.0,0.0,1.0,0.0,True
P13,120436,241288,3,0,2019-09-17,0.25,1.0,0.0,0.0,0.0,0.0,0.0,1.0,0.0,True
P13,120436,280264,3,2,2025-05-10,0.5,1.0,0.0,0.0,0.0,0.0,0.0,2.0,0.0,True
P13,120448,120436,3,1,2025-05-09,0.5,1.0,0.0,0.0,0.0,0.0,1.0,0.0,0.0,True
P13,120448,120464,3,0,2021-04-22,1.0,1.0,0.0,0.0,0.0,0.0,1.0,2.0,0.0,True
P13,120448,251200,3,0,2019-08-21,0.75,1.0,0.0,0.0,0.0,0.0,1.0,1.0,0.0,True
P13,120464,120448,3,0,2021-04-09,0.0,1.0,0.0,0.0,0.0,0.0,0.0,-2.0,0.0,True
P13,120464,280206,3,0,2020-02-25,,,,,,,,,,False
P13,241283,120437,3,2,2024-10-01,0.0,1.0,0.0,0.0,0.0,0.0,0.0,-2.0,0.0,True
P13,241283,120464,3,0,2020-04-19,0.0,1.0,0.0,0.0,0.0,0.0,0.0,0.0,0.0,True
P13,241283,280169,3,0,2023-06-21,0.0,1.0,0.0,0.0,0.0,0.0,0.0,-1.0,0.0,True
P13,241283,280351,3,0,2023-06-07,0.75,1.0,0.0,1.0,1.0,0.0,0.0,-1.0,0.0,True
P13,241287,241283,3,0,2023-12-18,0.75,1.0,0.0,0.0,0.0,1.0,0.0,1.0,0.0,True
P13,241288,251200,3,0,2023-12-02,0.0,1.0,0.0,0.0,0.0,0.0,0.0,0.0,0.0,True
P13,241288,280052,3,0,2019-10-07,2.0,1.0,0.0,1.0,1.0,1.0,0.0,2.0,0.0,True
P13,241288,280169,3,0,2022-12-12,0.0,1.0,0.0,0.0,0.0,0.0,0.0,0.0,0.0,True
P13,242027,280040,3,0,2018-08-27,,,,,,,,,,False
P13,251200,120436,3,0,2020-12-06,0.0,1.0,0.0,0.0,0.0,0.0,0.0,-1.0,0.0,True
P13,280052,251200,3,0,2020-10-03,1.0,1.0,0.0,1.0,1.0,0.0,1.0,-2.0,0.0,True
P13,280052,280213,3,0,2023-06-04,0.0,1.0,0.0,0.0,0.0,0.0,1.0,-3.0,0.0,True
P13,280052,280325,3,0,2022-03-13,1.0,1.0,0.0,1.0,0.0,0.0,1.0,-2.0,0.0,True
P13,280169,280264,3,0,2024-06-10,0.25,1.0,0.0,0.0,0.0,0.0,0.0,1.0,0.0,True
P13,280169,280318,3,0,2023-08-23,0.25,1.0,0.0,0.0,0.0,0.0,0.0,1.0,0.0,True
P13,280172,251200,3,0,2021-05-18,,,,,,,,,,False
P13,280222,280052,3,0,2021-06-27,1.0,1.0,0.0,1.0,0.0,0.0,0.0,0.0,0.0,True
P13,280235,280233,3,0,2021-12-15,0.0,1.0,0.0,0.0,0.0,0.0,0.0,0.0,0.0,True
P13,280264,280169,3,0,2024-09-03,0.0,1.0,0.0,0.0,0.0,0.0,0.0,-1.0,0.0,True
P13,280325,280222,3,0,2022-03-16,1.0,1.0,0.0,0.0,0.0,1.0,0.0,2.0,0.0,True
P13,280327,241283,3,0,2024-03-09,,,,,,,,,,False
P13,280351,280169,3,1,2024-09-12,1.0,1.0,0.0,1.0,1.0,0.0,0.0,0.0,0.0,True
P13,280365,280362,3,1,2025-02-02,,,,,,,,,,False
P13,120436,241287,2,0,2023-10-24,0.25,1.0,0.0,0.0,0.0,0.0,0.0,1.0,0.0,True
P13,120436,280052,2,0,2020-09-01,2.25,1.0,0.0,1.0,1.0,1.0,0.0,3.0,0.0,True
P13,120437,241283,2,1,2024-10-01,1.0,1.0,0.0,0.0,0.0,1.0,0.0,2.0,0.0,True
P13,120437,241288,2,0,2019-02-13,0.25,1.0,0.0,0.0,0.0,0.0,0.0,1.0,0.0,True
P13,120437,280052,2,0,2020-10-23,2.25,1.0,0.0,1.0,1.0,1.0,0.0,3.0,0.0,True
P13,120448,241283,2,0,2022-11-08,1.5,1.0,0.0,0.0,0.0,1.0,1.0,2.0,0.0,True
P13,120448,241287,2,0,2023-07-23,0.75,1.0,0.0,0.0,0.0,0.0,1.0,1.0,0.0,True
P13,120448,280169,2,0,2023-11-07,0.75,1.0,0.0,0.0,0.0,0.0,1.0,1.0,0.0,True
P13,120464,241287,2,0,2023-12-04,0.0,1.0,0.0,0.0,0.0,0.0,0.0,-1.0,0.0,True
P13,120464,242030,2,0,2018-10-15,,,,,,,,,,False
P13,120464,251200,2,0,2021-03-23,0.0,1.0,0.0,0.0,0.0,0.0,0.0,-1.0,0.0,True
P13,120464,280107,2,0,2019-07-29,0.0,1.0,0.0,0.0,0.0,1.0,0.0,-2.0,0.0,True
P13,120464,280169,2,0,2024-06-08,0.0,1.0,0.0,0.0,0.0,0.0,0.0,-1.0,0.0,True
P13,120464,280405,2,0,2024-01-14,1.75,1.0,0.0,1.0,1.0,1.0,0.0,1.0,0.0,True
P13,241283,120436,2,1,2024-10-03,0.0,1.0,0.0,0.0,0.0,0.0,0.0,-2.0,0.0,True
P13,241283,241287,2,0,2023-01-06,0.0,1.0,0.0,0.0,0.0,0.0,0.0,-1.0,0.0,True
P13,241283,280052,2,0,2023-05-04,1.25,1.0,0.0,1.0,1.0,0.0,0.0,1.0,0.0,True
P13,241283,280172,2,0,2021-10-17,,,,,,,,,,False
P13,241283,280264,2,0,2024-03-11,0.0,1.0,0.0,0.0,0.0,0.0,0.0,0.0,0.0,True
P13,241283,280327,2,0,2023-12-20,,,,,,,,,,False
P13,241283,280365,2,0,2023-02-07,,,,,,,,,,False
P13,241287,120436,2,0,2022-11-04,0.0,1.0,0.0,0.0,0.0,0.0,0.0,-1.0,0.0,True
P13,241287,120437,2,0,2024-02-23,0.0,1.0,0.0,0.0,0.0,0.0,0.0,-1.0,0.0,True
P13,241287,280172,2,0,2022-05-19,,,,,,,,,,False
P13,241287,280264,2,0,2024-06-25,0.25,1.0,0.0,0.0,0.0,0.0,0.0,1.0,0.0,True
P13,241288,120437,2,0,2020-02-16,0.0,1.0,0.0,0.0,0.0,0.0,0.0,-1.0,0.0,True
P13,241288,120464,2,0,2020-08-24,0.25,1.0,0.0,0.0,0.0,0.0,0.0,1.0,0.0,True
P13,241288,242027,2,0,2018-07-30,,,,,,,,,,False
P13,241288,280172,2,0,2020-12-18,,,,,,,,,,False
P13,241288,280222,2,0,2021-11-01,2.0,1.0,0.0,1.0,1.0,1.0,0.0,2.0,0.0,True
P13,241288,280318,2,0,2024-02-12,0.25,1.0,0.0,0.0,0.0,0.0,0.0,1.0,0.0,True
P13,251200,241283,2,0,2023-01-05,0.75,1.0,0.0,0.0,0.0,1.0,0.0,1.0,0.0,True
P13,251200,241287,2,0,2022-10-29,0.0,1.0,0.0,0.0,0.0,0.0,0.0,0.0,0.0,True
P13,251200,280169,2,0,2023-09-11,0.0,1.0,0.0,0.0,0.0,0.0,0.0,0.0,0.0,True
P13,280013,280351,2,2,2024-11-17,1.25,1.0,0.0,1.0,1.0,0.0,0.0,1.0,0.0,True
P13,280040,242027,2,0,2018-08-27,,,,,,,,,,False
P13,280040,242030,2,0,2018-11-05,,,,,,,,,,False
P13,280052,120436,2,0,2020-10-12,0.75,1.0,0.0,1.0,1.0,0.0,1.0,-3.0,0.0,True
P13,280052,120437,2,0,2019-02-25,0.75,1.0,0.0,1.0,1.0,0.0,1.0,-3.0,0.0,True
P13,280052,120464,2,0,2019-09-30,1.25,1.0,0.0,1.0,1.0,0.0,1.0,-1.0,0.0,True
P13,280052,241283,2,0,2023-06-19,1.25,1.0,0.0,1.0,1.0,0.0,1.0,-1.0,0.0,True
P13,280052,280169,2,0,2023-04-21,1.0,1.0,0.0,1.0,1.0,0.0,1.0,-2.0,0.0,True
P13,280052,280214,2,0,2020-12-01,,,,,,,,,,False
P13,280052,280233,2,0,2020-04-28,2.0,1.0,1.0,1.0,1.0,0.0,1.0,-2.0,0.0,True
P13,280052,280405,2,0,2023-02-28,1.5,1.0,0.0,1.0,0.0,0.0,1.0,0.0,0.0,True
P13,280107,120436,2,0,2021-10-02,0.0,1.0,0.0,0.0,0.0,0.0,0.0,0.0,0.0,True
P13,280147,280052,2,0,2019-04-22,,,,,,,,,,False
P13,280169,280405,2,0,2022-12-15,2.0,1.0,0.0,1.0,1.0,1.0,0.0,2.0,0.0,True
P13,280172,120464,2,0,2022-04-10,,,,,,,,,,False
P13,280172,280169,2,0,2022-05-20,,,,,,,,,,False
P13,280172,280222,2,0,2021-10-24,,,,,,,,,,False
P13,280172,280362,2,0,2022-05-15,,,,,,,,,,False
P13,280198,280052,2,0,2021-01-17,,,,,,,,,,False
P13,280206,280212,2,0,2020-03-02,,,,,,,,,,False
P13,280212,120464,2,0,2021-04-04,1.25,1.0,0.0,1.0,1.0,0.0,1.0,-1.0,0.0,True
P13,280212,280206,2,0,2020-10-19,,,,,,,,,,False
P13,280212,280327,2,0,2023-04-05,,,,,,,,,,False
P13,280213,241283,2,0,2023-06-06,1.5,1.0,0.0,1.0,1.0,0.0,0.0,2.0,0.0,True
P13,280214,280213,2,0,2020-09-25,,,,,,,,,,False
P13,280222,120464,2,0,2023-01-19,0.75,1.0,0.0,1.0,1.0,0.0,0.0,-1.0,0.0,True
P13,280222,241283,2,0,2022-09-17,0.75,1.0,0.0,1.0,1.0,0.0,0.0,-1.0,0.0,True
P13,280222,280172,2,0,2021-12-21,,,,,,,,,,False
P13,280222,280351,2,0,2022-06-12,0.0,1.0,0.0,0.0,0.0,0.0,0.0,-2.0,0.0,True
P13,280235,280206,2,0,2020-08-19,,,,,,,,,,False
P13,280247,280233,2,0,2020-06-23,1.5,1.0,0.0,1.0,1.0,0.0,1.0,0.0,0.0,True
P13,280256,280264,2,2,2025-05-18,1.5,1.0,0.0,1.0,1.0,0.0,0.0,2.0,0.0,True
P13,280264,120436,2,1,2025-02-16,0.0,1.0,0.0,0.0,0.0,0.0,0.0,-2.0,0.0,True
P13,280264,120448,2,1,2025-05-07,0.0,1.0,0.0,0.0,0.0,0.0,0.0,-2.0,0.0,True
P13,280264,120464,2,0,2024-06-06,0.0,1.0,0.0,0.0,0.0,0.0,0.0,0.0,0.0,True
P13,280264,241287,2,0,2024-02-21,0.0,1.0,0.0,0.0,0.0,0.0,0.0,-1.0,0.0,True
P13,280264,280256,2,2,2025-05-26,1.0,1.0,0.0,1.0,1.0,1.0,0.0,-2.0,0.0,True
P13,280264,280318,2,2,2025-04-11,0.0,1.0,0.0,0.0,0.0,0.0,0.0,0.0,0.0,True
P13,280264,280327,2,0,2024-03-08,,,,,,,,,,False
P13,280264,280517,2,0,2024-06-30,0.0,1.0,0.0,0.0,0.0,0.0,0.0,-1.0,0.0,True
P13,280318,280052,2,0,2023-05-24,1.75,1.0,0.0,1.0,1.0,1.0,0.0,1.0,0.0,True
P13,280318,280169,2,0,2022-03-05,0.0,1.0,0.0,0.0,0.0,0.0,0.0,-1.0,0.0,True
P13,280318,280351,2,1,2024-12-19,1.25,1.0,0.0,1.0,1.0,1.0,0.0,-1.0,0.0,True
P13,280318,280450,2,0,2024-02-14,0.0,1.0,0.0,0.0,0.0,0.0,0.0,-1.0,0.0,True
P13,280325,280052,2,0,2022-03-09,2.0,1.0,0.0,1.0,0.0,1.0,0.0,2.0,0.0,True
P13,280327,241288,2,0,2024-02-02,,,,,,,,,,False
P13,280351,280362,2,1,2025-01-31,,,,,,,,,,False
P13,280351,280450,2,0,2024-08-29,1.0,1.0,0.0,1.0,1.0,0.0,0.0,0.0,0.0,True
P13,280362,280351,2,1,2024-09-23,,,,,,,,,,False
P13,280362,280365,2,1,2025-02-02,,,,,,,,,,False
P13,280365,280264,2,1,2024-12-11,,,,,,,,,,False
P13,280365,280327,2,0,2024-03-23,,,,,,,,,,False
P13,280405,280212,2,0,2023-04-17,0.0,1.0,0.0,0.0,0.0,0.0,0.0,0.0,0.0,True
P13,280405,280222,2,0,2024-01-21,0.0,1.0,0.0,0.0,0.0,0.0,0.0,0.0,0.0,True
P13,120430,120436,1,0,2018-02-26,1.0,0.0,0.0,1.0,1.0,0.0,0.0,0.0,0.0,True
P13,120430,241288,1,0,2024-02-11,1.25,1.0,0.0,1.0,1.0,0.0,0.0,1.0,0.0,True
P13,120430,242027,1,0,2018-04-30,,,,,,,,,,False
P13,120431,120436,1,0,2018-10-01,1.0,1.0,0.0,1.0,1.0,0.0,0.0,0.0,0.0,True
P13,120431,251200,1,0,2018-01-11,1.25,1.0,0.0,1.0,1.0,0.0,0.0,1.0,0.0,True
P13,120433,120464,1,0,2018-01-23,2.0,1.0,0.0,1.0,1.0,0.0,1.0,2.0,0.0,True
P13,120436,120444,1,0,2018-09-05,0.0,1.0,0.0,0.0,0.0,0.0,0.0,0.0,0.0,True
P13,120436,120465,1,0,2018-01-03,,,,,,,,,,False
P13,120436,241283,1,0,2020-12-07,1.0,1.0,0.0,0.0,0.0,1.0,0.0,2.0,0.0,True
P13,120436,251200,1,0,2018-02-05,0.25,1.0,0.0,0.0,0.0,0.0,0.0,1.0,0.0,True
P13,120436,280147,1,0,2019-04-15,,,,,,,,,,False
P13,120436,280213,1,0,2023-07-13,1.5,1.0,0.0,1.0,1.0,1.0,0.0,0.0,0.0,True
P13,120436,280222,1,0,2020-10-16,2.25,1.0,0.0,1.0,1.0,1.0,0.0,3.0,0.0,True
P13,120436,280234,1,0,2021-09-12,2.25,1.0,1.0,1.0,1.0,0.0,0.0,1.0,0.0,True
P13,120436,280256,1,0,2023-10-16,1.5,1.0,0.0,1.0,1.0,1.0,0.0,0.0,0.0,True
P13,120436,280351,1,1,2025-02-18,1.75,1.0,0.0,1.0,1.0,1.0,0.0,1.0,0.0,True
P13,120436,280362,1,0,2022-08-31,,,,,,,,,,False
P13,120436,280405,1,0,2023-11-16,2.25,1.0,0.0,1.0,1.0,1.0,0.0,3.0,0.0,True
P13,120437,120431,1,0,2018-09-25,1.0,0.0,0.0,1.0,1.0,0.0,0.0,0.0,0.0,True
P13,120437,242027,1,0,2018-05-14,,,,,,,,,,False
P13,120437,251200,1,0,2018-02-12,0.25,1.0,0.0,0.0,0.0,0.0,0.0,1.0,0.0,True
P13,120437,280040,1,0,2018-11-05,,,,,,,,,,False
P13,120437,280107,1,0,2021-05-03,0.5,1.0,0.0,0.0,0.0,1.0,0.0,0.0,0.0,True
P13,120437,280222,1,0,2021-11-07,2.25,1.0,0.0,1.0,1.0,1.0,0.0,3.0,0.0,True
P13,120437,280351,1,1,2024-09-08,1.75,1.0,0.0,1.0,1.0,1.0,0.0,1.0,0.0,True
P13,120437,280365,1,0,2024-02-26,,,,,,,,,,False
P13,120444,120436,1,0,2019-06-28,0.0,1.0,0.0,0.0,0.0,0.0,0.0,0.0,0.0,True
P13,120444,120437,1,0,2018-04-04,0.0,1.0,0.0,0.0,0.0,0.0,0.0,0.0,0.0,True
P13,120444,120448,1,0,2018-09-06,0.0,1.0,0.0,0.0,0.0,0.0,0.0,0.0,0.0,True
P13,120444,120464,1,0,2018-07-23,0.5,1.0,0.0,0.0,0.0,0.0,0.0,2.0,0.0,True
P13,120444,280351,1,0,2024-07-28,1.75,1.0,0.0,1.0,1.0,1.0,0.0,1.0,0.0,True
P13,120445,280212,1,0,2020-05-17,,,,,,,,,,False
P13,120448,120437,1,0,2018-03-23,0.5,1.0,0.0,0.0,0.0,0.0,1.0,0.0,0.0,True
P13,120448,120536,1,0,2018-04-02,1.5,1.0,0.0,1.0,1.0,0.0,1.0,0.0,0.0,True
P13,120448,241288,1,0,2022-11-13,0.75,1.0,0.0,0.0,0.0,0.0,1.0,1.0,0.0,True
P13,120448,242027,1,0,2018-08-06,,,,,,,,,,False
P13,120448,280052,1,0,2019-01-14,2.25,1.0,0.0,1.0,1.0,1.0,0.0,3.0,0.0,True
P13,120448,280213,1,0,2023-09-08,2.0,1.0,0.0,1.0,1.0,1.0,1.0,0.0,0.0,True
P13,120448,280222,1,0,2022-06-08,2.75,1.0,0.0,1.0,1.0,1.0,1.0,3.0,0.0,True
P13,120450,280264,1,0,2024-03-01,1.5,1.0,0.0,1.0,1.0,0.0,0.0,2.0,0.0,True
P13,120453,280087,1,0,2018-07-09,,,,,,,,,,False
P13,120464,120430,1,0,2018-04-26,0.5,1.0,0.0,1.0,1.0,0.0,0.0,-2.0,0.0,True
P13,120464,120431,1,0,2018-01-09,0.5,1.0,0.0,1.0,1.0,0.0,0.0,-2.0,0.0,True
P13,120464,120437,1,0,2018-05-10,0.0,1.0,0.0,0.0,0.0,0.0,0.0,-2.0,0.0,True
P13,120464,120444,1,0,2018-07-20,0.0,1.0,0.0,0.0,0.0,0.0,0.0,-2.0,0.0,True
P13,120464,120532,1,0,2019-08-12,0.5,1.0,0.0,1.0,1.0,0.0,0.0,-2.0,0.0,True
P13,120464,241283,1,0,2021-11-28,0.5,1.0,0.0,0.0,0.0,1.0,0.0,0.0,0.0,True
P13,120464,242027,1,0,2018-08-13,,,,,,,,,,False
P13,120464,280052,1,0,2018-12-17,1.75,1.0,0.0,1.0,1.0,1.0,0.0,1.0,0.0,True
P13,120464,280213,1,0,2021-12-03,1.0,1.0,0.0,1.0,1.0,1.0,0.0,-2.0,0.0,True
P13,120464,280222,1,0,2022-08-08,1.75,1.0,0.0,1.0,1.0,1.0,0.0,1.0,0.0,True
P13,120464,280235,1,0,2020-07-17,1.75,1.0,1.0,1.0,1.0,0.0,0.0,-1.0,0.0,True
P13,120464,280327,1,0,2024-01-30,,,,,,,,,,False
P13,120464,280351,1,0,2024-08-05,1.25,1.0,0.0,1.0,1.0,1.0,0.0,-1.0,0.0,True
P13,120464,280450,1,1,2025-07-08,0.0,1.0,0.0,0.0,0.0,0.0,0.0,-1.0,0.0,True
P13,120465,120448,1,0,2018-01-08,,,,,,,,,,False
P13,120465,241288,1,0,2019-09-18,,,,,,,,,,False
P13,120532,120448,1,0,2019-08-19,1.0,1.0,0.0,1.0,1.0,0.0,0.0,0.0,0.0,True
P13,120536,120444,1,0,2018-04-02,1.0,1.0,0.0,1.0,1.0,0.0,0.0,0.0,0.0,True
P13,241281,120436,1,0,2022-08-28,,,,,,,,,,False
P13,241283,241281,1,0,2022-08-26,,,,,,,,,,False
P13,241283,241288,1,0,2023-11-30,0.0,1.0,0.0,0.0,0.0,0.0,0.0,-1.0,0.0,True
P13,241283,241653,1,0,2020-01-31,,,,,,,,,,False
P13,241283,251200,1,0,2021-08-28,0.0,1.0,0.0,0.0,0.0,0.0,0.0,-1.0,0.0,True
P13,241283,280213,1,0,2022-11-10,0.5,1.0,0.0,1.0,1.0,0.0,0.0,-2.0,0.0,True
P13,241283,280247,1,0,2021-12-06,1.75,1.0,1.0,1.0,1.0,0.0,0.0,-1.0,0.0,True
P13,241283,280256,1,1,2025-04-27,0.5,1.0,0.0,1.0,1.0,0.0,0.0,-2.0,0.0,True
P13,241283,280362,1,0,2022-12-22,,,,,,,,,,False
P13,241283,280405,1,0,2023-04-14,1.25,1.0,0.0,1.0,1.0,0.0,0.0,1.0,0.0,True
P13,241287,120430,1,0,2024-02-11,0.75,1.0,0.0,1.0,1.0,0.0,0.0,-1.0,0.0,True
P13,241287,241288,1,0,2022-12-09,0.0,1.0,0.0,0.0,0.0,0.0,0.0,0.0,0.0,True
P13,241287,251200,1,0,2022-10-25,0.0,1.0,0.0,0.0,0.0,0.0,0.0,0.0,0.0,True
P13,241287,280233,1,0,2021-02-06,2.0,1.0,1.0,1.0,1.0,0.0,0.0,0.0,0.0,True
P13,241287,280327,1,0,2023-12-05,,,,,,,,,,False
P13,241287,280362,1,0,2023-10-26,,,,,,,,,,False
P13,241288,120444,1,0,2019-06-27,0.0,1.0,0.0,0.0,0.0,0.0,0.0,-1.0,0.0,True
P13,241288,120465,1,0,2019-09-18,,,,,,,,,,False
P13,241288,280264,1,0,2023-12-10,0.25,1.0,0.0,0.0,0.0,0.0,0.0,1.0,0.0,True
P13,241653,280243,1,0,2020-02-01,,,,,,,,,,False
P13,242027,120433,1,0,2018-01-22,,,,,,,,,,False
P13,242027,120448,1,0,2018-08-03,,,,,,,,,,False
P13,242027,120464,1,0,2018-08-09,,,,,,,,,,False
P13,242027,241288,1,0,2018-04-17,,,,,,,,,,False
P13,242027,242030,1,0,2018-05-01,,,,,,,,,,False
P13,242027,280039,1,0,2018-06-14,,,,,,,,,,False
P13,242027,280141,1,0,2018-08-29,,,,,,,,,,False
P13,242030,120431,1,0,2018-10-19,,,,,,,,,,False
P13,242030,120436,1,0,2018-02-05,,,,,,,,,,False
P13,242030,280039,1,0,2018-05-03,,,,,,,,,,False
P13,242030,280040,1,0,2018-02-01,,,,,,,,,,False
P13,242030,280052,1,0,2018-11-07,,,,,,,,,,False
P13,242030,280206,1,0,2019-10-14,,,,,,,,,,False
P13,251200,120448,1,0,2018-02-05,0.0,1.0,0.0,0.0,0.0,0.0,0.0,-1.0,0.0,True
P13,251200,241288,1,0,2021-03-24,0.0,1.0,0.0,0.0,0.0,0.0,0.0,0.0,0.0,True
P13,251200,242027,1,0,2018-01-15,,,,,,,,,,False
P13,251200,280002,1,0,2020-12-20,,,,,,,,,,False
P13,251200,280121,1,0,2021-08-29,0.0,1.0,0.0,0.0,0.0,0.0,0.0,0.0,0.0,True
P13,251200,280172,1,0,2021-03-31,,,,,,,,,,False
P13,251200,280245,1,0,2021-05-20,0.0,1.0,0.0,0.0,0.0,0.0,0.0,-1.0,0.0,True
P13,251200,280318,1,0,2021-11-11,0.25,1.0,0.0,0.0,0.0,0.0,0.0,1.0,0.0,True
P13,251200,280480,1,1,2025-04-15,2.0,1.0,0.0,1.0,1.0,1.0,0.0,2.0,0.0,True
P13,280002,280222,1,0,2020-12-21,,,,,,,,,,False
P13,280039,120464,1,0,2018-05-08,,,,,,,,,,False
P13,280039,242027,1,0,2018-06-22,,,,,,,,,,False
P13,280052,241287,1,0,2023-05-08,1.0,1.0,0.0,1.0,1.0,0.0,1.0,-2.0,0.0,True
P13,280052,241288,1,0,2018-12-12,1.0,1.0,0.0,1.0,1.0,0.0,1.0,-2.0,0.0,True
P13,280052,280068,1,0,2019-10-07,,,,,,,,,,False
P13,280052,280155,1,0,2021-01-18,,,,,,,,,,False
P13,280052,280205,1,0,2020-11-08,,,,,,,,,,False
P13,280052,280206,1,0,2019-11-19,,,,,,,,,,False
P13,280068,242030,1,0,2019-10-10,,,,,,,,,,False
P13,280087,120464,1,0,2018-07-10,,,,,,,,,,False
P13,280098,280169,1,0,2021-01-10,,,,,,,,,,False
P13,280107,120430,1,0,2018-02-20,1.0,1.0,0.0,1.0,1.0,0.0,0.0,0.0,0.0,True
P13,280107,241283,1,0,2019-07-29,0.5,1.0,0.0,0.0,0.0,0.0,0.0,2.0,0.0,True
P13,280107,280169,1,0,2021-05-05,0.25,1.0,0.0,0.0,0.0,0.0,0.0,1.0,0.0,True
P13,280121,120436,1,1,2025-02-15,0.0,1.0,0.0,0.0,0.0,0.0,0.0,-1.0,0.0,True
P13,280121,280264,1,1,2025-04-05,0.25,1.0,0.0,0.0,0.0,0.0,0.0,1.0,0.0,True
P13,280121,280318,1,0,2021-08-30,0.25,1.0,0.0,0.0,0.0,0.0,0.0,1.0,0.0,True
P13,280121,280480,1,1,2025-04-01,2.0,1.0,0.0,1.0,1.0,1.0,0.0,2.0,0.0,True
P13,280141,120436,1,0,2018-09-04,,,,,,,,,,False
P13,280142,241288,1,0,2019-06-24,,,,,,,,,,False
P13,280147,251200,1,0,2019-01-06,,,,,,,,,,False
P13,280155,241283,1,0,2021-03-11,,,,,,,,,,False
P13,280155,280243,1,0,2021-01-18,,,,,,,,,,False
P13,280169,120436,1,0,2023-11-14,0.0,1.0,0.0,0.0,0.0,0.0,0.0,-1.0,0.0,True
P13,280169,120448,1,0,2021-04-21,0.0,1.0,0.0,0.0,0.0,0.0,0.0,-1.0,0.0,True
P13,280169,120464,1,0,2021-12-01,0.25,1.0,0.0,0.0,0.0,0.0,0.0,1.0,0.0,True
P13,280169,280052,1,0,2023-05-17,2.0,1.0,0.0,1.0,1.0,1.0,0.0,2.0,0.0,True
P13,280169,280172,1,0,2022-04-09,,,,,,,,,,False
P13,280169,280213,1,0,2023-02-19,1.25,1.0,0.0,1.0,1.0,1.0,0.0,-1.0,0.0,True
P13,280169,280222,1,0,2022-04-28,2.0,1.0,0.0,1.0,1.0,1.0,0.0,2.0,0.0,True
P13,280169,280235,1,0,2021-02-01,2.0,1.0,1.0,1.0,1.0,0.0,0.0,0.0,0.0,True
P13,280169,280241,1,0,2021-01-23,,,,,,,,,,False
P13,280169,280256,1,1,2024-10-07,1.25,1.0,0.0,1.0,1.0,1.0,0.0,-1.0,0.0,True
P13,280169,280326,1,0,2023-03-20,,,,,,,,,,False
P13,280169,280327,1,0,2023-05-21,,,,,,,,,,False
P13,280169,280362,1,0,2024-03-19,,,,,,,,,,False
P13,280169,280365,1,0,2022-05-09,,,,,,,,,,False
P13,280169,280425,1,1,2024-09-13,0.5,1.0,0.0,0.0,0.0,1.0,0.0,0.0,0.0,True
P13,280172,280052,1,0,2020-04-26,,,,,,,,,,False
P13,280172,280212,1,0,2021-04-02,,,,,,,,,,False
P13,280172,280318,1,0,2022-03-05,,,,,,,,,,False
P13,280172,280327,1,0,2022-06-02,,,,,,,,,,False
P13,280198,241287,1,0,2021-03-01,,,,,,,,,,False
P13,280198,280098,1,0,2021-01-09,,,,,,,,,,False
P13,280198,280155,1,0,2021-03-10,,,,,,,,,,False
P13,280198,280169,1,0,2021-01-21,,,,,,,,,,False
P13,280205,280172,1,0,2020-11-10,,,,,,,,,,False
P13,280206,120436,1,0,2019-09-16,,,,,,,,,,False
P13,280206,120437,1,0,2020-10-22,,,,,,,,,,False
P13,280206,241283,1,0,2020-04-18,,,,,,,,,,False
P13,280206,241288,1,0,2020-08-23,,,,,,,,,,False
P13,280206,280214,1,0,2020-03-31,,,,,,,,,,False
P13,280206,280233,1,0,2020-05-26,,,,,,,,,,False
P13,280212,120448,1,0,2023-07-21,0.25,1.0,0.0,1.0,1.0,0.0,0.0,-3.0,0.0,True
P13,280212,241283,1,0,2023-11-29,1.25,1.0,0.0,1.0,1.0,0.0,1.0,-1.0,0.0,True
P13,280212,251200,1,0,2024-01-26,1.0,1.0,0.0,1.0,1.0,0.0,1.0,-2.0,0.0,True
P13,280212,280213,1,1,2025-06-02,0.75,1.0,0.0,1.0,0.0,0.0,1.0,-3.0,0.0,True
P13,280212,280256,1,1,2025-04-22,0.0,1.0,0.0,0.0,0.0,0.0,1.0,-3.0,0.0,True
P13,280212,280325,1,0,2021-06-13,0.0,1.0,0.0,0.0,0.0,0.0,1.0,-2.0,0.0,True
P13,280212,280351,1,1,2025-03-04,0.0,1.0,0.0,0.0,0.0,0.0,1.0,-2.0,0.0,True
P13,280212,280355,1,0,2021-05-16,1.0,1.0,0.0,1.0,1.0,0.0,1.0,-2.0,0.0,True
P13,280213,120448,1,0,2022-11-13,1.0,1.0,0.0,1.0,1.0,0.0,0.0,0.0,0.0,True
P13,280213,251200,1,0,2023-09-10,1.25,1.0,0.0,1.0,1.0,0.0,0.0,1.0,0.0,True
P13,280213,280169,1,0,2023-05-18,1.25,1.0,0.0,1.0,1.0,0.0,0.0,1.0,0.0,True
P13,280213,280172,1,0,2022-04-18,,,,,,,,,,False
P13,280213,280212,1,0,2020-12-10,1.75,1.0,0.0,1.0,0.0,0.0,0.0,3.0,0.0,True
P13,280213,280214,1,0,2020-02-09,,,,,,,,,,False
P13,280213,280327,1,0,2022-08-21,,,,,,,,,,False
P13,280213,280355,1,0,2021-05-12,1.25,1.0,0.0,1.0,1.0,0.0,0.0,1.0,0.0,True
P13,280213,280490,1,1,2025-06-02,0.25,1.0,0.0,0.0,0.0,0.0,0.0,1.0,0.0,True
P13,280214,241288,1,0,2020-02-13,,,,,,,,,,False
P13,280214,251200,1,0,2020-12-04,,,,,,,,,,False
P13,280214,280206,1,0,2020-04-05,,,,,,,,,,False
P13,280222,120437,1,0,2021-11-03,0.25,1.0,0.0,1.0,1.0,0.0,0.0,-3.0,0.0,True
P13,280222,241288,1,0,2021-11-01,0.5,1.0,0.0,1.0,1.0,0.0,0.0,-2.0,0.0,True
P13,280222,251200,1,0,2021-11-09,0.5,1.0,0.0,1.0,1.0,0.0,0.0,-2.0,0.0,True
P13,280222,280205,1,0,2020-12-23,,,,,,,,,,False
P13,280222,280213,1,0,2022-08-18,0.25,1.0,0.0,1.0,0.0,0.0,0.0,-3.0,0.0,True
P13,280222,280235,1,0,2022-01-24,1.5,1.0,1.0,1.0,1.0,0.0,0.0,-2.0,0.0,True
P13,280222,280264,1,0,2024-06-03,0.75,1.0,0.0,1.0,1.0,0.0,0.0,-1.0,0.0,True
P13,280222,280325,1,0,2021-10-26,0.0,1.0,0.0,0.0,0.0,0.0,0.0,-2.0,0.0,True
P13,280233,120445,1,0,2020-05-12,,,,,,,,,,False
P13,280233,280107,1,0,2021-10-01,2.25,1.0,1.0,1.0,1.0,1.0,0.0,-1.0,0.0,True
P13,280233,280222,1,0,2021-12-18,3.0,1.0,1.0,1.0,1.0,1.0,0.0,2.0,0.0,True
P13,280233,280247,1,0,2020-06-14,1.0,1.0,0.0,1.0,1.0,0.0,0.0,0.0,0.0,True
P13,280233,280256,1,0,2022-02-17,2.25,1.0,1.0,1.0,1.0,1.0,0.0,-1.0,0.0,True
P13,280234,120464,1,0,2020-07-15,2.75,1.0,1.0,1.0,1.0,0.0,1.0,1.0,0.0,True
P13,280234,251200,1,0,2021-08-16,2.5,1.0,1.0,1.0,1.0,0.0,1.0,0.0,0.0,True
P13,280234,280198,1,0,2021-02-22,,,,,,,,,,False
P13,280235,280169,1,0,2021-02-01,2.0,1.0,1.0,1.0,1.0,0.0,0.0,0.0,0.0,True
P13,280235,280247,1,0,2020-06-01,1.0,1.0,0.0,1.0,1.0,0.0,0.0,0.0,0.0,True
P13,280237,280327,1,0,2023-04-09,,,,,,,,,,False
P13,280241,280243,1,0,2021-01-24,,,,,,,,,,False
P13,280243,280169,1,0,2021-01-28,,,,,,,,,,False
P13,280243,280198,1,0,2021-01-19,,,,,,,,,,False
P13,280243,280284,1,0,2020-02-02,,,,,,,,,,False
P13,280244,120464,1,0,2024-08-03,0.5,1.0,0.0,0.0,0.0,0.0,0.0,2.0,0.0,True
P13,280244,280264,1,1,2025-06-22,0.5,1.0,0.0,0.0,0.0,0.0,0.0,2.0,0.0,True
P13,280245,280246,1,0,2021-05-23,1.0,1.0,0.0,0.0,0.0,0.0,1.0,2.0,0.0,True
P13,280246,280256,1,0,2024-08-13,1.0,1.0,0.0,1.0,1.0,1.0,0.0,-2.0,0.0,True
P13,280246,280318,1,0,2024-07-21,0.0,1.0,0.0,0.0,0.0,0.0,0.0,0.0,0.0,True
P13,280247,280234,1,0,2021-12-07,1.0,1.0,0.0,1.0,1.0,0.0,0.0,0.0,0.0,True
P13,280247,280357,1,0,2021-07-12,0.0,1.0,0.0,0.0,0.0,0.0,0.0,0.0,0.0,True
P13,280256,120436,1,0,2023-10-22,1.0,1.0,0.0,1.0,1.0,0.0,0.0,0.0,0.0,True
P13,280256,241283,1,1,2025-04-24,1.5,1.0,0.0,1.0,1.0,0.0,0.0,2.0,0.0,True
P13,280256,280052,1,0,2022-02-24,1.75,1.0,0.0,1.0,0.0,0.0,0.0,3.0,0.0,True
P13,280256,280212,1,1,2025-05-31,0.75,1.0,0.0,0.0,0.0,0.0,0.0,3.0,0.0,True
P13,280256,280222,1,0,2022-07-30,0.75,1.0,0.0,0.0,0.0,0.0,0.0,3.0,0.0,True
P13,280264,120450,1,0,2024-02-29,1.0,1.0,0.0,1.0,1.0,1.0,0.0,-2.0,0.0,True
P13,280264,280013,1,1,2024-11-10,1.0,1.0,0.0,1.0,1.0,1.0,0.0,-2.0,0.0,True
P13,280264,280212,1,1,2025-03-02,1.75,1.0,0.0,1.0,1.0,1.0,0.0,1.0,0.0,True
P13,280264,280222,1,0,2024-05-30,1.75,1.0,0.0,1.0,1.0,1.0,0.0,1.0,0.0,True
P13,280264,280425,1,1,2025-03-30,0.25,1.0,0.0,0.0,0.0,1.0,0.0,-1.0,0.0,True
P13,280284,280214,1,0,2020-02-05,,,,,,,,,,False
P13,280318,120436,1,0,2023-08-24,0.0,1.0,0.0,0.0,0.0,0.0,0.0,-2.0,0.0,True
P13,280318,251200,1,1,2025-04-13,0.0,1.0,0.0,0.0,0.0,0.0,0.0,-1.0,0.0,True
P13,280318,280213,1,0,2021-05-09,1.0,1.0,0.0,1.0,1.0,1.0,0.0,-2.0,0.0,True
P13,280318,280244,1,0,2024-08-02,0.0,1.0,0.0,0.0,0.0,0.0,0.0,-2.0,0.0,True
P13,280324,280325,1,0,2022-12-04,1.0,1.0,0.0,1.0,0.0,0.0,1.0,-2.0,0.0,True
P13,280325,241283,1,0,2023-02-17,1.75,1.0,0.0,1.0,1.0,1.0,0.0,1.0,0.0,True
P13,280325,241287,1,0,2022-12-06,1.0,1.0,0.0,1.0,1.0,0.0,0.0,0.0,0.0,True
P13,280325,251200,1,0,2021-10-14,1.0,1.0,0.0,1.0,1.0,0.0,0.0,0.0,0.0,True
P13,280325,280107,1,0,2021-09-10,1.25,1.0,0.0,1.0,1.0,1.0,0.0,-1.0,0.0,True
P13,280325,280169,1,0,2023-03-18,1.0,0.0,0.0,1.0,1.0,0.0,0.0,0.0,0.0,True
P13,280325,280172,1,0,2022-03-03,,,,,,,,,,False
P13,280325,280324,1,0,2022-12-04,1.5,1.0,0.0,1.0,0.0,0.0,0.0,2.0,0.0,True
P13,280326,120436,1,0,2022-10-02,,,,,,,,,,False
P13,280326,120464,1,0,2022-08-07,,,,,,,,,,False
P13,280326,280327,1,0,2023-03-20,,,,,,,,,,False
P13,280327,120464,1,0,2024-01-08,,,,,,,,,,False
P13,280327,280052,1,0,2023-03-22,,,,,,,,,,False
P13,280327,280169,1,0,2023-02-11,,,,,,,,,,False
P13,280327,280213,1,0,2023-06-13,,,,,,,,,,False
P13,280327,280237,1,0,2023-04-09,,,,,,,,,,False
P13,280327,280264,1,0,2023-08-08,,,,,,,,,,False
P13,280327,280318,1,0,2023-05-23,,,,,,,,,,False
P13,280327,280326,1,0,2022-10-01,,,,,,,,,,False
P13,280327,280362,1,0,2023-01-13,,,,,,,,,,False
P13,280327,280365,1,0,2022-06-03,,,,,,,,,,False
P13,280351,120444,1,0,2024-07-23,0.75,1.0,0.0,1.0,1.0,0.0,0.0,-1.0,0.0,True
P13,280351,120464,1,1,2025-07-01,1.25,1.0,0.0,1.0,1.0,0.0,0.0,1.0,0.0,True
P13,280351,241283,1,1,2024-09-29,1.25,1.0,0.0,1.0,1.0,0.0,0.0,1.0,0.0,True
P13,280351,280013,1,1,2024-11-17,0.75,1.0,0.0,1.0,1.0,0.0,0.0,-1.0,0.0,True
P13,280351,280121,1,1,2025-02-13,1.0,1.0,0.0,1.0,1.0,0.0,0.0,0.0,0.0,True
P13,280351,280222,1,0,2022-01-20,0.5,1.0,0.0,0.0,0.0,0.0,0.0,2.0,0.0,True
P13,280351,280318,1,0,2024-07-31,1.25,1.0,0.0,1.0,1.0,0.0,0.0,1.0,0.0,True
P13,280351,280327,1,0,2023-06-10,,,,,,,,,,False
P13,280351,280365,1,1,2024-12-11,,,,,,,,,,False
P13,280351,280517,1,0,2024-07-17,1.0,1.0,0.0,1.0,1.0,0.0,0.0,0.0,0.0,True
P13,280355,280172,1,0,2021-05-17,,,,,,,,,,False
P13,280355,280212,1,0,2021-05-12,2.0,1.0,0.0,1.0,1.0,1.0,0.0,2.0,0.0,True
P13,280357,280235,1,0,2021-07-18,1.5,1.0,0.0,1.0,1.0,0.0,1.0,0.0,0.0,True
P13,280362,120437,1,0,2022-06-05,,,,,,,,,,False
P13,280362,241287,1,0,2022-05-17,,,,,,,,,,False
P13,280362,241288,1,0,2022-04-22,,,,,,,,,,False
P13,280362,280169,1,0,2023-10-29,,,,,,,,,,False
P13,280362,280213,1,0,2022-09-03,,,,,,,,,,False
P13,280362,280222,1,0,2023-01-14,,,,,,,,,,False
P13,280362,280256,1,1,2025-02-04,,,,,,,,,,False
P13,280362,280327,1,0,2024-01-07,,,,,,,,,,False
P13,280365,280172,1,0,2022-05-12,,,,,,,,,,False
P13,280365,280326,1,0,2022-08-06,,,,,,,,,,False
P13,280375,280212,1,0,2023-11-27,2.75,1.0,1.0,1.0,1.0,0.0,0.0,3.0,0.0,True
P13,280405,241283,1,0,2022-12-20,0.75,1.0,0.0,1.0,1.0,0.0,0.0,-1.0,0.0,True
P13,280405,280169,1,0,2023-03-05,0.5,1.0,0.0,1.0,1.0,0.0,0.0,-2.0,0.0,True
P13,280405,280213,1,0,2022-04-17,0.25,1.0,0.0,1.0,0.0,0.0,0.0,-3.0,0.0,True
P13,280425,241287,1,0,2024-06-23,0.0,1.0,0.0,0.0,0.0,0.0,0.0,0.0,0.0,True
P13,280425,280121,1,1,2025-03-31,0.0,1.0,0.0,0.0,0.0,0.0,0.0,0.0,0.0,True
P13,280425,280264,1,1,2024-09-14,0.25,1.0,0.0,0.0,0.0,0.0,0.0,1.0,0.0,True
P13,280450,280246,1,0,2024-08-12,0.25,1.0,0.0,0.0,0.0,0.0,0.0,1.0,0.0,True
P13,280480,280121,1,1,2025-04-01,1.0,1.0,0.0,1.0,1.0,0.0,1.0,-2.0,0.0,True
P13,280480,280222,1,1,2025-04-16,1.5,1.0,0.0,1.0,0.0,0.0,1.0,0.0,0.0,True
P13,280490,280576,1,1,2025-06-04,1.0,1.0,0.0,1.0,1.0,0.0,0.0,0.0,0.0,True
P13,280517,280246,1,0,2024-07-18,0.25,1.0,0.0,0.0,0.0,0.0,0.0,1.0,0.0,True
P13,280517,280264,1,0,2024-07-01,0.25,1.0,0.0,0.0,0.0,0.0,0.0,1.0,0.0,True
P13,280517,280425,1,0,2024-06-22,0.5,1.0,0.0,0.0,0.0,1.0,0.0,0.0,0.0,True
P13,280574,280244,1,1,2025-06-13,1.0,1.0,0.0,1.0,0.0,0.0,0.0,0.0,0.0,True
P13,280576,280574,1,1,2025-06-07,0.0,1.0,0.0,0.0,0.0,0.0,0.0,-1.0,0.0,True
P14,120430,120431,21,4,2026-02-08,0.0,1.0,0.0,0.0,0.0,0.0,0.0,0.0,0.0,True
P14,120436,120437,18,2,2026-08-18,0.0,1.0,0.0,0.0,0.0,0.0,0.0,0.0,0.0,True
P14,120437,120436,17,3,2025-08-14,0.0,1.0,0.0,0.0,0.0,0.0,0.0,0.0,0.0,True
P14,120436,120448,16,2,2025-04-01,0.0,1.0,0.0,0.0,0.0,0.0,0.0,0.0,0.0,True
P14,280166,120430,13,0,2024-09-03,1.0,0.0,0.0,1.0,1.0,0.0,0.0,0.0,0.0,True
P14,280238,280239,13,0,2023-04-24,,,,,,,,,,False
P14,120437,120448,12,3,2025-11-09,0.0,1.0,0.0,0.0,0.0,0.0,0.0,0.0,0.0,True
P14,120532,120431,12,3,2025-12-18,0.0,1.0,0.0,0.0,0.0,0.0,0.0,0.0,0.0,True
P14,280236,280238,12,0,2023-04-23,,,,,,,,,,False
P14,120431,120437,11,4,2025-11-06,1.0,0.0,0.0,1.0,1.0,0.0,0.0,0.0,0.0,True
P14,120436,280166,11,2,2025-10-06,1.0,0.0,0.0,1.0,1.0,0.0,0.0,0.0,0.0,True
P14,120448,120437,11,2,2026-03-15,0.5,1.0,0.0,0.0,0.0,0.0,1.0,0.0,0.0,True
P14,120436,120430,10,2,2024-11-19,1.0,0.0,0.0,1.0,1.0,0.0,0.0,0.0,0.0,True
P14,120430,120433,9,2,2025-10-15,0.0,1.0,0.0,0.0,0.0,0.0,0.0,0.0,0.0,True
P14,120431,120536,9,3,2025-07-04,0.0,1.0,0.0,0.0,0.0,0.0,0.0,0.0,0.0,True
P14,120437,120444,9,1,2025-05-25,0.0,1.0,0.0,0.0,0.0,0.0,0.0,0.0,0.0,True
P14,120448,120436,9,1,2025-03-18,0.5,1.0,0.0,0.0,0.0,0.0,1.0,0.0,0.0,True
P14,120450,120453,9,2,2026-05-30,0.0,1.0,0.0,0.0,0.0,0.0,0.0,0.0,0.0,True
P14,120430,120436,8,1,2024-11-16,1.0,0.0,0.0,1.0,1.0,0.0,0.0,0.0,0.0,True
P14,120430,120532,8,1,2025-03-11,0.0,1.0,0.0,0.0,0.0,0.0,0.0,0.0,0.0,True
P14,120433,120431,8,2,2025-11-06,0.5,1.0,0.0,0.0,0.0,0.0,1.0,0.0,0.0,True
P14,280204,280166,8,0,2024-01-14,,,,,,,,,,False
P14,120430,120450,7,2,2026-01-17,0.5,1.0,0.0,0.0,0.0,1.0,0.0,0.0,0.0,True
P14,120430,120465,7,0,2021-09-09,,,,,,,,,,False
P14,120430,280166,7,0,2023-11-10,1.0,0.0,0.0,1.0,1.0,0.0,0.0,0.0,0.0,True
P14,120431,120430,7,2,2025-12-20,0.0,1.0,0.0,0.0,0.0,0.0,0.0,0.0,0.0,True
P14,120431,120532,7,2,2025-07-01,0.0,1.0,0.0,0.0,0.0,0.0,0.0,0.0,0.0,True
P14,120437,280166,7,0,2022-11-20,1.0,1.0,0.0,1.0,1.0,0.0,0.0,0.0,0.0,True
P14,120444,120437,7,0,2020-11-10,0.0,1.0,0.0,0.0,0.0,0.0,0.0,0.0,0.0,True
P14,120448,280107,7,2,2026-08-07,1.0,1.0,0.0,0.0,0.0,1.0,1.0,0.0,0.0,True
P14,120453,120431,7,2,2024-10-17,0.5,1.0,0.0,0.0,0.0,0.0,1.0,0.0,0.0,True
P14,120532,120430,7,1,2025-11-14,0.0,1.0,0.0,0.0,0.0,0.0,0.0,0.0,0.0,True
P14,120532,120536,7,2,2025-06-07,0.0,1.0,0.0,0.0,0.0,0.0,0.0,0.0,0.0,True
P14,120536,280090,7,5,2026-04-26,0.0,1.0,0.0,0.0,0.0,0.0,0.0,0.0,0.0,True
P14,280166,120437,7,0,2023-02-17,1.0,1.0,0.0,1.0,1.0,0.0,0.0,0.0,0.0,True
P14,120437,120431,6,1,2024-12-19,1.0,0.0,0.0,1.0,1.0,0.0,0.0,0.0,0.0,True
P14,120437,280107,6,1,2024-12-01,0.5,1.0,0.0,0.0,0.0,1.0,0.0,0.0,0.0,True
P14,120444,120448,6,2,2025-12-15,0.0,1.0,0.0,0.0,0.0,0.0,0.0,0.0,0.0,True
P14,120450,120451,6,2,2025-02-22,0.0,1.0,0.0,0.0,0.0,0.0,0.0,0.0,0.0,True
P14,120532,120451,6,2,2026-07-05,0.5,1.0,0.0,0.0,0.0,1.0,0.0,0.0,0.0,True
P14,280107,120436,6,1,2024-10-06,0.0,1.0,0.0,0.0,0.0,0.0,0.0,0.0,0.0,True
P14,280166,120436,6,1,2025-03-24,1.0,0.0,0.0,1.0,1.0,0.0,0.0,0.0,0.0,True
P14,120430,120448,5,0,2023-12-19,1.0,1.0,0.0,1.0,1.0,0.0,0.0,0.0,0.0,True
P14,120431,120433,5,2,2026-02-09,0.0,1.0,0.0,0.0,0.0,0.0,0.0,0.0,0.0,True
P14,120431,120465,5,0,2021-12-07,,,,,,,,,,False
P14,120448,120433,5,0,2022-08-15,1.0,0.0,0.0,1.0,1.0,0.0,0.0,0.0,0.0,True
P14,120448,120444,5,1,2025-02-06,0.5,1.0,0.0,0.0,0.0,0.0,1.0,0.0,0.0,True
P14,120448,120532,5,3,2025-12-16,1.5,1.0,0.0,1.0,1.0,0.0,1.0,0.0,0.0,True
P14,120451,120431,5,2,2026-01-05,0.0,1.0,0.0,0.0,0.0,0.0,0.0,0.0,0.0,True
P14,120453,120433,5,0,2024-07-30,0.0,1.0,0.0,0.0,0.0,0.0,0.0,0.0,0.0,True
P14,120465,120430,5,0,2020-02-17,,,,,,,,,,False
P14,120465,120433,5,0,2021-08-09,,,,,,,,,,False
P14,120465,280164,5,0,2021-03-03,,,,,,,,,,False
P14,120532,280090,5,2,2026-08-23,0.0,1.0,0.0,0.0,0.0,0.0,0.0,0.0,0.0,True
P14,120536,120532,5,0,2023-07-30,0.0,1.0,0.0,0.0,0.0,0.0,0.0,0.0,0.0,True
P14,280107,120437,5,0,2022-12-04,0.0,1.0,0.0,0.0,0.0,0.0,0.0,0.0,0.0,True
P14,280166,280204,5,0,2023-04-19,,,,,,,,,,False
P14,280236,280237,5,0,2022-11-15,,,,,,,,,,False
P14,280347,280345,5,5,2026-09-02,0.0,1.0,0.0,0.0,0.0,0.0,0.0,0.0,0.0,True
P14,280601,280602,5,5,2026-05-12,0.0,1.0,0.0,0.0,0.0,0.0,0.0,0.0,0.0,True
P14,280602,120430,5,5,2026-02-04,0.0,1.0,0.0,0.0,1.0,0.0,0.0,0.0,0.0,True
P14,120430,120531,4,1,2025-08-11,0.0,1.0,0.0,0.0,0.0,0.0,0.0,0.0,0.0,True
P14,120430,120536,4,0,2024-08-17,0.0,1.0,0.0,0.0,0.0,0.0,0.0,0.0,0.0,True
P14,120430,280164,4,1,2024-10-02,0.0,1.0,0.0,0.0,0.0,0.0,0.0,0.0,0.0,True
P14,120431,120436,4,1,2024-10-18,1.0,1.0,0.0,1.0,1.0,0.0,0.0,0.0,0.0,True
P14,120431,280090,4,1,2025-02-09,0.0,1.0,0.0,0.0,0.0,0.0,0.0,0.0,0.0,True
P14,120433,280090,4,1,2025-06-12,0.5,1.0,0.0,0.0,0.0,0.0,1.0,0.0,0.0,True
P14,120436,120444,4,0,2024-02-05,0.0,1.0,0.0,0.0,0.0,0.0,0.0,0.0,0.0,True
P14,120437,120532,4,0,2023-12-15,1.0,1.0,0.0,1.0,1.0,0.0,0.0,0.0,0.0,True
P14,120437,120536,4,2,2025-03-15,1.0,1.0,0.0,1.0,1.0,0.0,0.0,0.0,0.0,True
P14,120444,120436,4,0,2020-11-28,0.0,1.0,0.0,0.0,0.0,0.0,0.0,0.0,0.0,True
P14,120445,120430,4,0,2021-08-22,,,,,,,,,,False
P14,120453,120451,4,0,2021-04-26,0.5,1.0,0.0,0.0,0.0,0.0,1.0,0.0,0.0,True
P14,120531,120436,4,0,2022-08-14,1.0,1.0,0.0,1.0,1.0,0.0,0.0,0.0,0.0,True
P14,120531,120532,4,2,2026-05-05,0.0,1.0,0.0,0.0,0.0,0.0,0.0,0.0,0.0,True
P14,120532,120534,4,1,2025-03-07,0.0,1.0,0.0,0.0,0.0,0.0,0.0,0.0,0.0,True
P14,120532,280164,4,1,2026-05-28,0.0,1.0,0.0,0.0,0.0,0.0,0.0,0.0,0.0,True
P14,120534,120536,4,2,2024-11-08,0.0,1.0,0.0,0.0,0.0,0.0,0.0,0.0,0.0,True
P14,120536,120431,4,1,2025-06-09,0.0,1.0,0.0,0.0,0.0,0.0,0.0,0.0,0.0,True
P14,120536,120435,4,0,2022-02-20,,,,,,,,,,False
P14,120536,120437,4,1,2024-11-25,1.0,1.0,0.0,1.0,1.0,0.0,0.0,0.0,0.0,True
P14,280090,120430,4,0,2024-08-05,0.0,1.0,0.0,0.0,0.0,0.0,0.0,0.0,0.0,True
P14,280090,120532,4,3,2026-08-09,0.0,1.0,0.0,0.0,0.0,0.0,0.0,0.0,0.0,True
P14,280164,120445,4,0,2021-04-27,,,,,,,,,,False
P14,280164,120450,4,3,2026-05-29,0.5,1.0,0.0,0.0,0.0,1.0,0.0,0.0,0.0,True
P14,280166,120453,4,0,2021-01-13,1.5,1.0,0.0,1.0,1.0,1.0,0.0,0.0,0.0,True
P14,280166,280478,4,4,2025-10-24,1.0,1.0,0.0,1.0,0.0,0.0,0.0,0.0,0.0,True
P14,280236,280239,4,0,2023-10-02,,,,,,,,,,False
P14,280237,280239,4,0,2023-01-04,,,,,,,,,,False
P14,280239,280166,4,0,2023-02-12,,,,,,,,,,False
P14,280345,280601,4,4,2026-05-10,0.0,1.0,0.0,0.0,0.0,0.0,0.0,0.0,0.0,True
P14,120430,120534,3,2,2024-12-12,0.0,1.0,0.0,0.0,0.0,0.0,0.0,0.0,0.0,True
P14,120431,280164,3,1,2024-11-11,0.0,1.0,0.0,0.0,0.0,0.0,0.0,0.0,0.0,True
P14,120433,120532,3,0,2022-01-17,0.5,1.0,0.0,0.0,0.0,0.0,1.0,0.0,0.0,True
P14,120433,280164,3,1,2024-10-14,0.5,1.0,0.0,0.0,0.0,0.0,1.0,0.0,0.0,True
P14,120433,280166,3,0,2020-02-23,1.5,1.0,0.0,1.0,1.0,0.0,1.0,0.0,0.0,True
P14,120435,120465,3,0,2022-06-24,,,,,,,,,,False
P14,120435,120536,3,0,2020-10-15,,,,,,,,,,False
P14,120436,120433,3,1,2025-08-18,1.0,1.0,0.0,1.0,1.0,0.0,0.0,0.0,0.0,True
P14,120436,120450,3,1,2025-03-27,1.5,1.0,0.0,1.0,1.0,1.0,0.0,0.0,0.0,True
P14,120436,280236,3,0,2022-09-25,,,,,,,,,,False
P14,120437,120430,3,1,2025-04-04,1.0,1.0,0.0,1.0,1.0,0.0,0.0,0.0,0.0,True
P14,120437,120435,3,0,2022-06-23,,,,,,,,,,False
P14,120437,280204,3,0,2022-11-23,,,,,,,,,,False
P14,120444,120536,3,0,2024-02-06,1.0,1.0,0.0,1.0,1.0,0.0,0.0,0.0,0.0,True
P14,120444,280107,3,1,2025-10-19,0.5,1.0,0.0,0.0,0.0,1.0,0.0,0.0,0.0,True
P14,120448,120431,3,1,2024-12-15,1.5,1.0,0.0,1.0,1.0,0.0,1.0,0.0,0.0,True
P14,120448,120450,3,0,2023-01-14,2.0,1.0,0.0,1.0,1.0,1.0,1.0,0.0,0.0,True
P14,120450,120430,3,1,2024-11-14,0.0,1.0,0.0,0.0,0.0,0.0,0.0,0.0,0.0,True
P14,120450,120454,3,0,2023-11-15,,,,,,,,,,False
P14,120450,120532,3,3,2026-06-08,0.0,1.0,0.0,0.0,0.0,0.0,0.0,0.0,0.0,True
P14,120450,280236,3,0,2023-02-10,,,,,,,,,,False
P14,120451,120430,3,0,2021-11-07,0.0,1.0,0.0,0.0,0.0,0.0,0.0,0.0,0.0,True
P14,120451,120454,3,0,2023-06-25,,,,,,,,,,False
P14,120451,120536,3,2,2026-06-09,0.0,1.0,0.0,0.0,0.0,0.0,0.0,0.0,0.0,True
P14,120454,120453,3,0,2023-11-16,,,,,,,,,,False
P14,120454,120532,3,0,2024-01-12,,,,,,,,,,False
P14,120465,120431,3,0,2022-08-18,,,,,,,,,,False
P14,120465,120437,3,0,2020-08-17,,,,,,,,,,False
P14,120465,120450,3,0,2022-06-25,,,,,,,,,,False
P14,120465,280166,3,0,2020-12-08,,,,,,,,,,False
P14,120532,120450,3,2,2026-07-06,0.5,1.0,0.0,0.0,0.0,1.0,0.0,0.0,0.0,True
P14,120534,280164,3,2,2025-06-24,0.0,1.0,0.0,0.0,0.0,0.0,0.0,0.0,0.0,True
P14,120536,120430,3,1,2024-09-30,0.0,1.0,0.0,0.0,0.0,0.0,0.0,0.0,0.0,True
P14,120536,120436,3,1,2025-07-05,1.0,1.0,0.0,1.0,1.0,0.0,0.0,0.0,0.0,True
P14,120536,120444,3,0,2023-02-24,1.0,1.0,0.0,1.0,1.0,0.0,0.0,0.0,0.0,True
P14,120536,120465,3,0,2020-11-06,,,,,,,,,,False
P14,280013,120465,3,0,2021-04-10,,,,,,,,,,False
P14,280090,120450,3,2,2026-08-24,0.5,1.0,0.0,0.0,0.0,1.0,0.0,0.0,0.0,True
P14,280090,280164,3,1,2025-02-10,0.0,1.0,0.0,0.0,0.0,0.0,0.0,0.0,0.0,True
P14,280107,280166,3,1,2025-10-20,1.0,1.0,0.0,1.0,1.0,0.0,0.0,0.0,0.0,True
P14,280115,120451,3,0,2019-10-01,,,,,,,,,,False
P14,280164,120451,3,0,2021-06-07,0.5,1.0,0.0,0.0,0.0,1.0,0.0,0.0,0.0,True
P14,280164,120453,3,3,2026-06-25,0.5,1.0,0.0,0.0,0.0,1.0,0.0,0.0,0.0,True
P14,280164,120532,3,2,2025-06-24,0.0,1.0,0.0,0.0,0.0,0.0,0.0,0.0,0.0,True
P14,280166,120444,3,0,2024-01-15,1.0,1.0,0.0,1.0,1.0,0.0,0.0,0.0,0.0,True
P14,280166,120448,3,0,2022-12-01,1.0,1.0,0.0,1.0,1.0,0.0,0.0,0.0,0.0,True
P14,280166,120531,3,1,2024-11-03,1.0,1.0,0.0,1.0,1.0,0.0,0.0,0.0,0.0,True
P14,280166,280107,3,0,2022-06-19,1.5,1.0,0.0,1.0,1.0,1.0,0.0,0.0,0.0,True
P14,280166,280362,3,0,2023-05-14,,,,,,,,,,False
P14,280204,120430,3,0,2023-03-16,,,,,,,,,,False
P14,280237,280238,3,0,2022-11-15,,,,,,,,,,False
P14,280239,120445,3,0,2022-07-27,,,,,,,,,,False
P14,280244,280245,3,0,2024-07-05,0.0,1.0,0.0,0.0,0.0,0.0,0.0,0.0,0.0,True
P14,280245,280107,3,0,2024-07-06,1.0,1.0,0.0,0.0,0.0,1.0,1.0,0.0,0.0,True
P14,280345,280347,3,3,2026-07-07,0.0,1.0,0.0,0.0,0.0,0.0,0.0,0.0,0.0,True
P14,280362,120436,3,0,2023-05-09,,,,,,,,,,False
P14,280365,280166,3,0,2023-06-15,,,,,,,,,,False
P14,280478,120532,3,3,2026-07-28,1.0,1.0,0.0,1.0,1.0,0.0,0.0,0.0,0.0,True
P14,280478,280166,3,3,2025-08-21,1.0,1.0,0.0,1.0,0.0,0.0,0.0,0.0,0.0,True
P14,280478,280345,3,3,2026-04-04,1.0,1.0,0.0,1.0,1.0,0.0,0.0,0.0,0.0,True
P14,280602,280478,3,3,2026-08-30,1.0,1.0,0.0,1.0,1.0,0.0,0.0,0.0,0.0,True
P14,280659,280660,3,3,2026-04-19,1.0,0.0,0.0,1.0,0.0,0.0,0.0,0.0,0.0,True
P14,120430,120435,2,0,2021-09-21,,,,,,,,,,False
P14,120430,120437,2,0,2022-11-07,1.0,1.0,0.0,1.0,1.0,0.0,0.0,0.0,0.0,True
P14,120430,280238,2,0,2023-11-28,,,,,,,,,,False
P14,120430,280384,2,1,2024-10-12,0.0,1.0,0.0,0.0,0.0,0.0,0.0,0.0,0.0,True
P14,120431,120434,2,1,2024-11-23,0.0,1.0,0.0,0.0,0.0,0.0,0.0,0.0,0.0,True
P14,120431,120448,2,0,2024-02-08,1.0,1.0,0.0,1.0,1.0,0.0,0.0,0.0,0.0,True
P14,120431,120451,2,1,2025-06-09,0.5,1.0,0.0,0.0,0.0,1.0,0.0,0.0,0.0,True
P14,120431,120453,2,0,2022-09-17,0.5,1.0,0.0,0.0,0.0,1.0,0.0,0.0,0.0,True
P14,120431,280107,2,1,2024-12-15,1.5,1.0,0.0,1.0,1.0,1.0,0.0,0.0,0.0,True
P14,120431,280236,2,0,2023-04-23,,,,,,,,,,False
P14,120431,280347,2,2,2026-03-24,0.0,1.0,0.0,0.0,1.0,0.0,0.0,0.0,0.0,True
P14,120433,120430,2,0,2021-07-29,0.5,1.0,0.0,0.0,0.0,0.0,1.0,0.0,0.0,True
P14,120433,120435,2,0,2020-09-10,,,,,,,,,,False
P14,120433,120448,2,0,2019-03-07,1.0,0.0,0.0,1.0,1.0,0.0,0.0,0.0,0.0,True
P14,120433,120450,2,1,2025-12-13,1.0,1.0,0.0,0.0,0.0,1.0,1.0,0.0,0.0,True
P14,120433,120465,2,0,2019-11-19,,,,,,,,,,False
P14,120433,280107,2,1,2024-09-21,2.0,1.0,0.0,1.0,1.0,1.0,1.0,0.0,0.0,True
P14,120434,120536,2,1,2024-11-24,0.0,1.0,0.0,0.0,0.0,0.0,0.0,0.0,0.0,True
P14,120435,120437,2,0,2020-03-05,,,,,,,,,,False
P14,120435,280236,2,0,2022-02-21,,,,,,,,,,False
P14,120436,120531,2,0,2022-12-21,1.0,1.0,0.0,1.0,1.0,0.0,0.0,0.0,0.0,True
P14,120436,120532,2,0,2023-07-27,1.0,1.0,0.0,1.0,1.0,0.0,0.0,0.0,0.0,True
P14,120436,280107,2,1,2026-06-04,0.5,1.0,0.0,0.0,0.0,1.0,0.0,0.0,0.0,True
P14,120436,280115,2,0,2021-01-02,,,,,,,,,,False
P14,120436,280204,2,0,2022-10-13,,,,,,,,,,False
P14,120436,280362,2,2,2025-02-18,,,,,,,,,,False
P14,120437,120453,2,1,2025-05-19,1.5,1.0,0.0,1.0,1.0,1.0,0.0,0.0,0.0,True
P14,120437,280365,2,0,2023-02-01,,,,,,,,,,False
P14,120437,280659,2,2,2026-05-21,0.0,1.0,0.0,0.0,0.0,0.0,0.0,0.0,0.0,True
P14,120444,120431,2,1,2025-02-07,1.0,1.0,0.0,1.0,1.0,0.0,0.0,0.0,0.0,True
P14,120445,120447,2,0,2021-04-03,,,,,,,,,,False
P14,120445,280013,2,0,2022-04-29,,,,,,,,,,False
P14,120445,280236,2,0,2021-04-28,,,,,,,,,,False
P14,120447,120445,2,0,2020-12-05,,,,,,,,,,False
P14,120448,120430,2,0,2024-01-22,1.5,1.0,0.0,1.0,1.0,0.0,1.0,0.0,0.0,True
P14,120448,120531,2,1,2026-05-04,1.5,1.0,0.0,1.0,1.0,0.0,1.0,0.0,0.0,True
P14,120448,280166,2,0,2022-03-10,1.5,1.0,0.0,1.0,1.0,0.0,1.0,0.0,0.0,True
P14,120450,120436,2,0,2022-06-26,1.0,1.0,0.0,1.0,1.0,0.0,0.0,0.0,0.0,True
P14,120450,120452,2,0,2019-09-23,,,,,,,,,,False
P14,120450,120465,2,0,2022-04-23,,,,,,,,,,False
P14,120450,280090,2,1,2025-12-14,0.0,1.0,0.0,0.0,0.0,0.0,0.0,0.0,0.0,True
P14,120450,280107,2,1,2024-10-05,1.0,0.0,0.0,1.0,1.0,0.0,0.0,0.0,0.0,True
P14,120450,280115,2,0,2019-09-30,,,,,,,,,,False
P14,120451,120453,2,0,2021-06-08,0.0,1.0,0.0,0.0,0.0,0.0,0.0,0.0,0.0,True
P14,120451,120532,2,1,2026-07-05,0.0,1.0,0.0,0.0,0.0,0.0,0.0,0.0,0.0,True
P14,120451,280013,2,0,2023-03-10,0.0,1.0,0.0,0.0,0.0,0.0,0.0,0.0,0.0,True
P14,120451,280090,2,1,2025-02-23,0.0,1.0,0.0,0.0,0.0,0.0,0.0,0.0,0.0,True
P14,120451,280164,2,0,2021-04-27,0.0,1.0,0.0,0.0,0.0,0.0,0.0,0.0,0.0,True
P14,120452,120430,2,0,2020-01-02,,,,,,,,,,False
P14,120453,120435,2,0,2022-01-14,,,,,,,,,,False
P14,120453,120448,2,2,2026-03-15,1.0,1.0,0.0,1.0,1.0,0.0,0.0,0.0,0.0,True
P14,120453,120454,2,0,2023-02-28,,,,,,,,,,False
P14,120453,120532,2,1,2025-06-30,0.5,1.0,0.0,0.0,0.0,0.0,1.0,0.0,0.0,True
P14,120453,280164,2,1,2026-07-31,0.5,1.0,0.0,0.0,0.0,0.0,1.0,0.0,0.0,True
P14,120454,280166,2,0,2021-12-18,,,,,,,,,,False
P14,120454,280236,2,0,2021-08-29,,,,,,,,,,False
P14,120465,120434,2,0,2021-04-11,,,,,,,,,,False
P14,120465,120435,2,0,2019-07-10,,,,,,,,,,False
P14,120465,120448,2,0,2019-02-25,,,,,,,,,,False
P14,120465,120532,2,0,2018-12-18,,,,,,,,,,False
P14,120531,120433,2,0,2024-08-21,0.0,1.0,0.0,0.0,0.0,0.0,0.0,0.0,0.0,True
P14,120531,120444,2,1,2025-10-18,1.0,1.0,0.0,1.0,1.0,0.0,0.0,0.0,0.0,True
P14,120531,120536,2,2,2025-06-22,0.0,1.0,0.0,0.0,0.0,0.0,0.0,0.0,0.0,True
P14,120531,280090,2,1,2026-01-04,0.0,1.0,0.0,0.0,0.0,0.0,0.0,0.0,0.0,True
P14,120531,280478,2,2,2026-03-31,1.0,0.0,0.0,1.0,1.0,0.0,0.0,0.0,0.0,True
P14,120532,120436,2,2,2025-03-29,1.0,1.0,0.0,1.0,1.0,0.0,0.0,0.0,0.0,True
P14,120532,120465,2,0,2020-05-01,,,,,,,,,,False
P14,120532,280347,2,2,2026-05-06,0.0,1.0,0.0,0.0,1.0,0.0,0.0,0.0,0.0,True
P14,120536,120453,2,1,2024-09-06,0.5,1.0,0.0,0.0,0.0,1.0,0.0,0.0,0.0,True
P14,120536,120534,2,1,2025-06-23,0.0,1.0,0.0,0.0,0.0,0.0,0.0,0.0,0.0,True
P14,120536,280013,2,0,2023-05-07,0.5,1.0,0.0,0.0,0.0,1.0,0.0,0.0,0.0,True
P14,120536,280115,2,0,2021-04-08,,,,,,,,,,False
P14,120536,280478,2,2,2026-08-26,1.0,1.0,0.0,1.0,1.0,0.0,0.0,0.0,0.0,True
P14,242030,280040,2,0,2019-06-27,,,,,,,,,,False
P14,280003,120430,2,0,2019-02-18,,,,,,,,,,False
P14,280013,120437,2,0,2024-01-05,1.0,1.0,0.0,1.0,1.0,0.0,0.0,0.0,0.0,True
P14,280013,280166,2,0,2023-03-11,1.0,1.0,0.0,1.0,1.0,0.0,0.0,0.0,0.0,True
P14,280086,120430,2,0,2019-09-25,,,,,,,,,,False
P14,280090,120437,2,0,2020-10-11,1.0,1.0,0.0,1.0,1.0,0.0,0.0,0.0,0.0,True
P14,280090,120451,2,2,2026-01-05,0.5,1.0,0.0,0.0,0.0,1.0,0.0,0.0,0.0,True
P14,280090,120453,2,2,2026-04-29,0.5,1.0,0.0,0.0,0.0,1.0,0.0,0.0,0.0,True
P14,280090,120531,2,1,2026-02-15,0.0,1.0,0.0,0.0,0.0,0.0,0.0,0.0,0.0,True
P14,280090,120536,2,0,2022-06-09,0.0,1.0,0.0,0.0,0.0,0.0,0.0,0.0,0.0,True
P14,280098,120431,2,0,2021-02-03,,,,,,,,,,False
P14,280098,280236,2,0,2021-04-15,,,,,,,,,,False
P14,280107,120430,2,0,2024-07-09,1.0,1.0,0.0,1.0,1.0,0.0,0.0,0.0,0.0,True
P14,280107,120444,2,1,2025-06-28,0.0,1.0,0.0,0.0,0.0,0.0,0.0,0.0,0.0,True
P14,280107,120450,2,1,2026-06-07,1.0,0.0,0.0,1.0,1.0,0.0,0.0,0.0,0.0,True
P14,280107,120531,2,2,2025-05-08,1.0,1.0,0.0,1.0,1.0,0.0,0.0,0.0,0.0,True
P14,280107,280244,2,1,2024-09-23,0.0,1.0,0.0,0.0,0.0,0.0,0.0,0.0,0.0,True
P14,280107,280362,2,1,2024-12-16,,,,,,,,,,False
P14,280115,120431,2,0,2021-01-03,,,,,,,,,,False
P14,280115,280013,2,0,2021-04-09,,,,,,,,,,False
P14,280164,120430,2,1,2024-09-15,0.0,1.0,0.0,0.0,0.0,0.0,0.0,0.0,0.0,True
P14,280164,120431,2,1,2025-03-09,0.0,1.0,0.0,0.0,0.0,0.0,0.0,0.0,0.0,True
P14,280164,120436,2,1,2025-02-11,1.0,1.0,0.0,1.0,1.0,0.0,0.0,0.0,0.0,True
P14,280166,120431,2,1,2025-06-04,1.0,1.0,0.0,1.0,1.0,0.0,0.0,0.0,0.0,True
P14,280166,120445,2,0,2022-02-10,,,,,,,,,,False
P14,280166,120454,2,0,2022-03-04,,,,,,,,,,False
P14,280166,120465,2,0,2021-07-19,,,,,,,,,,False
P14,280166,280236,2,0,2023-10-01,,,,,,,,,,False
P14,280166,280365,2,0,2023-06-20,,,,,,,,,,False
P14,280204,120448,2,0,2022-10-14,,,,,,,,,,False
P14,280237,280166,2,0,2022-02-27,,,,,,,,,,False
P14,280238,280166,2,0,2023-03-30,,,,,,,,,,False
P14,280239,120437,2,0,2022-11-17,,,,,,,,,,False
P14,280239,120450,2,0,2022-08-07,,,,,,,,,,False
P14,280239,280013,2,0,2021-09-01,,,,,,,,,,False
P14,280239,280236,2,0,2022-01-23,,,,,,,,,,False
P14,280239,280238,2,0,2021-05-01,,,,,,,,,,False
P14,280239,280365,2,0,2023-04-25,,,,,,,,,,False
P14,280244,280107,2,1,2025-05-06,0.5,1.0,0.0,0.0,0.0,1.0,0.0,0.0,0.0,True
P14,280244,280166,2,0,2020-06-10,1.0,1.0,0.0,1.0,1.0,0.0,0.0,0.0,0.0,True
P14,280345,280478,2,2,2026-02-28,1.0,1.0,0.0,1.0,1.0,0.0,0.0,0.0,0.0,True
P14,280345,280571,2,2,2026-01-13,1.0,1.0,0.0,1.0,0.0,0.0,0.0,0.0,0.0,True
P14,280345,280602,2,2,2026-05-26,0.0,1.0,0.0,0.0,0.0,0.0,0.0,0.0,0.0,True
P14,280362,120444,2,0,2023-08-17,,,,,,,,,,False
P14,280362,280365,2,0,2022-10-01,,,,,,,,,,False
P14,280365,120436,2,0,2023-12-09,,,,,,,,,,False
P14,280365,280362,2,0,2023-08-13,,,,,,,,,,False
P14,280383,280166,2,0,2023-08-19,1.0,1.0,0.0,1.0,1.0,0.0,0.0,0.0,0.0,True
P14,280384,120534,2,1,2024-11-07,0.0,1.0,0.0,0.0,0.0,0.0,0.0,0.0,0.0,True
P14,280401,280404,2,1,2024-10-16,,,,,,,,,,False
P14,280478,280090,2,2,2026-02-11,1.0,1.0,0.0,1.0,1.0,0.0,0.0,0.0,0.0,True
P14,280478,280347,2,2,2026-09-02,1.0,1.0,0.0,1.0,1.0,0.0,0.0,0.0,0.0,True
P14,280574,280571,2,2,2025-05-27,0.0,1.0,0.0,0.0,0.0,0.0,0.0,0.0,0.0,True
P14,280660,280659,2,2,2026-04-19,1.0,0.0,0.0,1.0,0.0,0.0,0.0,0.0,0.0,True
P14,120430,120445,1,0,2021-02-01,,,,,,,,,,False
P14,120430,120447,1,0,2021-10-14,,,,,,,,,,False
P14,120430,120451,1,1,2026-02-18,0.5,1.0,0.0,0.0,0.0,1.0,0.0,0.0,0.0,True
P14,120430,280013,1,0,2024-01-04,0.5,1.0,0.0,0.0,0.0,1.0,0.0,0.0,0.0,True
P14,120430,280090,1,1,2025-11-17,0.0,1.0,0.0,0.0,0.0,0.0,0.0,0.0,0.0,True
P14,120430,280107,1,0,2023-12-17,1.5,1.0,0.0,1.0,1.0,1.0,0.0,0.0,0.0,True
P14,120430,280115,1,0,2020-03-13,,,,,,,,,,False
P14,120430,280133,1,0,2018-05-29,,,,,,,,,,False
P14,120430,280237,1,0,2021-03-01,,,,,,,,,,False
P14,120430,280239,1,0,2023-03-19,,,,,,,,,,False
P14,120431,120442,1,0,2018-01-11,,,,,,,,,,False
P14,120431,120444,1,0,2020-06-17,1.0,1.0,0.0,1.0,1.0,0.0,0.0,0.0,0.0,True
P14,120431,120445,1,0,2020-10-23,,,,,,,,,,False
P14,120431,120447,1,0,2020-10-18,,,,,,,,,,False
P14,120431,120450,1,0,2018-09-10,0.5,1.0,0.0,0.0,0.0,1.0,0.0,0.0,0.0,True
P14,120431,120452,1,0,2019-01-28,,,,,,,,,,False
P14,120431,120454,1,0,2020-06-25,,,,,,,,,,False
P14,120431,120531,1,0,2023-03-08,0.0,1.0,0.0,0.0,0.0,0.0,0.0,0.0,0.0,True
P14,120431,242030,1,0,2018-06-11,,,,,,,,,,False
P14,120431,280013,1,0,2023-08-02,0.5,1.0,0.0,0.0,0.0,1.0,0.0,0.0,0.0,True
P14,120431,280114,1,0,2018-07-16,,,,,,,,,,False
P14,120431,280166,1,1,2024-10-31,1.0,1.0,0.0,1.0,1.0,0.0,0.0,0.0,0.0,True
P14,120431,280204,1,0,2022-12-15,,,,,,,,,,False
P14,120431,280237,1,0,2020-10-28,,,,,,,,,,False
P14,120431,280239,1,0,2022-08-28,,,,,,,,,,False
P14,120431,280383,1,1,2024-09-13,0.0,1.0,0.0,0.0,0.0,0.0,0.0,0.0,0.0,True
P14,120431,280384,1,0,2024-08-18,0.0,1.0,0.0,0.0,0.0,0.0,0.0,0.0,0.0,True
P14,120431,280573,1,1,2026-04-10,1.0,0.0,0.0,1.0,1.0,0.0,0.0,0.0,0.0,True
P14,120432,120435,1,0,2018-03-01,,,,,,,,,,False
P14,120433,120441,1,0,2020-10-07,,,,,,,,,,False
P14,120433,120445,1,0,2020-05-17,,,,,,,,,,False
P14,120433,120447,1,0,2020-12-18,,,,,,,,,,False
P14,120433,120451,1,0,2022-08-26,1.0,1.0,0.0,0.0,0.0,1.0,1.0,0.0,0.0,True
P14,120433,120453,1,0,2018-10-15,0.5,1.0,0.0,0.0,0.0,1.0,0.0,0.0,0.0,True
P14,120433,120531,1,1,2025-10-16,0.5,1.0,0.0,0.0,0.0,0.0,1.0,0.0,0.0,True
P14,120433,120534,1,1,2026-02-10,0.5,1.0,0.0,0.0,0.0,0.0,1.0,0.0,0.0,True
P14,120433,120536,1,0,2021-11-10,0.5,1.0,0.0,0.0,0.0,0.0,1.0,0.0,0.0,True
P14,120433,280040,1,0,2019-04-15,,,,,,,,,,False
P14,120433,280115,1,0,2021-09-30,,,,,,,,,,False
P14,120433,280204,1,0,2021-01-29,,,,,,,,,,False
P14,120433,280385,1,0,2024-06-22,0.5,1.0,0.0,0.0,0.0,0.0,1.0,0.0,0.0,True
P14,120433,280478,1,1,2025-08-19,1.5,1.0,0.0,1.0,1.0,0.0,1.0,0.0,0.0,True
P14,120434,120430,1,0,2020-03-17,0.0,1.0,0.0,0.0,0.0,0.0,0.0,0.0,0.0,True
P14,120434,120433,1,0,2021-03-30,0.0,1.0,0.0,0.0,0.0,0.0,0.0,0.0,0.0,True
P14,120434,120435,1,0,2021-04-12,,,,,,,,,,False
P14,120434,120437,1,0,2022-06-12,1.0,1.0,0.0,1.0,1.0,0.0,0.0,0.0,0.0,True
P14,120434,120450,1,0,2021-08-28,0.5,1.0,0.0,0.0,0.0,1.0,0.0,0.0,0.0,True
P14,120434,120465,1,0,2021-02-17,,,,,,,,,,False
P14,120434,120534,1,0,2021-04-06,0.0,1.0,0.0,0.0,0.0,0.0,0.0,0.0,0.0,True
P14,120434,280239,1,0,2023-07-18,,,,,,,,,,False
P14,120435,120430,1,0,2018-01-08,,,,,,,,,,False
P14,120435,120431,1,0,2020-01-04,,,,,,,,,,False
P14,120435,120432,1,0,2018-03-01,,,,,,,,,,False
P14,120435,120444,1,0,2018-12-12,,,,,,,,,,False
P14,120435,120445,1,0,2022-01-14,,,,,,,,,,False
P14,120435,120450,1,0,2022-04-21,,,,,,,,,,False
P14,120435,120453,1,0,2018-02-12,,,,,,,,,,False
P14,120435,120532,1,0,2021-04-13,,,,,,,,,,False
P14,120435,280323,1,0,2021-09-22,,,,,,,,,,False
P14,120436,120431,1,1,2024-09-11,1.0,1.0,0.0,1.0,1.0,0.0,0.0,0.0,0.0,True
P14,120436,120434,1,0,2020-08-23,1.0,1.0,0.0,1.0,1.0,0.0,0.0,0.0,0.0,True
P14,120436,120445,1,0,2020-12-20,,,,,,,,,,False
P14,120436,120454,1,0,2019-04-08,,,,,,,,,,False
P14,120436,280013,1,0,2019-08-06,1.5,1.0,0.0,1.0,1.0,1.0,0.0,0.0,0.0,True
P14,120436,280090,1,1,2026-07-03,1.0,1.0,0.0,1.0,1.0,0.0,0.0,0.0,0.0,True
P14,120436,280114,1,0,2020-02-14,,,,,,,,,,False
P14,120436,280571,1,1,2025-06-14,1.0,0.0,0.0,1.0,0.0,0.0,0.0,0.0,0.0,True
P14,120436,280574,1,1,2025-05-14,1.0,1.0,0.0,1.0,0.0,0.0,0.0,0.0,0.0,True
P14,120437,120451,1,1,2026-02-25,1.5,1.0,0.0,1.0,1.0,1.0,0.0,0.0,0.0,True
P14,120437,120452,1,0,2019-06-03,,,,,,,,,,False
P14,120437,120465,1,0,2018-12-17,,,,,,,,,,False
P14,120437,242030,1,0,2018-01-22,,,,,,,,,,False
P14,120437,280052,1,0,2020-12-10,2.25,1.0,0.0,1.0,1.0,1.0,0.0,3.0,0.0,True
P14,120437,280133,1,0,2018-06-04,,,,,,,,,,False
P14,120437,280164,1,0,2023-08-08,1.0,1.0,0.0,1.0,1.0,0.0,0.0,0.0,0.0,True
P14,120437,280206,1,0,2019-10-31,,,,,,,,,,False
P14,120437,280244,1,1,2025-06-19,0.0,1.0,0.0,0.0,0.0,0.0,0.0,0.0,0.0,True
P14,120437,280245,1,0,2024-08-30,0.0,1.0,0.0,0.0,0.0,0.0,0.0,0.0,0.0,True
P14,120437,280362,1,0,2022-07-22,,,,,,,,,,False
P14,120437,280572,1,1,2026-08-20,1.0,1.0,0.0,1.0,0.0,0.0,0.0,0.0,0.0,True
P14,120441,120430,1,0,2020-03-10,,,,,,,,,,False
P14,120441,120532,1,0,2020-10-09,,,,,,,,,,False
P14,120442,280040,1,0,2018-01-15,,,,,,,,,,False
P14,120444,120430,1,0,2020-06-23,1.0,1.0,0.0,1.0,1.0,0.0,0.0,0.0,0.0,True
P14,120444,120435,1,0,2020-10-14,,,,,,,,,,False
P14,120444,120534,1,0,2023-08-18,1.0,1.0,0.0,1.0,1.0,0.0,0.0,0.0,0.0,True
P14,120444,280052,1,0,2020-11-05,2.25,1.0,0.0,1.0,1.0,1.0,0.0,3.0,0.0,True
P14,120444,280090,1,0,2023-04-09,1.0,1.0,0.0,1.0,1.0,0.0,0.0,0.0,0.0,True
P14,120444,280134,1,0,2018-06-25,,,,,,,,,,False
P14,120444,280166,1,0,2020-07-23,1.0,1.0,0.0,1.0,1.0,0.0,0.0,0.0,0.0,True
P14,120444,280244,1,0,2021-06-22,0.0,1.0,0.0,0.0,0.0,0.0,0.0,0.0,0.0,True
P14,120444,280285,1,0,2020-02-06,,,,,,,,,,False
P14,120444,280574,1,1,2025-05-26,1.0,1.0,0.0,1.0,0.0,0.0,0.0,0.0,0.0,True
P14,120445,120433,1,0,2022-01-16,,,,,,,,,,False
P14,120445,120436,1,0,2021-03-16,,,,,,,,,,False
P14,120445,120451,1,0,2022-02-10,,,,,,,,,,False
P14,120445,120465,1,0,2020-12-07,,,,,,,,,,False
P14,120445,120531,1,0,2021-01-11,,,,,,,,,,False
P14,120445,120536,1,0,2020-12-21,,,,,,,,,,False
P14,120445,241281,1,0,2020-07-06,,,,,,,,,,False
P14,120445,280098,1,0,2020-11-15,,,,,,,,,,False
P14,120445,280107,1,0,2021-02-21,,,,,,,,,,False
P14,120445,280244,1,0,2020-05-18,,,,,,,,,,False
P14,120445,280383,1,0,2022-07-28,,,,,,,,,,False
P14,120447,120436,1,0,2020-12-19,,,,,,,,,,False
P14,120447,120450,1,0,2020-10-19,,,,,,,,,,False
P14,120447,120465,1,0,2021-04-04,,,,,,,,,,False
P14,120447,120534,1,0,2021-10-15,,,,,,,,,,False
P14,120447,280098,1,0,2021-02-02,,,,,,,,,,False
P14,120448,120445,1,0,2021-08-19,,,,,,,,,,False
P14,120448,120451,1,1,2025-04-18,2.0,1.0,0.0,1.0,1.0,1.0,1.0,0.0,0.0,True
P14,120448,120453,1,1,2025-06-29,1.5,1.0,0.0,1.0,1.0,1.0,0.0,0.0,0.0,True
P14,120448,120454,1,0,2019-09-13,,,,,,,,,,False
P14,120448,120465,1,0,2018-02-21,,,,,,,,,,False
P14,120448,120536,1,0,2019-08-21,1.5,1.0,0.0,1.0,1.0,0.0,1.0,0.0,0.0,True
P14,120448,280087,1,0,2019-03-11,,,,,,,,,,False
P14,120448,280090,1,0,2022-10-07,1.5,1.0,0.0,1.0,1.0,0.0,1.0,0.0,0.0,True
P14,120448,280204,1,0,2023-01-06,,,,,,,,,,False
P14,120448,280216,1,0,2020-04-01,,,,,,,,,,False
P14,120448,280347,1,1,2025-09-27,1.5,1.0,0.0,1.0,0.0,0.0,1.0,0.0,0.0,True
P14,120448,280362,1,0,2023-12-20,,,,,,,,,,False
P14,120448,280478,1,1,2025-04-26,1.5,1.0,0.0,1.0,1.0,0.0,1.0,0.0,0.0,True
P14,120450,120431,1,0,2020-10-21,0.0,1.0,0.0,0.0,0.0,0.0,0.0,0.0,0.0,True
P14,120450,120437,1,1,2025-05-11,1.0,1.0,0.0,1.0,1.0,0.0,0.0,0.0,0.0,True
P14,120450,120448,1,0,2019-04-22,1.0,1.0,0.0,1.0,1.0,0.0,0.0,0.0,0.0,True
P14,120450,120531,1,1,2026-03-30,0.0,1.0,0.0,0.0,0.0,0.0,0.0,0.0,0.0,True
P14,120450,120536,1,1,2026-08-25,0.0,1.0,0.0,0.0,0.0,0.0,0.0,0.0,0.0,True
P14,120450,280013,1,0,2022-08-08,0.0,1.0,0.0,0.0,0.0,0.0,0.0,0.0,0.0,True
P14,120450,280098,1,0,2021-09-11,,,,,,,,,,False
P14,120450,280164,1,0,2024-06-24,0.0,1.0,0.0,0.0,0.0,0.0,0.0,0.0,0.0,True
P14,120450,280166,1,0,2020-06-08,1.0,1.0,0.0,1.0,1.0,0.0,0.0,0.0,0.0,True
P14,120450,280345,1,1,2026-07-06,0.0,1.0,0.0,0.0,1.0,0.0,0.0,0.0,0.0,True
P14,120450,280365,1,0,2023-06-14,,,,,,,,,,False
P14,120451,120433,1,1,2025-06-12,0.0,1.0,0.0,0.0,0.0,0.0,0.0,0.0,0.0,True
P14,120451,120436,1,0,2020-04-18,1.0,1.0,0.0,1.0,1.0,0.0,0.0,0.0,0.0,True
P14,120451,120437,1,0,2020-07-20,1.0,1.0,0.0,1.0,1.0,0.0,0.0,0.0,0.0,True
P14,120451,120445,1,0,2021-03-05,,,,,,,,,,False
P14,120451,120448,1,0,2023-01-14,1.0,1.0,0.0,1.0,1.0,0.0,0.0,0.0,0.0,True
P14,120451,120465,1,0,2018-02-14,,,,,,,,,,False
P14,120451,280204,1,0,2022-02-13,,,,,,,,,,False
P14,120451,280236,1,0,2022-11-14,,,,,,,,,,False
P14,120451,280237,1,0,2021-01-17,,,,,,,,,,False
P14,120451,280239,1,0,2021-03-28,,,,,,,,,,False
P14,120451,280244,1,1,2025-04-19,1.0,1.0,0.0,1.0,1.0,0.0,0.0,0.0,0.0,True
P14,120451,280345,1,1,2026-02-26,0.0,1.0,0.0,0.0,1.0,0.0,0.0,0.0,0.0,True
P14,120451,280383,1,1,2024-12-11,0.0,1.0,0.0,0.0,0.0,0.0,0.0,0.0,0.0,True
P14,120451,280571,1,1,2026-02-19,1.0,1.0,0.0,1.0,1.0,0.0,0.0,0.0,0.0,True
P14,120452,120431,1,0,2019-01-28,,,,,,,,,,False
P14,120452,120532,1,0,2019-06-03,,,,,,,,,,False
P14,120452,280086,1,0,2019-09-24,,,,,,,,,,False
P14,120453,120436,1,1,2026-05-30,1.5,1.0,0.0,1.0,1.0,0.0,1.0,0.0,0.0,True
P14,120453,120444,1,1,2025-12-15,1.5,1.0,0.0,1.0,1.0,0.0,1.0,0.0,0.0,True
P14,120453,120450,1,0,2022-09-18,0.5,1.0,0.0,0.0,0.0,0.0,1.0,0.0,0.0,True
P14,120453,120465,1,0,2019-09-17,,,,,,,,,,False
P14,120453,120531,1,0,2023-02-03,0.5,1.0,0.0,0.0,0.0,0.0,1.0,0.0,0.0,True
P14,120453,280013,1,0,2020-07-14,0.5,1.0,0.0,0.0,0.0,0.0,1.0,0.0,0.0,True
P14,120453,280090,1,0,2021-09-16,0.5,1.0,0.0,0.0,0.0,0.0,1.0,0.0,0.0,True
P14,120453,280098,1,0,2020-06-15,,,,,,,,,,False
P14,120453,280244,1,1,2025-05-01,1.5,1.0,0.0,1.0,1.0,0.0,1.0,0.0,0.0,True
P14,120453,280326,1,0,2021-06-10,,,,,,,,,,False
P14,120453,280571,1,1,2026-01-18,1.5,1.0,0.0,1.0,1.0,0.0,1.0,0.0,0.0,True
P14,120453,280574,1,1,2025-05-20,1.5,1.0,0.0,1.0,1.0,0.0,1.0,0.0,0.0,True
P14,120453,280601,1,1,2026-06-25,0.5,1.0,0.0,0.0,1.0,0.0,1.0,0.0,0.0,True
P14,120453,280660,1,1,2026-04-30,1.5,1.0,0.0,1.0,1.0,0.0,1.0,0.0,0.0,True
P14,120454,120430,1,0,2023-06-26,,,,,,,,,,False
P14,120454,120431,1,0,2019-01-23,,,,,,,,,,False
P14,120454,120436,1,0,2022-10-09,,,,,,,,,,False
P14,120454,120447,1,0,2020-04-23,,,,,,,,,,False
P14,120454,120448,1,0,2019-04-08,,,,,,,,,,False
P14,120454,120451,1,0,2019-09-16,,,,,,,,,,False
P14,120454,280003,1,0,2018-10-29,,,,,,,,,,False
P14,120454,280090,1,0,2023-03-02,,,,,,,,,,False
P14,120454,280383,1,0,2023-03-01,,,,,,,,,,False
P14,120465,120445,1,0,2020-09-28,,,,,,,,,,False
P14,120465,280003,1,0,2018-09-26,,,,,,,,,,False
P14,120465,280013,1,0,2019-09-17,,,,,,,,,,False
P14,120465,280115,1,0,2021-10-01,,,,,,,,,,False
P14,120465,280204,1,0,2021-07-12,,,,,,,,,,False
P14,120465,280237,1,0,2021-12-08,,,,,,,,,,False
P14,120465,280238,1,0,2021-07-20,,,,,,,,,,False
P14,120531,120430,1,0,2023-12-03,0.0,1.0,0.0,0.0,0.0,0.0,0.0,0.0,0.0,True
P14,120531,120431,1,0,2023-02-04,0.0,1.0,0.0,0.0,0.0,0.0,0.0,0.0,0.0,True
P14,120531,120437,1,1,2025-08-12,1.0,1.0,0.0,1.0,1.0,0.0,0.0,0.0,0.0,True
P14,120531,120448,1,0,2019-04-29,1.0,1.0,0.0,1.0,1.0,0.0,0.0,0.0,0.0,True
P14,120531,120451,1,0,2020-07-18,0.5,1.0,0.0,0.0,0.0,1.0,0.0,0.0,0.0,True
P14,120531,120453,1,0,2023-06-07,0.5,1.0,0.0,0.0,0.0,1.0,0.0,0.0,0.0,True
P14,120531,120454,1,0,2024-01-12,,,,,,,,,,False
P14,120531,280204,1,0,2021-11-13,,,,,,,,,,False
P14,120531,280383,1,1,2024-11-05,0.0,1.0,0.0,0.0,0.0,0.0,0.0,0.0,0.0,True
P14,120531,280385,1,0,2023-03-08,0.0,1.0,0.0,0.0,0.0,0.0,0.0,0.0,0.0,True
P14,120531,280401,1,0,2024-07-27,,,,,,,,,,False
P14,120532,120437,1,1,2026-05-18,1.0,1.0,0.0,1.0,1.0,0.0,0.0,0.0,0.0,True
P14,120532,120441,1,0,2020-03-10,,,,,,,,,,False
P14,120532,120453,1,1,2026-07-30,0.5,1.0,0.0,0.0,0.0,1.0,0.0,0.0,0.0,True
P14,120532,120531,1,0,2021-06-20,0.0,1.0,0.0,0.0,0.0,0.0,0.0,0.0,0.0,True
P14,120532,280003,1,0,2019-05-03,,,,,,,,,,False
P14,120532,280086,1,0,2019-09-20,,,,,,,,,,False
P14,120532,280098,1,0,2021-04-14,,,,,,,,,,False
P14,120532,280107,1,1,2025-06-25,1.5,1.0,0.0,1.0,1.0,1.0,0.0,0.0,0.0,True
P14,120532,280166,1,0,2023-05-19,1.0,1.0,0.0,1.0,1.0,0.0,0.0,0.0,0.0,True
P14,120532,280204,1,0,2024-01-13,,,,,,,,,,False
P14,120532,280238,1,0,2022-01-20,,,,,,,,,,False
P14,120532,280365,1,1,2025-02-26,,,,,,,,,,False
P14,120532,280478,1,1,2026-04-12,1.0,1.0,0.0,1.0,1.0,0.0,0.0,0.0,0.0,True
P14,120532,280602,1,1,2026-07-18,0.0,1.0,0.0,0.0,1.0,0.0,0.0,0.0,0.0,True
P14,120532,280660,1,1,2026-03-22,1.0,1.0,0.0,1.0,1.0,0.0,0.0,0.0,0.0,True
P14,120534,120430,1,0,2022-09-23,0.0,1.0,0.0,0.0,0.0,0.0,0.0,0.0,0.0,True
P14,120534,120433,1,1,2025-11-03,0.0,1.0,0.0,0.0,0.0,0.0,0.0,0.0,0.0,True
P14,120534,120435,1,0,2022-04-19,,,,,,,,,,False
P14,120534,120436,1,0,2022-08-12,1.0,1.0,0.0,1.0,1.0,0.0,0.0,0.0,0.0,True
P14,120534,120437,1,0,2021-10-15,1.0,1.0,0.0,1.0,1.0,0.0,0.0,0.0,0.0,True
P14,120534,120450,1,0,2021-02-09,0.5,1.0,0.0,0.0,0.0,1.0,0.0,0.0,0.0,True
P14,120534,120453,1,1,2024-12-12,0.5,1.0,0.0,0.0,0.0,1.0,0.0,0.0,0.0,True
P14,120534,120465,1,0,2021-08-09,,,,,,,,,,False
P14,120534,120532,1,0,2021-05-16,0.0,1.0,0.0,0.0,0.0,0.0,0.0,0.0,0.0,True
P14,120534,280090,1,1,2026-01-24,0.0,1.0,0.0,0.0,0.0,0.0,0.0,0.0,0.0,True
P14,120534,280244,1,0,2021-05-23,1.0,1.0,0.0,1.0,1.0,0.0,0.0,0.0,0.0,True
P14,120534,280383,1,0,2023-08-18,0.0,1.0,0.0,0.0,0.0,0.0,0.0,0.0,0.0,True
P14,120534,280478,1,1,2026-02-11,1.0,1.0,0.0,1.0,1.0,0.0,0.0,0.0,0.0,True
P14,120536,120434,1,0,2022-06-10,0.0,1.0,0.0,0.0,0.0,0.0,0.0,0.0,0.0,True
P14,120536,120445,1,0,2022-04-29,,,,,,,,,,False
P14,120536,120448,1,1,2025-03-17,1.0,1.0,0.0,1.0,1.0,0.0,0.0,0.0,0.0,True
P14,120536,120450,1,0,2023-06-13,0.5,1.0,0.0,0.0,0.0,1.0,0.0,0.0,0.0,True
P14,120536,120531,1,1,2025-06-22,0.0,1.0,0.0,0.0,0.0,0.0,0.0,0.0,0.0,True
P14,120536,280086,1,0,2019-03-11,,,,,,,,,,False
P14,120536,280098,1,0,2021-02-07,,,,,,,,,,False
P14,120536,280114,1,0,2021-11-11,,,,,,,,,,False
P14,120536,280166,1,0,2019-05-28,1.0,1.0,0.0,1.0,1.0,0.0,0.0,0.0,0.0,True
P14,120536,280236,1,0,2020-08-14,,,,,,,,,,False
P14,120536,280244,1,0,2024-06-28,1.0,1.0,0.0,1.0,1.0,0.0,0.0,0.0,0.0,True
P14,120536,280602,1,1,2026-06-09,0.0,1.0,0.0,0.0,1.0,0.0,0.0,0.0,0.0,True
P14,241281,120437,1,0,2020-07-07,,,,,,,,,,False
P14,242030,120536,1,0,2018-07-11,,,,,,,,,,False
P14,242030,280133,1,0,2018-06-14,,,,,,,,,,False
P14,280003,120433,1,0,2018-09-27,,,,,,,,,,False
P14,280003,120436,1,0,2019-05-06,,,,,,,,,,False
P14,280012,120430,1,0,2020-10-04,,,,,,,,,,False
P14,280013,120430,1,0,2023-01-17,0.0,1.0,0.0,0.0,0.0,0.0,0.0,0.0,0.0,True
P14,280013,120431,1,0,2020-10-25,0.0,1.0,0.0,0.0,0.0,0.0,0.0,0.0,0.0,True
P14,280013,120436,1,0,2021-02-23,1.0,1.0,0.0,1.0,1.0,0.0,0.0,0.0,0.0,True
P14,280013,120448,1,0,2023-08-02,1.0,1.0,0.0,1.0,1.0,0.0,0.0,0.0,0.0,True
P14,280013,120451,1,0,2022-04-30,0.0,1.0,0.0,0.0,0.0,0.0,0.0,0.0,0.0,True
P14,280013,120453,1,0,2019-09-16,0.0,1.0,0.0,0.0,0.0,0.0,0.0,0.0,0.0,True
P14,280013,120454,1,0,2022-10-08,,,,,,,,,,False
P14,280013,120531,1,0,2019-08-06,0.0,1.0,0.0,0.0,0.0,0.0,0.0,0.0,0.0,True
P14,280013,120536,1,0,2022-08-09,0.0,1.0,0.0,0.0,0.0,0.0,0.0,0.0,0.0,True
P14,280013,280098,1,0,2020-07-14,,,,,,,,,,False
P14,280013,280204,1,0,2021-01-20,,,,,,,,,,False
P14,280013,280362,1,0,2023-05-07,,,,,,,,,,False
P14,280040,120436,1,0,2018-01-26,,,,,,,,,,False
P14,280040,120444,1,0,2018-01-17,,,,,,,,,,False
P14,280040,280115,1,0,2019-04-16,,,,,,,,,,False
P14,280052,120448,1,0,2020-12-12,0.25,1.0,0.0,1.0,1.0,0.0,0.0,-3.0,0.0,True
P14,280052,120536,1,0,2020-11-05,0.75,1.0,0.0,1.0,1.0,0.0,1.0,-3.0,0.0,True
P14,280086,120436,1,0,2018-05-10,,,,,,,,,,False
P14,280086,120450,1,0,2019-09-23,,,,,,,,,,False
P14,280087,120536,1,0,2019-03-11,,,,,,,,,,False
P14,280090,120431,1,1,2024-11-10,0.0,1.0,0.0,0.0,0.0,0.0,0.0,0.0,0.0,True
P14,280090,120434,1,0,2023-07-16,0.0,1.0,0.0,0.0,0.0,0.0,0.0,0.0,0.0,True
P14,280090,120436,1,1,2025-06-13,1.0,1.0,0.0,1.0,1.0,0.0,0.0,0.0,0.0,True
P14,280090,120448,1,1,2025-09-26,1.0,1.0,0.0,1.0,1.0,0.0,0.0,0.0,0.0,True
P14,280090,120465,1,0,2022-08-17,,,,,,,,,,False
P14,280090,280013,1,0,2022-10-08,0.5,1.0,0.0,0.0,0.0,1.0,0.0,0.0,0.0,True
P14,280090,280166,1,0,2023-04-10,1.0,1.0,0.0,1.0,1.0,0.0,0.0,0.0,0.0,True
P14,280090,280204,1,0,2021-09-17,,,,,,,,,,False
P14,280090,280345,1,1,2025-09-29,0.0,1.0,0.0,0.0,1.0,0.0,0.0,0.0,0.0,True
P14,280090,280347,1,1,2026-08-10,0.0,1.0,0.0,0.0,1.0,0.0,0.0,0.0,0.0,True
P14,280090,280383,1,0,2023-05-28,0.0,1.0,0.0,0.0,0.0,0.0,0.0,0.0,0.0,True
P14,280090,280384,1,1,2024-12-06,0.0,1.0,0.0,0.0,0.0,0.0,0.0,0.0,0.0,True
P14,280090,280478,1,1,2026-01-25,1.0,1.0,0.0,1.0,1.0,0.0,0.0,0.0,0.0,True
P14,280090,280571,1,1,2026-01-27,1.0,1.0,0.0,1.0,1.0,0.0,0.0,0.0,0.0,True
P14,280090,280601,1,1,2025-11-18,0.0,1.0,0.0,0.0,1.0,0.0,0.0,0.0,0.0,True
P14,280098,120430,1,0,2021-09-12,,,,,,,,,,False
P14,280098,120445,1,0,2020-11-15,,,,,,,,,,False
P14,280098,120532,1,0,2021-02-08,,,,,,,,,,False
P14,280098,280166,1,0,2022-03-20,,,,,,,,,,False
P14,280107,120433,1,0,2024-06-20,1.0,1.0,0.0,1.0,1.0,0.0,0.0,0.0,0.0,True
P14,280107,120448,1,0,2020-05-29,0.0,1.0,0.0,0.0,0.0,0.0,0.0,0.0,0.0,True
P14,280107,120453,1,0,2023-02-28,1.0,1.0,0.0,1.0,1.0,0.0,0.0,0.0,0.0,True
P14,280107,280013,1,0,2023-01-16,1.0,1.0,0.0,1.0,1.0,0.0,0.0,0.0,0.0,True
P14,280107,280090,1,1,2026-08-08,1.0,1.0,0.0,1.0,1.0,0.0,0.0,0.0,0.0,True
P14,280107,280133,1,0,2018-05-21,,,,,,,,,,False
P14,280107,280238,1,0,2021-11-04,,,,,,,,,,False
P14,280107,280239,1,0,2021-03-13,,,,,,,,,,False
P14,280107,280241,1,0,2021-01-24,,,,,,,,,,False
P14,280107,280245,1,0,2024-06-16,0.0,1.0,0.0,0.0,0.0,0.0,0.0,0.0,0.0,True
P14,280107,280284,1,0,2021-02-21,,,,,,,,,,False
P14,280107,280478,1,1,2026-07-16,1.0,1.0,0.0,1.0,1.0,0.0,0.0,0.0,0.0,True
P14,280114,120450,1,0,2018-07-16,,,,,,,,,,False
P14,280114,120465,1,0,2020-02-15,,,,,,,,,,False
P14,280114,120531,1,0,2021-11-12,,,,,,,,,,False
P14,280114,280115,1,0,2019-07-23,,,,,,,,,,False
P14,280115,120434,1,0,2020-03-15,,,,,,,,,,False
P14,280115,120436,1,0,2021-10-02,,,,,,,,,,False
P14,280115,120437,1,0,2018-05-16,,,,,,,,,,False
P14,280115,120465,1,0,2021-10-01,,,,,,,,,,False
P14,280115,280114,1,0,2019-07-22,,,,,,,,,,False
P14,280133,120430,1,0,2018-05-24,,,,,,,,,,False
P14,280133,120437,1,0,2018-05-30,,,,,,,,,,False
P14,280133,120450,1,0,2018-06-07,,,,,,,,,,False
P14,280133,280115,1,0,2018-06-18,,,,,,,,,,False
P14,280134,120437,1,0,2018-06-26,,,,,,,,,,False
P14,280136,280236,1,0,2022-08-03,,,,,,,,,,False
P14,280164,120433,1,0,2019-02-19,0.0,1.0,0.0,0.0,0.0,0.0,0.0,0.0,0.0,True
P14,280164,120448,1,0,2019-08-21,1.0,1.0,0.0,1.0,1.0,0.0,0.0,0.0,0.0,True
P14,280164,120465,1,0,2019-12-13,,,,,,,,,,False
P14,280164,120534,1,0,2021-08-08,0.0,1.0,0.0,0.0,0.0,0.0,0.0,0.0,0.0,True
P14,280164,120536,1,0,2024-06-25,0.0,1.0,0.0,0.0,0.0,0.0,0.0,0.0,0.0,True
P14,280164,280003,1,0,2019-02-15,,,,,,,,,,False
P14,280164,280107,1,0,2024-07-13,1.5,1.0,0.0,1.0,1.0,1.0,0.0,0.0,0.0,True
P14,280164,280136,1,0,2022-08-03,,,,,,,,,,False
P14,280164,280204,1,0,2021-10-29,,,,,,,,,,False
P14,280164,280236,1,0,2023-12-05,,,,,,,,,,False
P14,280164,280237,1,0,2023-01-04,,,,,,,,,,False
P14,280164,280238,1,0,2023-08-09,,,,,,,,,,False
P14,280164,280244,1,0,2020-05-03,1.0,1.0,0.0,1.0,1.0,0.0,0.0,0.0,0.0,True
P14,280164,280401,1,1,2024-10-15,,,,,,,,,,False
P14,280164,280572,1,1,2026-08-01,1.0,1.0,0.0,1.0,1.0,0.0,0.0,0.0,0.0,True
P14,280166,120433,1,0,2022-06-07,1.0,1.0,0.0,1.0,1.0,0.0,0.0,0.0,0.0,True
P14,280166,120434,1,0,2021-02-16,1.0,1.0,0.0,1.0,1.0,0.0,0.0,0.0,0.0,True
P14,280166,120447,1,0,2020-12-04,,,,,,,,,,False
P14,280166,120450,1,0,2022-01-04,1.5,1.0,0.0,1.0,1.0,1.0,0.0,0.0,0.0,True
P14,280166,120534,1,0,2022-04-19,1.0,1.0,0.0,1.0,1.0,0.0,0.0,0.0,0.0,True
P14,280166,120536,1,0,2020-08-13,1.0,1.0,0.0,1.0,1.0,0.0,0.0,0.0,0.0,True
P14,280166,242030,1,0,2019-06-24,,,,,,,,,,False
P14,280166,280090,1,0,2023-08-20,1.0,1.0,0.0,1.0,1.0,0.0,0.0,0.0,0.0,True
P14,280166,280098,1,0,2022-03-14,,,,,,,,,,False
P14,280166,280164,1,0,2020-01-13,1.0,1.0,0.0,1.0,1.0,0.0,0.0,0.0,0.0,True
P14,280166,280239,1,0,2021-05-06,,,,,,,,,,False
P14,280166,280244,1,0,2020-06-10,1.0,1.0,0.0,1.0,1.0,0.0,0.0,0.0,0.0,True
P14,280166,280345,1,1,2025-08-27,1.0,1.0,0.0,1.0,1.0,0.0,0.0,0.0,0.0,True
P14,280166,280384,1,0,2023-05-04,1.0,1.0,0.0,1.0,1.0,0.0,0.0,0.0,0.0,True
P14,280204,120436,1,0,2021-09-19,,,,,,,,,,False
P14,280204,120437,1,0,2021-11-27,,,,,,,,,,False
P14,280204,120532,1,0,2021-05-16,,,,,,,,,,False
P14,280204,120536,1,0,2023-04-20,,,,,,,,,,False
P14,280204,280239,1,0,2022-07-26,,,,,,,,,,False
P14,280204,280241,1,0,2021-01-21,,,,,,,,,,False
P14,280216,120436,1,0,2020-02-12,,,,,,,,,,False
P14,280216,280166,1,0,2020-04-04,,,,,,,,,,False
P14,280236,280107,1,0,2020-11-01,,,,,,,,,,False
P14,280236,280166,1,0,2022-01-25,,,,,,,,,,False
P14,280236,280365,1,0,2023-12-06,,,,,,,,,,False
P14,280237,120435,1,0,2021-03-02,,,,,,,,,,False
P14,280238,120430,1,0,2021-04-19,,,,,,,,,,False
P14,280238,120448,1,0,2020-09-13,,,,,,,,,,False
P14,280238,120450,1,0,2021-05-02,,,,,,,,,,False
P14,280238,120451,1,0,2021-11-05,,,,,,,,,,False
P14,280238,120453,1,0,2021-07-25,,,,,,,,,,False
P14,280238,120454,1,0,2021-12-17,,,,,,,,,,False
P14,280238,120531,1,0,2020-11-19,,,,,,,,,,False
P14,280238,120536,1,0,2021-03-22,,,,,,,,,,False
P14,280238,280107,1,0,2023-11-28,,,,,,,,,,False
P14,280238,280365,1,0,2023-08-09,,,,,,,,,,False
P14,280239,120430,1,0,2023-07-19,,,,,,,,,,False
P14,280239,120434,1,0,2021-03-29,,,,,,,,,,False
P14,280239,120448,1,0,2023-01-05,,,,,,,,,,False
P14,280239,120465,1,0,2020-08-15,,,,,,,,,,False
P14,280239,120531,1,0,2020-07-17,,,,,,,,,,False
P14,280239,280012,1,0,2020-10-03,,,,,,,,,,False
P14,280239,280237,1,0,2022-02-25,,,,,,,,,,False
P14,280239,280362,1,0,2022-09-28,,,,,,,,,,False
P14,280241,280107,1,0,2021-01-23,,,,,,,,,,False
P14,280241,280166,1,0,2021-01-25,,,,,,,,,,False
P14,280244,120430,1,1,2024-09-25,1.0,1.0,0.0,1.0,1.0,0.0,0.0,0.0,0.0,True
P14,280244,120436,1,0,2021-06-27,0.0,1.0,0.0,0.0,0.0,0.0,0.0,0.0,0.0,True
P14,280244,120437,1,1,2025-05-24,0.0,1.0,0.0,0.0,0.0,0.0,0.0,0.0,0.0,True
P14,280244,120536,1,1,2025-06-21,1.0,1.0,0.0,1.0,1.0,0.0,0.0,0.0,0.0,True
P14,280244,280573,1,1,2025-04-21,1.0,1.0,0.0,1.0,0.0,0.0,0.0,0.0,0.0,True
P14,280245,120433,1,0,2020-05-13,1.0,1.0,0.0,1.0,1.0,0.0,0.0,0.0,0.0,True
P14,280245,280164,1,0,2021-06-07,1.5,1.0,0.0,1.0,1.0,0.0,1.0,0.0,0.0,True
P14,280245,280166,1,0,2024-08-31,1.5,1.0,0.0,1.0,1.0,0.0,1.0,0.0,0.0,True
P14,280284,280013,1,0,2021-02-23,,,,,,,,,,False
P14,280284,280216,1,0,2020-02-10,,,,,,,,,,False
P14,280285,280284,1,0,2020-02-09,,,,,,,,,,False
P14,280323,120536,1,0,2021-09-22,1.0,1.0,0.0,1.0,1.0,0.0,0.0,0.0,0.0,True
P14,280326,120430,1,0,2021-06-13,,,,,,,,,,False
P14,280345,120436,1,1,2026-08-13,1.0,1.0,0.0,1.0,0.0,0.0,0.0,0.0,0.0,True
P14,280345,120534,1,1,2025-11-02,0.0,1.0,0.0,0.0,1.0,0.0,0.0,0.0,0.0,True
P14,280347,120448,1,1,2026-07-09,1.0,1.0,0.0,1.0,0.0,0.0,0.0,0.0,0.0,True
P14,280347,120450,1,1,2026-03-27,0.5,1.0,0.0,0.0,1.0,1.0,0.0,0.0,0.0,True
P14,280347,120532,1,1,2026-05-27,0.0,1.0,0.0,0.0,1.0,0.0,0.0,0.0,0.0,True
P14,280347,280090,1,1,2025-09-28,0.0,1.0,0.0,0.0,1.0,0.0,0.0,0.0,0.0,True
P14,280347,280601,1,1,2026-02-01,0.0,1.0,0.0,0.0,0.0,0.0,0.0,0.0,0.0,True
P14,280347,280602,1,1,2026-06-15,0.0,1.0,0.0,0.0,0.0,0.0,0.0,0.0,0.0,True
P14,280347,570475,1,1,2026-06-19,0.0,1.0,0.0,0.0,1.0,0.0,0.0,0.0,0.0,True
P14,280362,120437,1,1,2024-12-17,,,,,,,,,,False
P14,280362,120450,1,1,2025-02-21,,,,,,,,,,False
P14,280362,120536,1,1,2024-10-25,,,,,,,,,,False
P14,280362,280107,1,0,2022-10-30,,,,,,,,,,False
P14,280362,280238,1,0,2023-03-29,,,,,,,,,,False
P14,280365,120437,1,1,2025-02-27,,,,,,,,,,False
P14,280365,120451,1,0,2023-06-24,,,,,,,,,,False
P14,280365,120453,1,0,2023-02-02,,,,,,,,,,False
P14,280365,120534,1,0,2023-05-26,,,,,,,,,,False
P14,280365,280238,1,0,2022-03-27,,,,,,,,,,False
P14,280365,280383,1,0,2022-07-16,,,,,,,,,,False
P14,280383,120430,1,1,2024-12-11,0.0,1.0,0.0,0.0,0.0,0.0,0.0,0.0,0.0,True
P14,280383,120454,1,0,2023-03-01,,,,,,,,,,False
P14,280383,120536,1,0,2022-07-17,0.0,1.0,0.0,0.0,0.0,0.0,0.0,0.0,0.0,True
P14,280383,280164,1,1,2024-09-14,0.0,1.0,0.0,0.0,0.0,0.0,0.0,0.0,0.0,True
P14,280383,280384,1,1,2024-11-06,0.0,1.0,0.0,0.0,0.0,0.0,0.0,0.0,0.0,True
P14,280383,280385,1,0,2022-07-29,0.0,1.0,0.0,0.0,0.0,0.0,0.0,0.0,0.0,True
P14,280384,120433,1,1,2024-10-13,0.0,1.0,0.0,0.0,0.0,0.0,0.0,0.0,0.0,True
P14,280384,120451,1,0,2023-03-09,0.5,1.0,0.0,0.0,0.0,1.0,0.0,0.0,0.0,True
P14,280384,120531,1,0,2024-08-21,0.0,1.0,0.0,0.0,0.0,0.0,0.0,0.0,0.0,True
P14,280384,120532,1,0,2023-05-05,0.0,1.0,0.0,0.0,0.0,0.0,0.0,0.0,0.0,True
P14,280384,280164,1,1,2024-12-06,0.0,1.0,0.0,0.0,0.0,0.0,0.0,0.0,0.0,True
P14,280385,120430,1,0,2024-06-22,0.0,1.0,0.0,0.0,0.0,0.0,0.0,0.0,0.0,True
P14,280385,120453,1,0,2022-07-30,0.5,1.0,0.0,0.0,0.0,1.0,0.0,0.0,0.0,True
P14,280385,280384,1,0,2023-03-09,0.0,1.0,0.0,0.0,0.0,0.0,0.0,0.0,0.0,True
P14,280404,120450,1,0,2024-07-28,,,,,,,,,,False
P14,280404,120453,1,1,2024-10-16,,,,,,,,,,False
P14,280478,120430,1,1,2026-02-16,1.0,1.0,0.0,1.0,1.0,0.0,0.0,0.0,0.0,True
P14,280478,120437,1,1,2025-04-14,1.0,1.0,0.0,1.0,1.0,0.0,0.0,0.0,0.0,True
P14,280478,120448,1,1,2026-05-04,1.0,1.0,0.0,1.0,1.0,0.0,0.0,0.0,0.0,True
P14,280478,280164,1,1,2025-04-28,1.0,1.0,0.0,1.0,1.0,0.0,0.0,0.0,0.0,True
P14,280478,280571,1,1,2025-10-26,1.0,1.0,0.0,1.0,1.0,0.0,0.0,0.0,0.0,True
P14,280478,280601,1,1,2026-06-14,1.0,1.0,0.0,1.0,1.0,0.0,0.0,0.0,0.0,True
P14,280478,280602,1,1,2026-08-26,1.0,1.0,0.0,1.0,1.0,0.0,0.0,0.0,0.0,True
P14,280478,280659,1,1,2026-03-02,1.0,1.0,0.0,1.0,1.0,0.0,0.0,0.0,0.0,True
P14,280478,280660,1,1,2026-04-14,1.0,1.0,0.0,1.0,1.0,0.0,0.0,0.0,0.0,True
P14,280571,120436,1,1,2025-10-04,1.0,0.0,0.0,1.0,0.0,0.0,0.0,0.0,0.0,True
P14,280571,120437,1,1,2025-06-18,1.0,1.0,0.0,1.0,0.0,0.0,0.0,0.0,0.0,True
P14,280571,120450,1,1,2025-10-27,1.5,1.0,0.0,1.0,1.0,1.0,0.0,0.0,0.0,True
P14,280571,120534,1,1,2026-01-22,1.0,1.0,0.0,1.0,1.0,0.0,0.0,0.0,0.0,True
P14,280571,280166,1,1,2025-05-28,1.0,0.0,0.0,1.0,1.0,0.0,0.0,0.0,0.0,True
P14,280571,280244,1,1,2025-05-23,1.0,1.0,0.0,1.0,0.0,0.0,0.0,0.0,0.0,True
P14,280571,280572,1,1,2026-02-22,0.0,1.0,0.0,0.0,0.0,0.0,0.0,0.0,0.0,True
P14,280571,280573,1,1,2026-01-27,0.0,1.0,0.0,0.0,0.0,0.0,0.0,0.0,0.0,True
P14,280571,280602,1,1,2026-01-15,1.0,1.0,0.0,1.0,0.0,0.0,0.0,0.0,0.0,True
P14,280572,120436,1,1,2026-06-29,1.5,1.0,0.0,1.0,0.0,0.0,1.0,0.0,0.0,True
P14,280572,120437,1,1,2026-02-23,1.5,1.0,0.0,1.0,0.0,0.0,1.0,0.0,0.0,True
P14,280572,120448,1,1,2026-08-05,1.0,0.0,0.0,1.0,0.0,0.0,0.0,0.0,0.0,True
P14,280572,120532,1,1,2026-08-22,1.5,1.0,0.0,1.0,1.0,0.0,1.0,0.0,0.0,True
P14,280573,120448,1,1,2025-04-24,1.0,1.0,0.0,1.0,0.0,0.0,0.0,0.0,0.0,True
P14,280573,280345,1,1,2026-01-28,1.0,1.0,0.0,1.0,0.0,0.0,0.0,0.0,0.0,True
P14,280573,280478,1,1,2026-04-11,1.0,1.0,0.0,1.0,1.0,0.0,0.0,0.0,0.0,True
P14,280574,120431,1,1,2025-05-17,1.0,1.0,0.0,1.0,1.0,0.0,0.0,0.0,0.0,True
P14,280601,120536,1,1,2025-08-31,0.0,1.0,0.0,0.0,1.0,0.0,0.0,0.0,0.0,True
P14,280601,280090,1,1,2025-09-25,0.0,1.0,0.0,0.0,1.0,0.0,0.0,0.0,0.0,True
P14,280601,280345,1,1,2026-06-16,0.0,1.0,0.0,0.0,0.0,0.0,0.0,0.0,0.0,True
P14,280601,280478,1,1,2026-06-14,1.0,1.0,0.0,1.0,1.0,0.0,0.0,0.0,0.0,True
P14,280601,280572,1,1,2026-06-27,1.0,1.0,0.0,1.0,0.0,0.0,0.0,0.0,0.0,True
P14,280602,120431,1,1,2026-04-10,0.0,1.0,0.0,0.0,1.0,0.0,0.0,0.0,0.0,True
P14,280602,120532,1,1,2026-05-13,0.0,1.0,0.0,0.0,1.0,0.0,0.0,0.0,0.0,True
P14,280602,280347,1,1,2026-05-26,0.0,1.0,0.0,0.0,0.0,0.0,0.0,0.0,0.0,True
P14,280602,280601,1,1,2026-06-15,0.0,1.0,0.0,0.0,0.0,0.0,0.0,0.0,0.0,True
P14,280642,120451,1,1,2026-04-24,1.5,1.0,0.0,1.0,1.0,1.0,0.0,0.0,0.0,True
P14,280659,280164,1,1,2026-03-13,1.0,1.0,0.0,1.0,1.0,0.0,0.0,0.0,0.0,True
P14,280659,280345,1,1,2026-05-25,1.0,1.0,0.0,1.0,0.0,0.0,0.0,0.0,0.0,True
P14,280660,120431,1,1,2026-03-23,1.0,1.0,0.0,1.0,1.0,0.0,0.0,0.0,0.0,True
P14,280660,120532,1,1,2026-03-22,1.0,1.0,0.0,1.0,1.0,0.0,0.0,0.0,0.0,True
P14,280660,280478,1,1,2026-05-02,1.0,1.0,0.0,1.0,1.0,0.0,0.0,0.0,0.0,True
P14,280660,280642,1,1,2026-04-23,1.0,1.0,0.0,1.0,0.0,0.0,0.0,0.0,0.0,True
P14,570475,280164,1,1,2026-06-23,0.0,1.0,0.0,0.0,0.0,0.0,0.0,0.0,0.0,True
P15,280348,120463,11,5,2025-12-10,0.25,1.0,0.0,0.0,0.0,0.0,1.0,-1.0,0.0,True
P15,280212,280222,7,0,2024-05-08,0.5,1.0,0.0,0.0,0.0,0.0,1.0,0.0,0.0,True
P15,120463,280348,6,2,2025-12-15,0.25,1.0,0.0,0.0,0.0,0.0,0.0,1.0,0.0,True
P15,280351,280256,6,0,2024-09-03,0.0,1.0,0.0,0.0,0.0,0.0,0.0,-1.0,0.0,True
P15,120436,120448,5,1,2025-07-08,0.0,1.0,0.0,0.0,0.0,0.0,0.0,0.0,0.0,True
P15,241288,120436,5,0,2024-05-05,0.0,1.0,0.0,0.0,0.0,0.0,0.0,-1.0,0.0,True
P15,280103,280104,5,0,2023-05-09,0.0,1.0,0.0,0.0,0.0,0.0,0.0,-1.0,0.0,True
P15,280351,280348,5,2,2025-03-02,1.0,1.0,0.0,1.0,0.0,0.0,0.0,0.0,0.0,True
P15,120436,120464,4,0,2019-09-17,0.5,1.0,0.0,0.0,0.0,0.0,0.0,2.0,0.0,True
P15,120436,241288,4,0,2021-04-12,0.25,1.0,0.0,0.0,0.0,0.0,0.0,1.0,0.0,True
P15,120437,120464,4,0,2022-11-07,0.5,1.0,0.0,0.0,0.0,0.0,0.0,2.0,0.0,True
P15,120448,120464,4,1,2025-01-29,1.0,1.0,0.0,0.0,0.0,0.0,1.0,2.0,0.0,True
P15,251200,120464,4,0,2022-10-24,0.25,1.0,0.0,0.0,0.0,0.0,0.0,1.0,0.0,True
P15,280052,280104,4,0,2023-02-14,0.5,1.0,0.0,1.0,1.0,0.0,0.0,-2.0,0.0,True
P15,280052,280222,4,0,2022-10-03,1.5,1.0,0.0,1.0,0.0,0.0,1.0,0.0,0.0,True
P15,280104,280103,4,0,2023-02-17,0.75,1.0,0.0,0.0,0.0,0.0,1.0,1.0,0.0,True
P15,280166,280052,4,0,2020-12-08,2.25,1.0,0.0,1.0,1.0,1.0,0.0,3.0,0.0,True
P15,280214,280052,4,0,2021-02-13,,,,,,,,,,False
P15,280214,280105,4,0,2021-04-18,,,,,,,,,,False
P15,280256,280351,4,1,2024-09-08,0.25,1.0,0.0,0.0,0.0,0.0,0.0,1.0,0.0,True
P15,280348,280351,4,3,2024-12-13,2.0,1.0,0.0,1.0,0.0,1.0,1.0,0.0,0.0,True
P15,280351,280212,4,0,2024-07-18,0.5,1.0,0.0,0.0,0.0,0.0,0.0,2.0,0.0,True
P15,120448,120437,3,1,2025-07-10,0.5,1.0,0.0,0.0,0.0,0.0,1.0,0.0,0.0,True
P15,120463,120436,3,3,2025-07-08,1.0,1.0,0.0,1.0,1.0,0.0,0.0,0.0,0.0,True
P15,120464,120436,3,0,2019-09-16,0.0,1.0,0.0,0.0,0.0,0.0,0.0,-2.0,0.0,True
P15,120464,120448,3,0,2022-10-15,0.0,1.0,0.0,0.0,0.0,0.0,0.0,-2.0,0.0,True
P15,120464,241288,3,0,2021-04-26,0.0,1.0,0.0,0.0,0.0,0.0,0.0,-1.0,0.0,True
P15,120464,280052,3,0,2019-12-16,1.75,1.0,0.0,1.0,1.0,1.0,0.0,1.0,0.0,True
P15,241287,280169,3,0,2024-02-11,0.0,1.0,0.0,0.0,0.0,0.0,0.0,0.0,0.0,True
P15,251200,280052,3,0,2022-04-15,2.0,1.0,0.0,1.0,1.0,1.0,0.0,2.0,0.0,True
P15,280052,120464,3,0,2022-04-19,1.25,1.0,0.0,1.0,1.0,0.0,1.0,-1.0,0.0,True
P15,280052,280205,3,0,2020-12-13,,,,,,,,,,False
P15,280052,280212,3,0,2023-01-05,1.0,0.0,0.0,1.0,0.0,0.0,0.0,0.0,0.0,True
P15,280052,280213,3,0,2023-03-20,0.0,1.0,0.0,0.0,0.0,0.0,1.0,-3.0,0.0,True
P15,280052,280214,3,0,2021-02-14,,,,,,,,,,False
P15,280103,280105,3,0,2022-01-12,0.0,1.0,0.0,0.0,0.0,0.0,0.0,0.0,0.0,True
P15,280103,280106,3,0,2023-05-02,0.0,1.0,0.0,0.0,0.0,0.0,0.0,0.0,0.0,True
P15,280103,280391,3,0,2023-06-28,0.0,1.0,0.0,0.0,0.0,0.0,0.0,0.0,0.0,True
P15,280104,280052,3,0,2022-04-17,2.0,1.0,0.0,1.0,1.0,1.0,0.0,2.0,0.0,True
P15,280104,280348,3,1,2024-11-24,1.0,0.0,0.0,1.0,1.0,0.0,0.0,0.0,0.0,True
P15,280105,280106,3,0,2023-05-12,0.0,1.0,0.0,0.0,0.0,0.0,0.0,0.0,0.0,True
P15,280105,280142,3,0,2019-06-18,,,,,,,,,,False
P15,280105,280166,3,0,2022-01-18,0.0,1.0,0.0,0.0,0.0,0.0,0.0,-2.0,0.0,True
P15,280142,280175,3,0,2019-08-05,,,,,,,,,,False
P15,280166,280105,3,0,2022-11-03,0.5,1.0,0.0,0.0,0.0,0.0,0.0,2.0,0.0,True
P15,280169,241283,3,0,2023-02-08,0.75,1.0,0.0,0.0,0.0,1.0,0.0,1.0,0.0,True
P15,280169,280052,3,0,2022-09-30,2.0,1.0,0.0,1.0,1.0,1.0,0.0,2.0,0.0,True
P15,280169,280351,3,0,2024-02-11,1.5,1.0,0.0,1.0,1.0,1.0,0.0,0.0,0.0,True
P15,280172,251200,3,0,2022-12-02,,,,,,,,,,False
P15,280212,280052,3,0,2020-01-27,1.0,0.0,0.0,1.0,0.0,0.0,0.0,0.0,0.0,True
P15,280214,280222,3,0,2021-03-01,,,,,,,,,,False
P15,280222,280214,3,0,2021-03-03,,,,,,,,,,False
P15,280222,280324,3,0,2022-03-30,1.0,1.0,0.0,1.0,0.0,0.0,0.0,0.0,0.0,True
P15,280318,280169,3,1,2025-08-15,0.0,1.0,0.0,0.0,0.0,0.0,0.0,-1.0,0.0,True
P15,280324,280169,3,0,2023-06-05,1.0,1.0,0.0,1.0,1.0,0.0,1.0,-2.0,0.0,True
P15,280324,280213,3,0,2024-04-17,1.25,1.0,0.0,1.0,0.0,1.0,1.0,-3.0,0.0,True
P15,280348,280104,3,2,2025-05-11,1.0,0.0,0.0,1.0,1.0,0.0,0.0,0.0,0.0,True
P15,280348,280405,3,2,2025-08-24,2.5,1.0,0.0,1.0,0.0,1.0,1.0,2.0,0.0,True
P15,280351,280106,3,2,2025-06-27,1.25,1.0,0.0,1.0,1.0,0.0,0.0,1.0,0.0,True
P15,280405,280351,3,1,2024-09-28,0.0,1.0,0.0,0.0,0.0,0.0,0.0,-2.0,0.0,True
P15,280610,280622,3,3,2026-08-17,1.5,1.0,0.0,1.0,1.0,0.0,1.0,0.0,1.0,True
P15,120430,120436,2,0,2021-08-22,1.0,0.0,0.0,1.0,1.0,0.0,0.0,0.0,0.0,True
P15,120436,120463,2,2,2026-01-29,1.0,1.0,0.0,1.0,1.0,0.0,0.0,0.0,0.0,True
P15,120436,241283,2,1,2024-10-25,1.0,1.0,0.0,0.0,0.0,1.0,0.0,2.0,0.0,True
P15,120436,280052,2,0,2020-09-01,2.25,1.0,0.0,1.0,1.0,1.0,0.0,3.0,0.0,True
P15,120436,280105,2,0,2019-01-10,1.5,1.0,0.0,1.0,1.0,0.0,0.0,2.0,0.0,True
P15,120436,280107,2,0,2024-05-06,0.5,1.0,0.0,0.0,0.0,1.0,0.0,0.0,0.0,True
P15,120436,280323,2,0,2024-03-25,1.0,0.0,0.0,1.0,1.0,0.0,0.0,0.0,0.0,True
P15,120463,280351,2,1,2025-03-09,1.75,1.0,0.0,1.0,0.0,1.0,0.0,1.0,0.0,True
P15,120464,120437,2,0,2022-10-09,0.0,1.0,0.0,0.0,0.0,0.0,0.0,-2.0,0.0,True
P15,120464,280405,2,0,2023-01-24,1.75,1.0,0.0,1.0,1.0,1.0,0.0,1.0,0.0,True
P15,241283,120464,2,1,2024-10-27,0.0,1.0,0.0,0.0,0.0,0.0,0.0,0.0,0.0,True
P15,241283,280222,2,1,2025-09-14,1.25,1.0,0.0,1.0,1.0,0.0,0.0,1.0,0.0,True
P15,241287,120464,2,0,2024-02-04,0.25,1.0,0.0,0.0,0.0,0.0,0.0,1.0,0.0,True
P15,241287,280214,2,0,2020-12-20,,,,,,,,,,False
P15,241653,280243,2,0,2020-01-31,,,,,,,,,,False
P15,242030,280142,2,0,2019-05-29,,,,,,,,,,False
P15,251200,120437,2,0,2022-11-23,0.0,1.0,0.0,0.0,0.0,0.0,0.0,-1.0,0.0,True
P15,251200,280169,2,0,2022-07-19,0.0,1.0,0.0,0.0,0.0,0.0,0.0,0.0,0.0,True
P15,251200,280172,2,0,2021-08-08,,,,,,,,,,False
P15,251200,280222,2,0,2021-11-28,2.0,1.0,0.0,1.0,1.0,1.0,0.0,2.0,0.0,True
P15,280052,280103,2,0,2020-12-08,1.25,1.0,0.0,1.0,1.0,0.0,1.0,-1.0,0.0,True
P15,280052,280105,2,0,2022-03-22,1.25,1.0,0.0,1.0,1.0,0.0,1.0,-1.0,0.0,True
P15,280052,280106,2,0,2021-07-19,1.25,1.0,0.0,1.0,1.0,0.0,1.0,-1.0,0.0,True
P15,280052,280206,2,0,2019-12-06,,,,,,,,,,False
P15,280103,280166,2,0,2022-06-05,0.0,1.0,0.0,0.0,0.0,0.0,0.0,-2.0,0.0,True
P15,280104,241283,2,1,2025-10-09,2.25,1.0,0.0,1.0,1.0,1.0,1.0,1.0,0.0,True
P15,280104,280166,2,0,2022-01-29,0.25,1.0,0.0,0.0,0.0,0.0,1.0,-1.0,0.0,True
P15,280104,280324,2,0,2023-05-31,1.5,1.0,0.0,1.0,1.0,0.0,0.0,2.0,0.0,True
P15,280105,280103,2,0,2021-02-05,0.0,1.0,0.0,0.0,0.0,0.0,0.0,0.0,0.0,True
P15,280105,280172,2,0,2021-04-24,,,,,,,,,,False
P15,280105,280451,2,1,2025-03-21,0.25,1.0,0.0,0.0,0.0,0.0,0.0,1.0,0.0,True
P15,280106,120436,2,1,2024-10-02,0.5,1.0,0.0,1.0,1.0,0.0,0.0,-2.0,0.0,True
P15,280106,280052,2,0,2023-05-15,1.75,1.0,0.0,1.0,1.0,1.0,0.0,1.0,0.0,True
P15,280106,280103,2,0,2022-08-22,0.0,1.0,0.0,0.0,0.0,0.0,0.0,0.0,0.0,True
P15,280106,280105,2,0,2024-05-20,0.0,1.0,0.0,0.0,0.0,0.0,0.0,0.0,0.0,True
P15,280106,280166,2,0,2022-10-22,0.0,1.0,0.0,0.0,0.0,0.0,0.0,-2.0,0.0,True
P15,280106,280421,2,0,2023-05-27,0.25,1.0,0.0,0.0,0.0,0.0,0.0,1.0,0.0,True
P15,280107,120448,2,0,2018-12-10,0.0,1.0,0.0,0.0,0.0,0.0,0.0,0.0,0.0,True
P15,280142,120436,2,0,2019-06-25,,,,,,,,,,False
P15,280166,120464,2,0,2023-12-18,1.5,1.0,0.0,1.0,1.0,0.0,0.0,2.0,0.0,True
P15,280166,251200,2,0,2022-10-23,1.25,1.0,0.0,1.0,1.0,0.0,0.0,1.0,0.0,True
P15,280166,280103,2,0,2022-09-03,0.5,1.0,0.0,0.0,0.0,0.0,0.0,2.0,0.0,True
P15,280166,280324,2,0,2023-02-26,1.75,1.0,0.0,1.0,1.0,0.0,0.0,3.0,0.0,True
P15,280169,280103,2,0,2023-03-05,1.25,1.0,0.0,1.0,1.0,0.0,0.0,1.0,0.0,True
P15,280169,280105,2,0,2023-06-12,1.25,1.0,0.0,1.0,1.0,0.0,0.0,1.0,0.0,True
P15,280172,120436,2,0,2019-08-19,,,,,,,,,,False
P15,280172,280169,2,0,2022-08-03,,,,,,,,,,False
P15,280175,280172,2,0,2019-08-05,,,,,,,,,,False
P15,280204,280166,2,0,2023-02-26,,,,,,,,,,False
P15,280205,280214,2,0,2021-04-06,,,,,,,,,,False
P15,280212,280213,2,0,2023-12-09,0.75,1.0,0.0,1.0,0.0,0.0,1.0,-3.0,0.0,True
P15,280212,280351,2,0,2024-08-21,0.0,1.0,0.0,0.0,0.0,0.0,1.0,-2.0,0.0,True
P15,280212,280405,2,0,2024-07-19,0.5,1.0,0.0,0.0,0.0,0.0,1.0,0.0,0.0,True
P15,280213,120464,2,0,2019-12-11,1.5,1.0,0.0,1.0,1.0,0.0,0.0,2.0,0.0,True
P15,280213,280214,2,0,2021-01-21,,,,,,,,,,False
P15,280213,280222,2,0,2022-09-26,1.75,1.0,0.0,1.0,0.0,0.0,0.0,3.0,0.0,True
P15,280214,280205,2,0,2021-03-28,,,,,,,,,,False
P15,280214,280213,2,0,2021-01-24,,,,,,,,,,False
P15,280222,280103,2,0,2023-04-30,0.75,1.0,0.0,1.0,1.0,0.0,0.0,-1.0,0.0,True
P15,280222,280206,2,0,2020-09-23,,,,,,,,,,False
P15,280222,280212,2,0,2020-09-17,0.0,1.0,0.0,0.0,0.0,0.0,0.0,0.0,0.0,True
P15,280222,280256,2,0,2024-05-10,0.0,1.0,0.0,0.0,0.0,0.0,0.0,-3.0,0.0,True
P15,280222,280325,2,0,2021-10-26,0.0,1.0,0.0,0.0,0.0,0.0,0.0,-2.0,0.0,True
P15,280324,280351,2,0,2023-09-07,1.5,1.0,0.0,1.0,0.0,1.0,1.0,-2.0,0.0,True
P15,280324,280391,2,0,2023-04-06,1.25,1.0,0.0,1.0,1.0,0.0,1.0,-1.0,0.0,True
P15,280325,251200,2,0,2021-11-20,1.0,1.0,0.0,1.0,1.0,0.0,0.0,0.0,0.0,True
P15,280325,280169,2,0,2023-01-12,1.0,0.0,0.0,1.0,1.0,0.0,0.0,0.0,0.0,True
P15,280351,120463,2,2,2024-11-11,0.75,1.0,0.0,1.0,0.0,0.0,0.0,-1.0,0.0,True
P15,280351,241287,2,0,2023-02-02,1.0,1.0,0.0,1.0,1.0,0.0,0.0,0.0,0.0,True
P15,280351,280480,2,0,2024-06-14,1.5,1.0,0.0,1.0,0.0,0.0,0.0,2.0,0.0,True
P15,280391,280103,2,0,2023-05-08,0.0,1.0,0.0,0.0,0.0,0.0,0.0,0.0,0.0,True
P15,280391,280166,2,0,2023-12-17,0.0,1.0,0.0,0.0,0.0,0.0,0.0,-2.0,0.0,True
P15,280405,280104,2,0,2023-10-05,0.5,1.0,0.0,1.0,1.0,0.0,0.0,-2.0,0.0,True
P15,280405,280169,2,0,2023-01-28,0.5,1.0,0.0,1.0,1.0,0.0,0.0,-2.0,0.0,True
P15,280405,280324,2,0,2023-08-14,1.0,1.0,0.0,1.0,0.0,0.0,0.0,0.0,0.0,True
P15,280421,280451,2,1,2025-10-24,0.0,1.0,0.0,0.0,0.0,0.0,0.0,0.0,0.0,True
P15,280454,280351,2,0,2024-01-28,0.5,1.0,0.0,0.0,0.0,1.0,0.0,0.0,0.0,True
P15,280559,280348,2,2,2025-12-07,1.0,1.0,0.0,1.0,0.0,0.0,0.0,0.0,0.0,True
P15,280607,280609,2,2,2026-07-05,1.25,1.0,0.0,1.0,1.0,0.0,0.0,1.0,1.0,True
P15,280610,280607,2,2,2026-08-11,1.0,1.0,0.0,1.0,1.0,0.0,0.0,0.0,1.0,True
P15,280622,280652,2,2,2026-07-16,2.25,1.0,1.0,1.0,1.0,0.0,0.0,1.0,1.0,True
P15,280652,280689,2,2,2026-07-18,1.0,1.0,0.0,1.0,1.0,0.0,0.0,0.0,1.0,True
P15,120430,120435,1,0,2018-02-23,,,,,,,,,,False
P15,120430,120465,1,0,2019-01-15,,,,,,,,,,False
P15,120430,280566,1,1,2025-08-01,1.5,1.0,0.0,1.0,1.0,0.0,0.0,2.0,0.0,True
P15,120431,280142,1,0,2018-10-01,,,,,,,,,,False
P15,120431,280196,1,0,2019-04-01,,,,,,,,,,False
P15,120431,280206,1,0,2020-09-27,,,,,,,,,,False
P15,120435,120436,1,0,2018-02-26,,,,,,,,,,False
P15,120436,120444,1,0,2020-01-03,0.0,1.0,0.0,0.0,0.0,0.0,0.0,0.0,0.0,True
P15,120436,120465,1,0,2019-01-22,,,,,,,,,,False
P15,120436,120531,1,0,2019-06-29,1.0,1.0,0.0,1.0,1.0,0.0,0.0,0.0,0.0,True
P15,120436,242027,1,0,2018-03-07,,,,,,,,,,False
P15,120436,251200,1,0,2018-12-18,0.25,1.0,0.0,0.0,0.0,0.0,0.0,1.0,0.0,True
P15,120436,280103,1,0,2021-12-01,1.5,1.0,0.0,1.0,1.0,0.0,0.0,2.0,0.0,True
P15,120436,280135,1,0,2018-08-15,,,,,,,,,,False
P15,120436,280166,1,0,2022-11-01,1.0,0.0,0.0,1.0,1.0,0.0,0.0,0.0,0.0,True
P15,120436,280172,1,0,2019-08-06,,,,,,,,,,False
P15,120436,280214,1,0,2020-02-23,,,,,,,,,,False
P15,120436,280256,1,0,2022-09-19,1.5,1.0,0.0,1.0,1.0,1.0,0.0,0.0,0.0,True
P15,120436,280344,1,1,2024-10-12,1.5,1.0,0.0,1.0,1.0,0.0,0.0,2.0,0.0,True
P15,120436,280351,1,1,2024-09-15,1.75,1.0,0.0,1.0,1.0,1.0,0.0,1.0,0.0,True
P15,120437,120431,1,0,2019-03-29,1.0,0.0,0.0,1.0,1.0,0.0,0.0,0.0,0.0,True
P15,120437,120436,1,0,2018-12-06,0.0,1.0,0.0,0.0,0.0,0.0,0.0,0.0,0.0,True
P15,120437,251200,1,0,2019-11-22,0.25,1.0,0.0,0.0,0.0,0.0,0.0,1.0,0.0,True
P15,120437,280052,1,0,2019-02-11,2.25,1.0,0.0,1.0,1.0,1.0,0.0,3.0,0.0,True
P15,120437,280087,1,0,2018-05-08,,,,,,,,,,False
P15,120437,280105,1,0,2018-12-11,1.5,1.0,0.0,1.0,1.0,0.0,0.0,2.0,0.0,True
P15,120437,280169,1,1,2024-09-22,0.25,1.0,0.0,0.0,0.0,0.0,0.0,1.0,0.0,True
P15,120437,280172,1,0,2022-11-27,,,,,,,,,,False
P15,120437,280175,1,0,2019-10-21,,,,,,,,,,False
P15,120437,280214,1,0,2020-10-18,,,,,,,,,,False
P15,120437,280318,1,1,2025-07-10,0.5,1.0,0.0,0.0,0.0,0.0,0.0,2.0,0.0,True
P15,120437,280351,1,0,2023-10-13,1.75,1.0,0.0,1.0,1.0,1.0,0.0,1.0,0.0,True
P15,120437,280454,1,0,2024-01-05,1.25,1.0,0.0,1.0,1.0,0.0,0.0,1.0,0.0,True
P15,120442,280003,1,0,2018-12-20,,,,,,,,,,False
P15,120444,120464,1,0,2020-01-03,0.5,1.0,0.0,0.0,0.0,0.0,0.0,2.0,0.0,True
P15,120444,241281,1,0,2020-05-28,,,,,,,,,,False
P15,120444,280135,1,0,2018-06-25,,,,,,,,,,False
P15,120448,120430,1,0,2018-02-28,1.5,1.0,0.0,1.0,1.0,0.0,1.0,0.0,0.0,True
P15,120448,241283,1,0,2019-01-06,1.5,1.0,0.0,0.0,0.0,1.0,1.0,2.0,0.0,True
P15,120448,241287,1,0,2022-10-18,0.75,1.0,0.0,0.0,0.0,0.0,1.0,1.0,0.0,True
P15,120448,241288,1,0,2019-01-29,0.75,1.0,0.0,0.0,0.0,0.0,1.0,1.0,0.0,True
P15,120448,242027,1,0,2019-08-12,,,,,,,,,,False
P15,120448,280103,1,0,2023-09-29,2.0,1.0,0.0,1.0,1.0,0.0,1.0,2.0,0.0,True
P15,120448,280175,1,0,2019-11-11,,,,,,,,,,False
P15,120448,280185,1,0,2019-02-25,,,,,,,,,,False
P15,120450,242027,1,0,2018-02-13,,,,,,,,,,False
P15,120451,120430,1,0,2018-02-22,0.0,1.0,0.0,0.0,0.0,0.0,0.0,0.0,0.0,True
P15,120463,241283,1,1,2025-02-05,2.0,1.0,0.0,1.0,1.0,1.0,0.0,2.0,0.0,True
P15,120463,280104,1,0,2024-04-28,1.25,1.0,0.0,1.0,1.0,0.0,0.0,1.0,0.0,True
P15,120463,280256,1,0,2024-07-04,1.5,1.0,0.0,1.0,0.0,1.0,0.0,0.0,0.0,True
P15,120463,280323,1,0,2024-08-19,1.0,1.0,0.0,1.0,0.0,0.0,0.0,0.0,0.0,True
P15,120463,280324,1,0,2024-04-16,1.75,1.0,0.0,1.0,0.0,0.0,0.0,3.0,0.0,True
P15,120463,280421,1,1,2026-02-03,1.75,1.0,0.0,1.0,1.0,0.0,0.0,3.0,0.0,True
P15,120463,280425,1,1,2025-07-21,1.75,1.0,0.0,1.0,1.0,1.0,0.0,1.0,0.0,True
P15,120463,280453,1,0,2024-02-19,1.5,1.0,0.0,1.0,1.0,0.0,0.0,2.0,0.0,True
P15,120463,280490,1,1,2025-06-24,1.25,1.0,0.0,1.0,0.0,0.0,0.0,1.0,0.0,True
P15,120464,120431,1,0,2018-09-27,0.5,1.0,0.0,1.0,1.0,0.0,0.0,-2.0,0.0,True
P15,120464,120463,1,0,2024-02-16,0.5,1.0,0.0,1.0,1.0,0.0,0.0,-2.0,0.0,True
P15,120464,120465,1,0,2018-07-27,,,,,,,,,,False
P15,120464,241287,1,0,2024-02-04,0.0,1.0,0.0,0.0,0.0,0.0,0.0,-1.0,0.0,True
P15,120464,241653,1,0,2020-01-29,,,,,,,,,,False
P15,120464,280103,1,0,2021-05-09,1.0,0.0,0.0,1.0,1.0,0.0,0.0,0.0,0.0,True
P15,120464,280104,1,0,2021-06-06,0.75,1.0,0.0,1.0,1.0,0.0,0.0,-1.0,0.0,True
P15,120464,280107,1,1,2025-01-30,0.0,1.0,0.0,0.0,0.0,1.0,0.0,-2.0,0.0,True
P15,120464,280142,1,0,2019-07-29,,,,,,,,,,False
P15,120464,280147,1,0,2019-04-15,,,,,,,,,,False
P15,120464,280166,1,0,2019-07-18,0.5,1.0,0.0,1.0,1.0,0.0,0.0,-2.0,0.0,True
P15,120464,280175,1,0,2019-05-09,,,,,,,,,,False
P15,120464,280212,1,0,2019-10-07,1.75,1.0,0.0,1.0,1.0,1.0,0.0,1.0,0.0,True
P15,120464,280213,1,0,2019-12-09,1.0,1.0,0.0,1.0,1.0,1.0,0.0,-2.0,0.0,True
P15,120464,280318,1,0,2022-04-23,0.0,1.0,0.0,0.0,0.0,0.0,0.0,0.0,0.0,True
P15,120464,280323,1,1,2025-09-03,0.5,1.0,0.0,1.0,1.0,0.0,0.0,-2.0,0.0,True
P15,120464,280324,1,0,2023-12-20,1.25,1.0,0.0,1.0,1.0,0.0,0.0,1.0,0.0,True
P15,120464,280351,1,1,2024-10-28,1.25,1.0,0.0,1.0,1.0,1.0,0.0,-1.0,0.0,True
P15,120464,280490,1,1,2025-09-04,0.75,1.0,0.0,1.0,1.0,0.0,0.0,-1.0,0.0,True
P15,120465,120448,1,0,2019-01-28,,,,,,,,,,False
P15,120465,120464,1,0,2018-07-30,,,,,,,,,,False
P15,120465,241288,1,0,2019-01-16,,,,,,,,,,False
P15,120534,280169,1,0,2021-02-07,1.25,1.0,0.0,1.0,1.0,0.0,0.0,1.0,0.0,True
P15,241281,280105,1,0,2020-05-29,,,,,,,,,,False
P15,241283,120430,1,1,2025-07-31,0.5,1.0,0.0,1.0,1.0,0.0,0.0,-2.0,0.0,True
P15,241283,120436,1,0,2022-09-18,0.0,1.0,0.0,0.0,0.0,0.0,0.0,-2.0,0.0,True
P15,241283,280052,1,0,2023-02-09,1.25,1.0,0.0,1.0,1.0,0.0,0.0,1.0,0.0,True
P15,241283,280103,1,0,2021-12-11,1.0,1.0,0.0,1.0,1.0,0.0,0.0,0.0,0.0,True
P15,241283,280105,1,0,2018-11-06,1.0,1.0,0.0,1.0,1.0,0.0,0.0,0.0,0.0,True
P15,241283,280169,1,0,2022-02-21,0.0,1.0,0.0,0.0,0.0,0.0,0.0,-1.0,0.0,True
P15,241283,280212,1,0,2024-05-07,1.25,1.0,0.0,1.0,1.0,0.0,0.0,1.0,0.0,True
P15,241283,280214,1,0,2021-02-01,,,,,,,,,,False
P15,241283,280351,1,1,2025-02-06,0.75,1.0,0.0,1.0,1.0,0.0,0.0,-1.0,0.0,True
P15,241283,280425,1,1,2025-10-10,0.0,1.0,0.0,0.0,0.0,0.0,0.0,-1.0,0.0,True
P15,241287,280104,1,0,2022-05-13,1.0,1.0,0.0,1.0,1.0,0.0,0.0,0.0,0.0,True
P15,241287,280106,1,0,2022-10-21,1.25,1.0,0.0,1.0,1.0,0.0,0.0,1.0,0.0,True
P15,241287,280198,1,0,2020-12-03,,,,,,,,,,False
P15,241288,120430,1,0,2021-08-21,0.75,1.0,0.0,1.0,1.0,0.0,0.0,-1.0,0.0,True
P15,241288,120464,1,0,2020-01-06,0.25,1.0,0.0,0.0,0.0,0.0,0.0,1.0,0.0,True
P15,241288,242030,1,0,2019-03-18,,,,,,,,,,False
P15,241288,251200,1,0,2019-09-10,0.0,1.0,0.0,0.0,0.0,0.0,0.0,0.0,0.0,True
P15,241288,280052,1,0,2020-01-11,2.0,1.0,0.0,1.0,1.0,1.0,0.0,2.0,0.0,True
P15,241288,280105,1,0,2018-08-23,1.25,1.0,0.0,1.0,1.0,0.0,0.0,1.0,0.0,True
P15,241288,280106,1,0,2021-04-27,1.25,1.0,0.0,1.0,1.0,0.0,0.0,1.0,0.0,True
P15,241288,280147,1,0,2019-01-31,,,,,,,,,,False
P15,241288,280214,1,0,2021-04-15,,,,,,,,,,False
P15,242027,120451,1,0,2018-02-21,,,,,,,,,,False
P15,242027,242030,1,0,2019-05-28,,,,,,,,,,False
P15,242027,280052,1,0,2019-08-12,,,,,,,,,,False
P15,242027,280107,1,0,2018-03-12,,,,,,,,,,False
P15,242030,280040,1,0,2019-03-19,,,,,,,,,,False
P15,242030,280105,1,0,2019-06-13,,,,,,,,,,False
P15,251200,120442,1,0,2018-12-19,,,,,,,,,,False
P15,251200,120444,1,0,2020-05-28,0.0,1.0,0.0,0.0,0.0,0.0,0.0,-1.0,0.0,True
P15,251200,241283,1,0,2022-02-19,0.75,1.0,0.0,0.0,0.0,1.0,0.0,1.0,0.0,True
P15,251200,241287,1,0,2020-12-01,0.0,1.0,0.0,0.0,0.0,0.0,0.0,0.0,0.0,True
P15,251200,280133,1,0,2018-05-15,,,,,,,,,,False
P15,251200,280175,1,0,2020-03-21,,,,,,,,,,False
P15,251200,280214,1,0,2020-02-05,,,,,,,,,,False
P15,251200,280324,1,0,2022-12-03,1.5,1.0,0.0,1.0,1.0,0.0,0.0,2.0,0.0,True
P15,251200,280351,1,0,2023-07-23,1.5,1.0,0.0,1.0,1.0,1.0,0.0,0.0,0.0,True
P15,251200,280421,1,0,2023-06-25,1.5,1.0,0.0,1.0,1.0,0.0,0.0,2.0,0.0,True
P15,280013,280256,1,0,2023-10-22,1.0,1.0,0.0,1.0,1.0,0.0,0.0,0.0,0.0,True
P15,280013,280391,1,0,2022-08-08,1.5,1.0,0.0,1.0,1.0,0.0,0.0,2.0,0.0,True
P15,280040,120436,1,0,2019-03-20,,,,,,,,,,False
P15,280040,242027,1,0,2019-05-23,,,,,,,,,,False
P15,280040,242030,1,0,2018-10-15,,,,,,,,,,False
P15,280052,120436,1,0,2019-10-16,0.75,1.0,0.0,1.0,1.0,0.0,1.0,-3.0,0.0,True
P15,280052,120437,1,0,2019-10-18,0.75,1.0,0.0,1.0,1.0,0.0,1.0,-3.0,0.0,True
P15,280052,120448,1,0,2019-11-07,0.25,1.0,0.0,1.0,1.0,0.0,0.0,-3.0,0.0,True
P15,280052,241288,1,0,2021-08-19,1.0,1.0,0.0,1.0,1.0,0.0,1.0,-2.0,0.0,True
P15,280052,251200,1,0,2022-02-17,1.0,1.0,0.0,1.0,1.0,0.0,1.0,-2.0,0.0,True
P15,280052,280107,1,0,2020-07-28,0.75,1.0,0.0,1.0,1.0,0.0,1.0,-3.0,0.0,True
P15,280052,280166,1,0,2021-06-26,0.75,1.0,0.0,1.0,1.0,0.0,1.0,-3.0,0.0,True
P15,280052,280172,1,0,2019-08-19,,,,,,,,,,False
P15,280052,280198,1,0,2020-08-02,,,,,,,,,,False
P15,280052,280325,1,0,2021-09-03,1.0,1.0,0.0,1.0,0.0,0.0,1.0,-2.0,0.0,True
P15,280052,280391,1,0,2023-05-17,1.25,1.0,0.0,1.0,1.0,0.0,1.0,-1.0,0.0,True
P15,280052,280405,1,0,2022-03-01,1.5,1.0,0.0,1.0,0.0,0.0,1.0,0.0,0.0,True
P15,280087,251200,1,0,2018-05-14,,,,,,,,,,False
P15,280103,120436,1,0,2018-07-11,0.5,1.0,0.0,1.0,1.0,0.0,0.0,-2.0,0.0,True
P15,280103,120534,1,0,2021-02-07,0.5,1.0,0.0,1.0,1.0,0.0,0.0,-2.0,0.0,True
P15,280103,280013,1,0,2022-08-08,1.0,1.0,0.0,1.0,1.0,1.0,0.0,-2.0,0.0,True
P15,280103,280052,1,0,2020-12-10,1.75,1.0,0.0,1.0,1.0,1.0,0.0,1.0,0.0,True
P15,280103,280198,1,0,2020-03-15,,,,,,,,,,False
P15,280103,280204,1,0,2021-02-20,,,,,,,,,,False
P15,280103,280214,1,0,2020-08-26,,,,,,,,,,False
P15,280103,280222,1,0,2023-09-30,1.75,1.0,0.0,1.0,1.0,1.0,0.0,1.0,0.0,True
P15,280103,280318,1,0,2023-04-23,1.0,1.0,0.0,1.0,1.0,0.0,0.0,0.0,0.0,True
P15,280103,280324,1,0,2021-11-11,1.25,1.0,0.0,1.0,1.0,0.0,0.0,1.0,0.0,True
P15,280103,280325,1,0,2021-12-12,0.75,1.0,0.0,1.0,1.0,0.0,0.0,-1.0,0.0,True
P15,280103,280405,1,0,2022-09-05,1.75,1.0,0.0,1.0,1.0,1.0,0.0,1.0,0.0,True
P15,280103,280421,1,1,2025-10-21,0.25,1.0,0.0,0.0,0.0,0.0,0.0,1.0,0.0,True
P15,280103,280559,1,1,2025-10-15,0.75,1.0,0.0,1.0,1.0,0.0,0.0,-1.0,0.0,True
P15,280104,280105,1,0,2020-08-24,0.75,1.0,0.0,0.0,0.0,0.0,1.0,1.0,0.0,True
P15,280104,280106,1,0,2023-05-10,0.75,1.0,0.0,0.0,0.0,0.0,1.0,1.0,0.0,True
P15,280104,280198,1,0,2020-11-10,,,,,,,,,,False
P15,280104,280204,1,0,2022-08-23,,,,,,,,,,False
P15,280104,280206,1,0,2020-08-16,,,,,,,,,,False
P15,280104,280344,1,1,2025-05-14,0.75,1.0,0.0,0.0,0.0,0.0,1.0,1.0,0.0,True
P15,280104,280351,1,0,2022-04-30,2.0,1.0,0.0,1.0,1.0,1.0,1.0,0.0,0.0,True
P15,280104,280391,1,0,2022-12-18,0.75,1.0,0.0,0.0,0.0,0.0,1.0,1.0,0.0,True
P15,280104,280421,1,0,2023-10-07,1.0,1.0,0.0,0.0,0.0,0.0,1.0,2.0,0.0,True
P15,280105,120430,1,0,2019-01-14,0.5,1.0,0.0,1.0,1.0,0.0,0.0,-2.0,0.0,True
P15,280105,120436,1,0,2018-12-17,0.5,1.0,0.0,1.0,1.0,0.0,0.0,-2.0,0.0,True
P15,280105,120448,1,0,2019-02-20,0.5,1.0,0.0,1.0,1.0,0.0,0.0,-2.0,0.0,True
P15,280105,120464,1,0,2019-04-09,1.0,1.0,0.0,1.0,1.0,0.0,0.0,0.0,0.0,True
P15,280105,241288,1,0,2018-11-13,0.75,1.0,0.0,1.0,1.0,0.0,0.0,-1.0,0.0,True
P15,280105,280052,1,0,2021-07-18,1.75,1.0,0.0,1.0,1.0,1.0,0.0,1.0,0.0,True
P15,280105,280104,1,0,2021-11-03,0.0,1.0,0.0,0.0,0.0,0.0,0.0,-1.0,0.0,True
P15,280105,280141,1,0,2018-08-27,,,,,,,,,,False
P15,280105,280169,1,0,2023-09-20,0.75,1.0,0.0,1.0,1.0,0.0,0.0,-1.0,0.0,True
P15,280105,280212,1,0,2021-10-14,1.75,1.0,0.0,1.0,1.0,1.0,0.0,1.0,0.0,True
P15,280105,280213,1,0,2023-09-16,1.0,1.0,0.0,1.0,1.0,1.0,0.0,-2.0,0.0,True
P15,280105,280214,1,0,2021-03-14,,,,,,,,,,False
P15,280105,280216,1,0,2020-05-31,,,,,,,,,,False
P15,280105,280323,1,0,2022-03-23,0.5,1.0,0.0,1.0,1.0,0.0,0.0,-2.0,0.0,True
P15,280105,280324,1,0,2022-04-10,1.25,1.0,0.0,1.0,1.0,0.0,0.0,1.0,0.0,True
P15,280105,280351,1,0,2024-05-22,1.25,1.0,0.0,1.0,1.0,1.0,0.0,-1.0,0.0,True
P15,280105,280541,1,1,2025-10-07,0.75,1.0,0.0,1.0,1.0,0.0,0.0,-1.0,0.0,True
P15,280106,120437,1,0,2022-11-06,0.5,1.0,0.0,1.0,1.0,0.0,0.0,-2.0,0.0,True
P15,280106,120464,1,0,2021-06-04,1.0,1.0,0.0,1.0,1.0,0.0,0.0,0.0,0.0,True
P15,280106,251200,1,0,2022-04-13,0.75,1.0,0.0,1.0,1.0,0.0,0.0,-1.0,0.0,True
P15,280106,280104,1,0,2020-11-09,0.0,1.0,0.0,0.0,0.0,0.0,0.0,-1.0,0.0,True
P15,280106,280214,1,0,2021-04-30,,,,,,,,,,False
P15,280106,280222,1,0,2021-12-02,1.75,1.0,0.0,1.0,1.0,1.0,0.0,1.0,0.0,True
P15,280106,280391,1,0,2023-05-04,0.0,1.0,0.0,0.0,0.0,0.0,0.0,0.0,0.0,True
P15,280106,280451,1,1,2024-10-01,0.25,1.0,0.0,0.0,0.0,0.0,0.0,1.0,0.0,True
P15,280107,120436,1,0,2021-04-11,0.0,1.0,0.0,0.0,0.0,0.0,0.0,0.0,0.0,True
P15,280107,241283,1,0,2024-05-06,0.5,1.0,0.0,0.0,0.0,0.0,0.0,2.0,0.0,True
P15,280107,280166,1,0,2022-08-29,1.0,1.0,0.0,1.0,1.0,0.0,0.0,0.0,0.0,True
P15,280107,280169,1,0,2022-08-27,0.25,1.0,0.0,0.0,0.0,0.0,0.0,1.0,0.0,True
P15,280107,280172,1,0,2019-11-19,,,,,,,,,,False
P15,280107,280205,1,0,2020-08-01,,,,,,,,,,False
P15,280107,280348,1,1,2025-02-01,1.25,1.0,0.0,1.0,1.0,0.0,0.0,1.0,0.0,True
P15,280121,280318,1,1,2025-08-20,0.25,1.0,0.0,0.0,0.0,0.0,0.0,1.0,0.0,True
P15,280133,120430,1,0,2018-05-17,,,,,,,,,,False
P15,280133,120444,1,0,2018-06-22,,,,,,,,,,False
P15,280135,120464,1,0,2018-06-29,,,,,,,,,,False
P15,280135,241288,1,0,2018-08-20,,,,,,,,,,False
P15,280135,280133,1,0,2018-06-18,,,,,,,,,,False
P15,280142,120437,1,0,2018-12-05,,,,,,,,,,False
P15,280142,251200,1,0,2019-05-03,,,,,,,,,,False
P15,280142,280040,1,0,2018-10-15,,,,,,,,,,False
P15,280142,280105,1,0,2018-11-28,,,,,,,,,,False
P15,280142,280166,1,0,2019-07-15,,,,,,,,,,False
P15,280147,120437,1,0,2019-02-08,,,,,,,,,,False
P15,280147,280205,1,0,2019-04-18,,,,,,,,,,False
P15,280166,120437,1,0,2023-10-10,1.0,1.0,0.0,1.0,1.0,0.0,0.0,0.0,0.0,True
P15,280166,280104,1,0,2021-06-20,0.25,1.0,0.0,0.0,0.0,0.0,0.0,1.0,0.0,True
P15,280166,280106,1,0,2021-09-29,0.5,1.0,0.0,0.0,0.0,0.0,0.0,2.0,0.0,True
P15,280166,280107,1,0,2022-08-27,1.5,1.0,0.0,1.0,1.0,1.0,0.0,0.0,0.0,True
P15,280166,280204,1,0,2023-02-24,,,,,,,,,,False
P15,280166,280212,1,0,2022-03-27,2.25,1.0,0.0,1.0,1.0,1.0,0.0,3.0,0.0,True
P15,280166,280348,1,0,2024-04-01,1.25,1.0,0.0,1.0,1.0,0.0,0.0,1.0,0.0,True
P15,280166,280351,1,0,2022-06-12,1.75,1.0,0.0,1.0,1.0,1.0,0.0,1.0,0.0,True
P15,280166,280453,1,1,2024-12-08,0.5,1.0,0.0,0.0,0.0,0.0,0.0,2.0,0.0,True
P15,280169,120437,1,1,2024-09-18,0.0,1.0,0.0,0.0,0.0,0.0,0.0,-1.0,0.0,True
P15,280169,120448,1,0,2023-09-27,0.0,1.0,0.0,0.0,0.0,0.0,0.0,-1.0,0.0,True
P15,280169,241287,1,0,2020-11-17,0.0,1.0,0.0,0.0,0.0,0.0,0.0,0.0,0.0,True
P15,280169,251200,1,0,2023-06-24,0.0,1.0,0.0,0.0,0.0,0.0,0.0,0.0,0.0,True
P15,280169,280104,1,0,2021-08-13,1.0,1.0,0.0,1.0,1.0,0.0,0.0,0.0,0.0,True
P15,280169,280107,1,0,2022-08-28,0.25,1.0,0.0,0.0,0.0,1.0,0.0,-1.0,0.0,True
P15,280169,280121,1,1,2025-08-19,0.0,1.0,0.0,0.0,0.0,0.0,0.0,0.0,0.0,True
P15,280169,280205,1,0,2021-02-09,,,,,,,,,,False
P15,280169,280212,1,0,2023-02-01,2.0,1.0,0.0,1.0,1.0,1.0,0.0,2.0,0.0,True
P15,280169,280213,1,0,2022-02-13,1.25,1.0,0.0,1.0,1.0,1.0,0.0,-1.0,0.0,True
P15,280169,280256,1,0,2024-04-07,1.25,1.0,0.0,1.0,1.0,1.0,0.0,-1.0,0.0,True
P15,280169,280264,1,1,2025-03-29,0.25,1.0,0.0,0.0,0.0,0.0,0.0,1.0,0.0,True
P15,280169,280323,1,0,2023-08-24,0.75,1.0,0.0,1.0,1.0,0.0,0.0,-1.0,0.0,True
P15,280169,280325,1,0,2022-02-03,1.0,0.0,0.0,1.0,1.0,0.0,0.0,0.0,0.0,True
P15,280169,280348,1,1,2024-09-24,1.0,1.0,0.0,1.0,1.0,0.0,0.0,0.0,0.0,True
P15,280169,280405,1,0,2023-01-15,2.0,1.0,0.0,1.0,1.0,1.0,0.0,2.0,0.0,True
P15,280172,120437,1,0,2019-11-20,,,,,,,,,,False
P15,280172,120448,1,0,2019-08-08,,,,,,,,,,False
P15,280172,120464,1,0,2021-04-25,,,,,,,,,,False
P15,280172,280206,1,0,2019-05-14,,,,,,,,,,False
P15,280172,280325,1,0,2022-03-14,,,,,,,,,,False
P15,280175,242030,1,0,2019-06-12,,,,,,,,,,False
P15,280175,251200,1,0,2019-10-23,,,,,,,,,,False
P15,280175,280052,1,0,2020-01-17,,,,,,,,,,False
P15,280175,280107,1,0,2019-11-18,,,,,,,,,,False
P15,280175,280142,1,0,2019-07-15,,,,,,,,,,False
P15,280175,280216,1,0,2020-03-22,,,,,,,,,,False
P15,280185,241288,1,0,2019-03-14,,,,,,,,,,False
P15,280196,280105,1,0,2019-04-02,,,,,,,,,,False
P15,280198,251200,1,0,2020-03-18,,,,,,,,,,False
P15,280198,280052,1,0,2020-08-14,,,,,,,,,,False
P15,280198,280166,1,0,2020-12-07,,,,,,,,,,False
P15,280198,280169,1,0,2020-11-15,,,,,,,,,,False
P15,280204,280222,1,0,2021-02-21,,,,,,,,,,False
P15,280205,241287,1,0,2020-12-15,,,,,,,,,,False
P15,280205,251200,1,0,2020-11-30,,,,,,,,,,False
P15,280205,280052,1,0,2020-08-01,,,,,,,,,,False
P15,280205,280103,1,0,2021-02-17,,,,,,,,,,False
P15,280205,280142,1,0,2019-04-22,,,,,,,,,,False
P15,280205,280175,1,0,2020-01-15,,,,,,,,,,False
P15,280205,280222,1,0,2021-03-29,,,,,,,,,,False
P15,280206,120431,1,0,2020-09-24,,,,,,,,,,False
P15,280206,120436,1,0,2019-07-25,,,,,,,,,,False
P15,280206,280040,1,0,2019-05-22,,,,,,,,,,False
P15,280206,280052,1,0,2020-08-16,,,,,,,,,,False
P15,280206,280104,1,0,2020-04-16,,,,,,,,,,False
P15,280206,280213,1,0,2019-12-08,,,,,,,,,,False
P15,280206,280214,1,0,2020-09-30,,,,,,,,,,False
P15,280212,120464,1,0,2021-05-04,1.25,1.0,0.0,1.0,1.0,0.0,1.0,-1.0,0.0,True
P15,280212,280103,1,0,2021-10-19,1.25,1.0,0.0,1.0,1.0,0.0,1.0,-1.0,0.0,True
P15,280212,280214,1,0,2021-01-28,,,,,,,,,,False
P15,280212,280256,1,0,2024-01-31,0.0,1.0,0.0,0.0,0.0,0.0,1.0,-3.0,0.0,True
P15,280212,280323,1,0,2021-09-19,0.75,1.0,0.0,1.0,0.0,0.0,1.0,-3.0,0.0,True
P15,280212,280421,1,0,2024-05-13,1.5,1.0,0.0,1.0,1.0,0.0,1.0,0.0,0.0,True
P15,280212,280493,1,1,2026-01-25,1.0,1.0,0.0,1.0,1.0,0.0,1.0,-2.0,0.0,True
P15,280213,251200,1,0,2022-02-15,1.25,1.0,0.0,1.0,1.0,0.0,0.0,1.0,0.0,True
P15,280213,280052,1,0,2019-12-01,0.75,1.0,0.0,0.0,0.0,0.0,0.0,3.0,0.0,True
P15,280213,280105,1,0,2023-09-19,1.5,1.0,0.0,1.0,1.0,0.0,0.0,2.0,0.0,True
P15,280213,280205,1,0,2021-04-05,,,,,,,,,,False
P15,280213,280212,1,0,2021-01-25,1.75,1.0,0.0,1.0,0.0,0.0,0.0,3.0,0.0,True
P15,280213,280318,1,0,2024-03-22,1.5,1.0,0.0,1.0,1.0,0.0,0.0,2.0,0.0,True
P15,280213,280324,1,1,2025-09-08,1.75,1.0,0.0,1.0,0.0,0.0,0.0,3.0,0.0,True
P15,280213,280351,1,0,2023-11-03,1.25,1.0,0.0,1.0,0.0,0.0,0.0,1.0,0.0,True
P15,280213,280405,1,0,2023-03-22,1.75,1.0,0.0,1.0,0.0,0.0,0.0,3.0,0.0,True
P15,280213,280421,1,0,2023-12-12,1.75,1.0,0.0,1.0,1.0,0.0,0.0,3.0,0.0,True
P15,280213,280480,1,0,2024-04-19,0.75,1.0,0.0,0.0,0.0,0.0,0.0,3.0,0.0,True
P15,280214,120436,1,0,2020-08-30,,,,,,,,,,False
P15,280214,241283,1,0,2021-02-01,,,,,,,,,,False
P15,280214,280107,1,0,2021-04-10,,,,,,,,,,False
P15,280214,280169,1,0,2020-02-25,,,,,,,,,,False
P15,280214,280212,1,0,2021-05-02,,,,,,,,,,False
P15,280214,280216,1,0,2020-02-10,,,,,,,,,,False
P15,280216,120436,1,0,2020-02-19,,,,,,,,,,False
P15,280216,280052,1,0,2020-07-23,,,,,,,,,,False
P15,280216,280206,1,0,2020-04-12,,,,,,,,,,False
P15,280222,120436,1,0,2021-12-01,0.25,1.0,0.0,1.0,1.0,0.0,0.0,-3.0,0.0,True
P15,280222,120437,1,0,2024-01-05,0.25,1.0,0.0,1.0,1.0,0.0,0.0,-3.0,0.0,True
P15,280222,120463,1,0,2024-04-26,0.25,1.0,0.0,1.0,0.0,0.0,0.0,-3.0,0.0,True
P15,280222,251200,1,0,2020-09-12,0.5,1.0,0.0,1.0,1.0,0.0,0.0,-2.0,0.0,True
P15,280222,280052,1,0,2020-11-22,1.0,1.0,0.0,1.0,0.0,0.0,0.0,0.0,0.0,True
P15,280222,280169,1,0,2022-09-27,0.5,1.0,0.0,1.0,1.0,0.0,0.0,-2.0,0.0,True
P15,280222,280348,1,0,2024-04-10,0.5,1.0,0.0,1.0,0.0,0.0,0.0,-2.0,0.0,True
P15,280222,280351,1,0,2024-01-17,0.0,1.0,0.0,0.0,0.0,0.0,0.0,-2.0,0.0,True
P15,280222,280405,1,0,2023-10-02,0.0,1.0,0.0,0.0,0.0,0.0,0.0,0.0,0.0,True
P15,280222,280591,1,1,2025-09-17,0.0,1.0,0.0,0.0,0.0,0.0,0.0,-1.0,0.0,True
P15,280243,241653,1,0,2020-01-31,,,,,,,,,,False
P15,280243,251200,1,0,2020-02-03,,,,,,,,,,False
P15,280244,120464,1,1,2025-05-16,0.5,1.0,0.0,0.0,0.0,0.0,0.0,2.0,0.0,True
P15,280256,120464,1,0,2022-10-05,1.5,1.0,0.0,1.0,1.0,0.0,0.0,2.0,0.0,True
P15,280256,241287,1,0,2024-02-03,1.25,1.0,0.0,1.0,1.0,0.0,0.0,1.0,0.0,True
P15,280256,280013,1,0,2023-10-16,1.0,1.0,0.0,1.0,1.0,0.0,0.0,0.0,0.0,True
P15,280256,280166,1,0,2024-03-31,1.0,1.0,0.0,1.0,1.0,0.0,0.0,0.0,0.0,True
P15,280256,280212,1,0,2024-05-12,0.75,1.0,0.0,0.0,0.0,0.0,0.0,3.0,0.0,True
P15,280256,280213,1,0,2022-09-24,1.0,1.0,0.0,1.0,0.0,0.0,0.0,0.0,0.0,True
P15,280256,280222,1,0,2024-04-08,0.75,1.0,0.0,0.0,0.0,0.0,0.0,3.0,0.0,True
P15,280256,280348,1,0,2024-07-11,1.25,1.0,0.0,1.0,0.0,0.0,0.0,1.0,0.0,True
P15,280256,280391,1,0,2023-07-17,1.5,1.0,0.0,1.0,1.0,0.0,0.0,2.0,0.0,True
P15,280256,280454,1,0,2024-01-26,0.25,1.0,0.0,0.0,0.0,0.0,0.0,1.0,0.0,True
P15,280256,280480,1,0,2024-07-05,1.75,1.0,0.0,1.0,0.0,0.0,0.0,3.0,0.0,True
P15,280264,241283,1,1,2025-07-29,0.5,1.0,0.0,0.0,0.0,1.0,0.0,0.0,0.0,True
P15,280264,280318,1,1,2025-08-13,0.0,1.0,0.0,0.0,0.0,0.0,0.0,0.0,0.0,True
P15,280264,280344,1,1,2025-09-27,1.0,1.0,0.0,1.0,1.0,0.0,0.0,0.0,0.0,True
P15,280264,280348,1,1,2025-08-21,0.75,1.0,0.0,1.0,1.0,0.0,0.0,-1.0,0.0,True
P15,280318,120436,1,0,2024-03-24,0.0,1.0,0.0,0.0,0.0,0.0,0.0,-2.0,0.0,True
P15,280318,280103,1,0,2022-04-24,1.0,1.0,0.0,1.0,1.0,0.0,0.0,0.0,0.0,True
P15,280318,280105,1,0,2023-09-14,1.0,1.0,0.0,1.0,1.0,0.0,0.0,0.0,0.0,True
P15,280318,280212,1,0,2023-04-24,1.75,1.0,0.0,1.0,1.0,1.0,0.0,1.0,0.0,True
P15,280318,280264,1,1,2025-08-21,0.0,1.0,0.0,0.0,0.0,0.0,0.0,0.0,0.0,True
P15,280318,280348,1,1,2025-07-12,0.75,1.0,0.0,1.0,1.0,0.0,0.0,-1.0,0.0,True
P15,280323,120463,1,0,2024-03-04,1.0,1.0,0.0,1.0,0.0,0.0,0.0,0.0,0.0,True
P15,280323,120464,1,1,2025-09-03,1.5,1.0,0.0,1.0,1.0,0.0,0.0,2.0,0.0,True
P15,280323,280052,1,0,2021-08-31,2.25,1.0,0.0,1.0,0.0,1.0,0.0,3.0,0.0,True
P15,280323,280166,1,0,2021-09-26,1.0,0.0,0.0,1.0,1.0,0.0,0.0,0.0,0.0,True
P15,280323,280212,1,0,2024-08-20,2.25,1.0,0.0,1.0,0.0,1.0,0.0,3.0,0.0,True
P15,280323,280256,1,0,2024-03-26,1.5,1.0,0.0,1.0,0.0,1.0,0.0,0.0,0.0,True
P15,280323,280318,1,0,2023-11-29,1.5,1.0,0.0,1.0,1.0,0.0,0.0,2.0,0.0,True
P15,280323,280324,1,0,2023-08-27,0.75,1.0,0.0,0.0,0.0,0.0,0.0,3.0,0.0,True
P15,280323,280325,1,0,2021-09-19,1.25,1.0,0.0,1.0,0.0,0.0,0.0,1.0,0.0,True
P15,280323,280396,1,0,2022-03-24,,,,,,,,,,False
P15,280323,280405,1,0,2022-12-11,2.25,1.0,0.0,1.0,0.0,1.0,0.0,3.0,0.0,True
P15,280324,280104,1,0,2021-06-06,0.5,1.0,0.0,1.0,1.0,0.0,0.0,-2.0,0.0,True
P15,280324,280106,1,0,2022-04-12,1.25,1.0,0.0,1.0,1.0,0.0,1.0,-1.0,0.0,True
P15,280324,280318,1,0,2023-08-15,1.25,1.0,0.0,1.0,1.0,0.0,1.0,-1.0,0.0,True
P15,280324,280323,1,0,2022-12-08,0.0,1.0,0.0,0.0,0.0,0.0,1.0,-3.0,0.0,True
P15,280324,280325,1,0,2021-11-16,1.0,1.0,0.0,1.0,0.0,0.0,1.0,-2.0,0.0,True
P15,280324,280563,1,1,2025-09-09,1.5,1.0,0.0,1.0,0.0,0.0,1.0,0.0,0.0,True
P15,280325,280105,1,0,2021-10-31,1.25,1.0,0.0,1.0,1.0,0.0,0.0,1.0,0.0,True
P15,280325,280212,1,0,2021-09-16,1.0,1.0,0.0,0.0,0.0,1.0,0.0,2.0,0.0,True
P15,280325,280222,1,0,2021-12-19,1.0,1.0,0.0,0.0,0.0,1.0,0.0,2.0,0.0,True
P15,280325,280323,1,0,2021-09-22,0.75,1.0,0.0,1.0,0.0,0.0,0.0,-1.0,0.0,True
P15,280325,280405,1,0,2022-03-15,1.0,1.0,0.0,0.0,0.0,1.0,0.0,2.0,0.0,True
P15,280344,280244,1,1,2025-05-15,0.5,1.0,0.0,1.0,1.0,0.0,0.0,-2.0,0.0,True
P15,280344,280348,1,1,2024-10-15,0.75,1.0,0.0,1.0,1.0,0.0,0.0,-1.0,0.0,True
P15,280344,280405,1,1,2025-10-02,1.75,1.0,0.0,1.0,1.0,1.0,0.0,1.0,0.0,True
P15,280348,120448,1,1,2025-01-28,0.75,1.0,0.0,1.0,1.0,0.0,0.0,-1.0,0.0,True
P15,280348,241288,1,0,2024-05-03,1.5,1.0,0.0,1.0,1.0,0.0,1.0,0.0,0.0,True
P15,280348,280103,1,1,2025-10-19,1.75,1.0,0.0,1.0,1.0,0.0,1.0,1.0,0.0,True
P15,280348,280169,1,0,2024-04-03,1.5,1.0,0.0,1.0,1.0,0.0,1.0,0.0,0.0,True
P15,280348,280213,1,0,2024-03-21,1.75,1.0,0.0,1.0,0.0,1.0,1.0,-1.0,0.0,True
P15,280348,280559,1,1,2025-12-04,1.5,1.0,0.0,1.0,0.0,0.0,1.0,0.0,0.0,True
P15,280351,120436,1,1,2024-09-15,0.75,1.0,0.0,1.0,1.0,0.0,0.0,-1.0,0.0,True
P15,280351,120464,1,0,2024-02-11,1.25,1.0,0.0,1.0,1.0,0.0,0.0,1.0,0.0,True
P15,280351,251200,1,0,2022-07-16,1.0,1.0,0.0,1.0,1.0,0.0,0.0,0.0,0.0,True
P15,280351,280105,1,1,2025-03-18,1.25,1.0,0.0,1.0,1.0,0.0,0.0,1.0,0.0,True
P15,280351,280166,1,1,2024-12-07,0.75,1.0,0.0,1.0,1.0,0.0,0.0,-1.0,0.0,True
P15,280351,280169,1,1,2024-09-18,1.0,1.0,0.0,1.0,1.0,0.0,0.0,0.0,0.0,True
P15,280351,280172,1,0,2022-08-01,,,,,,,,,,False
P15,280351,280318,1,0,2023-09-13,1.25,1.0,0.0,1.0,1.0,0.0,0.0,1.0,0.0,True
P15,280351,280352,1,1,2025-02-23,,,,,,,,,,False
P15,280351,280391,1,0,2023-11-09,1.25,1.0,0.0,1.0,1.0,0.0,0.0,1.0,0.0,True
P15,280351,280405,1,0,2023-08-13,0.5,1.0,0.0,0.0,0.0,0.0,0.0,2.0,0.0,True
P15,280351,280454,1,0,2024-01-28,0.0,1.0,0.0,0.0,0.0,0.0,0.0,0.0,0.0,True
P15,280352,280351,1,1,2025-03-01,,,,,,,,,,False
P15,280391,280052,1,0,2023-03-15,1.75,1.0,0.0,1.0,1.0,1.0,0.0,1.0,0.0,True
P15,280391,280104,1,0,2022-05-25,0.0,1.0,0.0,0.0,0.0,0.0,0.0,-1.0,0.0,True
P15,280391,280105,1,0,2022-08-13,0.0,1.0,0.0,0.0,0.0,0.0,0.0,0.0,0.0,True
P15,280391,280169,1,0,2022-04-07,0.75,1.0,0.0,1.0,1.0,0.0,0.0,-1.0,0.0,True
P15,280391,280172,1,0,2022-03-12,,,,,,,,,,False
P15,280391,280213,1,0,2022-12-20,1.0,1.0,0.0,1.0,1.0,1.0,0.0,-2.0,0.0,True
P15,280391,280323,1,0,2023-11-13,0.5,1.0,0.0,1.0,1.0,0.0,0.0,-2.0,0.0,True
P15,280391,280324,1,0,2023-05-20,1.25,1.0,0.0,1.0,1.0,0.0,0.0,1.0,0.0,True
P15,280391,280405,1,0,2023-04-10,1.75,1.0,0.0,1.0,1.0,1.0,0.0,1.0,0.0,True
P15,280391,280450,1,0,2023-07-20,0.75,1.0,0.0,1.0,1.0,0.0,0.0,-1.0,0.0,True
P15,280391,280493,1,1,2025-03-25,0.0,1.0,0.0,0.0,0.0,0.0,0.0,-1.0,0.0,True
P15,280395,280391,1,0,2022-03-09,,,,,,,,,,False
P15,280396,280166,1,0,2022-03-25,,,,,,,,,,False
P15,280405,120464,1,1,2025-08-27,0.75,1.0,0.0,1.0,1.0,0.0,0.0,-1.0,0.0,True
P15,280405,241287,1,0,2023-01-19,0.5,1.0,0.0,1.0,1.0,0.0,0.0,-2.0,0.0,True
P15,280405,280052,1,0,2022-03-20,1.0,1.0,0.0,1.0,0.0,0.0,0.0,0.0,0.0,True
P15,280405,280106,1,0,2022-10-29,0.75,1.0,0.0,1.0,1.0,0.0,0.0,-1.0,0.0,True
P15,280405,280222,1,0,2024-04-24,0.0,1.0,0.0,0.0,0.0,0.0,0.0,0.0,0.0,True
P15,280405,280325,1,0,2023-01-09,0.0,1.0,0.0,0.0,0.0,0.0,0.0,-2.0,0.0,True
P15,280405,280391,1,0,2023-04-16,0.75,1.0,0.0,1.0,1.0,0.0,0.0,-1.0,0.0,True
P15,280405,280395,1,0,2022-03-06,,,,,,,,,,False
P15,280405,280452,1,1,2025-10-03,0.75,1.0,0.0,1.0,1.0,0.0,0.0,-1.0,0.0,True
P15,280421,280103,1,0,2023-06-27,0.0,1.0,0.0,0.0,0.0,0.0,0.0,-1.0,0.0,True
P15,280421,280104,1,0,2023-05-30,0.0,1.0,0.0,0.0,0.0,0.0,0.0,-2.0,0.0,True
P15,280421,280106,1,0,2023-05-14,0.0,1.0,0.0,0.0,0.0,0.0,0.0,-1.0,0.0,True
P15,280421,280166,1,0,2023-10-09,0.0,1.0,0.0,0.0,0.0,0.0,0.0,-3.0,0.0,True
P15,280421,280391,1,0,2023-12-14,0.0,1.0,0.0,0.0,0.0,0.0,0.0,-1.0,0.0,True
P15,280421,280452,1,1,2026-02-04,0.0,1.0,0.0,0.0,0.0,0.0,0.0,-1.0,0.0,True
P15,280421,570223,1,1,2026-01-28,0.0,1.0,0.0,0.0,0.0,0.0,0.0,-1.0,0.0,True
P15,280425,280103,1,1,2025-10-11,1.25,1.0,0.0,1.0,1.0,0.0,0.0,1.0,0.0,True
P15,280425,280264,1,1,2025-07-22,0.25,1.0,0.0,0.0,0.0,0.0,0.0,1.0,0.0,True
P15,280450,251200,1,0,2023-07-22,0.0,1.0,0.0,0.0,0.0,0.0,0.0,0.0,0.0,True
P15,280451,241287,1,0,2023-06-20,0.5,1.0,0.0,1.0,1.0,0.0,0.0,-2.0,0.0,True
P15,280451,280106,1,1,2024-10-01,0.0,1.0,0.0,0.0,0.0,0.0,0.0,-1.0,0.0,True
P15,280451,280391,1,1,2025-03-24,0.0,1.0,0.0,0.0,0.0,0.0,0.0,-1.0,0.0,True
P15,280451,280452,1,0,2024-05-16,0.0,1.0,0.0,0.0,0.0,0.0,0.0,-1.0,0.0,True
P15,280452,280105,1,1,2025-10-06,0.0,1.0,0.0,0.0,0.0,0.0,0.0,0.0,0.0,True
P15,280452,280106,1,0,2024-05-18,0.0,1.0,0.0,0.0,0.0,0.0,0.0,0.0,0.0,True
P15,280452,280256,1,0,2023-07-13,1.0,1.0,0.0,1.0,1.0,1.0,0.0,-2.0,0.0,True
P15,280452,280451,1,1,2026-02-05,0.25,1.0,0.0,0.0,0.0,0.0,0.0,1.0,0.0,True
P15,280453,280348,1,1,2024-12-09,0.75,1.0,0.0,1.0,1.0,0.0,0.0,-1.0,0.0,True
P15,280453,280480,1,0,2024-02-26,1.75,1.0,0.0,1.0,1.0,1.0,0.0,1.0,0.0,True
P15,280454,280212,1,0,2024-01-30,1.0,1.0,0.0,0.0,0.0,1.0,0.0,2.0,0.0,True
P15,280480,120463,1,0,2024-06-16,0.75,1.0,0.0,1.0,0.0,0.0,1.0,-3.0,0.0,True
P15,280480,280212,1,1,2026-01-23,1.0,1.0,0.0,1.0,0.0,0.0,0.0,0.0,0.0,True
P15,280480,280256,1,0,2024-07-07,0.75,1.0,0.0,1.0,0.0,0.0,1.0,-3.0,0.0,True
P15,280480,280323,1,0,2024-02-28,0.75,1.0,0.0,1.0,0.0,0.0,1.0,-3.0,0.0,True
P15,280480,280351,1,0,2024-06-09,1.0,1.0,0.0,1.0,0.0,0.0,1.0,-2.0,0.0,True
P15,280480,280405,1,0,2024-04-20,1.5,1.0,0.0,1.0,0.0,0.0,1.0,0.0,0.0,True
P15,280490,280213,1,1,2025-09-06,0.25,1.0,0.0,0.0,0.0,1.0,0.0,-1.0,0.0,True
P15,280490,280351,1,1,2025-06-24,1.5,1.0,0.0,1.0,0.0,1.0,0.0,0.0,0.0,True
P15,280493,280169,1,1,2025-03-25,1.0,1.0,0.0,1.0,1.0,0.0,0.0,0.0,0.0,True
P15,280493,280421,1,1,2026-01-27,0.5,1.0,0.0,0.0,0.0,0.0,0.0,2.0,0.0,True
P15,280541,280104,1,1,2025-10-07,1.0,1.0,0.0,1.0,1.0,0.0,0.0,0.0,0.0,True
P15,280563,241283,1,1,2025-09-11,1.25,1.0,0.0,1.0,1.0,1.0,0.0,-1.0,0.0,True
P15,280566,280264,1,1,2025-08-05,0.0,1.0,0.0,0.0,0.0,0.0,0.0,0.0,0.0,True
P15,280591,280264,1,1,2025-09-20,1.0,1.0,0.0,1.0,1.0,0.0,0.0,0.0,0.0,True
P15,280605,280610,1,1,2026-08-09,1.0,1.0,0.0,1.0,1.0,0.0,0.0,0.0,1.0,True
P15,280605,280617,1,1,2026-05-22,2.75,1.0,1.0,1.0,1.0,0.0,1.0,1.0,1.0,True
P15,280605,280624,1,1,2026-04-10,1.25,1.0,0.0,1.0,1.0,0.0,0.0,1.0,1.0,True
P15,280607,280610,1,1,2026-08-14,1.0,1.0,0.0,1.0,1.0,0.0,0.0,0.0,1.0,True
P15,280609,280610,1,1,2026-06-17,0.75,1.0,0.0,1.0,0.0,0.0,0.0,-1.0,1.0,True
P15,280609,280613,1,1,2026-05-04,2.25,1.0,1.0,1.0,1.0,0.0,1.0,-1.0,1.0,True
P15,280609,280652,1,1,2026-07-06,2.5,1.0,1.0,1.0,1.0,0.0,1.0,0.0,1.0,True
P15,280610,280605,1,1,2026-08-09,1.0,1.0,0.0,1.0,1.0,0.0,0.0,0.0,1.0,True
P15,280612,280698,1,1,2026-08-21,1.0,1.0,0.0,1.0,1.0,0.0,0.0,0.0,1.0,True
P15,280613,280614,1,1,2026-04-20,0.0,1.0,0.0,0.0,0.0,0.0,0.0,0.0,1.0,True
P15,280614,280616,1,1,2026-04-23,1.25,1.0,0.0,1.0,1.0,0.0,0.0,1.0,1.0,True
P15,280614,280689,1,1,2026-06-09,1.25,1.0,0.0,1.0,1.0,0.0,0.0,1.0,1.0,True
P15,280616,280607,1,1,2026-04-26,1.75,1.0,1.0,1.0,1.0,0.0,0.0,-1.0,1.0,True
P15,280617,280689,1,1,2026-05-26,0.0,1.0,0.0,0.0,0.0,0.0,0.0,0.0,1.0,True
P15,280622,280612,1,1,2026-08-19,1.0,1.0,1.0,0.0,0.0,0.0,0.0,0.0,1.0,True
P15,280624,280613,1,1,2026-04-14,2.25,1.0,1.0,1.0,1.0,0.0,1.0,-1.0,1.0,True
P15,280652,280610,1,1,2026-07-09,1.75,1.0,1.0,1.0,1.0,0.0,0.0,-1.0,1.0,True
P15,280652,280698,1,1,2026-07-01,0.75,1.0,0.0,1.0,1.0,0.0,0.0,-1.0,1.0,True
P15,280689,280609,1,1,2026-06-16,2.0,1.0,1.0,1.0,0.0,0.0,0.0,0.0,1.0,True
P15,280689,280610,1,1,2026-08-06,1.75,1.0,1.0,1.0,0.0,0.0,0.0,-1.0,1.0,True
P15,280689,280614,1,1,2026-06-05,0.75,1.0,0.0,1.0,1.0,0.0,0.0,-1.0,1.0,True
P15,280689,280652,1,1,2026-06-28,1.0,1.0,0.0,1.0,1.0,0.0,0.0,0.0,1.0,True
P15,280689,280698,1,1,2026-06-10,0.75,1.0,0.0,1.0,0.0,0.0,0.0,-1.0,1.0,True
P15,280698,280610,1,1,2026-07-02,2.0,1.0,1.0,1.0,0.0,0.0,0.0,0.0,1.0,True
P15,280698,280617,1,1,2026-08-25,1.25,1.0,0.0,1.0,0.0,0.0,0.0,1.0,1.0,True
P15,280698,280689,1,1,2026-06-13,1.25,1.0,0.0,1.0,0.0,0.0,0.0,1.0,1.0,True
P15,570223,120436,1,1,2026-01-29,0.5,1.0,0.0,1.0,1.0,0.0,0.0,-2.0,0.0,True
P16,280256,280351,17,4,2025-06-25,0.25,1.0,0.0,0.0,0.0,0.0,0.0,1.0,0.0,True
P16,280351,280256,17,4,2025-06-29,0.0,1.0,0.0,0.0,0.0,0.0,0.0,-1.0,0.0,True
P16,120436,120464,8,1,2026-01-25,0.5,1.0,0.0,0.0,0.0,0.0,0.0,2.0,0.0,True
P16,280214,280052,8,0,2020-11-22,,,,,,,,,,False
P16,280222,280052,8,0,2023-06-20,1.0,1.0,0.0,1.0,0.0,0.0,0.0,0.0,0.0,True
P16,120437,120464,6,0,2019-08-27,0.5,1.0,0.0,0.0,0.0,0.0,0.0,2.0,0.0,True
P16,120464,120436,6,0,2019-10-14,0.0,1.0,0.0,0.0,0.0,0.0,0.0,-2.0,0.0,True
P16,120464,120437,6,0,2019-09-16,0.0,1.0,0.0,0.0,0.0,0.0,0.0,-2.0,0.0,True
P16,280052,280222,6,0,2021-10-11,1.5,1.0,0.0,1.0,0.0,0.0,1.0,0.0,0.0,True
P16,120437,120436,5,0,2019-09-23,0.0,1.0,0.0,0.0,0.0,0.0,0.0,0.0,0.0,True
P16,280052,280147,5,0,2019-07-11,,,,,,,,,,False
P16,280222,280351,5,0,2023-04-16,0.0,1.0,0.0,0.0,0.0,0.0,0.0,-2.0,0.0,True
P16,241288,120437,4,0,2019-08-07,0.0,1.0,0.0,0.0,0.0,0.0,0.0,-1.0,0.0,True
P16,251200,241288,4,0,2020-02-26,0.0,1.0,0.0,0.0,0.0,0.0,0.0,0.0,0.0,True
P16,251200,280052,4,0,2021-02-20,2.0,1.0,0.0,1.0,1.0,1.0,0.0,2.0,0.0,True
P16,280052,251200,4,0,2021-02-18,1.0,1.0,0.0,1.0,1.0,0.0,1.0,-2.0,0.0,True
P16,280052,280214,4,0,2020-10-07,,,,,,,,,,False
P16,280212,280222,4,1,2025-07-30,0.5,1.0,0.0,0.0,0.0,0.0,1.0,0.0,0.0,True
P16,280324,280323,4,2,2025-10-28,0.0,1.0,0.0,0.0,0.0,0.0,1.0,-3.0,0.0,True
P16,280351,280052,4,0,2022-04-07,1.5,1.0,0.0,1.0,0.0,0.0,0.0,2.0,0.0,True
P16,280351,280222,4,0,2023-08-19,0.5,1.0,0.0,0.0,0.0,0.0,0.0,2.0,0.0,True
P16,280351,280324,4,0,2023-09-29,1.5,1.0,0.0,1.0,0.0,0.0,0.0,2.0,0.0,True
P16,120436,280052,3,0,2019-09-25,2.25,1.0,0.0,1.0,1.0,1.0,0.0,3.0,0.0,True
P16,120437,120448,3,0,2019-03-18,0.0,1.0,0.0,0.0,0.0,0.0,0.0,0.0,0.0,True
P16,120448,120437,3,0,2019-08-19,0.5,1.0,0.0,0.0,0.0,0.0,1.0,0.0,0.0,True
P16,120464,120448,3,0,2019-10-17,0.0,1.0,0.0,0.0,0.0,0.0,0.0,-2.0,0.0,True
P16,120464,251200,3,1,2026-01-26,0.0,1.0,0.0,0.0,0.0,0.0,0.0,-1.0,0.0,True
P16,251200,120464,3,0,2018-09-05,0.25,1.0,0.0,0.0,0.0,0.0,0.0,1.0,0.0,True
P16,280052,120464,3,0,2022-04-21,1.25,1.0,0.0,1.0,1.0,0.0,1.0,-1.0,0.0,True
P16,280052,280198,3,0,2021-05-09,,,,,,,,,,False
P16,280052,280212,3,0,2021-08-19,1.0,0.0,0.0,1.0,0.0,0.0,0.0,0.0,0.0,True
P16,280052,280256,3,0,2022-04-14,0.75,1.0,0.0,1.0,0.0,0.0,1.0,-3.0,0.0,True
P16,280052,280324,3,0,2023-03-19,1.0,1.0,0.0,1.0,0.0,0.0,0.0,0.0,0.0,True
P16,280052,280351,3,0,2023-06-24,1.0,1.0,0.0,1.0,0.0,0.0,1.0,-2.0,0.0,True
P16,280107,241283,3,0,2023-10-05,0.5,1.0,0.0,0.0,0.0,0.0,0.0,2.0,0.0,True
P16,280169,280351,3,0,2023-07-23,1.5,1.0,0.0,1.0,1.0,1.0,0.0,0.0,0.0,True
P16,280213,280052,3,0,2021-08-17,0.75,1.0,0.0,0.0,0.0,0.0,0.0,3.0,0.0,True
P16,280318,280264,3,3,2026-03-05,0.0,1.0,0.0,0.0,0.0,0.0,0.0,0.0,0.0,True
P16,280351,280169,3,0,2023-01-09,1.0,1.0,0.0,1.0,1.0,0.0,0.0,0.0,0.0,True
P16,280351,280388,3,0,2023-09-15,,,,,,,,,,False
P16,280351,280405,3,0,2023-01-25,0.5,1.0,0.0,0.0,0.0,0.0,0.0,2.0,0.0,True
P16,280405,280351,3,0,2023-04-02,0.0,1.0,0.0,0.0,0.0,0.0,0.0,-2.0,0.0,True
P16,120430,120464,2,1,2026-01-02,1.5,1.0,0.0,1.0,1.0,0.0,0.0,2.0,0.0,True
P16,120430,280040,2,0,2018-04-30,,,,,,,,,,False
P16,120436,120437,2,0,2019-09-19,0.0,1.0,0.0,0.0,0.0,0.0,0.0,0.0,0.0,True
P16,120436,120444,2,0,2019-07-15,0.0,1.0,0.0,0.0,0.0,0.0,0.0,0.0,0.0,True
P16,120436,120448,2,0,2019-10-14,0.0,1.0,0.0,0.0,0.0,0.0,0.0,0.0,0.0,True
P16,120444,120464,2,0,2019-08-05,0.5,1.0,0.0,0.0,0.0,0.0,0.0,2.0,0.0,True
P16,120444,120536,2,0,2019-02-15,1.0,1.0,0.0,1.0,1.0,0.0,0.0,0.0,0.0,True
P16,120448,120464,2,0,2019-10-14,1.0,1.0,0.0,0.0,0.0,0.0,1.0,2.0,0.0,True
P16,120448,251200,2,1,2025-11-13,0.75,1.0,0.0,0.0,0.0,0.0,1.0,1.0,0.0,True
P16,120448,280052,2,0,2019-07-09,2.25,1.0,0.0,1.0,1.0,1.0,0.0,3.0,0.0,True
P16,120463,280348,2,2,2026-04-24,0.25,1.0,0.0,0.0,0.0,0.0,0.0,1.0,0.0,True
P16,120464,120430,2,0,2018-10-15,0.5,1.0,0.0,1.0,1.0,0.0,0.0,-2.0,0.0,True
P16,120464,120444,2,0,2019-10-28,0.0,1.0,0.0,0.0,0.0,0.0,0.0,-2.0,0.0,True
P16,120464,241283,2,0,2020-01-19,0.5,1.0,0.0,0.0,0.0,1.0,0.0,0.0,0.0,True
P16,120464,241288,2,0,2022-04-23,0.0,1.0,0.0,0.0,0.0,0.0,0.0,-1.0,0.0,True
P16,241283,120464,2,0,2019-06-26,0.0,1.0,0.0,0.0,0.0,0.0,0.0,0.0,0.0,True
P16,241287,280052,2,0,2022-05-26,2.0,1.0,0.0,1.0,1.0,1.0,0.0,2.0,0.0,True
P16,241287,280324,2,0,2022-06-07,1.5,1.0,0.0,1.0,1.0,0.0,0.0,2.0,0.0,True
P16,241288,280052,2,0,2020-03-01,2.0,1.0,0.0,1.0,1.0,1.0,0.0,2.0,0.0,True
P16,241288,280324,2,0,2022-05-15,1.5,1.0,0.0,1.0,1.0,0.0,0.0,2.0,0.0,True
P16,242030,242027,2,0,2018-06-20,,,,,,,,,,False
P16,251200,120448,2,1,2026-01-26,0.0,1.0,0.0,0.0,0.0,0.0,0.0,-1.0,0.0,True
P16,280052,280205,2,0,2021-04-11,,,,,,,,,,False
P16,280052,280213,2,0,2021-02-02,0.0,1.0,0.0,0.0,0.0,0.0,1.0,-3.0,0.0,True
P16,280107,120436,2,0,2019-10-21,0.0,1.0,0.0,0.0,0.0,0.0,0.0,0.0,0.0,True
P16,280147,280052,2,0,2019-01-14,,,,,,,,,,False
P16,280169,280198,2,0,2020-08-20,,,,,,,,,,False
P16,280172,251200,2,0,2019-06-13,,,,,,,,,,False
P16,280198,280169,2,0,2020-08-24,,,,,,,,,,False
P16,280205,280052,2,0,2021-05-19,,,,,,,,,,False
P16,280213,280214,2,0,2021-01-02,,,,,,,,,,False
P16,280222,280206,2,0,2021-08-08,,,,,,,,,,False
P16,280222,280212,2,0,2021-06-04,0.0,1.0,0.0,0.0,0.0,0.0,0.0,0.0,0.0,True
P16,280222,280563,2,2,2025-08-17,0.0,1.0,0.0,0.0,0.0,0.0,0.0,0.0,0.0,True
P16,280256,280052,2,0,2022-04-16,1.75,1.0,0.0,1.0,0.0,0.0,0.0,3.0,0.0,True
P16,280256,280212,2,2,2025-07-27,0.75,1.0,0.0,0.0,0.0,0.0,0.0,3.0,0.0,True
P16,280264,280348,2,2,2026-08-21,0.75,1.0,0.0,1.0,1.0,0.0,0.0,-1.0,0.0,True
P16,280323,280351,2,2,2025-05-18,1.75,1.0,0.0,1.0,0.0,1.0,0.0,1.0,0.0,True
P16,280324,280222,2,0,2022-04-26,2.0,1.0,0.0,1.0,0.0,1.0,1.0,0.0,0.0,True
P16,280324,280351,2,0,2023-06-06,1.5,1.0,0.0,1.0,0.0,1.0,1.0,-2.0,0.0,True
P16,280348,280264,2,2,2026-08-23,1.75,1.0,0.0,1.0,1.0,0.0,1.0,1.0,0.0,True
P16,280351,280323,2,2,2025-05-11,0.75,1.0,0.0,1.0,0.0,0.0,0.0,-1.0,0.0,True
P16,280351,280325,2,0,2023-02-26,0.0,1.0,0.0,0.0,0.0,0.0,0.0,0.0,0.0,True
P16,280388,280351,2,0,2023-09-22,,,,,,,,,,False
P16,280405,280052,2,0,2023-08-28,1.0,1.0,0.0,1.0,0.0,0.0,0.0,0.0,0.0,True
P16,280563,280264,2,2,2026-08-05,0.75,1.0,0.0,1.0,1.0,0.0,0.0,-1.0,0.0,True
P16,280566,280264,2,2,2026-02-22,0.0,1.0,0.0,0.0,0.0,0.0,0.0,0.0,0.0,True
P16,120430,120431,1,0,2019-03-29,0.0,1.0,0.0,0.0,0.0,0.0,0.0,0.0,0.0,True
P16,120430,120433,1,0,2018-03-07,0.0,1.0,0.0,0.0,0.0,0.0,0.0,0.0,0.0,True
P16,120430,120437,1,0,2020-02-14,1.0,1.0,0.0,1.0,1.0,0.0,0.0,0.0,0.0,True
P16,120430,120448,1,0,2018-10-15,1.0,1.0,0.0,1.0,1.0,0.0,0.0,0.0,0.0,True
P16,120430,120463,1,1,2026-03-26,1.0,1.0,0.0,1.0,1.0,0.0,0.0,0.0,0.0,True
P16,120430,120536,1,0,2018-04-16,0.0,1.0,0.0,0.0,0.0,0.0,0.0,0.0,0.0,True
P16,120430,280052,1,0,2019-11-11,2.25,1.0,0.0,1.0,1.0,1.0,0.0,3.0,0.0,True
P16,120430,280133,1,0,2018-05-31,,,,,,,,,,False
P16,120430,280222,1,0,2020-03-25,2.25,1.0,0.0,1.0,1.0,1.0,0.0,3.0,0.0,True
P16,120431,120433,1,0,2018-04-26,0.0,1.0,0.0,0.0,0.0,0.0,0.0,0.0,0.0,True
P16,120431,120448,1,0,2019-04-01,1.0,1.0,0.0,1.0,1.0,0.0,0.0,0.0,0.0,True
P16,120431,120464,1,0,2018-08-20,1.5,1.0,0.0,1.0,1.0,0.0,0.0,2.0,0.0,True
P16,120431,241288,1,0,2018-03-19,1.25,1.0,0.0,1.0,1.0,0.0,0.0,1.0,0.0,True
P16,120433,120430,1,0,2018-04-27,0.5,1.0,0.0,0.0,0.0,0.0,1.0,0.0,0.0,True
P16,120433,120444,1,0,2018-05-29,1.5,1.0,0.0,1.0,1.0,0.0,1.0,0.0,0.0,True
P16,120433,242027,1,0,2018-03-08,,,,,,,,,,False
P16,120436,120430,1,0,2018-04-12,1.0,0.0,0.0,1.0,1.0,0.0,0.0,0.0,0.0,True
P16,120436,120463,1,1,2026-07-05,1.0,1.0,0.0,1.0,1.0,0.0,0.0,0.0,0.0,True
P16,120436,120465,1,0,2019-08-13,,,,,,,,,,False
P16,120436,241288,1,0,2019-04-08,0.25,1.0,0.0,0.0,0.0,0.0,0.0,1.0,0.0,True
P16,120436,251200,1,0,2018-08-27,0.25,1.0,0.0,0.0,0.0,0.0,0.0,1.0,0.0,True
P16,120437,241283,1,1,2026-08-26,1.0,1.0,0.0,0.0,0.0,1.0,0.0,2.0,0.0,True
P16,120437,241288,1,0,2019-04-15,0.25,1.0,0.0,0.0,0.0,0.0,0.0,1.0,0.0,True
P16,120437,242030,1,0,2018-02-05,,,,,,,,,,False
P16,120437,251200,1,1,2026-09-02,0.25,1.0,0.0,0.0,0.0,0.0,0.0,1.0,0.0,True
P16,120437,280107,1,0,2023-10-05,0.5,1.0,0.0,0.0,0.0,1.0,0.0,0.0,0.0,True
P16,120437,280169,1,0,2020-02-15,0.25,1.0,0.0,0.0,0.0,0.0,0.0,1.0,0.0,True
P16,120437,280196,1,0,2019-03-25,,,,,,,,,,False
P16,120444,120430,1,0,2018-05-29,1.0,1.0,0.0,1.0,1.0,0.0,0.0,0.0,0.0,True
P16,120444,241288,1,0,2019-10-29,0.25,1.0,0.0,0.0,0.0,0.0,0.0,1.0,0.0,True
P16,120444,280147,1,0,2019-04-17,,,,,,,,,,False
P16,120444,280206,1,0,2019-11-24,,,,,,,,,,False
P16,120444,280264,1,1,2026-03-15,0.5,1.0,0.0,0.0,0.0,0.0,0.0,2.0,0.0,True
P16,120444,280351,1,0,2023-10-08,1.75,1.0,0.0,1.0,1.0,1.0,0.0,1.0,0.0,True
P16,120444,280592,1,1,2026-03-17,1.25,1.0,0.0,1.0,1.0,0.0,0.0,1.0,0.0,True
P16,120445,280013,1,0,2020-08-29,,,,,,,,,,False
P16,120448,120430,1,0,2019-11-06,1.5,1.0,0.0,1.0,1.0,0.0,1.0,0.0,0.0,True
P16,120448,120436,1,0,2018-05-11,0.5,1.0,0.0,0.0,0.0,0.0,1.0,0.0,0.0,True
P16,120448,120444,1,0,2018-08-14,0.5,1.0,0.0,0.0,0.0,0.0,1.0,0.0,0.0,True
P16,120448,120463,1,1,2026-01-29,1.5,1.0,0.0,1.0,1.0,0.0,1.0,0.0,0.0,True
P16,120448,241288,1,0,2018-09-10,0.75,1.0,0.0,0.0,0.0,0.0,1.0,1.0,0.0,True
P16,120448,280107,1,0,2019-10-21,1.0,1.0,0.0,0.0,0.0,1.0,1.0,0.0,0.0,True
P16,120448,280172,1,0,2019-04-03,,,,,,,,,,False
P16,120448,280591,1,1,2025-09-15,2.0,1.0,0.0,1.0,1.0,0.0,1.0,2.0,0.0,True
P16,120463,280213,1,1,2026-05-20,1.5,1.0,0.0,1.0,0.0,1.0,0.0,0.0,0.0,True
P16,120463,280264,1,1,2026-01-29,1.5,1.0,0.0,1.0,1.0,0.0,0.0,2.0,0.0,True
P16,120463,280405,1,1,2026-07-06,2.25,1.0,0.0,1.0,0.0,1.0,0.0,3.0,0.0,True
P16,120463,280590,1,1,2026-08-16,1.0,1.0,0.0,1.0,0.0,0.0,0.0,0.0,0.0,True
P16,120463,280591,1,1,2026-08-18,1.5,1.0,0.0,1.0,0.0,0.0,0.0,2.0,0.0,True
P16,120463,280683,1,1,2026-04-17,1.5,1.0,0.0,1.0,0.0,0.0,0.0,2.0,0.0,True
P16,120464,241287,1,1,2026-01-04,0.0,1.0,0.0,0.0,0.0,0.0,0.0,-1.0,0.0,True
P16,120464,242030,1,0,2019-10-07,,,,,,,,,,False
P16,120464,280040,1,0,2018-04-09,,,,,,,,,,False
P16,120464,280052,1,0,2019-01-21,1.75,1.0,0.0,1.0,1.0,1.0,0.0,1.0,0.0,True
P16,120464,280107,1,0,2021-12-02,0.0,1.0,0.0,0.0,0.0,1.0,0.0,-2.0,0.0,True
P16,120464,280172,1,0,2019-05-01,,,,,,,,,,False
P16,120464,280185,1,0,2019-02-25,,,,,,,,,,False
P16,120464,280206,1,0,2019-08-27,,,,,,,,,,False
P16,120464,280213,1,1,2026-01-07,1.0,1.0,0.0,1.0,1.0,1.0,0.0,-2.0,0.0,True
P16,120465,120430,1,0,2019-03-27,,,,,,,,,,False
P16,120465,120448,1,0,2019-08-13,,,,,,,,,,False
P16,120536,120431,1,0,2018-08-16,0.0,1.0,0.0,0.0,0.0,0.0,0.0,0.0,0.0,True
P16,120536,280040,1,0,2018-04-17,,,,,,,,,,False
P16,120536,280107,1,0,2019-02-18,1.5,1.0,0.0,1.0,1.0,1.0,0.0,0.0,0.0,True
P16,241283,120437,1,0,2019-02-06,0.0,1.0,0.0,0.0,0.0,0.0,0.0,-2.0,0.0,True
P16,241283,120444,1,0,2023-10-07,0.0,1.0,0.0,0.0,0.0,0.0,0.0,-2.0,0.0,True
P16,241283,280172,1,0,2020-01-21,,,,,,,,,,False
P16,241283,280264,1,1,2026-02-17,0.0,1.0,0.0,0.0,0.0,0.0,0.0,0.0,0.0,True
P16,241283,280286,1,0,2020-02-10,,,,,,,,,,False
P16,241283,280318,1,1,2026-03-02,0.0,1.0,0.0,0.0,0.0,0.0,0.0,0.0,0.0,True
P16,241283,280425,1,1,2026-03-01,0.0,1.0,0.0,0.0,0.0,0.0,0.0,-1.0,0.0,True
P16,241283,280559,1,1,2026-08-26,0.75,1.0,0.0,1.0,1.0,0.0,0.0,-1.0,0.0,True
P16,241283,570560,1,1,2026-08-01,0.5,1.0,0.0,1.0,1.0,0.0,0.0,-2.0,0.0,True
P16,241287,120448,1,1,2025-09-13,0.0,1.0,0.0,0.0,0.0,0.0,0.0,-1.0,0.0,True
P16,241287,120464,1,1,2026-01-04,0.25,1.0,0.0,0.0,0.0,0.0,0.0,1.0,0.0,True
P16,241287,280169,1,0,2023-07-22,0.0,1.0,0.0,0.0,0.0,0.0,0.0,0.0,0.0,True
P16,241288,120436,1,0,2019-06-18,0.0,1.0,0.0,0.0,0.0,0.0,0.0,-1.0,0.0,True
P16,241288,120444,1,0,2019-04-15,0.0,1.0,0.0,0.0,0.0,0.0,0.0,-1.0,0.0,True
P16,241288,241653,1,0,2020-01-31,,,,,,,,,,False
P16,241288,251200,1,0,2019-10-31,0.0,1.0,0.0,0.0,0.0,0.0,0.0,0.0,0.0,True
P16,241288,280135,1,0,2018-06-15,,,,,,,,,,False
P16,241288,280206,1,0,2019-05-13,,,,,,,,,,False
P16,241653,280243,1,0,2020-02-01,,,,,,,,,,False
P16,241658,120430,1,0,2018-01-29,,,,,,,,,,False
P16,242027,120448,1,0,2018-05-01,,,,,,,,,,False
P16,242027,120464,1,0,2018-07-12,,,,,,,,,,False
P16,242027,241288,1,0,2018-06-14,,,,,,,,,,False
P16,242027,251200,1,0,2018-03-15,,,,,,,,,,False
P16,242027,280003,1,0,2018-02-07,,,,,,,,,,False
P16,242027,280133,1,0,2018-05-22,,,,,,,,,,False
P16,242027,280135,1,0,2018-06-29,,,,,,,,,,False
P16,242030,120464,1,0,2019-10-14,,,,,,,,,,False
P16,251200,120431,1,0,2018-03-15,0.75,1.0,0.0,1.0,1.0,0.0,0.0,-1.0,0.0,True
P16,251200,280121,1,1,2026-07-15,0.0,1.0,0.0,0.0,0.0,0.0,0.0,0.0,0.0,True
P16,251200,280135,1,0,2018-06-07,,,,,,,,,,False
P16,251200,280166,1,0,2019-10-31,0.75,1.0,0.0,1.0,1.0,0.0,0.0,-1.0,0.0,True
P16,251200,280264,1,1,2026-01-13,0.25,1.0,0.0,0.0,0.0,0.0,0.0,1.0,0.0,True
P16,251200,280318,1,1,2025-11-15,0.25,1.0,0.0,0.0,0.0,0.0,0.0,1.0,0.0,True
P16,251200,280480,1,1,2026-03-22,2.0,1.0,0.0,1.0,1.0,1.0,0.0,2.0,0.0,True
P16,280003,120433,1,0,2018-02-08,,,,,,,,,,False
P16,280003,280040,1,0,2018-04-23,,,,,,,,,,False
P16,280013,280214,1,0,2020-08-30,,,,,,,,,,False
P16,280013,280351,1,0,2023-10-20,1.25,1.0,0.0,1.0,1.0,0.0,0.0,1.0,0.0,True
P16,280040,120431,1,0,2018-04-24,,,,,,,,,,False
P16,280040,120436,1,0,2018-04-10,,,,,,,,,,False
P16,280040,241658,1,0,2018-01-24,,,,,,,,,,False
P16,280040,242027,1,0,2018-05-01,,,,,,,,,,False
P16,280040,280003,1,0,2018-04-17,,,,,,,,,,False
P16,280052,120436,1,0,2019-09-30,0.75,1.0,0.0,1.0,1.0,0.0,1.0,-3.0,0.0,True
P16,280052,280098,1,0,2020-08-17,,,,,,,,,,False
P16,280052,280107,1,0,2019-06-24,0.75,1.0,0.0,1.0,1.0,0.0,1.0,-3.0,0.0,True
P16,280052,280121,1,0,2020-11-08,1.0,1.0,0.0,1.0,1.0,0.0,1.0,-2.0,0.0,True
P16,280052,280169,1,0,2020-08-02,1.0,1.0,0.0,1.0,1.0,0.0,1.0,-2.0,0.0,True
P16,280052,280172,1,0,2019-04-29,,,,,,,,,,False
P16,280052,280206,1,0,2020-07-06,,,,,,,,,,False
P16,280052,280405,1,0,2022-03-01,1.5,1.0,0.0,1.0,0.0,0.0,1.0,0.0,0.0,True
P16,280098,280169,1,0,2020-08-17,,,,,,,,,,False
P16,280105,280324,1,0,2021-06-14,1.25,1.0,0.0,1.0,1.0,0.0,0.0,1.0,0.0,True
P16,280107,280052,1,0,2019-12-16,1.75,1.0,0.0,1.0,1.0,0.0,0.0,3.0,0.0,True
P16,280107,280351,1,0,2021-12-03,1.25,1.0,0.0,1.0,1.0,0.0,0.0,1.0,0.0,True
P16,280107,570560,1,1,2026-08-02,1.0,1.0,0.0,1.0,1.0,0.0,0.0,0.0,0.0,True
P16,280121,251200,1,1,2026-01-12,0.0,1.0,0.0,0.0,0.0,0.0,0.0,0.0,0.0,True
P16,280121,280214,1,0,2020-11-09,,,,,,,,,,False
P16,280121,280425,1,1,2026-07-16,0.5,1.0,0.0,0.0,0.0,1.0,0.0,0.0,0.0,True
P16,280121,280450,1,1,2026-04-13,0.0,1.0,0.0,0.0,0.0,0.0,0.0,0.0,0.0,True
P16,280133,120433,1,0,2018-05-23,,,,,,,,,,False
P16,280133,280134,1,0,2018-06-04,,,,,,,,,,False
P16,280134,251200,1,0,2018-06-06,,,,,,,,,,False
P16,280135,120464,1,0,2018-06-30,,,,,,,,,,False
P16,280135,242027,1,0,2018-06-11,,,,,,,,,,False
P16,280135,242030,1,0,2018-06-20,,,,,,,,,,False
P16,280147,120436,1,0,2019-07-15,,,,,,,,,,False
P16,280147,251200,1,0,2018-11-29,,,,,,,,,,False
P16,280147,280107,1,0,2019-02-04,,,,,,,,,,False
P16,280147,280205,1,0,2019-04-22,,,,,,,,,,False
P16,280147,280206,1,0,2019-05-28,,,,,,,,,,False
P16,280155,280052,1,0,2020-06-28,,,,,,,,,,False
P16,280166,251200,1,0,2019-11-04,1.25,1.0,0.0,1.0,1.0,0.0,0.0,1.0,0.0,True
P16,280169,120445,1,0,2020-08-29,,,,,,,,,,False
P16,280169,241287,1,0,2020-08-13,0.0,1.0,0.0,0.0,0.0,0.0,0.0,0.0,0.0,True
P16,280169,241288,1,0,2022-05-14,0.0,1.0,0.0,0.0,0.0,0.0,0.0,0.0,0.0,True
P16,280169,280121,1,1,2026-04-11,0.0,1.0,0.0,0.0,0.0,0.0,0.0,0.0,0.0,True
P16,280169,280243,1,0,2020-02-18,,,,,,,,,,False
P16,280169,280325,1,0,2022-02-13,1.0,0.0,0.0,1.0,1.0,0.0,0.0,0.0,0.0,True
P16,280169,280541,1,1,2025-12-18,0.0,1.0,0.0,0.0,0.0,0.0,0.0,0.0,0.0,True
P16,280172,120436,1,0,2019-04-05,,,,,,,,,,False
P16,280172,120464,1,0,2019-05-01,,,,,,,,,,False
P16,280172,241287,1,0,2022-06-04,,,,,,,,,,False
P16,280172,241288,1,0,2020-01-22,,,,,,,,,,False
P16,280172,280351,1,0,2022-08-06,,,,,,,,,,False
P16,280185,120437,1,0,2019-03-12,,,,,,,,,,False
P16,280196,120465,1,0,2019-03-26,,,,,,,,,,False
P16,280198,280052,1,0,2020-03-11,,,,,,,,,,False
P16,280198,280155,1,0,2020-06-27,,,,,,,,,,False
P16,280198,280205,1,0,2021-05-16,,,,,,,,,,False
P16,280198,280213,1,0,2020-06-07,,,,,,,,,,False
P16,280198,280214,1,0,2020-05-26,,,,,,,,,,False
P16,280205,120436,1,0,2019-04-26,,,,,,,,,,False
P16,280205,280206,1,0,2020-04-12,,,,,,,,,,False
P16,280205,280222,1,0,2021-04-14,,,,,,,,,,False
P16,280206,120464,1,0,2019-09-03,,,,,,,,,,False
P16,280206,280052,1,0,2020-07-16,,,,,,,,,,False
P16,280206,280107,1,0,2019-12-15,,,,,,,,,,False
P16,280206,280147,1,0,2019-05-23,,,,,,,,,,False
P16,280206,280172,1,0,2019-06-11,,,,,,,,,,False
P16,280206,280198,1,0,2020-05-22,,,,,,,,,,False
P16,280206,280212,1,0,2020-04-18,,,,,,,,,,False
P16,280206,280213,1,0,2021-08-13,,,,,,,,,,False
P16,280206,280351,1,0,2021-09-02,,,,,,,,,,False
P16,280212,280052,1,0,2020-04-19,1.0,0.0,0.0,1.0,0.0,0.0,0.0,0.0,0.0,True
P16,280212,280206,1,0,2021-08-22,,,,,,,,,,False
P16,280212,280214,1,0,2020-06-18,,,,,,,,,,False
P16,280212,280323,1,1,2025-05-08,0.75,1.0,0.0,1.0,0.0,0.0,1.0,-3.0,0.0,True
P16,280212,280324,1,0,2021-11-27,1.0,1.0,0.0,1.0,0.0,0.0,0.0,0.0,0.0,True
P16,280212,280325,1,0,2021-06-06,0.0,1.0,0.0,0.0,0.0,0.0,1.0,-2.0,0.0,True
P16,280212,280351,1,1,2025-05-04,0.0,1.0,0.0,0.0,0.0,0.0,1.0,-2.0,0.0,True
P16,280212,280563,1,1,2025-08-13,0.5,1.0,0.0,0.0,0.0,0.0,1.0,0.0,0.0,True
P16,280213,280222,1,0,2021-02-03,1.75,1.0,0.0,1.0,0.0,0.0,0.0,3.0,0.0,True
P16,280213,280318,1,1,2026-05-23,1.5,1.0,0.0,1.0,1.0,0.0,0.0,2.0,0.0,True
P16,280213,280351,1,0,2022-10-30,1.25,1.0,0.0,1.0,0.0,0.0,0.0,1.0,0.0,True
P16,280213,280490,1,1,2026-05-02,0.25,1.0,0.0,0.0,0.0,0.0,0.0,1.0,0.0,True
P16,280213,280559,1,1,2026-01-08,1.25,1.0,0.0,1.0,0.0,0.0,0.0,1.0,0.0,True
P16,280213,280563,1,1,2026-08-04,1.75,1.0,0.0,1.0,0.0,0.0,0.0,3.0,0.0,True
P16,280214,241283,1,0,2020-02-09,,,,,,,,,,False
P16,280214,280205,1,0,2020-04-11,,,,,,,,,,False
P16,280214,280212,1,0,2021-01-08,,,,,,,,,,False
P16,280214,280222,1,0,2020-06-10,,,,,,,,,,False
P16,280222,120430,1,0,2020-03-25,0.25,1.0,0.0,1.0,1.0,0.0,0.0,-3.0,0.0,True
P16,280222,280013,1,0,2023-10-16,0.25,1.0,0.0,1.0,1.0,0.0,0.0,-3.0,0.0,True
P16,280222,280198,1,0,2020-06-25,,,,,,,,,,False
P16,280222,280213,1,0,2020-07-26,0.25,1.0,0.0,1.0,0.0,0.0,0.0,-3.0,0.0,True
P16,280222,280214,1,0,2020-03-28,,,,,,,,,,False
P16,280222,280323,1,1,2024-11-23,0.25,1.0,0.0,1.0,0.0,0.0,0.0,-3.0,0.0,True
P16,280222,280405,1,0,2023-08-26,0.0,1.0,0.0,0.0,0.0,0.0,0.0,0.0,0.0,True
P16,280243,120430,1,0,2020-02-14,,,,,,,,,,False
P16,280243,120464,1,0,2020-02-20,,,,,,,,,,False
P16,280243,280286,1,0,2020-02-02,,,,,,,,,,False
P16,280256,280213,1,0,2022-10-29,1.0,1.0,0.0,1.0,0.0,0.0,0.0,0.0,0.0,True
P16,280256,280264,1,1,2025-06-18,1.5,1.0,0.0,1.0,1.0,0.0,0.0,2.0,0.0,True
P16,280256,280559,1,1,2025-07-02,0.25,1.0,0.0,0.0,0.0,0.0,0.0,1.0,0.0,True
P16,280256,280601,1,1,2025-08-05,1.0,1.0,0.0,1.0,1.0,0.0,0.0,0.0,0.0,True
P16,280264,120436,1,1,2026-07-04,0.0,1.0,0.0,0.0,0.0,0.0,0.0,-2.0,0.0,True
P16,280264,120437,1,1,2026-08-24,0.0,1.0,0.0,0.0,0.0,0.0,0.0,-2.0,0.0,True
P16,280264,120444,1,1,2026-03-15,0.0,1.0,0.0,0.0,0.0,0.0,0.0,-2.0,0.0,True
P16,280264,120463,1,1,2026-08-14,0.5,1.0,0.0,1.0,1.0,0.0,0.0,-2.0,0.0,True
P16,280264,241283,1,1,2026-02-27,0.5,1.0,0.0,0.0,0.0,1.0,0.0,0.0,0.0,True
P16,280264,241287,1,1,2025-09-11,0.0,1.0,0.0,0.0,0.0,0.0,0.0,-1.0,0.0,True
P16,280264,280169,1,1,2025-12-16,0.0,1.0,0.0,0.0,0.0,0.0,0.0,-1.0,0.0,True
P16,280264,280256,1,1,2025-06-22,1.0,1.0,0.0,1.0,1.0,1.0,0.0,-2.0,0.0,True
P16,280264,280324,1,1,2026-01-18,1.25,1.0,0.0,1.0,1.0,0.0,0.0,1.0,0.0,True
P16,280264,280425,1,1,2026-08-06,0.25,1.0,0.0,0.0,0.0,1.0,0.0,-1.0,0.0,True
P16,280264,280450,1,1,2026-02-12,0.0,1.0,0.0,0.0,0.0,0.0,0.0,-1.0,0.0,True
P16,280264,280563,1,1,2025-08-26,1.25,1.0,0.0,1.0,1.0,0.0,0.0,1.0,0.0,True
P16,280264,280566,1,1,2026-02-20,0.0,1.0,0.0,0.0,0.0,0.0,0.0,0.0,0.0,True
P16,280264,280591,1,1,2026-03-08,1.0,1.0,0.0,1.0,1.0,0.0,0.0,0.0,0.0,True
P16,280264,570261,1,1,2025-11-18,1.75,1.0,0.0,1.0,1.0,1.0,0.0,1.0,0.0,True
P16,280264,570560,1,1,2026-06-10,0.5,1.0,0.0,1.0,1.0,0.0,0.0,-2.0,0.0,True
P16,280286,280214,1,0,2020-02-05,,,,,,,,,,False
P16,280286,280243,1,0,2020-02-12,,,,,,,,,,False
P16,280318,241283,1,1,2026-07-30,0.5,1.0,0.0,0.0,0.0,1.0,0.0,0.0,0.0,True
P16,280318,280590,1,1,2025-12-21,0.5,1.0,0.0,1.0,1.0,0.0,0.0,-2.0,0.0,True
P16,280318,280592,1,1,2026-05-26,0.75,1.0,0.0,1.0,1.0,0.0,0.0,-1.0,0.0,True
P16,280323,120437,1,0,2023-10-02,1.0,1.0,0.0,1.0,1.0,0.0,0.0,0.0,0.0,True
P16,280323,120448,1,1,2025-11-11,1.0,1.0,0.0,1.0,1.0,0.0,0.0,0.0,0.0,True
P16,280323,280325,1,0,2021-06-22,1.25,1.0,0.0,1.0,0.0,0.0,0.0,1.0,0.0,True
P16,280323,280454,1,1,2024-11-18,1.25,1.0,0.0,1.0,0.0,0.0,0.0,1.0,0.0,True
P16,280323,280490,1,1,2025-10-30,1.25,1.0,0.0,1.0,0.0,0.0,0.0,1.0,0.0,True
P16,280323,280683,1,1,2026-05-11,1.5,1.0,0.0,1.0,0.0,0.0,0.0,2.0,0.0,True
P16,280324,120436,1,1,2026-01-23,0.75,1.0,0.0,1.0,1.0,0.0,1.0,-3.0,0.0,True
P16,280324,120464,1,0,2021-12-01,1.25,1.0,0.0,1.0,1.0,0.0,1.0,-1.0,0.0,True
P16,280324,241287,1,0,2022-05-25,1.0,1.0,0.0,1.0,1.0,0.0,1.0,-2.0,0.0,True
P16,280324,251200,1,1,2026-03-19,1.0,1.0,0.0,1.0,1.0,0.0,1.0,-2.0,0.0,True
P16,280324,280052,1,0,2023-03-14,1.5,1.0,0.0,1.0,0.0,1.0,0.0,0.0,0.0,True
P16,280324,280172,1,0,2022-06-03,,,,,,,,,,False
P16,280324,280212,1,0,2021-11-22,1.5,1.0,0.0,1.0,0.0,1.0,0.0,0.0,0.0,True
P16,280324,280325,1,0,2023-02-15,1.0,1.0,0.0,1.0,0.0,0.0,1.0,-2.0,0.0,True
P16,280324,280405,1,0,2023-03-26,2.0,1.0,0.0,1.0,0.0,1.0,1.0,0.0,0.0,True
P16,280325,241287,1,0,2021-06-27,1.0,1.0,0.0,1.0,1.0,0.0,0.0,0.0,0.0,True
P16,280325,280105,1,0,2021-06-14,1.25,1.0,0.0,1.0,1.0,0.0,0.0,1.0,0.0,True
P16,280325,280169,1,0,2022-02-11,1.0,0.0,0.0,1.0,1.0,0.0,0.0,0.0,0.0,True
P16,280325,280222,1,0,2022-02-15,1.0,1.0,0.0,0.0,0.0,1.0,0.0,2.0,0.0,True
P16,280325,280324,1,0,2023-02-28,1.5,1.0,0.0,1.0,0.0,0.0,0.0,2.0,0.0,True
P16,280325,280351,1,0,2023-02-21,0.5,1.0,0.0,0.0,0.0,1.0,0.0,0.0,0.0,True
P16,280327,280351,1,0,2023-12-17,,,,,,,,,,False
P16,280348,120463,1,1,2026-05-19,0.25,1.0,0.0,0.0,0.0,0.0,1.0,-1.0,0.0,True
P16,280348,280256,1,0,2024-03-21,1.75,1.0,0.0,1.0,0.0,1.0,1.0,-1.0,0.0,True
P16,280348,280454,1,1,2026-07-22,1.5,1.0,0.0,1.0,0.0,0.0,1.0,0.0,0.0,True
P16,280348,280563,1,1,2026-03-31,2.0,1.0,0.0,1.0,0.0,0.0,1.0,2.0,0.0,True
P16,280348,280590,1,1,2026-04-27,1.25,1.0,0.0,1.0,0.0,0.0,1.0,-1.0,0.0,True
P16,280348,280592,1,1,2026-06-22,1.0,0.0,0.0,1.0,0.0,0.0,0.0,0.0,0.0,True
P16,280351,241287,1,0,2023-07-18,1.0,1.0,0.0,1.0,1.0,0.0,0.0,0.0,0.0,True
P16,280351,280212,1,1,2025-05-04,0.5,1.0,0.0,0.0,0.0,0.0,0.0,2.0,0.0,True
P16,280351,280327,1,0,2023-12-17,,,,,,,,,,False
P16,280351,280348,1,0,2024-03-19,1.0,1.0,0.0,1.0,0.0,0.0,0.0,0.0,0.0,True
P16,280351,280352,1,1,2024-09-15,,,,,,,,,,False
P16,280352,280351,1,1,2024-09-22,,,,,,,,,,False
P16,280388,280222,1,0,2023-04-15,,,,,,,,,,False
P16,280405,280172,1,0,2022-08-05,,,,,,,,,,False
P16,280405,280566,1,1,2026-07-07,0.75,1.0,0.0,1.0,1.0,0.0,0.0,-1.0,0.0,True
P16,280425,241283,1,1,2026-03-01,0.25,1.0,0.0,0.0,0.0,0.0,0.0,1.0,0.0,True
P16,280425,280264,1,1,2026-08-09,0.25,1.0,0.0,0.0,0.0,0.0,0.0,1.0,0.0,True
P16,280425,280318,1,1,2025-12-10,0.25,1.0,0.0,0.0,0.0,0.0,0.0,1.0,0.0,True
P16,280425,280348,1,1,2026-07-17,1.0,1.0,0.0,1.0,1.0,0.0,0.0,0.0,0.0,True
P16,280450,280592,1,1,2026-02-13,1.0,1.0,0.0,1.0,1.0,0.0,0.0,0.0,0.0,True
P16,280450,280644,1,1,2026-04-14,0.25,1.0,0.0,0.0,0.0,0.0,0.0,1.0,0.0,True
P16,280454,120463,1,1,2026-04-23,0.75,1.0,0.0,1.0,0.0,0.0,0.0,-1.0,0.0,True
P16,280454,241283,1,1,2026-02-15,1.75,1.0,0.0,1.0,1.0,1.0,0.0,1.0,0.0,True
P16,280454,280222,1,1,2024-11-21,1.0,1.0,0.0,0.0,0.0,1.0,0.0,2.0,0.0,True
P16,280454,280563,1,1,2026-07-24,0.5,1.0,0.0,0.0,0.0,0.0,0.0,2.0,0.0,True
P16,280454,280590,1,1,2025-12-06,0.0,1.0,0.0,0.0,0.0,0.0,0.0,-1.0,0.0,True
P16,280480,120430,1,1,2026-03-26,0.75,1.0,0.0,1.0,1.0,0.0,1.0,-3.0,0.0,True
P16,280480,280323,1,1,2026-05-08,0.75,1.0,0.0,1.0,0.0,0.0,1.0,-3.0,0.0,True
P16,280480,280324,1,1,2025-10-23,1.0,1.0,0.0,1.0,0.0,0.0,0.0,0.0,0.0,True
P16,280480,280490,1,1,2025-12-02,0.0,1.0,0.0,0.0,0.0,0.0,1.0,-2.0,0.0,True
P16,280490,280169,1,1,2026-04-04,1.0,1.0,0.0,1.0,1.0,0.0,0.0,0.0,0.0,True
P16,280490,280454,1,1,2025-12-05,1.0,1.0,0.0,1.0,0.0,0.0,0.0,0.0,0.0,True
P16,280490,280480,1,1,2026-05-05,1.0,1.0,0.0,0.0,0.0,1.0,0.0,2.0,0.0,True
P16,280490,280590,1,1,2025-11-03,0.75,1.0,0.0,1.0,0.0,0.0,0.0,-1.0,0.0,True
P16,280541,280318,1,1,2025-12-20,0.25,1.0,0.0,0.0,0.0,0.0,0.0,1.0,0.0,True
P16,280559,280121,1,1,2026-01-10,1.0,1.0,0.0,1.0,1.0,0.0,0.0,0.0,0.0,True
P16,280559,280324,1,1,2025-07-04,1.5,1.0,0.0,1.0,0.0,0.0,0.0,2.0,0.0,True
P16,280559,280563,1,1,2026-08-30,0.5,1.0,0.0,0.0,0.0,0.0,0.0,2.0,0.0,True
P16,280559,280592,1,1,2026-07-27,0.0,1.0,0.0,0.0,0.0,0.0,0.0,0.0,0.0,True
P16,280559,570471,1,1,2026-06-17,1.25,1.0,0.0,1.0,1.0,0.0,0.0,1.0,0.0,True
P16,280563,120437,1,1,2026-08-31,0.25,1.0,0.0,1.0,1.0,0.0,0.0,-3.0,0.0,True
P16,280563,280213,1,1,2026-05-01,0.75,1.0,0.0,1.0,0.0,1.0,0.0,-3.0,0.0,True
P16,280563,280222,1,1,2025-08-14,0.5,1.0,0.0,0.0,0.0,1.0,0.0,0.0,0.0,True
P16,280563,280256,1,1,2025-08-05,0.0,1.0,0.0,0.0,0.0,1.0,0.0,-3.0,0.0,True
P16,280563,280490,1,1,2026-04-02,0.5,1.0,0.0,1.0,0.0,0.0,0.0,-2.0,0.0,True
P16,280563,280559,1,1,2026-07-27,0.0,1.0,0.0,0.0,0.0,0.0,0.0,-2.0,0.0,True
P16,280563,280564,1,1,2025-08-29,0.0,1.0,0.0,0.0,0.0,0.0,0.0,-1.0,0.0,True
P16,280563,280566,1,1,2025-08-18,0.75,1.0,0.0,1.0,1.0,0.0,0.0,-1.0,0.0,True
P16,280563,280674,1,1,2026-03-13,0.5,1.0,0.0,1.0,1.0,0.0,0.0,-2.0,0.0,True
P16,280564,280264,1,1,2025-09-03,1.5,1.0,0.0,1.0,1.0,0.0,1.0,0.0,0.0,True
P16,280564,280567,1,1,2026-04-19,0.25,1.0,0.0,0.0,0.0,0.0,1.0,-1.0,0.0,True
P16,280566,251200,1,1,2026-07-09,0.0,1.0,0.0,0.0,0.0,0.0,0.0,-1.0,0.0,True
P16,280567,280454,1,1,2026-04-22,0.0,1.0,0.0,0.0,0.0,0.0,0.0,0.0,0.0,True
P16,280590,120463,1,1,2026-08-16,1.0,1.0,0.0,1.0,0.0,0.0,0.0,0.0,0.0,True
P16,280590,120464,1,1,2025-12-22,1.5,1.0,0.0,1.0,1.0,0.0,0.0,2.0,0.0,True
P16,280590,280323,1,1,2025-11-06,1.0,0.0,0.0,1.0,0.0,0.0,0.0,0.0,0.0,True
P16,280590,280563,1,1,2026-04-29,0.75,1.0,0.0,0.0,0.0,0.0,0.0,3.0,0.0,True
P16,280590,280591,1,1,2025-12-08,0.5,1.0,0.0,0.0,0.0,0.0,0.0,2.0,0.0,True
P16,280591,280212,1,1,2025-08-11,0.75,1.0,0.0,0.0,0.0,1.0,0.0,1.0,0.0,True
P16,280591,280264,1,1,2026-08-20,1.0,1.0,0.0,1.0,1.0,0.0,0.0,0.0,0.0,True
P16,280591,280425,1,1,2025-12-10,1.25,1.0,0.0,1.0,1.0,1.0,0.0,-1.0,0.0,True
P16,280591,280480,1,1,2025-10-21,1.75,1.0,0.0,1.0,0.0,1.0,0.0,1.0,0.0,True
P16,280591,280563,1,1,2026-03-11,0.25,1.0,0.0,0.0,0.0,0.0,0.0,1.0,0.0,True
P16,280591,280564,1,1,2025-09-16,0.0,1.0,0.0,0.0,0.0,0.0,0.0,0.0,0.0,True
P16,280592,280264,1,1,2026-06-02,1.75,1.0,0.0,1.0,1.0,0.0,1.0,1.0,0.0,True
P16,280592,280318,1,1,2026-07-28,1.75,1.0,0.0,1.0,1.0,0.0,1.0,1.0,0.0,True
P16,280592,280324,1,1,2026-03-18,1.5,1.0,0.0,1.0,0.0,0.0,0.0,2.0,0.0,True
P16,280592,280454,1,1,2026-02-15,0.5,1.0,0.0,0.0,0.0,0.0,1.0,0.0,0.0,True
P16,280592,280563,1,1,2026-06-24,1.0,1.0,0.0,0.0,0.0,0.0,1.0,2.0,0.0,True
P16,280601,280591,1,1,2025-08-09,1.5,1.0,0.0,1.0,1.0,0.0,0.0,2.0,0.0,True
P16,280644,120463,1,1,2026-04-15,0.5,1.0,0.0,1.0,1.0,0.0,0.0,-2.0,0.0,True
P16,280674,120444,1,1,2026-03-14,0.0,1.0,0.0,0.0,0.0,0.0,0.0,-1.0,0.0,True
P16,280683,280348,1,1,2026-05-16,0.75,1.0,0.0,1.0,0.0,0.0,0.0,-1.0,0.0,True
P16,280683,280564,1,1,2026-04-19,0.0,1.0,0.0,0.0,0.0,0.0,0.0,0.0,0.0,True
P16,570261,280480,1,1,2025-11-21,0.0,1.0,0.0,0.0,0.0,0.0,0.0,0.0,0.0,True
P16,570471,280348,1,1,2026-06-19,0.75,1.0,0.0,1.0,1.0,0.0,0.0,-1.0,0.0,True
P16,570560,280107,1,1,2026-08-01,1.5,1.0,0.0,1.0,1.0,1.0,0.0,0.0,0.0,True
P16,570560,280213,1,1,2026-08-03,1.5,1.0,0.0,1.0,0.0,1.0,0.0,0.0,0.0,True
P16,570560,280559,1,1,2026-06-12,1.25,1.0,0.0,1.0,0.0,0.0,0.0,1.0,0.0,True
P17,280323,280324,11,2,2024-10-21,0.75,1.0,0.0,0.0,0.0,0.0,0.0,3.0,0.0,True
P17,280324,280052,11,0,2023-10-07,1.5,1.0,0.0,1.0,0.0,1.0,0.0,0.0,0.0,True
P17,280324,280323,10,2,2026-08-17,0.0,1.0,0.0,0.0,0.0,0.0,1.0,-3.0,0.0,True
P17,280052,280324,7,0,2023-05-03,1.0,1.0,0.0,1.0,0.0,0.0,0.0,0.0,0.0,True
P17,280103,280166,6,2,2025-08-13,0.0,1.0,0.0,0.0,0.0,0.0,0.0,-2.0,0.0,True
P17,280222,280324,5,2,2025-04-03,1.0,1.0,0.0,1.0,0.0,0.0,0.0,0.0,0.0,True
P17,280324,280222,5,2,2025-04-10,2.0,1.0,0.0,1.0,0.0,1.0,1.0,0.0,0.0,True
P17,280480,280324,5,3,2026-08-14,1.0,1.0,0.0,1.0,0.0,0.0,0.0,0.0,0.0,True
P17,280480,570261,5,5,2026-08-24,0.5,1.0,0.0,0.0,0.0,0.0,1.0,0.0,0.0,True
P17,570261,280480,5,5,2026-08-03,0.0,1.0,0.0,0.0,0.0,0.0,0.0,0.0,0.0,True
P17,280052,280323,4,0,2021-12-03,0.75,1.0,0.0,1.0,0.0,0.0,1.0,-3.0,0.0,True
P17,280103,280105,4,2,2025-07-16,0.0,1.0,0.0,0.0,0.0,0.0,0.0,0.0,0.0,True
P17,280166,280324,4,1,2025-08-20,1.75,1.0,0.0,1.0,1.0,0.0,0.0,3.0,0.0,True
P17,280222,280052,4,0,2022-10-02,1.0,1.0,0.0,1.0,0.0,0.0,0.0,0.0,0.0,True
P17,280222,280405,4,1,2024-12-17,0.0,1.0,0.0,0.0,0.0,0.0,0.0,0.0,0.0,True
P17,280222,280480,4,3,2025-04-29,1.0,1.0,0.0,1.0,0.0,0.0,0.0,0.0,0.0,True
P17,280324,280480,4,4,2026-08-10,1.5,1.0,0.0,1.0,0.0,1.0,0.0,0.0,0.0,True
P17,280052,280105,3,0,2022-05-14,1.25,1.0,0.0,1.0,1.0,0.0,1.0,-1.0,0.0,True
P17,280052,280212,3,0,2022-09-20,1.0,0.0,0.0,1.0,0.0,0.0,0.0,0.0,0.0,True
P17,280052,280213,3,0,2022-04-09,0.0,1.0,0.0,0.0,0.0,0.0,1.0,-3.0,0.0,True
P17,280052,280222,3,0,2023-07-28,1.5,1.0,0.0,1.0,0.0,0.0,1.0,0.0,0.0,True
P17,280052,280405,3,0,2023-12-02,1.5,1.0,0.0,1.0,0.0,0.0,1.0,0.0,0.0,True
P17,280105,280103,3,0,2024-07-26,0.0,1.0,0.0,0.0,0.0,0.0,0.0,0.0,0.0,True
P17,280105,280166,3,1,2025-01-17,0.0,1.0,0.0,0.0,0.0,0.0,0.0,-2.0,0.0,True
P17,280105,280213,3,0,2022-08-07,1.0,1.0,0.0,1.0,1.0,1.0,0.0,-2.0,0.0,True
P17,280213,280052,3,0,2023-12-02,0.75,1.0,0.0,0.0,0.0,0.0,0.0,3.0,0.0,True
P17,280213,280324,3,1,2025-02-27,1.75,1.0,0.0,1.0,0.0,0.0,0.0,3.0,0.0,True
P17,280323,280052,3,0,2021-12-10,2.25,1.0,0.0,1.0,0.0,1.0,0.0,3.0,0.0,True
P17,280323,280480,3,3,2026-08-18,2.25,1.0,0.0,1.0,0.0,1.0,0.0,3.0,0.0,True
P17,280324,280103,3,0,2024-04-29,1.25,1.0,0.0,1.0,1.0,0.0,1.0,-1.0,0.0,True
P17,280324,280405,3,0,2024-01-05,2.0,1.0,0.0,1.0,0.0,1.0,1.0,0.0,0.0,True
P17,280405,280052,3,0,2023-11-10,1.0,1.0,0.0,1.0,0.0,0.0,0.0,0.0,0.0,True
P17,280421,280166,3,1,2026-01-18,0.0,1.0,0.0,0.0,0.0,0.0,0.0,-3.0,0.0,True
P17,280490,280222,3,3,2025-07-30,2.0,1.0,0.0,1.0,0.0,1.0,0.0,2.0,0.0,True
P17,280052,280103,2,0,2022-10-05,1.25,1.0,0.0,1.0,1.0,0.0,1.0,-1.0,0.0,True
P17,280052,280351,2,0,2023-08-07,1.0,1.0,0.0,1.0,0.0,0.0,1.0,-2.0,0.0,True
P17,280052,280391,2,0,2023-10-14,1.25,1.0,0.0,1.0,1.0,0.0,1.0,-1.0,0.0,True
P17,280103,280106,2,0,2022-06-18,0.0,1.0,0.0,0.0,0.0,0.0,0.0,0.0,0.0,True
P17,280103,280323,2,1,2024-10-21,0.5,1.0,0.0,1.0,1.0,0.0,0.0,-2.0,0.0,True
P17,280104,280103,2,1,2025-08-31,0.75,1.0,0.0,0.0,0.0,0.0,1.0,1.0,0.0,True
P17,280104,280105,2,0,2022-10-20,0.75,1.0,0.0,0.0,0.0,0.0,1.0,1.0,0.0,True
P17,280105,280324,2,0,2022-08-13,1.25,1.0,0.0,1.0,1.0,0.0,0.0,1.0,0.0,True
P17,280106,280103,2,0,2022-06-21,0.0,1.0,0.0,0.0,0.0,0.0,0.0,0.0,0.0,True
P17,280166,280052,2,0,2022-09-16,2.25,1.0,0.0,1.0,1.0,1.0,0.0,3.0,0.0,True
P17,280166,280103,2,1,2025-01-23,0.5,1.0,0.0,0.0,0.0,0.0,0.0,2.0,0.0,True
P17,280166,280104,2,0,2024-01-20,0.25,1.0,0.0,0.0,0.0,0.0,0.0,1.0,0.0,True
P17,280166,280105,2,1,2025-01-14,0.5,1.0,0.0,0.0,0.0,0.0,0.0,2.0,0.0,True
P17,280212,280052,2,0,2022-01-19,1.0,0.0,0.0,1.0,0.0,0.0,0.0,0.0,0.0,True
P17,280212,280222,2,1,2025-02-03,0.5,1.0,0.0,0.0,0.0,0.0,1.0,0.0,0.0,True
P17,280212,280324,2,0,2021-12-17,1.0,1.0,0.0,1.0,0.0,0.0,0.0,0.0,0.0,True
P17,280213,280222,2,0,2022-08-08,1.75,1.0,0.0,1.0,0.0,0.0,0.0,3.0,0.0,True
P17,280213,570261,2,2,2026-08-29,0.75,1.0,0.0,0.0,0.0,0.0,0.0,3.0,0.0,True
P17,280222,280212,2,0,2024-06-23,0.0,1.0,0.0,0.0,0.0,0.0,0.0,0.0,0.0,True
P17,280323,280222,2,1,2024-10-28,2.25,1.0,0.0,1.0,0.0,1.0,0.0,3.0,0.0,True
P17,280324,280212,2,1,2025-02-02,1.5,1.0,0.0,1.0,0.0,1.0,0.0,0.0,0.0,True
P17,280324,280213,2,0,2021-12-23,1.25,1.0,0.0,1.0,0.0,1.0,1.0,-3.0,0.0,True
P17,280351,280052,2,0,2023-08-07,1.5,1.0,0.0,1.0,0.0,0.0,0.0,2.0,0.0,True
P17,280391,280166,2,0,2024-08-07,0.0,1.0,0.0,0.0,0.0,0.0,0.0,-2.0,0.0,True
P17,280391,280324,2,0,2024-08-29,1.25,1.0,0.0,1.0,1.0,0.0,0.0,1.0,0.0,True
P17,280405,280212,2,1,2025-05-18,0.0,1.0,0.0,0.0,0.0,0.0,0.0,0.0,0.0,True
P17,280405,280222,2,1,2025-03-30,0.0,1.0,0.0,0.0,0.0,0.0,0.0,0.0,0.0,True
P17,280405,280324,2,0,2023-09-15,1.0,1.0,0.0,1.0,0.0,0.0,0.0,0.0,0.0,True
P17,280421,280103,2,1,2024-10-17,0.0,1.0,0.0,0.0,0.0,0.0,0.0,-1.0,0.0,True
P17,280421,280451,2,2,2025-07-11,0.0,1.0,0.0,0.0,0.0,0.0,0.0,0.0,0.0,True
P17,280451,280103,2,2,2025-07-13,0.0,1.0,0.0,0.0,0.0,0.0,0.0,-1.0,0.0,True
P17,280451,280344,2,2,2026-03-08,0.0,1.0,0.0,0.0,0.0,0.0,0.0,-1.0,0.0,True
P17,280452,280391,2,0,2024-08-28,0.0,1.0,0.0,0.0,0.0,0.0,0.0,0.0,0.0,True
P17,280453,280421,2,1,2025-05-12,0.25,1.0,0.0,0.0,0.0,0.0,0.0,1.0,0.0,True
P17,280480,280213,2,2,2026-07-12,0.0,1.0,0.0,0.0,0.0,0.0,1.0,-3.0,0.0,True
P17,280480,280405,2,2,2025-03-25,1.5,1.0,0.0,1.0,0.0,0.0,1.0,0.0,0.0,True
P17,280480,280490,2,2,2025-12-22,0.0,1.0,0.0,0.0,0.0,0.0,1.0,-2.0,0.0,True
P17,280592,280591,2,2,2025-08-24,0.75,1.0,0.0,0.0,0.0,0.0,1.0,1.0,0.0,True
P17,120436,280103,1,1,2024-10-06,1.5,1.0,0.0,1.0,1.0,0.0,0.0,2.0,0.0,True
P17,120437,120448,1,1,2024-09-19,0.0,1.0,0.0,0.0,0.0,0.0,0.0,0.0,0.0,True
P17,120437,280052,1,0,2021-06-28,2.25,1.0,0.0,1.0,1.0,1.0,0.0,3.0,0.0,True
P17,120437,280318,1,1,2024-09-25,0.5,1.0,0.0,0.0,0.0,0.0,0.0,2.0,0.0,True
P17,120448,280169,1,1,2024-09-22,0.75,1.0,0.0,0.0,0.0,0.0,1.0,1.0,0.0,True
P17,120448,280324,1,0,2023-09-06,1.75,1.0,0.0,1.0,1.0,0.0,0.0,3.0,0.0,True
P17,120464,280169,1,1,2024-10-01,0.0,1.0,0.0,0.0,0.0,0.0,0.0,-1.0,0.0,True
P17,280052,280104,1,0,2022-05-05,0.5,1.0,0.0,1.0,1.0,0.0,0.0,-2.0,0.0,True
P17,280052,280396,1,0,2022-03-09,,,,,,,,,,False
P17,280103,280052,1,0,2022-09-11,1.75,1.0,0.0,1.0,1.0,1.0,0.0,1.0,0.0,True
P17,280103,280104,1,0,2022-10-19,0.0,1.0,0.0,0.0,0.0,0.0,0.0,-1.0,0.0,True
P17,280103,280324,1,1,2025-01-26,1.25,1.0,0.0,1.0,1.0,0.0,0.0,1.0,0.0,True
P17,280103,280391,1,0,2022-10-06,0.0,1.0,0.0,0.0,0.0,0.0,0.0,0.0,0.0,True
P17,280103,280405,1,1,2025-05-16,1.75,1.0,0.0,1.0,1.0,1.0,0.0,1.0,0.0,True
P17,280103,280451,1,0,2024-08-02,0.25,1.0,0.0,0.0,0.0,0.0,0.0,1.0,0.0,True
P17,280104,280106,1,0,2022-09-27,0.75,1.0,0.0,0.0,0.0,0.0,1.0,1.0,0.0,True
P17,280104,280324,1,0,2023-03-31,1.5,1.0,0.0,1.0,1.0,0.0,0.0,2.0,0.0,True
P17,280104,280405,1,0,2022-11-18,2.5,1.0,0.0,1.0,1.0,1.0,1.0,2.0,0.0,True
P17,280104,280451,1,0,2024-01-23,1.0,1.0,0.0,0.0,0.0,0.0,1.0,2.0,0.0,True
P17,280105,280052,1,0,2021-06-17,1.75,1.0,0.0,1.0,1.0,1.0,0.0,1.0,0.0,True
P17,280105,280104,1,0,2022-09-25,0.0,1.0,0.0,0.0,0.0,0.0,0.0,-1.0,0.0,True
P17,280105,280106,1,0,2022-05-25,0.0,1.0,0.0,0.0,0.0,0.0,0.0,0.0,0.0,True
P17,280105,280234,1,0,2022-10-12,1.75,1.0,1.0,1.0,0.0,0.0,0.0,-1.0,0.0,True
P17,280105,280344,1,1,2025-05-07,0.0,1.0,0.0,0.0,0.0,0.0,0.0,0.0,0.0,True
P17,280105,280391,1,0,2022-09-01,0.0,1.0,0.0,0.0,0.0,0.0,0.0,0.0,0.0,True
P17,280105,280421,1,1,2024-10-12,0.25,1.0,0.0,0.0,0.0,0.0,0.0,1.0,0.0,True
P17,280105,280452,1,1,2025-07-18,0.0,1.0,0.0,0.0,0.0,0.0,0.0,0.0,0.0,True
P17,280106,280052,1,0,2022-05-13,1.75,1.0,0.0,1.0,1.0,1.0,0.0,1.0,0.0,True
P17,280106,280222,1,0,2022-09-28,1.75,1.0,0.0,1.0,1.0,1.0,0.0,1.0,0.0,True
P17,280106,280391,1,0,2023-07-11,0.0,1.0,0.0,0.0,0.0,0.0,0.0,0.0,0.0,True
P17,280107,280166,1,0,2024-07-21,1.0,1.0,0.0,1.0,1.0,0.0,0.0,0.0,0.0,True
P17,280166,280169,1,0,2024-08-13,1.25,1.0,0.0,1.0,1.0,0.0,0.0,1.0,0.0,True
P17,280166,280222,1,0,2022-10-28,2.25,1.0,0.0,1.0,1.0,1.0,0.0,3.0,0.0,True
P17,280166,280421,1,0,2024-01-14,0.75,1.0,0.0,0.0,0.0,0.0,0.0,3.0,0.0,True
P17,280166,280452,1,1,2025-07-02,0.5,1.0,0.0,0.0,0.0,0.0,0.0,2.0,0.0,True
P17,280166,280454,1,0,2024-02-10,1.25,1.0,0.0,1.0,1.0,0.0,0.0,1.0,0.0,True
P17,280166,280480,1,1,2026-02-17,2.25,1.0,0.0,1.0,1.0,1.0,0.0,3.0,0.0,True
P17,280166,280647,1,1,2026-01-22,1.5,1.0,0.0,1.0,1.0,0.0,0.0,2.0,0.0,True
P17,280169,120436,1,1,2024-10-04,0.0,1.0,0.0,0.0,0.0,0.0,0.0,-1.0,0.0,True
P17,280169,120437,1,1,2024-09-22,0.0,1.0,0.0,0.0,0.0,0.0,0.0,-1.0,0.0,True
P17,280169,280222,1,0,2024-07-07,2.0,1.0,0.0,1.0,1.0,1.0,0.0,2.0,0.0,True
P17,280169,280480,1,0,2024-08-18,2.0,1.0,0.0,1.0,1.0,1.0,0.0,2.0,0.0,True
P17,280212,280323,1,0,2022-01-11,0.75,1.0,0.0,1.0,0.0,0.0,1.0,-3.0,0.0,True
P17,280212,280391,1,0,2022-09-21,1.25,1.0,0.0,1.0,1.0,0.0,1.0,-1.0,0.0,True
P17,280212,280405,1,0,2024-06-25,0.5,1.0,0.0,0.0,0.0,0.0,1.0,0.0,0.0,True
P17,280213,280105,1,0,2022-08-05,1.5,1.0,0.0,1.0,1.0,0.0,0.0,2.0,0.0,True
P17,280213,280212,1,0,2021-10-19,1.75,1.0,0.0,1.0,0.0,0.0,0.0,3.0,0.0,True
P17,280213,280323,1,0,2021-08-19,1.0,1.0,0.0,1.0,0.0,0.0,0.0,0.0,0.0,True
P17,280213,280421,1,1,2026-01-17,1.75,1.0,0.0,1.0,1.0,0.0,0.0,3.0,0.0,True
P17,280222,280103,1,0,2024-06-30,0.75,1.0,0.0,1.0,1.0,0.0,0.0,-1.0,0.0,True
P17,280222,280105,1,0,2022-08-11,0.75,1.0,0.0,1.0,1.0,0.0,0.0,-1.0,0.0,True
P17,280222,280213,1,0,2023-12-01,0.25,1.0,0.0,1.0,0.0,0.0,0.0,-3.0,0.0,True
P17,280222,280244,1,0,2024-07-07,0.25,1.0,0.0,1.0,1.0,0.0,0.0,-3.0,0.0,True
P17,280222,280256,1,1,2025-08-03,0.0,1.0,0.0,0.0,0.0,0.0,0.0,-3.0,0.0,True
P17,280222,280451,1,0,2023-10-20,1.0,1.0,0.0,1.0,1.0,0.0,0.0,0.0,0.0,True
P17,280222,280490,1,1,2025-07-27,0.5,1.0,0.0,1.0,0.0,0.0,0.0,-2.0,0.0,True
P17,280222,280592,1,1,2025-04-13,0.0,1.0,0.0,0.0,0.0,0.0,0.0,-2.0,0.0,True
P17,280234,280324,1,0,2022-10-12,2.5,1.0,1.0,1.0,1.0,0.0,0.0,2.0,0.0,True
P17,280244,280222,1,0,2024-06-28,2.25,1.0,0.0,1.0,1.0,1.0,0.0,3.0,0.0,True
P17,280244,280245,1,0,2024-07-18,0.0,1.0,0.0,0.0,0.0,0.0,0.0,0.0,0.0,True
P17,280244,280323,1,0,2024-07-10,1.0,1.0,0.0,1.0,1.0,0.0,0.0,0.0,0.0,True
P17,280245,280107,1,0,2024-07-20,1.0,1.0,0.0,0.0,0.0,1.0,1.0,0.0,0.0,True
P17,280256,570261,1,1,2026-03-15,1.75,1.0,0.0,1.0,0.0,0.0,0.0,3.0,0.0,True
P17,280318,120464,1,1,2024-09-26,0.0,1.0,0.0,0.0,0.0,0.0,0.0,0.0,0.0,True
P17,280323,120437,1,0,2021-06-23,1.0,1.0,0.0,1.0,1.0,0.0,0.0,0.0,0.0,True
P17,280323,280169,1,0,2024-07-02,1.25,1.0,0.0,1.0,1.0,0.0,0.0,1.0,0.0,True
P17,280323,280244,1,0,2024-07-15,1.0,1.0,0.0,1.0,1.0,0.0,0.0,0.0,0.0,True
P17,280323,280421,1,1,2025-07-09,1.75,1.0,0.0,1.0,1.0,0.0,0.0,3.0,0.0,True
P17,280324,280104,1,0,2022-10-08,0.5,1.0,0.0,1.0,1.0,0.0,0.0,-2.0,0.0,True
P17,280324,280105,1,0,2022-05-24,1.25,1.0,0.0,1.0,1.0,0.0,1.0,-1.0,0.0,True
P17,280324,280166,1,0,2022-06-14,0.75,1.0,0.0,1.0,1.0,0.0,1.0,-3.0,0.0,True
P17,280324,280325,1,0,2022-01-23,1.0,1.0,0.0,1.0,0.0,0.0,1.0,-2.0,0.0,True
P17,280324,280421,1,1,2024-10-13,1.5,1.0,0.0,1.0,1.0,0.0,1.0,0.0,0.0,True
P17,280324,280451,1,0,2023-09-15,1.5,1.0,0.0,1.0,1.0,0.0,1.0,0.0,0.0,True
P17,280324,280452,1,0,2024-08-27,1.25,1.0,0.0,1.0,1.0,0.0,1.0,-1.0,0.0,True
P17,280324,280592,1,1,2025-08-21,0.5,1.0,0.0,1.0,0.0,0.0,0.0,-2.0,0.0,True
P17,280325,280213,1,0,2022-01-28,1.25,1.0,0.0,1.0,0.0,1.0,0.0,-1.0,0.0,True
P17,280344,280453,1,1,2025-05-11,0.0,1.0,0.0,0.0,0.0,0.0,0.0,0.0,0.0,True
P17,280344,280490,1,1,2025-07-23,0.75,1.0,0.0,1.0,1.0,0.0,0.0,-1.0,0.0,True
P17,280344,570261,1,1,2026-03-10,1.75,1.0,0.0,1.0,1.0,1.0,0.0,1.0,0.0,True
P17,280391,280052,1,0,2023-08-13,1.75,1.0,0.0,1.0,1.0,1.0,0.0,1.0,0.0,True
P17,280391,280103,1,0,2022-09-02,0.0,1.0,0.0,0.0,0.0,0.0,0.0,0.0,0.0,True
P17,280391,280104,1,0,2023-07-16,0.0,1.0,0.0,0.0,0.0,0.0,0.0,-1.0,0.0,True
P17,280391,280105,1,0,2022-09-23,0.0,1.0,0.0,0.0,0.0,0.0,0.0,0.0,0.0,True
P17,280391,280323,1,0,2023-10-16,0.5,1.0,0.0,1.0,1.0,0.0,0.0,-2.0,0.0,True
P17,280391,280451,1,0,2024-06-16,0.25,1.0,0.0,0.0,0.0,0.0,0.0,1.0,0.0,True
P17,280391,280480,1,1,2025-03-17,1.75,1.0,0.0,1.0,1.0,1.0,0.0,1.0,0.0,True
P17,280396,280324,1,0,2022-03-12,,,,,,,,,,False
P17,280405,280105,1,0,2022-08-31,0.75,1.0,0.0,1.0,1.0,0.0,0.0,-1.0,0.0,True
P17,280405,280166,1,0,2024-01-07,0.25,1.0,0.0,1.0,1.0,0.0,0.0,-3.0,0.0,True
P17,280405,280213,1,0,2022-08-04,0.25,1.0,0.0,1.0,0.0,0.0,0.0,-3.0,0.0,True
P17,280405,280244,1,0,2024-06-26,0.25,1.0,0.0,1.0,1.0,0.0,0.0,-3.0,0.0,True
P17,280405,280391,1,1,2025-03-16,0.75,1.0,0.0,1.0,1.0,0.0,0.0,-1.0,0.0,True
P17,280405,280480,1,1,2024-12-18,1.0,1.0,0.0,1.0,0.0,0.0,0.0,0.0,0.0,True
P17,280421,280324,1,1,2024-10-13,1.0,1.0,0.0,1.0,1.0,0.0,0.0,0.0,0.0,True
P17,280421,280391,1,0,2024-02-23,0.0,1.0,0.0,0.0,0.0,0.0,0.0,-1.0,0.0,True
P17,280421,280480,1,0,2024-01-29,1.5,1.0,0.0,1.0,1.0,1.0,0.0,0.0,0.0,True
P17,280451,280166,1,0,2023-10-26,0.0,1.0,0.0,0.0,0.0,0.0,0.0,-3.0,0.0,True
P17,280451,280222,1,0,2024-06-18,1.5,1.0,0.0,1.0,1.0,1.0,0.0,0.0,0.0,True
P17,280451,280324,1,0,2023-09-22,1.0,1.0,0.0,1.0,1.0,0.0,0.0,0.0,0.0,True
P17,280451,280391,1,0,2024-08-04,0.0,1.0,0.0,0.0,0.0,0.0,0.0,-1.0,0.0,True
P17,280451,280453,1,0,2024-01-26,0.0,1.0,0.0,0.0,0.0,0.0,0.0,-1.0,0.0,True
P17,280452,280451,1,1,2025-07-20,0.25,1.0,0.0,0.0,0.0,0.0,0.0,1.0,0.0,True
P17,280452,280480,1,1,2026-03-22,1.75,1.0,0.0,1.0,1.0,1.0,0.0,1.0,0.0,True
P17,280452,280591,1,1,2025-07-03,1.0,1.0,0.0,1.0,1.0,0.0,0.0,0.0,0.0,True
P17,280480,120437,1,1,2024-09-16,0.75,1.0,0.0,1.0,1.0,0.0,1.0,-3.0,0.0,True
P17,280480,280103,1,1,2025-01-04,1.25,1.0,0.0,1.0,1.0,0.0,1.0,-1.0,0.0,True
P17,280480,280222,1,1,2024-11-06,1.5,1.0,0.0,1.0,0.0,0.0,1.0,0.0,0.0,True
P17,280480,280323,1,1,2024-10-27,0.75,1.0,0.0,1.0,0.0,0.0,1.0,-3.0,0.0,True
P17,280480,280421,1,0,2024-02-05,1.5,1.0,0.0,1.0,1.0,0.0,1.0,0.0,0.0,True
P17,280480,280451,1,1,2026-03-27,1.5,1.0,0.0,1.0,1.0,0.0,1.0,0.0,0.0,True
P17,280480,280489,1,1,2025-05-02,1.25,1.0,0.0,1.0,0.0,0.0,1.0,-1.0,0.0,True
P17,280489,280105,1,1,2025-05-04,1.0,1.0,0.0,1.0,1.0,0.0,0.0,0.0,0.0,True
P17,280489,280590,1,1,2025-04-19,0.0,1.0,0.0,0.0,0.0,0.0,0.0,-2.0,0.0,True
P17,280490,280213,1,1,2026-01-11,0.25,1.0,0.0,0.0,0.0,1.0,0.0,-1.0,0.0,True
P17,280490,280324,1,1,2025-06-19,1.5,1.0,0.0,1.0,0.0,0.0,0.0,2.0,0.0,True
P17,280590,280323,1,1,2025-07-07,1.0,0.0,0.0,1.0,0.0,0.0,0.0,0.0,0.0,True
P17,280590,280490,1,1,2025-04-21,1.25,1.0,0.0,1.0,0.0,0.0,0.0,1.0,0.0,True
P17,280591,280104,1,1,2025-08-27,0.75,1.0,0.0,1.0,1.0,0.0,0.0,-1.0,0.0,True
P17,280591,280489,1,1,2025-04-18,0.0,1.0,0.0,0.0,0.0,0.0,0.0,0.0,0.0,True
P17,280591,280590,1,1,2025-07-06,0.0,1.0,0.0,0.0,0.0,0.0,0.0,-2.0,0.0,True
P17,280647,280323,1,1,2026-01-26,0.5,1.0,0.0,1.0,0.0,0.0,0.0,-2.0,0.0,True
P17,280686,570261,1,1,2026-09-01,1.75,1.0,0.0,1.0,0.0,0.0,0.0,3.0,0.0,True
P17,570261,280166,1,1,2026-02-12,0.25,1.0,0.0,1.0,1.0,0.0,0.0,-3.0,0.0,True
P17,570261,280213,1,1,2026-08-26,0.0,1.0,0.0,0.0,0.0,0.0,0.0,-3.0,0.0,True
P17,570261,280256,1,1,2026-03-11,0.25,1.0,0.0,1.0,0.0,0.0,0.0,-3.0,0.0,True
P17,570261,280451,1,1,2026-03-05,1.0,1.0,0.0,1.0,1.0,0.0,0.0,0.0,0.0,True
P17,570261,280452,1,1,2026-03-22,0.75,1.0,0.0,1.0,1.0,0.0,0.0,-1.0,0.0,True
P17,570261,280686,1,1,2026-09-01,0.25,1.0,0.0,1.0,0.0,0.0,0.0,-3.0,0.0,True
P18,280222,280324,11,0,2024-08-26,1.0,1.0,0.0,1.0,0.0,0.0,0.0,0.0,0.0,True
P18,280324,280052,10,0,2023-12-02,1.5,1.0,0.0,1.0,0.0,1.0,0.0,0.0,0.0,True
P18,280324,280222,7,1,2025-02-18,2.0,1.0,0.0,1.0,0.0,1.0,1.0,0.0,0.0,True
P18,280324,280323,6,3,2026-06-24,0.0,1.0,0.0,0.0,0.0,0.0,1.0,-3.0,0.0,True
P18,280480,280324,6,4,2026-06-21,1.0,1.0,0.0,1.0,0.0,0.0,0.0,0.0,0.0,True
P18,280052,280324,5,0,2023-10-14,1.0,1.0,0.0,1.0,0.0,0.0,0.0,0.0,0.0,True
P18,280323,280324,5,0,2024-05-12,0.75,1.0,0.0,0.0,0.0,0.0,0.0,3.0,0.0,True
P18,280344,280324,5,4,2026-02-02,1.25,1.0,0.0,1.0,1.0,0.0,0.0,1.0,0.0,True
P18,280480,280213,5,2,2025-05-25,0.0,1.0,0.0,0.0,0.0,0.0,1.0,-3.0,0.0,True
P18,280052,280222,4,0,2023-09-16,1.5,1.0,0.0,1.0,0.0,0.0,1.0,0.0,0.0,True
P18,280166,280480,4,4,2025-08-14,2.25,1.0,0.0,1.0,1.0,1.0,0.0,3.0,0.0,True
P18,280222,280212,4,2,2024-10-01,0.0,1.0,0.0,0.0,0.0,0.0,0.0,0.0,0.0,True
P18,280222,280480,4,2,2025-09-06,1.0,1.0,0.0,1.0,0.0,0.0,0.0,0.0,0.0,True
P18,280323,280166,4,3,2025-08-14,1.0,0.0,0.0,1.0,1.0,0.0,0.0,0.0,0.0,True
P18,280324,280480,4,3,2026-05-24,1.5,1.0,0.0,1.0,0.0,1.0,0.0,0.0,0.0,True
P18,280490,280480,4,4,2026-05-15,1.0,1.0,0.0,0.0,0.0,1.0,0.0,2.0,0.0,True
P18,280103,280324,3,2,2026-05-10,1.25,1.0,0.0,1.0,1.0,0.0,0.0,1.0,0.0,True
P18,280103,280344,3,3,2025-02-05,0.0,1.0,0.0,0.0,0.0,0.0,0.0,0.0,0.0,True
P18,280105,280166,3,3,2025-01-28,0.0,1.0,0.0,0.0,0.0,0.0,0.0,-2.0,0.0,True
P18,280213,280324,3,1,2024-11-15,1.75,1.0,0.0,1.0,0.0,0.0,0.0,3.0,0.0,True
P18,280323,280222,3,1,2024-09-25,2.25,1.0,0.0,1.0,0.0,1.0,0.0,3.0,0.0,True
P18,280324,280166,3,1,2025-03-02,0.75,1.0,0.0,1.0,1.0,0.0,1.0,-3.0,0.0,True
P18,280324,280344,3,2,2026-01-31,1.25,1.0,0.0,1.0,1.0,0.0,1.0,-1.0,0.0,True
P18,280324,280490,3,3,2026-05-13,1.0,1.0,0.0,1.0,0.0,0.0,1.0,-2.0,0.0,True
P18,280344,280105,3,3,2025-06-16,0.0,1.0,0.0,0.0,0.0,0.0,0.0,0.0,0.0,True
P18,280405,280480,3,1,2026-07-23,1.0,1.0,0.0,1.0,0.0,0.0,0.0,0.0,0.0,True
P18,280421,280103,3,3,2026-04-03,0.0,1.0,0.0,0.0,0.0,0.0,0.0,-1.0,0.0,True
P18,280452,280344,3,3,2025-06-01,0.0,1.0,0.0,0.0,0.0,0.0,0.0,0.0,0.0,True
P18,280454,280222,3,1,2024-11-12,1.0,1.0,0.0,0.0,0.0,1.0,0.0,2.0,0.0,True
P18,280480,280222,3,0,2024-08-07,1.5,1.0,0.0,1.0,0.0,0.0,1.0,0.0,0.0,True
P18,280480,280344,3,2,2025-11-17,1.25,1.0,0.0,1.0,1.0,0.0,1.0,-1.0,0.0,True
P18,280480,280405,3,2,2026-07-26,1.5,1.0,0.0,1.0,0.0,0.0,1.0,0.0,0.0,True
P18,280052,280212,2,0,2022-08-09,1.0,0.0,0.0,1.0,0.0,0.0,0.0,0.0,0.0,True
P18,280052,280213,2,0,2023-03-31,0.0,1.0,0.0,0.0,0.0,0.0,1.0,-3.0,0.0,True
P18,280103,280166,2,2,2025-03-30,0.0,1.0,0.0,0.0,0.0,0.0,0.0,-2.0,0.0,True
P18,280105,280324,2,2,2026-01-31,1.25,1.0,0.0,1.0,1.0,0.0,0.0,1.0,0.0,True
P18,280166,280323,2,2,2024-10-11,1.0,0.0,0.0,1.0,1.0,0.0,0.0,0.0,0.0,True
P18,280166,280344,2,2,2025-05-29,0.5,1.0,0.0,0.0,0.0,0.0,0.0,2.0,0.0,True
P18,280212,280222,2,2,2024-10-17,0.5,1.0,0.0,0.0,0.0,0.0,1.0,0.0,0.0,True
P18,280212,280405,2,1,2024-10-03,0.5,1.0,0.0,0.0,0.0,0.0,1.0,0.0,0.0,True
P18,280212,280480,2,1,2026-01-09,1.0,1.0,0.0,1.0,0.0,0.0,0.0,0.0,0.0,True
P18,280213,280323,2,0,2024-08-04,1.0,1.0,0.0,1.0,0.0,0.0,0.0,0.0,0.0,True
P18,280222,280052,2,0,2023-01-13,1.0,1.0,0.0,1.0,0.0,0.0,0.0,0.0,0.0,True
P18,280222,280323,2,0,2024-07-24,0.25,1.0,0.0,1.0,0.0,0.0,0.0,-3.0,0.0,True
P18,280222,280344,2,2,2025-02-20,0.75,1.0,0.0,1.0,1.0,0.0,0.0,-1.0,0.0,True
P18,280323,280052,2,0,2023-12-01,2.25,1.0,0.0,1.0,0.0,1.0,0.0,3.0,0.0,True
P18,280323,280480,2,0,2024-08-04,2.25,1.0,0.0,1.0,0.0,1.0,0.0,3.0,0.0,True
P18,280324,280104,2,2,2026-02-12,0.5,1.0,0.0,1.0,1.0,0.0,0.0,-2.0,0.0,True
P18,280324,280212,2,2,2025-11-09,1.5,1.0,0.0,1.0,0.0,1.0,0.0,0.0,0.0,True
P18,280324,280421,2,2,2025-04-24,1.5,1.0,0.0,1.0,1.0,0.0,1.0,0.0,0.0,True
P18,280344,280103,2,2,2025-03-11,0.0,1.0,0.0,0.0,0.0,0.0,0.0,0.0,0.0,True
P18,280344,280421,2,2,2025-02-11,0.25,1.0,0.0,0.0,0.0,0.0,0.0,1.0,0.0,True
P18,280344,280451,2,1,2026-08-16,0.25,1.0,0.0,0.0,0.0,0.0,0.0,1.0,0.0,True
P18,280344,280480,2,2,2026-04-14,1.75,1.0,0.0,1.0,1.0,1.0,0.0,1.0,0.0,True
P18,280421,280105,2,2,2026-02-17,0.0,1.0,0.0,0.0,0.0,0.0,0.0,-1.0,0.0,True
P18,280421,280480,2,2,2025-08-04,1.5,1.0,0.0,1.0,1.0,1.0,0.0,0.0,0.0,True
P18,280452,280421,2,2,2026-08-26,0.25,1.0,0.0,0.0,0.0,0.0,0.0,1.0,0.0,True
P18,280453,280490,2,2,2026-03-16,0.75,1.0,0.0,1.0,1.0,0.0,0.0,-1.0,0.0,True
P18,280480,280490,2,2,2026-01-11,0.0,1.0,0.0,0.0,0.0,0.0,1.0,-2.0,0.0,True
P18,280590,280324,2,2,2026-05-20,1.75,1.0,0.0,1.0,0.0,0.0,0.0,3.0,0.0,True
P18,120448,280052,1,0,2023-09-06,2.25,1.0,0.0,1.0,1.0,1.0,0.0,3.0,0.0,True
P18,120463,280421,1,1,2025-07-17,1.75,1.0,0.0,1.0,1.0,0.0,0.0,3.0,0.0,True
P18,280052,280323,1,0,2023-12-01,0.75,1.0,0.0,1.0,0.0,0.0,1.0,-3.0,0.0,True
P18,280052,280351,1,0,2023-05-01,1.0,1.0,0.0,1.0,0.0,0.0,1.0,-2.0,0.0,True
P18,280052,280480,1,0,2023-12-08,0.0,1.0,0.0,0.0,0.0,0.0,0.0,0.0,0.0,True
P18,280103,280105,1,1,2026-04-10,0.0,1.0,0.0,0.0,0.0,0.0,0.0,0.0,0.0,True
P18,280103,280232,1,0,2024-06-04,,,,,,,,,,False
P18,280103,280421,1,0,2024-02-18,0.25,1.0,0.0,0.0,0.0,0.0,0.0,1.0,0.0,True
P18,280103,280452,1,1,2024-11-04,0.0,1.0,0.0,0.0,0.0,0.0,0.0,0.0,0.0,True
P18,280104,280105,1,1,2025-01-02,0.75,1.0,0.0,0.0,0.0,0.0,1.0,1.0,0.0,True
P18,280104,280324,1,1,2026-02-08,1.5,1.0,0.0,1.0,1.0,0.0,0.0,2.0,0.0,True
P18,280104,280344,1,1,2025-01-12,0.75,1.0,0.0,0.0,0.0,0.0,1.0,1.0,0.0,True
P18,280104,280421,1,1,2026-02-15,1.0,1.0,0.0,0.0,0.0,0.0,1.0,2.0,0.0,True
P18,280104,280451,1,1,2026-04-30,1.0,1.0,0.0,0.0,0.0,0.0,1.0,2.0,0.0,True
P18,280104,280452,1,1,2025-02-26,0.75,1.0,0.0,0.0,0.0,0.0,1.0,1.0,0.0,True
P18,280104,280564,1,1,2026-08-31,1.25,1.0,0.0,1.0,1.0,0.0,0.0,1.0,0.0,True
P18,280105,280106,1,1,2025-03-26,0.0,1.0,0.0,0.0,0.0,0.0,0.0,0.0,0.0,True
P18,280105,280344,1,1,2026-04-12,0.0,1.0,0.0,0.0,0.0,0.0,0.0,0.0,0.0,True
P18,280105,280452,1,0,2024-06-30,0.0,1.0,0.0,0.0,0.0,0.0,0.0,0.0,0.0,True
P18,280105,280489,1,1,2025-06-17,1.0,1.0,0.0,1.0,1.0,0.0,0.0,0.0,0.0,True
P18,280105,280590,1,1,2026-02-22,0.5,1.0,0.0,1.0,1.0,0.0,0.0,-2.0,0.0,True
P18,280106,280103,1,1,2025-03-27,0.0,1.0,0.0,0.0,0.0,0.0,0.0,0.0,0.0,True
P18,280106,280324,1,0,2023-07-11,1.25,1.0,0.0,1.0,1.0,0.0,0.0,1.0,0.0,True
P18,280106,280480,1,1,2024-09-10,1.75,1.0,0.0,1.0,1.0,1.0,0.0,1.0,0.0,True
P18,280166,280103,1,0,2024-06-02,0.5,1.0,0.0,0.0,0.0,0.0,0.0,2.0,0.0,True
P18,280166,280104,1,1,2025-01-09,0.25,1.0,0.0,0.0,0.0,0.0,0.0,1.0,0.0,True
P18,280166,280106,1,1,2024-09-08,0.5,1.0,0.0,0.0,0.0,0.0,0.0,2.0,0.0,True
P18,280166,280421,1,0,2024-05-29,0.75,1.0,0.0,0.0,0.0,0.0,0.0,3.0,0.0,True
P18,280166,280451,1,1,2025-02-03,0.75,1.0,0.0,0.0,0.0,0.0,0.0,3.0,0.0,True
P18,280212,280052,1,0,2022-07-31,1.0,0.0,0.0,1.0,0.0,0.0,0.0,0.0,0.0,True
P18,280212,280213,1,0,2022-10-07,0.75,1.0,0.0,1.0,0.0,0.0,1.0,-3.0,0.0,True
P18,280212,280318,1,1,2025-11-14,1.25,1.0,0.0,1.0,1.0,0.0,1.0,-1.0,0.0,True
P18,280212,280324,1,0,2022-08-10,1.0,1.0,0.0,1.0,0.0,0.0,0.0,0.0,0.0,True
P18,280212,280344,1,1,2025-01-23,1.25,1.0,0.0,1.0,1.0,0.0,1.0,-1.0,0.0,True
P18,280212,280454,1,0,2024-03-10,0.0,1.0,0.0,0.0,0.0,0.0,1.0,-2.0,0.0,True
P18,280212,280591,1,1,2025-10-08,0.25,1.0,0.0,0.0,0.0,0.0,1.0,-1.0,0.0,True
P18,280213,280166,1,1,2025-05-26,1.0,1.0,0.0,1.0,1.0,0.0,0.0,0.0,0.0,True
P18,280213,280222,1,1,2024-12-04,1.75,1.0,0.0,1.0,0.0,0.0,0.0,3.0,0.0,True
P18,280213,280391,1,0,2023-08-10,1.5,1.0,0.0,1.0,1.0,0.0,0.0,2.0,0.0,True
P18,280213,280454,1,0,2024-02-09,1.25,1.0,0.0,1.0,0.0,0.0,0.0,1.0,0.0,True
P18,280213,280480,1,0,2024-01-07,0.75,1.0,0.0,0.0,0.0,0.0,0.0,3.0,0.0,True
P18,280213,280490,1,1,2025-04-16,0.25,1.0,0.0,0.0,0.0,0.0,0.0,1.0,0.0,True
P18,280222,280213,1,1,2024-11-15,0.25,1.0,0.0,1.0,0.0,0.0,0.0,-3.0,0.0,True
P18,280222,280421,1,0,2024-09-03,1.0,1.0,0.0,1.0,1.0,0.0,0.0,0.0,0.0,True
P18,280222,280454,1,0,2024-03-24,0.0,1.0,0.0,0.0,0.0,0.0,0.0,-2.0,0.0,True
P18,280232,280323,1,0,2024-06-04,,,,,,,,,,False
P18,280318,280480,1,1,2025-11-14,1.75,1.0,0.0,1.0,1.0,1.0,0.0,1.0,0.0,True
P18,280323,280212,1,0,2022-10-06,2.25,1.0,0.0,1.0,0.0,1.0,0.0,3.0,0.0,True
P18,280323,280213,1,0,2024-06-20,1.5,1.0,0.0,1.0,0.0,1.0,0.0,0.0,0.0,True
P18,280323,280493,1,0,2024-06-07,1.25,1.0,0.0,1.0,1.0,0.0,0.0,1.0,0.0,True
P18,280323,280590,1,1,2026-06-26,1.0,0.0,0.0,1.0,0.0,0.0,0.0,0.0,0.0,True
P18,280324,280103,1,0,2023-06-17,1.25,1.0,0.0,1.0,1.0,0.0,1.0,-1.0,0.0,True
P18,280324,280105,1,0,2024-06-28,1.25,1.0,0.0,1.0,1.0,0.0,1.0,-1.0,0.0,True
P18,280324,280489,1,0,2024-04-23,1.25,1.0,0.0,1.0,0.0,0.0,1.0,-1.0,0.0,True
P18,280324,280493,1,1,2025-07-28,1.0,1.0,0.0,1.0,1.0,0.0,1.0,-2.0,0.0,True
P18,280324,280590,1,1,2025-11-03,0.75,1.0,0.0,1.0,0.0,0.0,1.0,-3.0,0.0,True
P18,280344,280104,1,1,2025-02-25,0.0,1.0,0.0,0.0,0.0,0.0,0.0,-1.0,0.0,True
P18,280344,280212,1,1,2025-01-17,1.75,1.0,0.0,1.0,1.0,1.0,0.0,1.0,0.0,True
P18,280344,280213,1,1,2025-04-15,1.0,1.0,0.0,1.0,1.0,1.0,0.0,-2.0,0.0,True
P18,280344,280452,1,1,2025-05-30,0.0,1.0,0.0,0.0,0.0,0.0,0.0,0.0,0.0,True
P18,280344,280454,1,1,2024-11-10,0.75,1.0,0.0,1.0,1.0,0.0,0.0,-1.0,0.0,True
P18,280351,280052,1,0,2023-08-10,1.5,1.0,0.0,1.0,0.0,0.0,0.0,2.0,0.0,True
P18,280351,280103,1,0,2024-02-16,1.25,1.0,0.0,1.0,1.0,0.0,0.0,1.0,0.0,True
P18,280351,280405,1,0,2024-01-23,0.5,1.0,0.0,0.0,0.0,0.0,0.0,2.0,0.0,True
P18,280391,280166,1,1,2024-09-19,0.0,1.0,0.0,0.0,0.0,0.0,0.0,-2.0,0.0,True
P18,280391,280351,1,0,2023-08-10,1.25,1.0,0.0,1.0,1.0,1.0,0.0,-1.0,0.0,True
P18,280391,280421,1,1,2025-08-03,0.25,1.0,0.0,0.0,0.0,0.0,0.0,1.0,0.0,True
P18,280405,280212,1,0,2024-02-25,0.0,1.0,0.0,0.0,0.0,0.0,0.0,0.0,0.0,True
P18,280405,280222,1,0,2024-01-28,0.0,1.0,0.0,0.0,0.0,0.0,0.0,0.0,0.0,True
P18,280405,280324,1,1,2024-10-06,1.0,1.0,0.0,1.0,0.0,0.0,0.0,0.0,0.0,True
P18,280405,280344,1,1,2025-04-11,0.75,1.0,0.0,1.0,1.0,0.0,0.0,-1.0,0.0,True
P18,280405,280453,1,1,2025-06-25,0.75,1.0,0.0,1.0,1.0,0.0,0.0,-1.0,0.0,True
P18,280405,280490,1,1,2026-07-26,0.5,1.0,0.0,1.0,0.0,0.0,0.0,-2.0,0.0,True
P18,280421,120463,1,1,2025-07-17,0.25,1.0,0.0,1.0,1.0,0.0,0.0,-3.0,0.0,True
P18,280421,280104,1,1,2026-08-29,0.0,1.0,0.0,0.0,0.0,0.0,0.0,-2.0,0.0,True
P18,280421,280166,1,0,2024-05-29,0.0,1.0,0.0,0.0,0.0,0.0,0.0,-3.0,0.0,True
P18,280421,280212,1,1,2026-01-06,1.5,1.0,0.0,1.0,1.0,1.0,0.0,0.0,0.0,True
P18,280421,280324,1,0,2024-06-11,1.0,1.0,0.0,1.0,1.0,0.0,0.0,0.0,0.0,True
P18,280421,280344,1,1,2026-08-15,0.0,1.0,0.0,0.0,0.0,0.0,0.0,-1.0,0.0,True
P18,280421,280405,1,0,2024-02-23,1.5,1.0,0.0,1.0,1.0,1.0,0.0,0.0,0.0,True
P18,280421,280452,1,1,2024-10-30,0.0,1.0,0.0,0.0,0.0,0.0,0.0,-1.0,0.0,True
P18,280421,280453,1,1,2025-02-12,0.0,1.0,0.0,0.0,0.0,0.0,0.0,-1.0,0.0,True
P18,280421,570223,1,1,2025-07-20,0.0,1.0,0.0,0.0,0.0,0.0,0.0,-1.0,0.0,True
P18,280451,280103,1,1,2025-02-04,0.0,1.0,0.0,0.0,0.0,0.0,0.0,-1.0,0.0,True
P18,280451,280344,1,1,2025-06-12,0.0,1.0,0.0,0.0,0.0,0.0,0.0,-1.0,0.0,True
P18,280451,280453,1,1,2026-08-20,0.0,1.0,0.0,0.0,0.0,0.0,0.0,-1.0,0.0,True
P18,280451,280489,1,0,2024-05-08,0.75,1.0,0.0,1.0,1.0,0.0,0.0,-1.0,0.0,True
P18,280451,280541,1,1,2026-05-04,0.5,1.0,0.0,1.0,1.0,0.0,0.0,-2.0,0.0,True
P18,280452,280103,1,1,2024-10-31,0.0,1.0,0.0,0.0,0.0,0.0,0.0,0.0,0.0,True
P18,280452,280222,1,0,2024-06-30,1.75,1.0,0.0,1.0,1.0,1.0,0.0,1.0,0.0,True
P18,280452,280324,1,1,2025-02-27,1.25,1.0,0.0,1.0,1.0,0.0,0.0,1.0,0.0,True
P18,280453,280324,1,1,2025-02-16,1.25,1.0,0.0,1.0,1.0,0.0,0.0,1.0,0.0,True
P18,280453,280452,1,1,2026-08-25,0.0,1.0,0.0,0.0,0.0,0.0,0.0,0.0,0.0,True
P18,280453,570223,1,1,2026-08-23,0.0,1.0,0.0,0.0,0.0,0.0,0.0,0.0,0.0,True
P18,280454,280351,1,0,2024-02-11,0.5,1.0,0.0,0.0,0.0,1.0,0.0,0.0,0.0,True
P18,280454,280480,1,0,2024-03-13,2.0,1.0,0.0,1.0,0.0,1.0,0.0,2.0,0.0,True
P18,280480,280212,1,1,2024-10-15,1.0,1.0,0.0,1.0,0.0,0.0,0.0,0.0,0.0,True
P18,280480,280351,1,0,2024-01-21,1.0,1.0,0.0,1.0,0.0,0.0,1.0,-2.0,0.0,True
P18,280480,280391,1,1,2024-09-17,1.25,1.0,0.0,1.0,1.0,0.0,1.0,-1.0,0.0,True
P18,280480,280421,1,1,2026-03-27,1.5,1.0,0.0,1.0,1.0,0.0,1.0,0.0,0.0,True
P18,280480,280451,1,1,2025-06-11,1.5,1.0,0.0,1.0,1.0,0.0,1.0,0.0,0.0,True
P18,280480,280452,1,1,2025-09-21,1.25,1.0,0.0,1.0,1.0,0.0,1.0,-1.0,0.0,True
P18,280480,280453,1,1,2026-03-16,1.25,1.0,0.0,1.0,1.0,0.0,1.0,-1.0,0.0,True
P18,280480,280454,1,0,2024-03-03,1.0,1.0,0.0,1.0,0.0,0.0,1.0,-2.0,0.0,True
P18,280480,280590,1,1,2026-05-17,0.75,1.0,0.0,1.0,0.0,0.0,1.0,-3.0,0.0,True
P18,280480,280686,1,1,2026-05-30,0.75,1.0,0.0,1.0,0.0,0.0,1.0,-3.0,0.0,True
P18,280480,570261,1,1,2026-01-17,0.5,1.0,0.0,0.0,0.0,0.0,1.0,0.0,0.0,True
P18,280489,280323,1,0,2024-05-10,0.5,1.0,0.0,1.0,0.0,0.0,0.0,-2.0,0.0,True
P18,280489,280405,1,1,2025-06-25,0.75,1.0,0.0,0.0,0.0,1.0,0.0,1.0,0.0,True
P18,280489,280480,1,0,2024-04-30,1.75,1.0,0.0,1.0,0.0,1.0,0.0,1.0,0.0,True
P18,280490,280213,1,1,2026-06-30,0.25,1.0,0.0,0.0,0.0,1.0,0.0,-1.0,0.0,True
P18,280490,280222,1,1,2025-09-02,2.0,1.0,0.0,1.0,0.0,1.0,0.0,2.0,0.0,True
P18,280490,280324,1,1,2025-11-02,1.5,1.0,0.0,1.0,0.0,0.0,0.0,2.0,0.0,True
P18,280490,280421,1,1,2025-07-14,1.5,1.0,0.0,1.0,1.0,0.0,0.0,2.0,0.0,True
P18,280490,280559,1,1,2025-04-18,1.0,0.0,0.0,1.0,0.0,0.0,0.0,0.0,0.0,True
P18,280490,280647,1,1,2026-01-20,1.25,1.0,0.0,1.0,0.0,0.0,0.0,1.0,0.0,True
P18,280490,280686,1,1,2026-07-28,1.25,1.0,0.0,1.0,0.0,1.0,0.0,-1.0,0.0,True
P18,280493,280391,1,1,2025-07-30,0.25,1.0,0.0,0.0,0.0,0.0,0.0,1.0,0.0,True
P18,280493,280421,1,0,2024-06-10,0.5,1.0,0.0,0.0,0.0,0.0,0.0,2.0,0.0,True
P18,280541,280103,1,1,2026-05-08,1.25,1.0,0.0,1.0,1.0,0.0,0.0,1.0,0.0,True
P18,280559,280452,1,1,2025-04-19,1.25,1.0,0.0,1.0,1.0,0.0,0.0,1.0,0.0,True
P18,280564,280323,1,1,2026-09-02,1.0,1.0,0.0,1.0,0.0,0.0,1.0,-2.0,0.0,True
P18,280567,280590,1,1,2025-10-24,0.0,1.0,0.0,0.0,0.0,0.0,0.0,-1.0,0.0,True
P18,280590,280490,1,1,2026-06-27,1.25,1.0,0.0,1.0,0.0,0.0,0.0,1.0,0.0,True
P18,280590,280567,1,1,2025-10-13,0.25,1.0,0.0,0.0,0.0,0.0,0.0,1.0,0.0,True
P18,280590,280591,1,1,2025-10-26,0.5,1.0,0.0,0.0,0.0,0.0,0.0,2.0,0.0,True
P18,280591,280324,1,1,2025-10-27,1.25,1.0,0.0,1.0,0.0,0.0,0.0,1.0,0.0,True
P18,280591,280592,1,1,2025-10-11,0.0,1.0,0.0,0.0,0.0,0.0,0.0,-1.0,0.0,True
P18,280591,570261,1,1,2026-03-09,1.75,1.0,0.0,1.0,0.0,1.0,0.0,1.0,0.0,True
P18,280592,280590,1,1,2025-10-12,0.25,1.0,0.0,0.0,0.0,0.0,1.0,-1.0,0.0,True
P18,280647,280105,1,1,2026-01-27,1.0,1.0,0.0,1.0,1.0,0.0,0.0,0.0,0.0,True
P18,280686,280480,1,1,2026-06-15,1.75,1.0,0.0,1.0,0.0,0.0,0.0,3.0,0.0,True
P18,280686,570261,1,1,2026-08-08,1.75,1.0,0.0,1.0,0.0,0.0,0.0,3.0,0.0,True
P18,570223,280105,1,1,2025-07-21,0.0,1.0,0.0,0.0,0.0,0.0,0.0,0.0,0.0,True
P18,570223,280453,1,1,2026-08-23,0.0,1.0,0.0,0.0,0.0,0.0,0.0,0.0,0.0,True
P18,570261,280324,1,1,2026-03-11,1.0,1.0,0.0,1.0,0.0,0.0,0.0,0.0,0.0,True
P18,570261,280421,1,1,2026-08-12,1.0,1.0,0.0,1.0,1.0,0.0,0.0,0.0,0.0,True
P18,570261,280490,1,1,2026-01-19,0.0,1.0,0.0,0.0,0.0,0.0,0.0,-2.0,0.0,True
P19,280256,280351,14,14,2026-09-02,0.25,1.0,0.0,0.0,0.0,0.0,0.0,1.0,0.0,True
P19,280351,280256,13,13,2026-08-24,0.0,1.0,0.0,0.0,0.0,0.0,0.0,-1.0,0.0,True
P19,280323,280324,10,4,2025-04-06,0.75,1.0,0.0,0.0,0.0,0.0,0.0,3.0,0.0,True
P19,280324,280323,10,3,2025-04-06,0.0,1.0,0.0,0.0,0.0,0.0,1.0,-3.0,0.0,True
P19,280324,280480,10,5,2025-03-05,1.5,1.0,0.0,1.0,0.0,1.0,0.0,0.0,0.0,True
P19,280480,280324,10,5,2025-03-10,1.0,1.0,0.0,1.0,0.0,0.0,0.0,0.0,0.0,True
P19,280213,280480,5,2,2025-03-17,0.75,1.0,0.0,0.0,0.0,0.0,0.0,3.0,0.0,True
P19,280323,280480,5,0,2024-07-02,2.25,1.0,0.0,1.0,0.0,1.0,0.0,3.0,0.0,True
P19,280480,280213,5,3,2025-02-03,0.0,1.0,0.0,0.0,0.0,0.0,1.0,-3.0,0.0,True
P19,280480,280222,5,1,2024-12-12,1.5,1.0,0.0,1.0,0.0,0.0,1.0,0.0,0.0,True
P19,280222,280480,4,2,2025-01-12,1.0,1.0,0.0,1.0,0.0,0.0,0.0,0.0,0.0,True
P19,280213,280324,3,2,2025-02-16,1.75,1.0,0.0,1.0,0.0,0.0,0.0,3.0,0.0,True
P19,280480,280323,3,1,2025-03-25,0.75,1.0,0.0,1.0,0.0,0.0,1.0,-3.0,0.0,True
P19,280222,280323,2,1,2024-09-22,0.25,1.0,0.0,1.0,0.0,0.0,0.0,-3.0,0.0,True
P19,280324,280213,2,1,2025-03-16,1.25,1.0,0.0,1.0,0.0,1.0,1.0,-3.0,0.0,True
P19,280324,280222,2,2,2025-01-09,2.0,1.0,0.0,1.0,0.0,1.0,1.0,0.0,0.0,True
P19,280324,280351,2,2,2025-11-02,1.5,1.0,0.0,1.0,0.0,1.0,1.0,-2.0,0.0,True
P19,280351,280324,2,2,2025-11-02,1.5,1.0,0.0,1.0,0.0,0.0,0.0,2.0,0.0,True
P19,280052,280323,1,0,2023-10-27,0.75,1.0,0.0,1.0,0.0,0.0,1.0,-3.0,0.0,True
P19,280105,280256,1,1,2026-02-24,1.0,1.0,0.0,1.0,1.0,1.0,0.0,-2.0,0.0,True
P19,280212,280324,1,0,2024-07-10,1.0,1.0,0.0,1.0,0.0,0.0,0.0,0.0,0.0,True
P19,280212,280480,1,1,2024-09-11,1.0,1.0,0.0,1.0,0.0,0.0,0.0,0.0,0.0,True
P19,280213,280405,1,1,2025-02-05,1.75,1.0,0.0,1.0,0.0,0.0,0.0,3.0,0.0,True
P19,280222,280213,1,0,2024-05-15,0.25,1.0,0.0,1.0,0.0,0.0,0.0,-3.0,0.0,True
P19,280222,280324,1,0,2024-06-11,1.0,1.0,0.0,1.0,0.0,0.0,0.0,0.0,0.0,True
P19,280222,280405,1,1,2024-12-02,0.0,1.0,0.0,0.0,0.0,0.0,0.0,0.0,0.0,True
P19,280323,280212,1,1,2024-09-10,2.25,1.0,0.0,1.0,0.0,1.0,0.0,3.0,0.0,True
P19,280323,280213,1,1,2025-02-12,1.5,1.0,0.0,1.0,0.0,1.0,0.0,0.0,0.0,True
P19,280323,280489,1,1,2025-04-27,1.5,1.0,0.0,1.0,0.0,0.0,0.0,2.0,0.0,True
P19,280324,280489,1,1,2025-04-14,1.25,1.0,0.0,1.0,0.0,0.0,1.0,-1.0,0.0,True
P19,280324,280590,1,1,2025-04-11,0.75,1.0,0.0,1.0,0.0,0.0,1.0,-3.0,0.0,True
P19,280351,280105,1,1,2026-02-24,1.25,1.0,0.0,1.0,1.0,0.0,0.0,1.0,0.0,True
P19,280351,280584,1,1,2026-09-02,1.25,1.0,0.0,1.0,1.0,0.0,0.0,1.0,0.0,True
P19,280405,280323,1,1,2025-02-09,0.25,1.0,0.0,1.0,0.0,0.0,0.0,-3.0,0.0,True
P19,280405,280480,1,1,2024-12-04,1.0,1.0,0.0,1.0,0.0,0.0,0.0,0.0,0.0,True
P19,280454,280323,1,0,2024-03-10,0.75,1.0,0.0,1.0,0.0,0.0,0.0,-1.0,0.0,True
P19,280480,280212,1,0,2024-07-10,1.0,1.0,0.0,1.0,0.0,0.0,0.0,0.0,0.0,True
P19,280480,280454,1,0,2024-03-10,1.0,1.0,0.0,1.0,0.0,0.0,1.0,-2.0,0.0,True
P19,280480,280489,1,0,2024-04-24,1.25,1.0,0.0,1.0,0.0,0.0,1.0,-1.0,0.0,True
P19,280489,280222,1,0,2024-05-01,0.75,1.0,0.0,0.0,0.0,1.0,0.0,1.0,0.0,True
P19,280489,280323,1,1,2025-04-24,0.5,1.0,0.0,1.0,0.0,0.0,0.0,-2.0,0.0,True
P19,280489,280591,1,1,2025-04-16,0.0,1.0,0.0,0.0,0.0,0.0,0.0,0.0,0.0,True
P19,280590,280324,1,1,2025-04-13,1.75,1.0,0.0,1.0,0.0,0.0,0.0,3.0,0.0,True
P19,280591,280489,1,1,2025-04-19,0.0,1.0,0.0,0.0,0.0,0.0,0.0,0.0,0.0,True
P20,241287,280169,6,2,2025-03-02,0.0,1.0,0.0,0.0,0.0,0.0,0.0,0.0,0.0,True
P20,280103,120464,5,5,2025-12-09,1.0,0.0,0.0,1.0,1.0,0.0,0.0,0.0,0.0,True
P20,120436,120448,4,1,2025-03-11,0.0,1.0,0.0,0.0,0.0,0.0,0.0,0.0,0.0,True
P20,120448,120436,4,1,2025-03-09,0.5,1.0,0.0,0.0,0.0,0.0,1.0,0.0,0.0,True
P20,120464,120436,4,4,2025-07-16,0.0,1.0,0.0,0.0,0.0,0.0,0.0,-2.0,0.0,True
P20,120464,280169,4,4,2025-07-08,0.0,1.0,0.0,0.0,0.0,0.0,0.0,-1.0,0.0,True
P20,280323,280324,4,3,2024-12-08,0.75,1.0,0.0,0.0,0.0,0.0,0.0,3.0,0.0,True
P20,280324,280323,4,3,2026-07-28,0.0,1.0,0.0,0.0,0.0,0.0,1.0,-3.0,0.0,True
P20,280344,280103,4,2,2026-07-30,0.0,1.0,0.0,0.0,0.0,0.0,0.0,0.0,0.0,True
P20,120436,280584,3,3,2026-04-26,1.5,1.0,0.0,1.0,1.0,0.0,0.0,2.0,0.0,True
P20,280103,280344,3,2,2026-07-31,0.0,1.0,0.0,0.0,0.0,0.0,0.0,0.0,0.0,True
P20,280166,280103,3,3,2025-12-07,0.5,1.0,0.0,0.0,0.0,0.0,0.0,2.0,0.0,True
P20,280324,280480,3,3,2026-05-27,1.5,1.0,0.0,1.0,0.0,1.0,0.0,0.0,0.0,True
P20,280344,280584,3,3,2026-09-02,1.0,0.0,0.0,1.0,1.0,0.0,0.0,0.0,0.0,True
P20,280583,280585,3,3,2025-10-26,0.5,1.0,0.0,0.0,0.0,0.0,0.0,2.0,0.0,True
P20,280583,280586,3,3,2026-04-22,0.5,1.0,0.0,0.0,0.0,0.0,0.0,2.0,0.0,True
P20,280585,280586,3,3,2026-08-23,0.0,1.0,0.0,0.0,0.0,0.0,0.0,0.0,0.0,True
P20,280586,280324,3,3,2026-05-24,1.25,1.0,0.0,1.0,1.0,0.0,0.0,1.0,0.0,True
P20,120436,280169,2,2,2026-02-24,0.25,1.0,0.0,0.0,0.0,0.0,0.0,1.0,0.0,True
P20,120436,280244,2,1,2025-06-11,0.0,1.0,0.0,0.0,0.0,0.0,0.0,0.0,0.0,True
P20,120437,120448,2,1,2025-03-07,0.0,1.0,0.0,0.0,0.0,0.0,0.0,0.0,0.0,True
P20,120448,120464,2,2,2025-03-16,1.0,1.0,0.0,0.0,0.0,0.0,1.0,2.0,0.0,True
P20,120448,241287,2,1,2024-10-08,0.75,1.0,0.0,0.0,0.0,0.0,1.0,1.0,0.0,True
P20,120464,280583,2,2,2026-02-09,0.5,1.0,0.0,1.0,1.0,0.0,0.0,-2.0,0.0,True
P20,280103,280324,2,2,2026-05-03,1.25,1.0,0.0,1.0,1.0,0.0,0.0,1.0,0.0,True
P20,280103,280421,2,2,2024-11-12,0.25,1.0,0.0,0.0,0.0,0.0,0.0,1.0,0.0,True
P20,280103,280585,2,2,2026-08-05,1.0,0.0,0.0,1.0,1.0,0.0,0.0,0.0,0.0,True
P20,280105,280103,2,2,2024-10-01,0.0,1.0,0.0,0.0,0.0,0.0,0.0,0.0,0.0,True
P20,280107,280584,2,2,2026-08-26,1.5,1.0,0.0,1.0,1.0,0.0,0.0,2.0,0.0,True
P20,280166,280106,2,1,2025-11-09,0.5,1.0,0.0,0.0,0.0,0.0,0.0,2.0,0.0,True
P20,280169,120437,2,1,2025-03-05,0.0,1.0,0.0,0.0,0.0,0.0,0.0,-1.0,0.0,True
P20,280169,120448,2,2,2026-08-12,0.0,1.0,0.0,0.0,0.0,0.0,0.0,-1.0,0.0,True
P20,280169,120464,2,2,2026-02-08,0.25,1.0,0.0,0.0,0.0,0.0,0.0,1.0,0.0,True
P20,280169,280318,2,1,2026-06-28,0.25,1.0,0.0,0.0,0.0,0.0,0.0,1.0,0.0,True
P20,280169,280344,2,1,2024-10-21,1.25,1.0,0.0,1.0,1.0,0.0,0.0,1.0,0.0,True
P20,280244,241287,2,0,2024-07-30,0.25,1.0,0.0,0.0,0.0,0.0,0.0,1.0,0.0,True
P20,280318,280103,2,1,2025-07-29,1.0,1.0,0.0,1.0,1.0,0.0,0.0,0.0,0.0,True
P20,280324,280103,2,2,2026-05-01,1.25,1.0,0.0,1.0,1.0,0.0,1.0,-1.0,0.0,True
P20,280421,280103,2,2,2026-06-07,0.0,1.0,0.0,0.0,0.0,0.0,0.0,-1.0,0.0,True
P20,280453,280451,2,2,2026-05-17,0.25,1.0,0.0,0.0,0.0,0.0,0.0,1.0,0.0,True
P20,280583,280421,2,2,2026-06-02,1.75,1.0,0.0,1.0,1.0,0.0,0.0,3.0,0.0,True
P20,280583,280584,2,2,2026-04-03,0.5,1.0,0.0,0.0,0.0,0.0,0.0,2.0,0.0,True
P20,280584,280583,2,2,2026-01-11,0.0,1.0,0.0,0.0,0.0,0.0,0.0,-2.0,0.0,True
P20,280584,280585,2,2,2026-05-10,0.0,1.0,0.0,0.0,0.0,0.0,0.0,0.0,0.0,True
P20,280585,280103,2,2,2026-01-21,1.0,0.0,0.0,1.0,1.0,0.0,0.0,0.0,0.0,True
P20,280585,280584,2,2,2026-08-09,0.0,1.0,0.0,0.0,0.0,0.0,0.0,0.0,0.0,True
P20,280585,570261,2,2,2026-06-11,1.75,1.0,0.0,1.0,1.0,1.0,0.0,1.0,0.0,True
P20,120436,120437,1,1,2026-07-10,0.0,1.0,0.0,0.0,0.0,0.0,0.0,0.0,0.0,True
P20,120436,120464,1,1,2025-07-06,0.5,1.0,0.0,0.0,0.0,0.0,0.0,2.0,0.0,True
P20,120436,241287,1,1,2025-02-26,0.25,1.0,0.0,0.0,0.0,0.0,0.0,1.0,0.0,True
P20,120436,251200,1,1,2025-07-18,0.25,1.0,0.0,0.0,0.0,0.0,0.0,1.0,0.0,True
P20,120436,280166,1,0,2024-05-15,1.0,0.0,0.0,1.0,1.0,0.0,0.0,0.0,0.0,True
P20,120436,280318,1,1,2025-09-18,0.5,1.0,0.0,0.0,0.0,0.0,0.0,2.0,0.0,True
P20,120437,280103,1,1,2026-07-12,1.5,1.0,0.0,1.0,1.0,0.0,0.0,2.0,0.0,True
P20,120437,280105,1,1,2024-10-13,1.5,1.0,0.0,1.0,1.0,0.0,0.0,2.0,0.0,True
P20,120437,280169,1,1,2025-01-17,0.25,1.0,0.0,0.0,0.0,0.0,0.0,1.0,0.0,True
P20,120448,280107,1,1,2026-01-12,1.0,1.0,0.0,0.0,0.0,1.0,1.0,0.0,0.0,True
P20,120448,280166,1,1,2024-11-06,1.5,1.0,0.0,1.0,1.0,0.0,1.0,0.0,0.0,True
P20,120448,280169,1,1,2024-10-20,0.75,1.0,0.0,0.0,0.0,0.0,1.0,1.0,0.0,True
P20,120448,280264,1,1,2025-02-06,1.0,1.0,0.0,0.0,0.0,0.0,1.0,2.0,0.0,True
P20,120448,280318,1,1,2026-08-30,1.0,1.0,0.0,0.0,0.0,0.0,1.0,2.0,0.0,True
P20,120448,280391,1,0,2024-04-12,2.0,1.0,0.0,1.0,1.0,0.0,1.0,2.0,0.0,True
P20,120448,280583,1,1,2026-08-14,1.5,1.0,0.0,1.0,1.0,0.0,1.0,0.0,0.0,True
P20,120463,120464,1,1,2025-02-16,1.5,1.0,0.0,1.0,1.0,0.0,0.0,2.0,0.0,True
P20,120464,120437,1,1,2025-01-14,0.0,1.0,0.0,0.0,0.0,0.0,0.0,-2.0,0.0,True
P20,120464,120448,1,1,2024-10-06,0.0,1.0,0.0,0.0,0.0,0.0,0.0,-2.0,0.0,True
P20,120464,241287,1,1,2025-12-12,0.0,1.0,0.0,0.0,0.0,0.0,0.0,-1.0,0.0,True
P20,120464,251200,1,1,2025-02-03,0.0,1.0,0.0,0.0,0.0,0.0,0.0,-1.0,0.0,True
P20,120464,280103,1,1,2024-09-22,1.0,0.0,0.0,1.0,1.0,0.0,0.0,0.0,0.0,True
P20,120464,280105,1,1,2024-09-07,1.0,1.0,0.0,1.0,1.0,0.0,0.0,0.0,0.0,True
P20,120464,280166,1,1,2025-06-04,0.5,1.0,0.0,1.0,1.0,0.0,0.0,-2.0,0.0,True
P20,120464,280244,1,1,2025-04-30,0.0,1.0,0.0,0.0,0.0,0.0,0.0,-2.0,0.0,True
P20,120464,280245,1,0,2024-06-25,0.0,1.0,0.0,0.0,0.0,0.0,0.0,-2.0,0.0,True
P20,120464,280586,1,1,2025-09-24,1.0,1.0,0.0,1.0,1.0,0.0,0.0,0.0,0.0,True
P20,120464,280587,1,1,2025-04-10,0.75,1.0,0.0,1.0,1.0,0.0,0.0,-1.0,0.0,True
P20,241283,120464,1,1,2025-06-27,0.0,1.0,0.0,0.0,0.0,0.0,0.0,0.0,0.0,True
P20,241287,120436,1,1,2026-02-22,0.0,1.0,0.0,0.0,0.0,0.0,0.0,-1.0,0.0,True
P20,241287,120448,1,1,2024-10-18,0.0,1.0,0.0,0.0,0.0,0.0,0.0,-1.0,0.0,True
P20,241287,251200,1,1,2025-10-07,0.0,1.0,0.0,0.0,0.0,0.0,0.0,0.0,0.0,True
P20,241287,280318,1,0,2024-08-27,0.25,1.0,0.0,0.0,0.0,0.0,0.0,1.0,0.0,True
P20,241287,280490,1,1,2025-12-13,1.0,1.0,0.0,1.0,1.0,0.0,0.0,0.0,0.0,True
P20,251200,120436,1,1,2025-08-24,0.0,1.0,0.0,0.0,0.0,0.0,0.0,-1.0,0.0,True
P20,251200,120448,1,1,2025-02-04,0.0,1.0,0.0,0.0,0.0,0.0,0.0,-1.0,0.0,True
P20,251200,280166,1,1,2025-08-13,0.75,1.0,0.0,1.0,1.0,0.0,0.0,-1.0,0.0,True
P20,251200,280169,1,1,2025-07-20,0.0,1.0,0.0,0.0,0.0,0.0,0.0,0.0,0.0,True
P20,251200,280318,1,1,2025-10-10,0.25,1.0,0.0,0.0,0.0,0.0,0.0,1.0,0.0,True
P20,251200,280659,1,1,2026-03-05,0.0,1.0,0.0,0.0,0.0,0.0,0.0,-1.0,0.0,True
P20,280103,241287,1,0,2024-08-25,0.75,1.0,0.0,1.0,1.0,0.0,0.0,-1.0,0.0,True
P20,280103,280104,1,1,2026-07-16,0.0,1.0,0.0,0.0,0.0,0.0,0.0,-1.0,0.0,True
P20,280103,280105,1,0,2024-08-14,0.0,1.0,0.0,0.0,0.0,0.0,0.0,0.0,0.0,True
P20,280103,280166,1,1,2025-09-06,0.0,1.0,0.0,0.0,0.0,0.0,0.0,-2.0,0.0,True
P20,280103,280169,1,0,2024-07-17,0.75,1.0,0.0,1.0,1.0,0.0,0.0,-1.0,0.0,True
P20,280103,280480,1,1,2026-01-22,1.75,1.0,0.0,1.0,1.0,1.0,0.0,1.0,0.0,True
P20,280103,280583,1,1,2025-05-27,0.5,1.0,0.0,1.0,1.0,0.0,0.0,-2.0,0.0,True
P20,280103,280586,1,1,2026-05-21,1.0,1.0,0.0,1.0,1.0,0.0,0.0,0.0,0.0,True
P20,280104,280103,1,1,2026-08-04,0.75,1.0,0.0,0.0,0.0,0.0,1.0,1.0,0.0,True
P20,280104,280106,1,1,2025-07-10,0.75,1.0,0.0,0.0,0.0,0.0,1.0,1.0,0.0,True
P20,280104,280169,1,1,2026-07-19,1.5,1.0,0.0,1.0,1.0,0.0,1.0,0.0,0.0,True
P20,280105,120437,1,1,2024-10-13,0.5,1.0,0.0,1.0,1.0,0.0,0.0,-2.0,0.0,True
P20,280105,280106,1,0,2024-08-16,0.0,1.0,0.0,0.0,0.0,0.0,0.0,0.0,0.0,True
P20,280105,280244,1,0,2024-06-30,0.5,1.0,0.0,1.0,1.0,0.0,0.0,-2.0,0.0,True
P20,280105,280318,1,1,2024-10-14,1.0,1.0,0.0,1.0,1.0,0.0,0.0,0.0,0.0,True
P20,280105,280323,1,1,2024-11-18,0.5,1.0,0.0,1.0,1.0,0.0,0.0,-2.0,0.0,True
P20,280105,280453,1,1,2025-10-30,0.0,1.0,0.0,0.0,0.0,0.0,0.0,0.0,0.0,True
P20,280106,120436,1,1,2025-11-10,0.5,1.0,0.0,1.0,1.0,0.0,0.0,-2.0,0.0,True
P20,280106,120464,1,1,2025-07-14,1.0,1.0,0.0,1.0,1.0,0.0,0.0,0.0,0.0,True
P20,280106,280103,1,0,2024-08-21,0.0,1.0,0.0,0.0,0.0,0.0,0.0,0.0,0.0,True
P20,280106,280323,1,0,2024-04-19,0.5,1.0,0.0,1.0,1.0,0.0,0.0,-2.0,0.0,True
P20,280106,280344,1,0,2024-08-18,0.0,1.0,0.0,0.0,0.0,0.0,0.0,0.0,0.0,True
P20,280107,280480,1,1,2025-06-17,1.75,1.0,0.0,1.0,1.0,0.0,0.0,3.0,0.0,True
P20,280166,120448,1,0,2024-04-09,1.0,1.0,0.0,1.0,1.0,0.0,0.0,0.0,0.0,True
P20,280166,280169,1,1,2025-08-20,1.25,1.0,0.0,1.0,1.0,0.0,0.0,1.0,0.0,True
P20,280166,280244,1,0,2024-07-28,1.0,1.0,0.0,1.0,1.0,0.0,0.0,0.0,0.0,True
P20,280166,280344,1,0,2024-05-17,0.5,1.0,0.0,0.0,0.0,0.0,0.0,2.0,0.0,True
P20,280166,280421,1,1,2025-06-08,0.75,1.0,0.0,0.0,0.0,0.0,0.0,3.0,0.0,True
P20,280166,280583,1,1,2025-09-08,1.0,0.0,0.0,1.0,1.0,0.0,0.0,0.0,0.0,True
P20,280169,120436,1,0,2024-05-02,0.0,1.0,0.0,0.0,0.0,0.0,0.0,-1.0,0.0,True
P20,280169,120463,1,1,2025-02-16,0.75,1.0,0.0,1.0,1.0,0.0,0.0,-1.0,0.0,True
P20,280169,241283,1,1,2025-06-26,0.75,1.0,0.0,0.0,0.0,1.0,0.0,1.0,0.0,True
P20,280169,241287,1,0,2024-07-20,0.0,1.0,0.0,0.0,0.0,0.0,0.0,0.0,0.0,True
P20,280169,251200,1,1,2025-08-21,0.0,1.0,0.0,0.0,0.0,0.0,0.0,0.0,0.0,True
P20,280169,280104,1,1,2025-07-09,1.0,1.0,0.0,1.0,1.0,0.0,0.0,0.0,0.0,True
P20,280169,280105,1,1,2024-10-12,1.25,1.0,0.0,1.0,1.0,0.0,0.0,1.0,0.0,True
P20,280169,280166,1,1,2024-12-18,0.75,1.0,0.0,1.0,1.0,0.0,0.0,-1.0,0.0,True
P20,280169,280246,1,0,2024-06-16,0.25,1.0,0.0,0.0,0.0,0.0,0.0,1.0,0.0,True
P20,280169,280323,1,1,2024-11-03,0.75,1.0,0.0,1.0,1.0,0.0,0.0,-1.0,0.0,True
P20,280169,280391,1,0,2024-07-24,1.25,1.0,0.0,1.0,1.0,0.0,0.0,1.0,0.0,True
P20,280169,280421,1,1,2026-07-21,1.5,1.0,0.0,1.0,1.0,0.0,0.0,2.0,0.0,True
P20,280169,280585,1,1,2025-07-23,1.25,1.0,0.0,1.0,1.0,0.0,0.0,1.0,0.0,True
P20,280169,280588,1,1,2025-04-06,1.25,1.0,0.0,1.0,1.0,0.0,0.0,1.0,0.0,True
P20,280169,280674,1,1,2026-02-26,0.0,1.0,0.0,0.0,0.0,0.0,0.0,0.0,0.0,True
P20,280244,120464,1,1,2025-06-03,0.5,1.0,0.0,0.0,0.0,0.0,0.0,2.0,0.0,True
P20,280244,280107,1,1,2025-06-15,0.5,1.0,0.0,0.0,0.0,1.0,0.0,0.0,0.0,True
P20,280244,280246,1,0,2024-06-09,0.5,1.0,0.0,0.0,0.0,0.0,0.0,2.0,0.0,True
P20,280244,280318,1,1,2025-05-20,0.5,1.0,0.0,0.0,0.0,0.0,0.0,2.0,0.0,True
P20,280244,280516,1,0,2024-07-02,0.0,1.0,0.0,0.0,0.0,0.0,0.0,0.0,0.0,True
P20,280244,280583,1,1,2025-05-06,1.0,1.0,0.0,1.0,1.0,0.0,0.0,0.0,0.0,True
P20,280245,120464,1,0,2024-06-23,1.0,1.0,0.0,0.0,0.0,0.0,1.0,2.0,0.0,True
P20,280245,280421,1,0,2024-06-28,2.25,1.0,0.0,1.0,1.0,0.0,1.0,3.0,0.0,True
P20,280246,120436,1,0,2024-09-01,0.0,1.0,0.0,0.0,0.0,0.0,0.0,-2.0,0.0,True
P20,280246,280169,1,0,2024-06-12,0.0,1.0,0.0,0.0,0.0,0.0,0.0,-1.0,0.0,True
P20,280246,280245,1,0,2024-06-18,0.0,1.0,0.0,0.0,0.0,0.0,0.0,-2.0,0.0,True
P20,280264,280169,1,1,2025-02-11,0.0,1.0,0.0,0.0,0.0,0.0,0.0,-1.0,0.0,True
P20,280318,120464,1,1,2025-09-21,0.0,1.0,0.0,0.0,0.0,0.0,0.0,0.0,0.0,True
P20,280318,241287,1,1,2024-10-15,0.0,1.0,0.0,0.0,0.0,0.0,0.0,-1.0,0.0,True
P20,280318,280246,1,0,2024-08-29,0.0,1.0,0.0,0.0,0.0,0.0,0.0,0.0,0.0,True
P20,280318,280421,1,1,2025-05-22,1.25,1.0,0.0,1.0,1.0,0.0,0.0,1.0,0.0,True
P20,280318,280451,1,1,2026-06-29,1.25,1.0,0.0,1.0,1.0,0.0,0.0,1.0,0.0,True
P20,280318,280583,1,1,2026-08-31,0.5,1.0,0.0,1.0,1.0,0.0,0.0,-2.0,0.0,True
P20,280318,280585,1,1,2025-10-11,1.0,1.0,0.0,1.0,1.0,0.0,0.0,0.0,0.0,True
P20,280323,120448,1,1,2024-11-05,1.0,1.0,0.0,1.0,1.0,0.0,0.0,0.0,0.0,True
P20,280323,241287,1,1,2025-10-05,1.25,1.0,0.0,1.0,1.0,0.0,0.0,1.0,0.0,True
P20,280323,280169,1,0,2024-04-29,1.25,1.0,0.0,1.0,1.0,0.0,0.0,1.0,0.0,True
P20,280323,280344,1,1,2026-07-29,1.5,1.0,0.0,1.0,1.0,0.0,0.0,2.0,0.0,True
P20,280323,280659,1,1,2026-04-10,1.0,1.0,0.0,1.0,1.0,0.0,0.0,0.0,0.0,True
P20,280324,280169,1,1,2026-02-06,1.0,1.0,0.0,1.0,1.0,0.0,1.0,-2.0,0.0,True
P20,280324,280583,1,1,2025-10-22,0.75,1.0,0.0,1.0,1.0,0.0,1.0,-3.0,0.0,True
P20,280324,280584,1,1,2026-05-07,1.25,1.0,0.0,1.0,1.0,0.0,1.0,-1.0,0.0,True
P20,280324,280585,1,1,2026-03-29,1.25,1.0,0.0,1.0,1.0,0.0,1.0,-1.0,0.0,True
P20,280344,120448,1,0,2024-05-21,0.5,1.0,0.0,1.0,1.0,0.0,0.0,-2.0,0.0,True
P20,280344,280104,1,1,2026-08-03,0.0,1.0,0.0,0.0,0.0,0.0,0.0,-1.0,0.0,True
P20,280344,280105,1,1,2024-09-28,0.0,1.0,0.0,0.0,0.0,0.0,0.0,0.0,0.0,True
P20,280344,280106,1,0,2024-08-18,0.0,1.0,0.0,0.0,0.0,0.0,0.0,0.0,0.0,True
P20,280344,280166,1,0,2024-07-27,0.0,1.0,0.0,0.0,0.0,0.0,0.0,-2.0,0.0,True
P20,280344,280324,1,1,2026-04-28,1.25,1.0,0.0,1.0,1.0,0.0,0.0,1.0,0.0,True
P20,280344,280480,1,1,2025-12-21,1.75,1.0,0.0,1.0,1.0,1.0,0.0,1.0,0.0,True
P20,280344,280490,1,1,2025-12-14,0.75,1.0,0.0,1.0,1.0,0.0,0.0,-1.0,0.0,True
P20,280344,280674,1,1,2026-03-17,0.75,1.0,0.0,1.0,1.0,0.0,0.0,-1.0,0.0,True
P20,280351,280451,1,1,2025-11-02,1.5,1.0,0.0,1.0,1.0,0.0,0.0,2.0,0.0,True
P20,280391,280166,1,0,2024-04-14,0.0,1.0,0.0,0.0,0.0,0.0,0.0,-2.0,0.0,True
P20,280391,280344,1,0,2024-07-25,0.0,1.0,0.0,0.0,0.0,0.0,0.0,0.0,0.0,True
P20,280421,120436,1,1,2025-06-09,0.25,1.0,0.0,1.0,1.0,0.0,0.0,-3.0,0.0,True
P20,280421,280105,1,0,2024-06-30,0.0,1.0,0.0,0.0,0.0,0.0,0.0,-1.0,0.0,True
P20,280421,280324,1,1,2026-07-24,1.0,1.0,0.0,1.0,1.0,0.0,0.0,0.0,0.0,True
P20,280421,280344,1,1,2024-09-27,0.0,1.0,0.0,0.0,0.0,0.0,0.0,-1.0,0.0,True
P20,280421,280453,1,1,2026-05-15,0.0,1.0,0.0,0.0,0.0,0.0,0.0,-1.0,0.0,True
P20,280421,280454,1,1,2024-11-12,0.5,1.0,0.0,1.0,1.0,0.0,0.0,-2.0,0.0,True
P20,280421,280584,1,1,2026-07-05,0.75,1.0,0.0,1.0,1.0,0.0,0.0,-1.0,0.0,True
P20,280451,280105,1,1,2024-11-17,0.0,1.0,0.0,0.0,0.0,0.0,0.0,-1.0,0.0,True
P20,280451,280166,1,1,2025-11-07,0.0,1.0,0.0,0.0,0.0,0.0,0.0,-3.0,0.0,True
P20,280451,280344,1,1,2026-02-15,0.0,1.0,0.0,0.0,0.0,0.0,0.0,-1.0,0.0,True
P20,280451,280421,1,1,2026-06-30,0.0,1.0,0.0,0.0,0.0,0.0,0.0,0.0,0.0,True
P20,280451,280453,1,1,2026-05-17,0.0,1.0,0.0,0.0,0.0,0.0,0.0,-1.0,0.0,True
P20,280453,280103,1,1,2026-05-19,0.0,1.0,0.0,0.0,0.0,0.0,0.0,0.0,0.0,True
P20,280453,280351,1,1,2025-11-02,1.25,1.0,0.0,1.0,1.0,1.0,0.0,-1.0,0.0,True
P20,280454,280453,1,1,2024-11-12,1.25,1.0,0.0,1.0,1.0,0.0,0.0,1.0,0.0,True
P20,280480,120464,1,1,2024-12-12,1.25,1.0,0.0,1.0,1.0,0.0,1.0,-1.0,0.0,True
P20,280480,280169,1,1,2025-12-23,1.0,1.0,0.0,1.0,1.0,0.0,1.0,-2.0,0.0,True
P20,280480,280324,1,1,2025-10-19,1.0,1.0,0.0,1.0,0.0,0.0,0.0,0.0,0.0,True
P20,280480,280490,1,1,2025-06-22,0.0,1.0,0.0,0.0,0.0,0.0,1.0,-2.0,0.0,True
P20,280480,280583,1,1,2026-05-30,0.75,1.0,0.0,1.0,1.0,0.0,1.0,-3.0,0.0,True
P20,280480,280585,1,1,2026-01-25,1.25,1.0,0.0,1.0,1.0,0.0,1.0,-1.0,0.0,True
P20,280480,280586,1,1,2026-08-20,1.25,1.0,0.0,1.0,1.0,0.0,1.0,-1.0,0.0,True
P20,280490,280169,1,1,2025-06-24,1.0,1.0,0.0,1.0,1.0,0.0,0.0,0.0,0.0,True
P20,280490,280344,1,1,2025-12-14,1.25,1.0,0.0,1.0,1.0,0.0,0.0,1.0,0.0,True
P20,280490,280584,1,1,2025-12-18,1.25,1.0,0.0,1.0,1.0,0.0,0.0,1.0,0.0,True
P20,280516,280244,1,0,2024-07-07,0.0,1.0,0.0,0.0,0.0,0.0,0.0,0.0,0.0,True
P20,280583,120448,1,1,2026-01-12,1.0,1.0,0.0,1.0,1.0,0.0,0.0,0.0,0.0,True
P20,280583,280244,1,1,2025-05-16,1.0,1.0,0.0,1.0,1.0,0.0,0.0,0.0,0.0,True
P20,280583,280344,1,1,2026-09-01,1.5,1.0,0.0,1.0,1.0,0.0,0.0,2.0,0.0,True
P20,280583,280451,1,1,2026-02-12,1.75,1.0,0.0,1.0,1.0,0.0,0.0,3.0,0.0,True
P20,280583,280480,1,1,2026-08-16,2.25,1.0,0.0,1.0,1.0,1.0,0.0,3.0,0.0,True
P20,280584,120436,1,1,2026-07-08,0.5,1.0,0.0,1.0,1.0,0.0,0.0,-2.0,0.0,True
P20,280584,120448,1,1,2026-08-29,0.5,1.0,0.0,1.0,1.0,0.0,0.0,-2.0,0.0,True
P20,280584,241287,1,1,2026-02-16,0.75,1.0,0.0,1.0,1.0,0.0,0.0,-1.0,0.0,True
P20,280584,280169,1,1,2026-08-11,0.75,1.0,0.0,1.0,1.0,0.0,0.0,-1.0,0.0,True
P20,280584,280323,1,1,2025-10-02,0.5,1.0,0.0,1.0,1.0,0.0,0.0,-2.0,0.0,True
P20,280584,280344,1,1,2026-04-27,1.0,0.0,0.0,1.0,1.0,0.0,0.0,0.0,0.0,True
P20,280584,280586,1,1,2026-03-15,0.0,1.0,0.0,0.0,0.0,0.0,0.0,0.0,0.0,True
P20,280584,280589,1,1,2025-04-27,0.0,1.0,0.0,0.0,0.0,0.0,0.0,-1.0,0.0,True
P20,280584,280659,1,1,2026-04-07,0.5,1.0,0.0,1.0,1.0,0.0,0.0,-2.0,0.0,True
P20,280584,570261,1,1,2025-12-19,1.75,1.0,0.0,1.0,1.0,1.0,0.0,1.0,0.0,True
P20,280585,120436,1,1,2025-09-16,0.5,1.0,0.0,1.0,1.0,0.0,0.0,-2.0,0.0,True
P20,280585,280105,1,1,2025-10-29,1.0,1.0,0.0,1.0,1.0,0.0,0.0,0.0,0.0,True
P20,280585,280169,1,1,2026-06-23,0.75,1.0,0.0,1.0,1.0,0.0,0.0,-1.0,0.0,True
P20,280585,280318,1,1,2025-07-27,1.0,1.0,0.0,1.0,1.0,0.0,0.0,0.0,0.0,True
P20,280585,280583,1,1,2026-05-10,0.0,1.0,0.0,0.0,0.0,0.0,0.0,-2.0,0.0,True
P20,280586,120436,1,1,2026-04-24,0.5,1.0,0.0,1.0,1.0,0.0,0.0,-2.0,0.0,True
P20,280586,280107,1,1,2026-08-24,1.0,1.0,0.0,1.0,1.0,1.0,0.0,-2.0,0.0,True
P20,280586,280244,1,1,2025-05-31,0.5,1.0,0.0,1.0,1.0,0.0,0.0,-2.0,0.0,True
P20,280586,280344,1,1,2026-03-15,1.0,1.0,0.0,1.0,1.0,0.0,0.0,0.0,0.0,True
P20,280586,280583,1,1,2025-05-15,0.0,1.0,0.0,0.0,0.0,0.0,0.0,-2.0,0.0,True
P20,280586,280584,1,1,2025-09-28,0.0,1.0,0.0,0.0,0.0,0.0,0.0,0.0,0.0,True
P20,280586,280585,1,1,2026-08-23,0.0,1.0,0.0,0.0,0.0,0.0,0.0,0.0,0.0,True
P20,280587,120464,1,1,2025-04-10,1.75,1.0,0.0,1.0,1.0,0.0,1.0,1.0,0.0,True
P20,280587,280166,1,1,2025-12-03,1.25,1.0,0.0,1.0,1.0,0.0,1.0,-1.0,0.0,True
P20,280588,120464,1,1,2025-04-09,1.0,1.0,0.0,1.0,1.0,0.0,0.0,0.0,0.0,True
P20,280589,120464,1,1,2025-04-28,1.25,1.0,0.0,1.0,1.0,0.0,0.0,1.0,0.0,True
P20,280659,280323,1,1,2026-04-10,1.0,1.0,0.0,1.0,1.0,0.0,0.0,0.0,0.0,True
P20,280659,280585,1,1,2026-03-10,1.5,1.0,0.0,1.0,1.0,0.0,0.0,2.0,0.0,True
P20,280674,251200,1,1,2026-03-01,0.0,1.0,0.0,0.0,0.0,0.0,0.0,0.0,0.0,True
P20,280674,280324,1,1,2026-03-22,1.5,1.0,0.0,1.0,1.0,0.0,0.0,2.0,0.0,True
P20,570261,280344,1,1,2025-12-20,0.75,1.0,0.0,1.0,1.0,0.0,0.0,-1.0,0.0,True
P20,570261,280583,1,1,2026-04-01,0.25,1.0,0.0,1.0,1.0,0.0,0.0,-3.0,0.0,True
P20,570261,280585,1,1,2026-06-21,0.75,1.0,0.0,1.0,1.0,0.0,0.0,-1.0,0.0,True
P21,280324,280480,5,5,2026-04-05,1.5,1.0,0.0,1.0,0.0,1.0,0.0,0.0,0.0,True
P21,280480,280324,5,5,2026-09-01,1.0,1.0,0.0,1.0,0.0,0.0,0.0,0.0,0.0,True
P21,280480,280490,4,4,2026-08-22,0.0,1.0,0.0,0.0,0.0,0.0,1.0,-2.0,0.0,True
P21,280490,280480,3,3,2026-08-25,1.0,1.0,0.0,0.0,0.0,1.0,0.0,2.0,0.0,True
P21,280212,280480,2,2,2026-05-01,1.0,1.0,0.0,1.0,0.0,0.0,0.0,0.0,0.0,True
P21,280213,280324,2,2,2026-04-03,1.75,1.0,0.0,1.0,0.0,0.0,0.0,3.0,0.0,True
P21,280213,280480,2,2,2025-10-07,0.75,1.0,0.0,0.0,0.0,0.0,0.0,3.0,0.0,True
P21,280222,280212,2,2,2025-07-08,0.0,1.0,0.0,0.0,0.0,0.0,0.0,0.0,0.0,True
P21,280323,280324,2,2,2026-07-05,0.75,1.0,0.0,0.0,0.0,0.0,0.0,3.0,0.0,True
P21,280324,280590,2,2,2026-07-12,0.75,1.0,0.0,1.0,0.0,0.0,1.0,-3.0,0.0,True
P21,280480,280212,2,2,2026-04-26,1.0,1.0,0.0,1.0,0.0,0.0,0.0,0.0,0.0,True
P21,280480,280591,2,2,2025-11-21,1.25,1.0,0.0,1.0,0.0,0.0,1.0,-1.0,0.0,True
P21,280489,280222,2,2,2025-05-25,0.75,1.0,0.0,0.0,0.0,1.0,0.0,1.0,0.0,True
P21,280559,280490,2,2,2026-08-10,1.0,0.0,0.0,1.0,0.0,0.0,0.0,0.0,0.0,True
P21,280591,280323,2,2,2026-07-03,0.5,1.0,0.0,1.0,0.0,0.0,0.0,-2.0,0.0,True
P21,280591,280324,2,2,2026-01-31,1.25,1.0,0.0,1.0,0.0,0.0,0.0,1.0,0.0,True
P21,280686,280591,2,2,2026-06-30,0.5,1.0,0.0,0.0,0.0,0.0,0.0,2.0,0.0,True
P21,120464,280480,1,1,2025-08-20,1.75,1.0,0.0,1.0,1.0,1.0,0.0,1.0,0.0,True
P21,280166,280480,1,1,2025-08-13,2.25,1.0,0.0,1.0,1.0,1.0,0.0,3.0,0.0,True
P21,280212,280564,1,1,2026-02-22,0.0,1.0,0.0,0.0,0.0,0.0,0.0,-1.0,0.0,True
P21,280212,280590,1,1,2025-06-26,0.0,1.0,0.0,0.0,0.0,0.0,1.0,-3.0,0.0,True
P21,280212,280592,1,1,2025-07-10,0.0,1.0,0.0,0.0,0.0,0.0,0.0,-2.0,0.0,True
P21,280213,280222,1,1,2025-08-03,1.75,1.0,0.0,1.0,0.0,0.0,0.0,3.0,0.0,True
P21,280213,280323,1,1,2026-04-16,1.0,1.0,0.0,1.0,0.0,0.0,0.0,0.0,0.0,True
P21,280222,280213,1,1,2025-10-03,0.25,1.0,0.0,1.0,0.0,0.0,0.0,-3.0,0.0,True
P21,280222,280323,1,1,2025-06-01,0.25,1.0,0.0,1.0,0.0,0.0,0.0,-3.0,0.0,True
P21,280222,280405,1,1,2025-08-06,0.0,1.0,0.0,0.0,0.0,0.0,0.0,0.0,0.0,True
P21,280222,280480,1,1,2025-05-08,1.0,1.0,0.0,1.0,0.0,0.0,0.0,0.0,0.0,True
P21,280222,280564,1,1,2025-09-06,0.0,1.0,0.0,0.0,0.0,0.0,0.0,-1.0,0.0,True
P21,280256,280490,1,1,2025-08-12,1.25,1.0,0.0,1.0,0.0,0.0,0.0,1.0,0.0,True
P21,280323,280222,1,1,2025-09-24,2.25,1.0,0.0,1.0,0.0,1.0,0.0,3.0,0.0,True
P21,280323,280480,1,1,2026-04-17,2.25,1.0,0.0,1.0,0.0,1.0,0.0,3.0,0.0,True
P21,280323,280489,1,1,2025-04-28,1.5,1.0,0.0,1.0,0.0,0.0,0.0,2.0,0.0,True
P21,280323,280682,1,1,2026-03-01,1.0,1.0,0.0,1.0,0.0,0.0,0.0,0.0,0.0,True
P21,280323,280686,1,1,2026-05-25,1.5,1.0,0.0,1.0,0.0,1.0,0.0,0.0,0.0,True
P21,280324,280213,1,1,2025-10-07,1.25,1.0,0.0,1.0,0.0,1.0,1.0,-3.0,0.0,True
P21,280324,280222,1,1,2025-06-13,2.0,1.0,0.0,1.0,0.0,1.0,1.0,0.0,0.0,True
P21,280324,280323,1,1,2025-09-21,0.0,1.0,0.0,0.0,0.0,0.0,1.0,-3.0,0.0,True
P21,280324,280489,1,1,2025-05-22,1.25,1.0,0.0,1.0,0.0,0.0,1.0,-1.0,0.0,True
P21,280324,280647,1,1,2026-01-25,1.25,1.0,0.0,1.0,0.0,0.0,1.0,-1.0,0.0,True
P21,280324,570261,1,1,2026-03-27,2.0,1.0,0.0,1.0,0.0,1.0,1.0,0.0,0.0,True
P21,280405,280256,1,1,2025-08-08,0.0,1.0,0.0,0.0,0.0,0.0,0.0,-3.0,0.0,True
P21,280451,570261,1,1,2025-11-02,1.5,1.0,0.0,1.0,1.0,1.0,0.0,0.0,0.0,True
P21,280480,120464,1,1,2025-08-14,1.25,1.0,0.0,1.0,1.0,0.0,1.0,-1.0,0.0,True
P21,280480,280213,1,1,2025-07-31,0.0,1.0,0.0,0.0,0.0,0.0,1.0,-3.0,0.0,True
P21,280480,280222,1,1,2025-06-29,1.5,1.0,0.0,1.0,0.0,0.0,1.0,0.0,0.0,True
P21,280480,280323,1,1,2026-05-24,0.75,1.0,0.0,1.0,0.0,0.0,1.0,-3.0,0.0,True
P21,280480,280451,1,1,2025-11-02,1.5,1.0,0.0,1.0,1.0,0.0,1.0,0.0,0.0,True
P21,280480,280647,1,1,2026-04-10,1.25,1.0,0.0,1.0,0.0,0.0,1.0,-1.0,0.0,True
P21,280480,570261,1,1,2026-05-10,0.5,1.0,0.0,0.0,0.0,0.0,1.0,0.0,0.0,True
P21,280489,280324,1,1,2025-05-16,1.25,1.0,0.0,1.0,0.0,0.0,0.0,1.0,0.0,True
P21,280489,280592,1,1,2025-04-30,0.0,1.0,0.0,0.0,0.0,0.0,0.0,-1.0,0.0,True
P21,280490,280166,1,1,2025-08-13,0.75,1.0,0.0,1.0,1.0,0.0,0.0,-1.0,0.0,True
P21,280490,280212,1,1,2026-02-15,2.0,1.0,0.0,1.0,0.0,1.0,0.0,2.0,0.0,True
P21,280490,280213,1,1,2026-04-14,0.25,1.0,0.0,0.0,0.0,1.0,0.0,-1.0,0.0,True
P21,280490,280324,1,1,2026-03-11,1.5,1.0,0.0,1.0,0.0,0.0,0.0,2.0,0.0,True
P21,280490,280559,1,1,2025-09-01,1.0,0.0,0.0,1.0,0.0,0.0,0.0,0.0,0.0,True
P21,280490,280591,1,1,2026-08-12,1.25,1.0,0.0,1.0,0.0,0.0,0.0,1.0,0.0,True
P21,280490,280686,1,1,2026-06-21,1.25,1.0,0.0,1.0,0.0,1.0,0.0,-1.0,0.0,True
P21,280559,280222,1,1,2025-09-04,1.0,1.0,0.0,0.0,0.0,1.0,0.0,2.0,0.0,True
P21,280559,280590,1,1,2025-07-13,0.0,1.0,0.0,0.0,0.0,0.0,0.0,-1.0,0.0,True
P21,280564,280480,1,1,2025-09-11,1.75,1.0,0.0,1.0,0.0,1.0,0.0,1.0,0.0,True
P21,280564,280559,1,1,2026-08-09,0.25,1.0,0.0,0.0,0.0,0.0,1.0,-1.0,0.0,True
P21,280564,280591,1,1,2026-02-24,0.5,1.0,0.0,0.0,0.0,0.0,1.0,0.0,0.0,True
P21,280590,280213,1,1,2025-07-13,1.5,1.0,0.0,1.0,0.0,1.0,0.0,0.0,0.0,True
P21,280590,280480,1,1,2025-06-26,2.25,1.0,0.0,1.0,0.0,1.0,0.0,3.0,0.0,True
P21,280590,280591,1,1,2026-08-05,0.5,1.0,0.0,0.0,0.0,0.0,0.0,2.0,0.0,True
P21,280590,280592,1,1,2026-07-14,0.25,1.0,0.0,0.0,0.0,0.0,0.0,1.0,0.0,True
P21,280590,570261,1,1,2026-01-09,2.25,1.0,0.0,1.0,0.0,1.0,0.0,3.0,0.0,True
P21,280591,280480,1,1,2026-08-16,1.75,1.0,0.0,1.0,0.0,1.0,0.0,1.0,0.0,True
P21,280591,280489,1,1,2025-05-14,0.0,1.0,0.0,0.0,0.0,0.0,0.0,0.0,0.0,True
P21,280591,280490,1,1,2026-06-18,0.75,1.0,0.0,1.0,0.0,0.0,0.0,-1.0,0.0,True
P21,280591,280564,1,1,2026-08-08,0.0,1.0,0.0,0.0,0.0,0.0,0.0,0.0,0.0,True
P21,280592,280480,1,1,2025-12-03,2.0,1.0,0.0,1.0,0.0,1.0,0.0,2.0,0.0,True
P21,280592,280489,1,1,2025-05-01,0.75,1.0,0.0,0.0,0.0,0.0,1.0,1.0,0.0,True
P21,280592,280559,1,1,2025-07-11,0.5,1.0,0.0,0.0,0.0,0.0,1.0,0.0,0.0,True
P21,280592,280686,1,1,2026-07-15,0.75,1.0,0.0,0.0,0.0,1.0,1.0,-1.0,0.0,True
P21,280647,280559,1,1,2026-04-10,0.0,1.0,0.0,0.0,0.0,0.0,0.0,-1.0,0.0,True
P21,280647,280591,1,1,2026-01-26,0.0,1.0,0.0,0.0,0.0,0.0,0.0,0.0,0.0,True
P21,280647,280683,1,1,2026-03-08,0.0,1.0,0.0,0.0,0.0,0.0,0.0,0.0,0.0,True
P21,280682,280647,1,1,2026-03-05,0.5,1.0,0.0,0.0,0.0,0.0,0.0,2.0,0.0,True
P21,280683,280490,1,1,2026-03-10,0.75,1.0,0.0,1.0,0.0,0.0,0.0,-1.0,0.0,True
P21,280686,280212,1,1,2026-07-17,0.75,1.0,0.0,0.0,0.0,0.0,0.0,3.0,0.0,True
P21,570261,280213,1,1,2026-03-29,0.0,1.0,0.0,0.0,0.0,0.0,0.0,-3.0,0.0,True
P21,570261,280324,1,1,2026-01-12,1.0,1.0,0.0,1.0,0.0,0.0,0.0,0.0,0.0,True
P21,570261,280480,1,1,2026-05-20,0.0,1.0,0.0,0.0,0.0,0.0,0.0,0.0,0.0,True
P21,570261,280490,1,1,2025-11-14,0.0,1.0,0.0,0.0,0.0,0.0,0.0,-2.0,0.0,True
P22,280324,280323,3,3,2026-08-25,0.0,1.0,0.0,0.0,0.0,0.0,1.0,-3.0,0.0,True
P22,120448,280480,2,2,2026-07-17,2.25,1.0,0.0,1.0,1.0,1.0,0.0,3.0,0.0,True
P22,251200,120448,2,2,2026-08-16,0.0,1.0,0.0,0.0,0.0,0.0,0.0,-1.0,0.0,True
P22,280103,280104,2,2,2026-05-21,0.0,1.0,0.0,0.0,0.0,0.0,0.0,-1.0,0.0,True
P22,280318,280480,2,2,2026-01-21,1.75,1.0,0.0,1.0,1.0,1.0,0.0,1.0,0.0,True
P22,280451,280452,2,2,2026-07-08,0.0,1.0,0.0,0.0,0.0,0.0,0.0,-1.0,0.0,True
P22,280480,280324,2,2,2026-08-22,1.0,1.0,0.0,1.0,0.0,0.0,0.0,0.0,0.0,True
P22,120436,280169,1,1,2025-12-21,0.25,1.0,0.0,0.0,0.0,0.0,0.0,1.0,0.0,True
P22,120437,280682,1,1,2026-03-27,1.0,1.0,0.0,1.0,1.0,0.0,0.0,0.0,0.0,True
P22,120448,241283,1,1,2026-08-20,1.5,1.0,0.0,0.0,0.0,1.0,1.0,2.0,0.0,True
P22,120448,251200,1,1,2026-08-09,0.75,1.0,0.0,0.0,0.0,0.0,1.0,1.0,0.0,True
P22,120448,280169,1,1,2026-03-10,0.75,1.0,0.0,0.0,0.0,0.0,1.0,1.0,0.0,True
P22,120448,280318,1,1,2026-01-04,1.0,1.0,0.0,0.0,0.0,0.0,1.0,2.0,0.0,True
P22,120464,280642,1,1,2026-04-09,0.0,1.0,0.0,0.0,0.0,0.0,0.0,-2.0,0.0,True
P22,241283,280425,1,1,2026-06-15,0.0,1.0,0.0,0.0,0.0,0.0,0.0,-1.0,0.0,True
P22,241283,280480,1,1,2026-08-21,1.25,1.0,0.0,1.0,1.0,0.0,0.0,1.0,0.0,True
P22,241283,280674,1,1,2026-04-14,0.0,1.0,0.0,0.0,0.0,0.0,0.0,-1.0,0.0,True
P22,241287,280103,1,1,2026-04-20,1.25,1.0,0.0,1.0,1.0,0.0,0.0,1.0,0.0,True
P22,280103,280324,1,1,2026-05-10,1.25,1.0,0.0,1.0,1.0,0.0,0.0,1.0,0.0,True
P22,280103,280451,1,1,2026-06-23,0.25,1.0,0.0,0.0,0.0,0.0,0.0,1.0,0.0,True
P22,280104,280344,1,1,2026-05-22,0.75,1.0,0.0,0.0,0.0,0.0,1.0,1.0,0.0,True
P22,280104,280421,1,1,2026-04-23,1.0,1.0,0.0,0.0,0.0,0.0,1.0,2.0,0.0,True
P22,280104,280591,1,1,2026-05-25,1.75,1.0,0.0,1.0,1.0,0.0,1.0,1.0,0.0,True
P22,280107,120464,1,1,2026-04-05,0.5,1.0,0.0,0.0,0.0,0.0,0.0,2.0,0.0,True
P22,280107,280103,1,1,2026-06-21,1.5,1.0,0.0,1.0,1.0,0.0,0.0,2.0,0.0,True
P22,280121,251200,1,1,2026-08-08,0.0,1.0,0.0,0.0,0.0,0.0,0.0,0.0,0.0,True
P22,280169,120436,1,1,2025-12-21,0.0,1.0,0.0,0.0,0.0,0.0,0.0,-1.0,0.0,True
P22,280169,241283,1,1,2026-04-14,0.75,1.0,0.0,0.0,0.0,1.0,0.0,1.0,0.0,True
P22,280169,280318,1,1,2026-01-19,0.25,1.0,0.0,0.0,0.0,0.0,0.0,1.0,0.0,True
P22,280169,280591,1,1,2026-03-10,1.25,1.0,0.0,1.0,1.0,0.0,0.0,1.0,0.0,True
P22,280169,280682,1,1,2026-04-28,0.75,1.0,0.0,1.0,1.0,0.0,0.0,-1.0,0.0,True
P22,280212,241283,1,1,2026-06-14,1.25,1.0,0.0,1.0,1.0,0.0,1.0,-1.0,0.0,True
P22,280212,280323,1,1,2026-07-03,0.75,1.0,0.0,1.0,0.0,0.0,1.0,-3.0,0.0,True
P22,280212,280590,1,1,2026-08-30,0.0,1.0,0.0,0.0,0.0,0.0,1.0,-3.0,0.0,True
P22,280318,280121,1,1,2026-08-07,0.0,1.0,0.0,0.0,0.0,0.0,0.0,-1.0,0.0,True
P22,280318,280169,1,1,2026-04-26,0.0,1.0,0.0,0.0,0.0,0.0,0.0,-1.0,0.0,True
P22,280318,280421,1,1,2025-11-10,1.25,1.0,0.0,1.0,1.0,0.0,0.0,1.0,0.0,True
P22,280323,280324,1,1,2026-08-02,0.75,1.0,0.0,0.0,0.0,0.0,0.0,3.0,0.0,True
P22,280323,280451,1,1,2026-07-06,1.75,1.0,0.0,1.0,1.0,0.0,0.0,3.0,0.0,True
P22,280323,280590,1,1,2026-08-26,1.0,0.0,0.0,1.0,0.0,0.0,0.0,0.0,0.0,True
P22,280323,280591,1,1,2026-05-15,1.5,1.0,0.0,1.0,0.0,0.0,0.0,2.0,0.0,True
P22,280324,120436,1,1,2025-12-19,0.75,1.0,0.0,1.0,1.0,0.0,1.0,-3.0,0.0,True
P22,280324,280318,1,1,2026-08-04,1.25,1.0,0.0,1.0,1.0,0.0,1.0,-1.0,0.0,True
P22,280324,280590,1,1,2026-02-08,0.75,1.0,0.0,1.0,0.0,0.0,1.0,-3.0,0.0,True
P22,280344,120448,1,1,2026-07-15,0.5,1.0,0.0,1.0,1.0,0.0,0.0,-2.0,0.0,True
P22,280344,280104,1,1,2026-05-24,0.0,1.0,0.0,0.0,0.0,0.0,0.0,-1.0,0.0,True
P22,280421,280318,1,1,2026-04-26,0.75,1.0,0.0,1.0,1.0,0.0,0.0,-1.0,0.0,True
P22,280421,280453,1,1,2025-11-16,0.0,1.0,0.0,0.0,0.0,0.0,0.0,-1.0,0.0,True
P22,280425,280107,1,1,2026-06-17,0.0,1.0,0.0,0.0,0.0,0.0,0.0,-1.0,0.0,True
P22,280451,280169,1,1,2026-01-17,0.5,1.0,0.0,1.0,1.0,0.0,0.0,-2.0,0.0,True
P22,280451,280490,1,1,2026-06-25,0.5,1.0,0.0,1.0,1.0,0.0,0.0,-2.0,0.0,True
P22,280452,280451,1,1,2026-01-11,0.25,1.0,0.0,0.0,0.0,0.0,0.0,1.0,0.0,True
P22,280452,280453,1,1,2026-07-09,0.0,1.0,0.0,0.0,0.0,0.0,0.0,0.0,0.0,True
P22,280452,280480,1,1,2026-02-28,1.75,1.0,0.0,1.0,1.0,1.0,0.0,1.0,0.0,True
P22,280452,570261,1,1,2025-12-13,1.75,1.0,0.0,1.0,1.0,1.0,0.0,1.0,0.0,True
P22,280453,280344,1,1,2026-07-12,0.0,1.0,0.0,0.0,0.0,0.0,0.0,0.0,0.0,True
P22,280453,280451,1,1,2025-12-12,0.25,1.0,0.0,0.0,0.0,0.0,0.0,1.0,0.0,True
P22,280453,280590,1,1,2025-11-21,0.5,1.0,0.0,1.0,1.0,0.0,0.0,-2.0,0.0,True
P22,280480,120448,1,1,2026-06-03,0.25,1.0,0.0,1.0,1.0,0.0,0.0,-3.0,0.0,True
P22,280480,280212,1,1,2026-06-10,1.0,1.0,0.0,1.0,0.0,0.0,0.0,0.0,0.0,True
P22,280480,280452,1,1,2026-01-11,1.25,1.0,0.0,1.0,1.0,0.0,1.0,-1.0,0.0,True
P22,280480,280490,1,1,2026-07-24,0.0,1.0,0.0,0.0,0.0,0.0,1.0,-2.0,0.0,True
P22,280480,280647,1,1,2026-01-23,1.25,1.0,0.0,1.0,0.0,0.0,1.0,-1.0,0.0,True
P22,280480,280659,1,1,2026-04-10,0.75,1.0,0.0,1.0,1.0,0.0,1.0,-3.0,0.0,True
P22,280480,280684,1,1,2026-03-05,0.5,1.0,0.0,1.0,0.0,0.0,0.0,-2.0,0.0,True
P22,280480,570261,1,1,2025-11-02,0.5,1.0,0.0,0.0,0.0,0.0,1.0,0.0,0.0,True
P22,280490,280212,1,1,2026-06-30,2.0,1.0,0.0,1.0,0.0,1.0,0.0,2.0,0.0,True
P22,280490,280324,1,1,2026-07-27,1.5,1.0,0.0,1.0,0.0,0.0,0.0,2.0,0.0,True
P22,280590,280212,1,1,2026-08-27,1.25,1.0,0.0,0.0,0.0,1.0,0.0,3.0,0.0,True
P22,280590,280324,1,1,2025-11-22,1.75,1.0,0.0,1.0,0.0,0.0,0.0,3.0,0.0,True
P22,280590,280591,1,1,2026-09-01,0.5,1.0,0.0,0.0,0.0,0.0,0.0,2.0,0.0,True
P22,280590,280647,1,1,2026-02-12,0.5,1.0,0.0,0.0,0.0,0.0,0.0,2.0,0.0,True
P22,280590,280682,1,1,2026-03-29,0.0,1.0,0.0,0.0,0.0,0.0,0.0,0.0,0.0,True
P22,280591,120437,1,1,2026-03-22,0.5,1.0,0.0,1.0,1.0,0.0,0.0,-2.0,0.0,True
P22,280591,280103,1,1,2026-05-19,1.0,0.0,0.0,1.0,1.0,0.0,0.0,0.0,0.0,True
P22,280591,280453,1,1,2025-12-09,1.0,1.0,0.0,1.0,1.0,0.0,0.0,0.0,0.0,True
P22,280591,280480,1,1,2026-05-26,1.75,1.0,0.0,1.0,0.0,1.0,0.0,1.0,0.0,True
P22,280642,280659,1,1,2026-04-09,0.0,1.0,0.0,0.0,0.0,0.0,0.0,0.0,0.0,True
P22,280647,280452,1,1,2026-02-22,1.0,1.0,0.0,1.0,1.0,0.0,0.0,0.0,0.0,True
P22,280647,280480,1,1,2026-01-26,1.75,1.0,0.0,1.0,0.0,1.0,0.0,1.0,0.0,True
P22,280659,241287,1,1,2026-04-19,0.25,1.0,0.0,0.0,0.0,0.0,0.0,1.0,0.0,True
P22,280659,280103,1,1,2026-05-07,1.5,1.0,0.0,1.0,1.0,0.0,0.0,2.0,0.0,True
P22,280659,280169,1,1,2026-04-12,0.25,1.0,0.0,0.0,0.0,0.0,0.0,1.0,0.0,True
P22,280659,280480,1,1,2026-04-09,2.25,1.0,0.0,1.0,1.0,1.0,0.0,3.0,0.0,True
P22,280674,280659,1,1,2026-04-17,0.0,1.0,0.0,0.0,0.0,0.0,0.0,-1.0,0.0,True
P22,280682,280107,1,1,2026-04-03,1.5,1.0,0.0,1.0,1.0,1.0,0.0,0.0,0.0,True
P22,280682,280590,1,1,2026-03-27,0.0,1.0,0.0,0.0,0.0,0.0,0.0,0.0,0.0,True
P22,280682,280659,1,1,2026-04-30,1.0,1.0,0.0,1.0,1.0,0.0,0.0,0.0,0.0,True
P22,280684,120448,1,1,2026-03-08,0.75,1.0,0.0,1.0,1.0,0.0,0.0,-1.0,0.0,True
P22,570261,280318,1,1,2025-11-07,0.75,1.0,0.0,1.0,1.0,0.0,0.0,-1.0,0.0,True
P22,570261,280324,1,1,2025-12-18,1.0,1.0,0.0,1.0,0.0,0.0,0.0,0.0,0.0,True
