line,iso_year,iso_week,n_mo,n_skus,hrs,kg
P09,2018,1,2,2,122.5,96659.0
P09,2018,2,3,2,104.5,89245.0
P09,2018,3,2,2,111.2,92921.0
P09,2018,4,3,3,129.0,111776.0
P09,2018,5,2,1,102.8,85597.0
P09,2018,6,2,2,96.0,74061.0
P09,2018,7,2,2,100.0,90172.0
P09,2018,8,3,3,73.0,62874.0
P09,2018,9,5,3,108.0,91446.0
P09,2018,10,2,2,102.8,85626.0
P09,2018,11,2,2,111.0,97914.0
P09,2018,12,3,3,111.0,91461.0
P09,2018,13,2,2,104.0,89526.0
P09,2018,14,2,2,110.0,87801.0
P09,2018,15,3,3,111.5,89351.0
P09,2018,16,1,1,108.0,90952.0
P09,2018,17,4,3,110.2,89468.0
P09,2018,18,3,2,136.0,116345.0
P09,2018,19,1,1,59.5,53957.0
P09,2018,20,3,3,107.5,92506.0
P09,2018,21,2,2,111.5,92862.0
P09,2018,22,2,1,102.8,94959.0
P09,2018,23,2,2,129.0,108693.0
P09,2018,24,4,4,110.2,89886.0
P09,2018,25,1,1,127.0,113296.0
P09,2018,26,2,2,124.1,115018.0
P09,2018,28,2,2,112.0,90522.0
P09,2018,29,2,2,111.5,88264.0
P09,2018,30,4,3,111.5,95528.0
P09,2018,31,2,1,110.0,96611.0
P09,2018,32,4,3,111.0,72613.0
P09,2018,33,2,2,106.0,97549.0
P09,2018,34,2,2,111.0,96893.0
P09,2018,35,1,1,110.0,97587.0
P09,2018,36,3,2,95.0,64074.0
P09,2018,37,4,4,111.0,93651.0
P09,2018,38,2,2,110.5,97346.0
P09,2018,39,4,4,110.5,96842.0
P09,2018,40,3,3,111.5,89325.0
P09,2018,41,4,3,111.0,91574.0
P09,2018,42,2,2,104.4,97621.0
P09,2018,43,3,3,109.5,87692.0
P09,2018,44,2,1,110.2,99282.0
P09,2018,46,3,2,110.5,86324.0
P09,2018,48,1,1,107.3,86816.0
P09,2018,49,2,2,112.0,97927.0
P09,2018,50,2,2,111.5,96053.0
P09,2018,51,3,2,86.8,76891.0
P09,2019,1,2,1,181.3,142516.0
P09,2019,3,1,1,124.5,100494.0
P09,2019,4,3,3,116.5,74099.0
P09,2019,5,3,2,112.3,79446.0
P09,2019,6,2,2,114.0,94889.0
P09,2019,7,2,2,115.5,86250.0
P09,2019,8,2,2,112.4,94470.0
P09,2019,9,4,3,118.2,94738.0
P09,2019,10,2,2,121.5,95846.0
P09,2019,11,2,2,115.2,88574.0
P09,2019,12,1,1,98.0,76052.0
P09,2019,13,3,3,105.2,79493.0
P09,2019,14,1,1,114.5,87744.0
P09,2019,15,3,3,104.0,77061.0
P09,2019,16,2,2,115.1,92446.0
P09,2019,17,3,2,115.2,90911.0
P09,2019,18,5,4,119.1,95206.0
P09,2019,19,1,1,120.5,100170.0
P09,2019,20,2,2,115.1,79273.0
P09,2019,21,1,1,119.2,92720.0
P09,2019,22,1,1,93.0,59746.0
P09,2019,23,1,1,119.3,87567.0
P09,2019,24,1,1,119.2,90526.0
P09,2019,25,1,1,121.3,106487.0
P09,2019,26,1,1,120.3,93726.0
P09,2019,28,2,2,123.0,85115.0
P09,2019,29,3,2,118.2,99327.0
P09,2019,30,3,3,114.8,90224.0
P09,2019,31,3,2,114.0,85863.0
P09,2019,32,1,1,115.0,100246.0
P09,2019,33,1,1,113.8,94205.0
P09,2019,34,4,3,115.0,86389.0
P09,2019,35,2,1,114.0,88742.0
P09,2019,36,2,2,91.0,75839.0
P09,2019,37,4,3,114.0,84760.0
P09,2019,38,4,3,120.0,100916.0
P09,2019,39,5,3,118.2,93578.0
P09,2019,40,3,1,118.9,109335.0
P09,2019,41,3,3,121.3,91820.0
P09,2019,42,4,3,119.5,91722.0
P09,2019,43,4,3,119.6,91793.0
P09,2019,44,6,4,120.2,89832.0
P09,2019,45,5,3,120.6,82814.0
P09,2019,46,4,3,120.2,90465.0
P09,2019,47,5,4,166.0,114402.0
P09,2019,48,2,2,34.8,26464.0
P09,2019,49,5,5,216.0,152368.0
P09,2019,50,1,1,42.0,24854.0
P09,2019,51,3,2,75.1,63230.0
P09,2020,1,3,2,109.3,70929.0
P09,2020,2,3,3,200.8,155274.0
P09,2020,3,2,2,132.0,102578.0
P09,2020,4,2,2,33.5,26159.0
P09,2020,5,5,3,156.2,111550.0
P09,2020,6,3,3,92.8,71545.0
P09,2020,7,3,3,106.8,82572.0
P09,2020,8,3,3,149.0,109354.0
P09,2020,9,3,3,177.3,152368.0
P09,2020,10,1,1,72.0,61870.0
P09,2020,11,2,2,73.9,62746.0
P09,2020,12,2,2,132.0,104643.0
P09,2020,13,3,3,138.8,118990.0
P09,2020,14,1,1,62.8,58860.0
P09,2020,15,3,3,128.7,101514.0
P09,2020,16,2,2,136.5,109165.0
P09,2020,17,3,2,106.2,80397.0
P09,2020,18,3,3,173.1,143430.0
P09,2020,19,1,1,60.0,42579.0
P09,2020,20,3,3,91.4,63687.0
P09,2020,21,1,1,67.8,59028.0
P09,2020,22,2,1,165.3,113470.0
P09,2020,23,2,2,52.0,42368.0
P09,2020,24,4,4,146.0,103646.0
P09,2020,25,4,4,169.8,127770.0
P09,2020,26,3,3,82.0,58809.0
P09,2020,27,3,3,51.8,38934.0
P09,2020,28,4,3,168.0,119715.0
P09,2020,29,3,3,131.0,78585.0
P09,2020,30,2,2,89.7,59396.0
P09,2020,31,3,3,109.4,80288.0
P09,2020,33,2,2,160.4,85954.0
P09,2020,34,4,3,188.0,114135.0
P09,2020,35,3,3,44.0,23695.0
P09,2020,36,2,2,79.5,48973.0
P09,2020,37,3,3,220.5,96477.0
P09,2020,38,1,1,100.0,55639.0
P09,2020,39,2,2,108.0,71644.0
P09,2020,40,2,2,109.3,67038.0
P09,2020,41,2,2,84.0,57162.0
P09,2020,42,3,1,125.0,107164.0
P09,2020,43,4,3,150.0,114942.0
P09,2020,44,4,4,132.0,104710.0
P09,2020,45,6,4,184.0,138827.0
P09,2020,46,4,3,126.0,102236.0
P09,2020,47,5,4,180.0,140381.0
P09,2020,48,5,3,73.7,51761.0
P09,2020,49,6,5,216.0,182472.0
P09,2020,50,3,2,102.0,78180.0
P09,2020,51,5,3,204.0,159694.0
P09,2020,52,1,1,4.2,3799.0
P09,2020,53,3,3,93.7,65811.0
P09,2021,1,2,2,127.0,98289.0
P09,2021,2,4,3,159.2,124927.0
P09,2021,3,5,5,170.0,127885.0
P09,2021,4,3,2,147.0,115445.0
P09,2021,5,5,4,163.0,124571.0
P09,2021,6,4,2,166.5,109189.0
P09,2021,7,4,3,163.0,88660.0
P09,2021,8,5,5,151.0,97305.0
P09,2021,9,3,3,154.2,114218.0
P09,2021,10,4,4,194.0,128286.0
P09,2021,11,3,2,112.0,80415.0
P09,2021,12,4,3,187.0,139584.0
P09,2021,13,5,4,170.0,131495.0
P09,2021,14,2,2,139.0,96487.0
P09,2021,15,3,3,182.0,120128.0
P09,2021,16,3,3,151.0,99417.0
P09,2021,17,5,4,175.0,140496.0
P09,2021,18,4,3,127.0,97280.0
P09,2021,19,6,5,158.0,118149.0
P09,2021,20,2,1,207.5,158662.0
P09,2021,21,1,1,46.5,33263.0
P09,2021,22,3,3,135.0,85199.0
P09,2021,23,2,1,297.0,222460.0
P09,2021,24,1,1,36.0,15423.0
P09,2021,25,2,2,175.0,101848.0
P09,2021,26,2,2,106.4,78730.0
P09,2021,27,2,1,55.0,21373.0
P09,2021,28,3,3,187.0,106110.0
P09,2021,29,2,1,261.0,132705.0
P09,2021,30,1,1,36.0,20310.0
P09,2021,31,4,4,194.0,112228.0
P09,2021,32,3,2,131.0,71920.0
P09,2021,33,2,1,278.0,171181.0
P09,2021,34,1,1,43.0,29434.0
P09,2021,35,6,3,206.0,124170.0
P09,2021,36,5,4,170.0,88881.0
P09,2021,37,3,2,115.0,68459.0
P09,2021,38,3,3,206.0,109689.0
P09,2021,39,3,2,199.0,131825.0
P09,2021,40,2,2,79.0,44266.0
P09,2021,41,4,3,225.0,139861.0
P09,2021,42,2,2,103.0,57996.0
P09,2021,43,3,2,175.0,113630.0
P09,2021,44,3,2,126.0,92694.0
P09,2021,45,5,3,187.0,127680.0
P09,2021,46,3,2,170.0,112729.0
P09,2021,47,2,1,97.0,58317.0
P09,2021,48,3,2,225.0,153741.0
P09,2021,49,2,2,48.0,33419.0
P09,2021,50,5,5,230.0,150962.0
P09,2021,51,1,1,22.2,16220.0
P09,2021,52,1,1,36.8,22190.0
P09,2022,1,5,5,187.0,111365.0
P09,2022,2,5,5,189.0,127438.0
P09,2022,3,3,3,223.0,158908.0
P09,2022,4,1,1,43.0,26621.0
P09,2022,5,3,3,175.0,123589.0
P09,2022,6,3,3,266.0,173361.0
P09,2022,7,1,1,54.0,44251.0
P09,2022,8,4,3,152.0,113279.0
P09,2022,9,4,3,266.0,219468.0
P09,2022,10,2,1,31.0,22336.0
P09,2022,11,4,4,211.0,153766.0
P09,2022,12,2,2,158.0,125672.0
P09,2022,13,4,2,170.0,119033.0
P09,2022,14,3,2,115.0,77947.0
P09,2022,15,3,2,151.0,123640.0
P09,2022,16,5,4,213.0,156310.0
P09,2022,17,5,4,115.0,93616.0
P09,2022,18,5,3,127.0,68617.0
P09,2022,19,2,1,122.0,71507.0
P09,2022,20,4,3,103.0,79114.0
P09,2022,21,3,3,87.2,64788.0
P09,2022,22,4,3,161.6,115394.0
P09,2022,23,3,2,211.0,157045.0
P09,2022,24,2,2,67.0,50702.0
P09,2022,25,7,4,254.0,193999.0
P09,2022,28,3,2,104.5,71346.0
P09,2022,29,4,3,146.0,93370.0
P09,2022,30,5,5,163.0,102628.0
P09,2022,31,4,4,163.0,125397.0
P09,2022,32,4,3,158.0,114492.0
P09,2022,33,3,2,205.0,151972.0
P09,2022,34,5,4,115.0,83409.0
P09,2022,35,4,3,163.0,112320.0
P09,2022,36,4,4,175.0,108268.0
P09,2022,37,4,4,156.0,88295.0
P09,2022,38,4,3,162.0,97723.0
P09,2022,39,6,5,170.0,103632.0
P09,2022,40,4,3,199.0,156428.0
P09,2022,41,7,5,103.0,79558.0
P09,2022,42,3,3,170.0,125529.0
P09,2022,43,5,4,175.0,129620.0
P09,2022,44,2,2,182.0,145087.0
P09,2022,45,3,3,115.0,91219.0
P09,2022,46,4,3,172.0,138335.0
P09,2022,47,3,1,109.5,92664.0
P09,2022,48,5,4,112.0,93949.0
P09,2022,49,4,4,218.0,180100.0
P09,2022,50,3,2,103.0,77176.0
P09,2022,51,4,3,93.2,82939.0
P09,2023,1,5,5,186.0,135933.0
P09,2023,2,2,1,163.0,136030.0
P09,2023,3,7,5,127.0,104531.0
P09,2023,4,6,4,137.5,86239.0
P09,2023,5,7,5,199.0,158357.0
P09,2023,6,4,3,122.0,101234.0
P09,2023,7,4,3,134.0,104488.0
P09,2023,8,5,4,158.0,122612.0
P09,2023,9,8,7,218.0,159845.0
P09,2023,10,4,4,127.0,101148.0
P09,2023,11,3,3,139.0,87804.0
P09,2023,12,6,5,230.0,180236.0
P09,2023,13,3,2,208.0,152157.0
P09,2023,14,1,1,55.0,45493.0
P09,2023,15,3,2,136.0,102210.0
P09,2023,16,5,5,213.0,161500.0
P09,2023,17,2,1,89.0,80049.0
P09,2023,18,5,4,170.0,144491.0
P09,2023,19,6,3,151.0,119657.0
P09,2023,20,6,3,163.0,120874.0
P09,2023,21,2,1,182.0,134869.0
P09,2023,22,5,5,115.0,85442.0
P09,2023,23,5,3,206.0,166873.0
P09,2023,24,4,3,163.0,129459.0
P09,2023,25,2,2,139.0,118229.0
P09,2023,26,2,2,67.0,57505.0
P09,2023,28,6,5,226.0,169369.0
P09,2023,29,2,2,74.0,62681.0
P09,2023,30,6,5,175.0,124087.0
P09,2023,31,3,3,174.5,150678.0
P09,2023,33,6,4,173.0,117231.0
P09,2023,34,7,4,146.0,118054.0
P09,2023,35,2,2,78.5,62436.0
P09,2023,36,3,3,164.0,128111.0
P09,2023,37,4,3,158.0,110753.0
P09,2023,38,2,2,103.0,83758.0
P09,2023,39,4,2,158.0,106653.0
P09,2023,40,4,4,230.0,205292.0
P09,2023,41,4,2,163.0,136597.0
P09,2023,42,3,3,91.0,64318.0
P09,2023,43,3,3,188.0,135384.0
P09,2023,44,3,3,115.0,84741.0
P09,2023,45,3,2,208.5,169093.0
P09,2023,46,1,1,48.0,36620.0
P09,2023,48,7,6,199.0,158659.0
P09,2023,49,6,6,182.0,137861.0
P09,2023,50,3,3,103.0,73301.0
P09,2023,51,1,1,91.5,68414.0
P09,2024,1,4,4,140.5,108041.0
P09,2024,2,5,4,223.0,170216.0
P09,2024,3,2,2,115.0,94548.0
P09,2024,4,4,4,139.0,108859.0
P09,2024,5,7,4,236.0,180275.0
P09,2024,6,4,3,206.0,161055.0
P09,2024,7,1,1,24.0,19184.0
P09,2024,8,4,4,182.0,151511.0
P09,2024,9,4,3,131.0,88555.0
P09,2024,10,6,5,245.0,186510.0
P09,2024,11,2,2,88.0,67118.0
P09,2024,12,5,3,151.0,118685.0
P09,2024,13,4,4,146.0,109315.0
P09,2024,14,5,4,155.0,117304.0
P09,2024,15,4,3,163.0,86340.0
P09,2024,16,6,6,158.0,104824.0
P09,2024,17,4,4,139.0,105289.0
P09,2024,18,8,7,160.0,130586.0
P09,2024,19,5,4,185.0,133560.0
P09,2024,20,6,5,174.0,124148.0
P09,2024,21,4,4,127.0,87421.0
P09,2024,22,6,5,187.0,151452.0
P09,2024,23,4,3,151.0,106345.0
P09,2024,24,4,4,168.5,88526.0
P09,2024,25,5,5,127.0,97257.0
P09,2024,26,7,5,163.0,129613.0
P09,2024,27,6,6,217.0,165383.0
P09,2024,28,5,4,139.0,112928.0
P09,2024,29,3,2,182.0,128817.0
P09,2024,30,4,4,103.0,73004.0
P09,2024,31,3,2,64.0,49600.0
P09,2024,32,7,5,183.0,139599.0
P09,2024,33,3,2,139.0,100217.0
P09,2024,34,4,4,158.0,111926.0
P09,2024,35,4,3,175.0,143857.0
P09,2024,36,6,4,115.5,96602.0
P09,2024,38,5,3,126.2,86048.0
P09,2024,39,5,5,173.5,114122.0
P09,2024,42,4,3,137.0,100636.0
P09,2024,43,4,3,149.7,120949.0
P09,2024,46,5,4,175.0,131374.0
P09,2024,47,5,4,178.0,128605.0
P09,2024,48,1,1,144.2,103083.0
P09,2024,49,3,2,48.0,34179.0
P09,2024,50,5,4,151.0,125275.0
P09,2024,51,7,5,158.0,134528.0
P09,2025,1,3,3,100.0,76664.0
P09,2025,2,5,4,167.0,145620.0
P09,2025,3,6,5,139.0,120901.0
P09,2025,4,3,1,238.0,203999.0
P09,2025,5,3,2,71.5,53227.0
P09,2025,6,6,5,124.0,94662.0
P09,2025,7,3,2,158.0,132618.0
P09,2025,8,5,3,211.0,186630.0
P09,2025,9,4,3,113.0,84354.0
P09,2025,10,5,4,155.0,121755.0
P09,2025,11,5,4,146.8,105916.0
P09,2025,12,2,1,52.0,26539.0
P09,2025,13,1,1,35.0,21679.0
P09,2025,14,3,2,145.0,88732.0
P09,2025,15,4,3,167.0,90001.0
P09,2025,16,5,3,130.0,93483.0
P09,2025,17,4,3,186.0,155480.0
P09,2025,18,3,2,167.0,132110.0
P09,2025,19,4,3,240.0,188079.0
P09,2025,20,1,1,33.5,23921.0
P09,2025,21,4,2,138.0,98627.0
P09,2025,22,5,4,108.0,88113.0
P09,2025,23,3,3,204.0,147201.0
P09,2025,24,3,2,114.0,81316.0
P09,2025,25,4,4,152.0,122277.0
P09,2025,26,4,4,162.0,131121.0
P09,2025,27,6,4,138.0,103048.0
P09,2025,28,4,4,126.0,99191.0
P09,2025,29,5,5,173.0,123905.0
P09,2025,30,4,4,150.0,122041.0
P09,2025,31,7,5,204.0,146779.0
P09,2025,32,4,3,108.0,88390.0
P09,2025,33,5,4,203.0,94562.0
P09,2025,34,4,3,126.0,72784.0
P09,2025,35,6,5,126.0,95561.0
P09,2025,36,6,5,167.0,114751.0
P09,2025,37,4,3,170.0,125461.0
P09,2025,38,4,3,128.8,96782.0
P09,2025,41,1,1,40.0,27810.0
P09,2025,42,4,3,148.0,109904.0
P09,2025,43,4,4,192.0,147070.0
P09,2025,44,3,3,108.0,88497.0
P09,2025,45,5,4,152.0,118104.0
P09,2025,46,4,4,184.0,148414.0
P09,2025,47,3,3,90.0,66905.0
P09,2025,49,6,4,144.0,104881.0
P09,2025,50,5,4,162.0,130875.0
P09,2025,51,6,5,184.0,137707.0
P09,2025,52,1,1,12.0,7797.0
P09,2026,1,3,2,74.6,59632.0
P09,2026,2,5,4,157.0,119155.0
P09,2026,3,4,4,139.0,120669.0
P09,2026,6,6,5,185.0,141455.0
P09,2026,7,6,5,150.0,114801.0
P09,2026,8,6,5,144.0,125098.0
P09,2026,9,5,4,162.0,136997.0
P09,2026,10,4,3,155.0,130004.0
P09,2026,11,4,4,144.0,123150.0
P09,2026,12,4,3,138.0,99162.0
P09,2026,13,6,5,186.0,138940.0
P09,2026,14,5,4,127.0,91487.0
P09,2026,15,5,5,186.0,156419.0
P09,2026,16,6,5,212.0,144942.0
P09,2026,17,2,2,78.0,52753.0
P09,2026,18,5,4,184.0,136938.0
P09,2026,19,2,1,132.0,123002.0
P09,2026,20,5,4,150.0,106510.0
P09,2026,21,6,5,168.0,130079.0
P09,2026,22,5,4,141.5,111044.0
P09,2026,23,4,4,127.5,96394.0
P09,2026,24,4,4,156.0,128704.0
P09,2026,25,5,4,143.3,104865.0
P09,2026,26,4,3,184.0,135368.0
P09,2026,27,5,5,208.0,152472.0
P09,2026,28,3,2,94.5,68976.0
P09,2026,29,5,4,138.0,103466.0
P09,2026,30,5,4,142.0,115791.0
P09,2026,31,4,3,124.0,96564.0
P09,2026,33,5,5,131.0,85367.0
P09,2026,34,4,3,168.5,103470.0
P09,2026,35,5,4,162.0,117330.0
P09,2026,36,2,2,48.0,36375.0
P10,2018,1,1,1,87.0,70654.0
P10,2018,2,1,1,104.5,77360.0
P10,2018,3,4,4,105.2,70060.0
P10,2018,4,1,1,126.8,103806.0
P10,2018,5,2,1,101.8,84584.0
P10,2018,6,2,2,104.0,80133.0
P10,2018,7,2,2,68.2,55134.0
P10,2018,8,1,1,86.0,72805.0
P10,2018,9,4,3,109.0,88743.0
P10,2018,10,1,1,98.0,81605.0
P10,2018,11,2,2,105.9,85882.0
P10,2018,12,3,3,105.0,72056.0
P10,2018,13,2,2,101.5,79672.0
P10,2018,14,2,2,106.4,82662.0
P10,2018,15,1,1,110.9,77235.0
P10,2018,16,1,1,105.5,90157.0
P10,2018,17,3,3,111.0,88055.0
P10,2018,18,3,2,108.0,85143.0
P10,2018,19,3,3,82.0,63401.0
P10,2018,20,3,3,110.8,77977.0
P10,2018,21,3,3,112.0,84403.0
P10,2018,22,4,2,108.5,89985.0
P10,2018,23,2,2,129.0,104569.0
P10,2018,24,2,2,109.5,88605.0
P10,2018,25,3,3,130.0,98205.0
P10,2018,26,5,5,132.9,94002.0
P10,2018,28,1,1,112.0,69136.0
P10,2018,29,2,2,111.0,89629.0
P10,2018,30,3,3,111.5,95400.0
P10,2018,31,5,2,107.0,87105.0
P10,2018,32,1,1,111.0,92967.0
P10,2018,33,5,3,110.0,82595.0
P10,2018,34,4,4,111.0,84294.0
P10,2018,35,1,1,110.2,85263.0
P10,2018,36,4,4,94.0,72797.0
P10,2018,37,1,1,111.0,96148.0
P10,2018,38,2,2,104.2,94432.0
P10,2018,39,4,4,108.0,81890.0
P10,2018,40,3,3,111.0,96072.0
P10,2018,41,3,2,111.0,93338.0
P10,2018,42,3,3,109.2,91728.0
P10,2018,43,3,3,110.2,90740.0
P10,2018,44,3,2,109.8,97961.0
P10,2018,46,1,1,108.2,91292.0
P10,2018,48,5,4,104.2,82858.0
P10,2018,49,2,2,110.8,90851.0
P10,2018,50,4,4,109.8,90459.0
P10,2018,51,2,2,86.8,74509.0
P10,2019,1,2,1,105.0,84201.0
P10,2019,2,2,2,74.2,64314.0
P10,2019,3,4,4,119.1,78502.0
P10,2019,4,3,3,116.5,85640.0
P10,2019,5,4,3,112.6,89542.0
P10,2019,6,4,4,126.7,101752.0
P10,2019,7,1,1,121.0,112961.0
P10,2019,8,1,1,110.9,97655.0
P10,2019,9,2,1,112.2,105294.0
P10,2019,10,3,3,121.5,101476.0
P10,2019,11,4,4,115.8,83354.0
P10,2019,12,2,2,110.0,83669.0
P10,2019,13,3,3,107.8,83161.0
P10,2019,14,1,1,113.6,99428.0
P10,2019,15,4,3,115.5,90709.0
P10,2019,16,2,2,114.8,89009.0
P10,2019,17,4,4,115.5,90402.0
P10,2019,18,2,1,117.1,89457.0
P10,2019,19,2,2,121.2,100112.0
P10,2019,20,1,1,115.0,77993.0
P10,2019,21,3,2,119.4,91955.0
P10,2019,22,3,3,93.5,62918.0
P10,2019,23,1,1,120.1,109462.0
P10,2019,24,1,1,119.4,88551.0
P10,2019,25,4,4,121.0,85388.0
P10,2019,26,4,3,117.1,98567.0
P10,2019,28,4,2,122.2,89954.0
P10,2019,29,3,2,120.2,96033.0
P10,2019,30,4,3,114.3,100707.0
P10,2019,31,2,1,114.0,89292.0
P10,2019,32,4,3,114.1,70658.0
P10,2019,33,4,2,113.8,84051.0
P10,2019,34,2,2,100.5,68978.0
P10,2019,35,2,1,114.5,89191.0
P10,2019,36,2,1,91.0,77251.0
P10,2019,37,3,1,115.0,101267.0
P10,2019,38,2,2,106.1,90960.0
P10,2019,39,2,1,120.0,103532.0
P10,2019,40,5,3,172.4,132316.0
P10,2019,41,1,1,121.2,97863.0
P10,2019,42,4,3,119.5,93870.0
P10,2019,43,1,1,121.6,90069.0
P10,2019,44,2,1,119.5,103058.0
P10,2019,45,4,3,120.2,79748.0
P10,2019,46,1,1,106.6,83926.0
P10,2019,47,2,1,188.2,167230.0
P10,2019,48,1,1,14.0,8335.0
P10,2019,49,3,3,163.0,130550.0
P10,2019,50,1,1,18.0,11043.0
P10,2019,51,1,1,105.5,86662.0
P10,2020,1,2,2,195.2,167458.0
P10,2020,2,2,2,44.0,27897.0
P10,2020,3,2,1,211.9,181345.0
P10,2020,4,1,1,52.0,34539.0
P10,2020,5,2,1,193.0,173593.0
P10,2020,6,1,1,122.1,109901.0
P10,2020,7,2,1,131.0,100241.0
P10,2020,8,1,1,120.4,107695.0
P10,2020,9,1,1,116.0,95586.0
P10,2020,10,1,1,56.0,39191.0
P10,2020,11,3,2,177.9,127285.0
P10,2020,12,1,1,68.0,36269.0
P10,2020,13,3,3,115.5,88696.0
P10,2020,14,3,3,118.0,80569.0
P10,2020,15,3,3,173.8,134098.0
P10,2020,16,1,1,20.0,12549.0
P10,2020,17,3,2,209.4,161068.0
P10,2020,18,2,2,114.5,93048.0
P10,2020,19,2,2,41.4,24086.0
P10,2020,20,4,3,197.6,165048.0
P10,2020,22,2,1,125.6,105477.0
P10,2020,23,3,3,164.0,124098.0
P10,2020,24,2,2,50.0,38327.0
P10,2020,25,3,2,176.6,129834.0
P10,2020,26,2,2,108.5,64174.0
P10,2020,27,3,3,36.0,19887.0
P10,2020,28,2,2,200.0,142834.0
P10,2020,29,3,3,147.1,96567.0
P10,2020,30,1,1,108.0,63648.0
P10,2020,31,2,2,44.4,21640.0
P10,2020,33,2,2,218.2,147696.0
P10,2020,34,1,1,124.0,56177.0
P10,2020,35,1,1,28.0,14042.0
P10,2020,36,1,1,95.0,75699.0
P10,2020,37,4,2,216.0,133915.0
P10,2020,38,2,2,131.0,91578.0
P10,2020,39,1,1,76.0,53864.0
P10,2020,40,4,2,171.0,128273.0
P10,2020,41,1,1,123.5,91108.0
P10,2020,42,1,1,107.0,71006.0
P10,2020,43,2,2,78.0,53280.0
P10,2020,44,2,1,284.0,193845.0
P10,2020,45,1,1,162.0,131661.0
P10,2020,46,1,1,156.0,130911.0
P10,2020,47,1,1,82.0,67653.0
P10,2020,48,2,1,64.0,47464.0
P10,2020,49,2,1,276.0,201426.0
P10,2020,50,2,2,156.0,107503.0
P10,2020,51,1,1,81.0,70351.0
P10,2020,53,3,2,197.3,125667.0
P10,2021,1,1,1,24.0,17331.0
P10,2021,2,2,1,282.5,225584.0
P10,2021,3,1,1,156.0,119031.0
P10,2021,4,1,1,24.0,17649.0
P10,2021,5,3,1,309.0,238140.0
P10,2021,6,1,1,163.0,132710.0
P10,2021,7,1,1,158.0,118031.0
P10,2021,8,1,1,24.0,18459.0
P10,2021,9,2,1,283.5,212583.0
P10,2021,10,1,1,146.0,90468.0
P10,2021,11,2,1,172.0,115465.0
P10,2021,12,1,1,91.0,69107.0
P10,2021,13,3,1,230.0,169919.0
P10,2021,14,1,1,163.0,133918.0
P10,2021,15,1,1,163.0,130941.0
P10,2021,16,1,1,134.0,93182.0
P10,2021,17,2,1,187.0,144679.0
P10,2021,18,1,1,158.0,108222.0
P10,2021,19,1,1,163.0,124720.0
P10,2021,20,1,1,154.7,112668.0
P10,2021,22,3,2,278.0,158891.0
P10,2021,23,1,1,163.0,127606.0
P10,2021,24,1,1,158.0,97122.0
P10,2021,25,1,1,141.5,105751.0
P10,2021,26,1,1,12.0,10048.0
P10,2021,27,2,1,182.0,96785.0
P10,2021,28,1,1,144.0,89146.0
P10,2021,29,1,1,158.0,87432.0
P10,2021,30,1,1,163.0,105937.0
P10,2021,31,1,1,158.0,90774.0
P10,2021,32,1,1,163.0,90692.0
P10,2021,33,1,1,158.0,93830.0
P10,2021,34,1,1,72.0,53425.0
P10,2021,35,4,3,230.0,134123.0
P10,2021,36,2,1,170.0,107799.0
P10,2021,37,2,1,170.0,111860.0
P10,2021,38,1,1,115.0,83672.0
P10,2021,39,2,1,108.0,69379.0
P10,2021,40,2,1,134.0,57964.0
P10,2021,41,2,1,290.0,167670.0
P10,2021,42,1,1,158.0,104412.0
P10,2021,43,1,1,24.0,18183.0
P10,2021,44,2,1,187.0,117668.0
P10,2021,45,3,2,273.0,189227.0
P10,2021,46,1,1,100.0,64154.0
P10,2021,47,1,1,72.0,44109.0
P10,2021,48,4,2,243.0,152284.0
P10,2021,49,2,1,163.0,118508.0
P10,2021,50,1,1,102.6,68872.0
P10,2021,52,1,1,163.5,116251.0
P10,2022,1,1,1,158.0,126204.0
P10,2022,2,1,1,88.0,53946.0
P10,2022,3,2,1,230.0,141890.0
P10,2022,4,1,1,48.0,32817.0
P10,2022,5,3,2,278.0,193912.0
P10,2022,6,1,1,158.0,94128.0
P10,2022,7,1,1,163.0,128604.0
P10,2022,8,1,1,43.0,30711.0
P10,2022,9,2,1,278.0,210678.0
P10,2022,10,1,1,163.0,125896.0
P10,2022,11,1,1,158.0,122848.0
P10,2022,12,1,1,115.0,94375.0
P10,2022,13,2,1,206.0,165597.0
P10,2022,14,1,1,163.0,128788.0
P10,2022,15,3,2,162.0,127336.0
P10,2022,16,1,1,79.0,49817.0
P10,2022,17,2,2,242.0,189246.0
P10,2022,18,1,1,146.0,117996.0
P10,2022,19,2,2,160.7,139326.0
P10,2022,22,3,2,130.0,82061.0
P10,2022,23,3,3,278.0,208239.0
P10,2022,24,1,1,158.0,133834.0
P10,2022,25,1,1,109.0,85147.0
P10,2022,26,1,1,2.0,2125.0
P10,2022,28,2,1,242.0,191928.0
P10,2022,29,1,1,158.0,118472.0
P10,2022,30,1,1,24.0,18330.0
P10,2022,31,4,2,292.0,232291.0
P10,2022,32,1,1,162.0,129360.0
P10,2022,33,1,1,158.0,131574.0
P10,2022,34,1,1,96.0,82521.0
P10,2022,35,2,1,230.0,181870.0
P10,2022,36,1,1,158.0,119003.0
P10,2022,37,1,1,151.0,117707.0
P10,2022,38,1,1,127.0,94380.0
P10,2022,39,3,1,194.0,138158.0
P10,2022,40,1,1,151.0,129156.0
P10,2022,41,2,2,170.0,130410.0
P10,2022,42,1,1,163.0,143314.0
P10,2022,43,1,1,43.0,36896.0
P10,2022,44,2,1,278.0,254264.0
P10,2022,45,1,1,161.0,141367.0
P10,2022,46,1,1,74.0,61302.0
P10,2022,47,1,1,100.0,83829.0
P10,2022,48,2,1,227.0,200251.0
P10,2022,49,1,1,158.0,116058.0
P10,2022,50,1,1,115.0,109673.0
P10,2023,1,2,1,291.0,245186.0
P10,2023,2,1,1,163.0,126678.0
P10,2023,3,1,1,156.0,112681.0
P10,2023,4,1,1,67.0,45997.0
P10,2023,5,2,1,251.0,187439.0
P10,2023,6,1,1,156.0,122010.0
P10,2023,7,1,1,163.0,134693.0
P10,2023,8,1,1,67.0,56341.0
P10,2023,9,2,1,249.0,187467.0
P10,2023,10,1,1,163.0,126356.0
P10,2023,11,1,1,115.0,90312.0
P10,2023,12,2,1,182.0,159447.0
P10,2023,13,2,1,187.0,156138.0
P10,2023,14,1,1,139.0,106131.0
P10,2023,15,2,1,175.0,150152.0
P10,2023,16,1,1,158.0,128304.0
P10,2023,17,1,1,24.0,17215.0
P10,2023,18,2,1,302.0,246756.0
P10,2023,19,1,1,158.0,130367.0
P10,2023,20,1,1,163.0,152764.0
P10,2023,21,1,1,91.0,73500.0
P10,2023,22,2,1,206.0,154778.0
P10,2023,23,2,1,253.0,199954.0
P10,2023,24,2,2,19.0,12826.0
P10,2023,25,3,3,249.0,196753.0
P10,2023,28,2,1,307.0,207147.0
P10,2023,30,1,1,163.0,128082.0
P10,2023,31,4,3,266.0,211304.0
P10,2023,32,2,1,237.0,166335.0
P10,2023,34,2,1,177.0,138953.0
P10,2023,36,1,1,0.0,41.0
P10,2023,37,2,1,296.0,238248.0
P10,2023,38,1,1,141.0,69440.0
P10,2023,39,1,1,9.0,8904.0
P10,2023,40,2,1,163.0,151233.0
P10,2023,41,3,2,182.0,159783.0
P10,2023,42,2,2,234.0,203926.0
P10,2023,48,1,1,4.0,3713.0
P10,2023,49,2,1,250.0,188629.0
P10,2023,50,1,1,138.0,76894.0
P10,2024,1,3,2,291.5,215707.0
P10,2024,2,1,1,158.0,118865.0
P10,2024,3,1,1,106.0,80566.0
P10,2024,4,1,1,96.0,80458.0
P10,2024,5,2,1,229.0,182207.0
P10,2024,6,1,1,146.0,118161.0
P10,2024,7,2,2,172.0,148096.0
P10,2024,8,1,1,109.0,81946.0
P10,2024,9,2,1,205.0,138246.0
P10,2024,10,1,1,163.0,114437.0
P10,2024,11,1,1,158.0,76740.0
P10,2024,12,1,1,163.0,115192.0
P10,2024,13,1,1,24.0,16934.0
P10,2024,14,2,1,297.0,221810.0
P10,2024,15,1,1,163.0,129410.0
P10,2024,16,1,1,158.0,127524.0
P10,2024,17,1,1,72.0,56786.0
P10,2024,18,1,1,115.0,49045.0
P10,2024,19,2,1,297.0,170888.0
P10,2024,20,1,1,13.0,5635.0
P10,2024,27,1,1,6.0,1834.0
P10,2025,12,2,1,280.0,130460.0
P10,2025,13,1,1,48.0,28860.0
P10,2025,14,2,1,230.0,118865.0
P10,2025,15,1,1,156.0,94643.0
P10,2025,17,2,1,225.0,162629.0
P10,2025,18,2,1,228.0,184284.0
P10,2025,19,1,1,162.0,115923.0
P10,2025,20,1,1,162.0,115147.0
P10,2025,21,1,1,162.0,120182.0
P10,2025,22,1,1,161.0,113558.0
P10,2025,23,1,1,162.0,120966.0
P10,2025,24,1,1,150.0,109061.0
P10,2025,25,1,1,168.0,115286.0
P10,2025,26,1,1,48.0,30594.0
P10,2025,27,1,1,71.0,47129.0
P10,2025,28,1,1,134.0,75097.0
P10,2025,29,2,1,160.0,112147.0
P10,2025,30,1,1,118.0,88785.0
P10,2026,16,2,1,255.0,105090.0
P10,2026,17,1,1,114.0,45349.0
P10,2026,18,2,1,189.0,128079.0
P10,2026,19,1,1,138.0,106749.0
P10,2026,20,1,1,162.0,112482.0
P10,2026,21,1,1,145.8,94506.0
P10,2026,22,1,1,24.0,14818.0
P10,2026,23,2,1,282.0,193845.0
P10,2026,24,1,1,78.0,53093.0
P10,2026,26,1,1,36.0,19615.0
P10,2026,27,2,1,252.0,161350.0
P10,2026,28,1,1,135.5,94884.0
P10,2026,29,1,1,160.0,111321.0
P10,2026,30,1,1,137.0,85845.0
P10,2026,31,2,1,184.0,103030.0
P10,2026,32,1,1,152.0,89804.0
P10,2026,33,1,1,104.0,48152.0
P10,2026,35,1,1,31.2,18276.0
P10,2026,36,1,1,48.0,19920.0
P11,2018,1,3,3,79.0,62866.0
P11,2018,2,3,3,98.2,84943.0
P11,2018,3,2,2,110.9,93371.0
P11,2018,4,3,3,127.5,100070.0
P11,2018,5,4,3,100.8,71345.0
P11,2018,6,2,2,98.0,67124.0
P11,2018,7,3,3,105.2,85843.0
P11,2018,8,1,1,87.0,70259.0
P11,2018,9,2,1,106.5,88475.0
P11,2018,10,2,1,98.5,88724.0
P11,2018,11,3,3,97.5,74160.0
P11,2018,12,1,1,108.5,79180.0
P11,2018,13,4,3,111.0,91344.0
P11,2018,14,4,3,76.0,52502.0
P11,2018,15,1,1,105.0,87877.0
P11,2018,16,2,2,109.5,87967.0
P11,2018,17,2,2,107.0,94155.0
P11,2018,18,4,3,106.0,90180.0
P11,2018,19,3,3,85.5,71805.0
P11,2018,20,3,3,109.5,82627.0
P11,2018,21,2,2,103.0,74930.0
P11,2018,22,2,1,110.0,94352.0
P11,2018,23,3,3,128.5,107878.0
P11,2018,24,2,2,98.5,87495.0
P11,2018,25,3,3,110.5,89238.0
P11,2018,26,3,3,130.0,103009.0
P11,2018,28,2,2,103.8,81897.0
P11,2018,29,3,3,110.0,89225.0
P11,2018,30,2,2,111.5,80612.0
P11,2018,31,4,3,108.5,83234.0
P11,2018,32,2,2,90.5,73554.0
P11,2018,33,2,2,111.0,107090.0
P11,2018,34,3,3,108.5,99673.0
P11,2018,35,2,2,97.0,82188.0
P11,2018,36,1,1,95.2,67568.0
P11,2018,37,3,3,108.0,95297.0
P11,2018,38,1,1,102.8,101454.0
P11,2018,39,2,2,102.5,87067.0
P11,2018,40,2,2,110.0,101194.0
P11,2018,41,1,1,111.2,97112.0
P11,2018,42,4,4,108.2,93427.0
P11,2018,43,2,1,117.5,106694.0
P11,2018,45,1,1,118.2,98111.0
P11,2018,48,1,1,106.8,85825.0
P11,2018,49,2,2,110.8,79777.0
P11,2018,50,2,2,109.5,91782.0
P11,2018,51,2,2,85.2,71791.0
P11,2019,1,3,2,181.8,147371.0
P11,2019,3,1,1,122.5,98548.0
P11,2019,4,1,1,124.2,102311.0
P11,2019,5,3,1,112.3,85239.0
P11,2019,6,5,3,106.0,80192.0
P11,2019,7,3,3,118.0,84214.0
P11,2019,8,1,1,109.2,96602.0
P11,2019,9,2,1,110.5,97418.0
P11,2019,10,2,2,107.2,94087.0
P11,2019,11,2,2,115.2,96313.0
P11,2019,12,2,2,109.5,81943.0
P11,2019,13,1,1,114.2,99786.0
P11,2019,14,2,2,115.1,103177.0
P11,2019,15,2,2,106.5,91980.0
P11,2019,16,4,3,110.1,92320.0
P11,2019,17,1,1,112.1,100752.0
P11,2019,18,3,2,117.1,96118.0
P11,2019,19,2,2,113.1,94896.0
P11,2019,20,2,1,113.5,83380.0
P11,2019,21,1,1,120.2,97919.0
P11,2019,22,1,1,93.5,67532.0
P11,2019,23,1,1,119.8,108176.0
P11,2019,24,4,3,118.8,83898.0
P11,2019,25,3,3,115.5,67409.0
P11,2019,26,3,2,122.0,72262.0
P11,2019,28,2,1,120.0,77204.0
P11,2019,29,4,3,119.1,82455.0
P11,2019,30,2,2,114.2,95480.0
P11,2019,31,5,2,114.0,75635.0
P11,2019,32,3,2,109.4,76679.0
P11,2019,33,3,3,111.8,97403.0
P11,2019,34,3,2,114.5,101428.0
P11,2019,35,2,2,114.0,94857.0
P11,2019,36,3,2,90.0,70306.0
P11,2019,37,4,2,110.0,95740.0
P11,2019,38,4,3,107.1,106117.0
P11,2019,39,4,3,127.0,111138.0
P11,2019,40,2,2,111.2,97090.0
P11,2019,42,3,2,120.2,99264.0
P11,2019,43,3,2,120.1,105676.0
P11,2019,44,7,4,120.1,100626.0
P11,2019,45,5,3,163.0,119586.0
P11,2019,46,2,2,120.7,105152.0
P11,2019,47,6,4,175.2,146901.0
P11,2019,48,1,1,62.0,46922.0
P11,2019,49,2,2,67.0,33956.0
P11,2019,50,5,5,143.0,106791.0
P11,2019,51,2,2,125.6,100141.0
P11,2020,1,2,2,206.1,163673.0
P11,2020,2,1,1,74.0,48960.0
P11,2020,3,2,2,161.6,137245.0
P11,2020,4,1,1,12.0,6066.0
P11,2020,5,3,2,170.2,125695.0
P11,2020,6,2,2,184.9,152941.0
P11,2020,7,1,1,20.0,9788.0
P11,2020,8,4,4,161.0,98636.0
P11,2020,9,4,4,157.0,119501.0
P11,2020,10,3,3,81.2,64579.0
P11,2020,11,2,2,120.0,97412.0
P11,2020,12,2,2,81.0,60438.0
P11,2020,13,3,3,139.5,112346.0
P11,2020,14,3,3,113.8,50531.0
P11,2020,15,3,3,72.2,48142.0
P11,2020,16,4,4,132.5,98194.0
P11,2020,17,3,2,90.7,55797.0
P11,2020,18,5,3,130.4,86346.0
P11,2020,19,2,1,193.4,164143.0
P11,2020,20,2,2,58.9,39371.0
P11,2020,21,2,2,59.3,36271.0
P11,2020,22,4,3,102.0,64786.0
P11,2020,23,5,5,196.0,127472.0
P11,2020,24,2,2,76.0,59006.0
P11,2020,25,3,3,122.4,91683.0
P11,2020,26,3,3,118.2,87179.0
P11,2020,27,3,1,52.2,42832.0
P11,2020,28,2,1,151.0,125660.0
P11,2020,29,3,3,138.0,104016.0
P11,2020,30,3,2,96.2,81276.0
P11,2020,31,4,3,107.2,79005.0
P11,2020,33,3,3,139.4,93941.0
P11,2020,34,3,2,203.0,127000.0
P11,2020,35,1,1,28.0,14143.0
P11,2020,36,3,3,95.0,67830.0
P11,2020,37,4,4,136.0,91332.0
P11,2020,38,4,3,146.0,104177.0
P11,2020,39,3,2,147.0,122117.0
P11,2020,40,3,2,91.0,81421.0
P11,2020,41,2,2,131.0,108959.0
P11,2020,42,3,3,99.0,80602.0
P11,2020,43,4,4,118.0,93749.0
P11,2020,44,3,3,144.0,117720.0
P11,2020,45,3,3,109.5,93390.0
P11,2020,46,2,2,72.0,58742.0
P11,2020,47,4,4,129.5,88375.0
P11,2020,48,5,4,106.8,83742.0
P11,2020,49,2,1,276.0,221318.0
P11,2020,50,1,1,162.0,137583.0
P11,2020,51,2,2,26.0,20262.0
P11,2020,52,2,2,47.1,33288.0
P11,2020,53,2,1,70.2,33782.0
P11,2021,1,2,1,211.0,163819.0
P11,2021,2,4,4,103.0,59912.0
P11,2021,3,4,2,294.0,243609.0
P11,2021,4,1,1,24.0,20995.0
P11,2021,5,3,2,297.0,261804.0
P11,2021,6,1,1,24.0,12388.0
P11,2021,7,4,3,163.0,126977.0
P11,2021,8,4,3,158.0,134082.0
P11,2021,9,2,1,207.3,184782.0
P11,2021,10,3,3,110.0,85418.0
P11,2021,11,3,2,160.0,117043.0
P11,2021,12,3,3,230.0,178132.0
P11,2021,13,4,4,103.0,74584.0
P11,2021,14,6,5,246.0,171191.0
P11,2021,15,3,2,115.0,80730.0
P11,2021,16,3,3,103.0,66917.0
P11,2021,17,5,4,206.0,150938.0
P11,2021,18,3,3,163.0,108908.0
P11,2021,19,4,4,139.0,103804.0
P11,2021,20,3,3,139.0,97794.0
P11,2021,21,2,2,128.7,96972.0
P11,2021,22,5,4,135.0,79558.0
P11,2021,23,4,4,175.0,115463.0
P11,2021,24,3,3,285.0,188210.0
P11,2021,25,1,1,36.0,20165.0
P11,2021,26,2,2,118.7,80526.0
P11,2021,27,2,1,72.0,25482.0
P11,2021,28,3,3,273.0,159261.0
P11,2021,29,1,1,36.0,17566.0
P11,2021,30,3,2,242.0,132615.0
P11,2021,31,2,2,158.0,104704.0
P11,2021,32,3,2,72.0,39492.0
P11,2021,33,4,3,163.0,95153.0
P11,2021,34,5,4,194.0,107037.0
P11,2021,35,4,3,194.0,91495.0
P11,2021,36,2,1,230.0,130077.0
P11,2021,37,1,1,48.0,22591.0
P11,2021,38,3,3,170.0,104412.0
P11,2021,39,5,3,266.0,176445.0
P11,2021,40,1,1,67.0,45886.0
P11,2021,41,3,2,254.0,151162.0
P11,2021,42,1,1,36.0,21846.0
P11,2021,43,3,2,146.0,85362.0
P11,2021,44,3,2,163.0,117988.0
P11,2021,45,4,3,163.0,115926.0
P11,2021,46,4,4,158.0,98992.0
P11,2021,47,3,3,105.0,67438.0
P11,2021,48,6,4,280.0,186856.0
P11,2021,49,1,1,127.0,85160.0
P11,2021,50,2,2,141.5,82107.0
P11,2021,52,1,1,56.0,28427.0
P11,2022,1,2,2,151.0,88581.0
P11,2022,2,4,3,182.0,123898.0
P11,2022,3,5,4,254.0,195698.0
P11,2022,4,1,1,48.0,34670.0
P11,2022,5,2,1,152.0,128546.0
P11,2022,6,2,2,223.0,176205.0
P11,2022,7,3,3,101.0,77012.0
P11,2022,8,4,3,160.0,98917.0
P11,2022,9,3,2,182.0,140981.0
P11,2022,10,4,3,247.0,195100.0
P11,2022,11,1,1,24.0,16198.0
P11,2022,12,5,3,242.0,179539.0
P11,2022,13,3,3,134.0,109738.0
P11,2022,14,3,2,108.0,80541.0
P11,2022,15,3,3,206.0,159379.0
P11,2022,16,2,2,238.5,195186.0
P11,2022,18,2,2,70.2,40679.0
P11,2022,19,6,6,139.0,85849.0
P11,2022,20,2,1,143.0,125907.0
P11,2022,21,1,1,7.0,6516.0
P11,2022,22,4,4,252.3,185020.0
P11,2022,23,1,1,139.0,95045.0
P11,2022,24,2,1,91.0,60239.0
P11,2022,25,3,2,187.0,121140.0
P11,2022,26,1,1,21.0,16088.0
P11,2022,28,2,1,113.0,82473.0
P11,2022,29,3,3,151.0,86385.0
P11,2022,30,4,3,134.0,84587.0
P11,2022,31,4,3,182.0,114423.0
P11,2022,32,3,2,139.0,110566.0
P11,2022,33,5,3,162.0,100972.0
P11,2022,34,3,2,182.0,114130.0
P11,2022,35,4,3,139.0,100660.0
P11,2022,36,3,3,210.0,139949.0
P11,2022,37,4,4,115.0,72833.0
P11,2022,38,3,2,206.0,157491.0
P11,2022,39,3,1,163.0,114212.0
P11,2022,40,2,1,103.0,79488.0
P11,2022,41,3,2,170.0,143351.0
P11,2022,42,6,6,175.0,104354.0
P11,2022,43,4,4,158.0,110103.0
P11,2022,44,3,2,197.0,156295.0
P11,2022,45,2,1,122.0,102805.0
P11,2022,46,5,4,150.2,117424.0
P11,2022,47,4,4,99.0,72574.0
P11,2022,48,3,2,172.0,135495.0
P11,2022,49,2,2,182.0,143781.0
P11,2022,50,4,3,151.0,129267.0
P11,2022,51,2,2,50.0,40467.0
P11,2023,1,5,5,274.5,199367.0
P11,2023,2,1,1,100.5,55613.0
P11,2023,3,2,1,129.0,84631.0
P11,2023,4,2,1,115.0,87078.0
P11,2023,5,4,3,156.0,128787.0
P11,2023,6,4,3,175.0,131374.0
P11,2023,7,2,2,146.0,111408.0
P11,2023,8,2,1,194.0,154275.0
P11,2023,9,3,2,194.0,152755.0
P11,2023,10,2,1,139.0,99131.0
P11,2023,11,3,2,144.5,92834.0
P11,2023,12,4,3,175.0,120190.0
P11,2023,13,4,2,161.0,108568.0
P11,2023,14,3,3,189.0,134716.0
P11,2023,15,2,1,48.0,33797.0
P11,2023,16,5,4,177.0,124964.0
P11,2023,17,3,2,108.0,81500.0
P11,2023,18,3,3,151.0,114652.0
P11,2023,19,3,3,230.0,180401.0
P11,2023,20,4,3,115.0,95373.0
P11,2023,21,3,2,206.0,176527.0
P11,2023,22,2,1,139.0,106588.0
P11,2023,23,3,3,254.0,199540.0
P11,2023,24,1,1,79.0,53654.0
P11,2023,25,3,2,103.0,84551.0
P11,2023,26,1,1,104.5,96027.0
P11,2023,28,3,2,217.0,174796.0
P11,2023,29,2,2,165.0,130589.0
P11,2023,30,1,1,91.0,83007.0
P11,2023,31,5,5,187.0,153643.0
P11,2023,32,3,2,139.0,108392.0
P11,2023,33,2,1,242.0,186667.0
P11,2023,34,4,2,79.0,55464.0
P11,2023,35,2,2,52.5,40722.0
P11,2023,36,3,3,156.0,88185.0
P11,2023,37,3,2,139.0,87325.0
P11,2023,38,3,3,146.0,104593.0
P11,2023,39,3,1,176.0,105668.0
P11,2023,40,6,6,237.0,180242.0
P11,2023,41,2,2,42.0,32248.0
P11,2023,42,5,3,163.0,128795.0
P11,2023,43,2,2,158.0,105646.0
P11,2023,44,3,1,243.0,193694.0
P11,2023,45,2,2,84.0,53249.0
P11,2023,46,1,1,79.0,65311.0
P11,2023,48,5,5,266.0,189036.0
P11,2023,49,2,1,72.0,53335.0
P11,2023,50,5,4,158.0,128098.0
P11,2023,51,3,2,91.0,74891.0
P11,2024,1,6,4,272.0,213854.0
P11,2024,2,1,1,79.0,59625.0
P11,2024,3,3,3,103.0,83912.0
P11,2024,4,4,4,130.0,97155.0
P11,2024,5,3,1,183.0,145638.0
P11,2024,6,2,2,133.0,95853.0
P11,2024,7,5,4,230.0,170048.0
P11,2024,8,3,3,127.0,75473.0
P11,2024,9,5,4,120.0,81143.0
P11,2024,10,5,4,186.0,136964.0
P11,2024,11,7,5,139.0,102034.0
P11,2024,12,5,5,146.0,64019.0
P11,2024,13,3,3,163.0,118426.0
P11,2024,14,4,3,163.0,124187.0
P11,2024,15,6,6,160.0,108148.0
P11,2024,16,5,5,230.0,177630.0
P11,2024,17,2,2,127.0,88033.0
P11,2024,18,2,2,115.0,71947.0
P11,2024,19,6,6,170.0,113801.0
P11,2024,20,4,3,191.0,146303.0
P11,2024,21,3,2,230.0,187179.0
P11,2024,22,2,2,91.0,66456.0
P11,2024,23,6,4,127.0,91130.0
P11,2024,24,2,1,205.0,164538.0
P11,2024,25,4,4,139.0,98169.0
P11,2024,26,2,1,127.0,101656.0
P11,2024,27,6,5,302.0,240654.0
P11,2024,28,1,1,55.0,46674.0
P11,2024,29,5,5,112.5,77804.0
P11,2024,30,5,4,158.0,125420.0
P11,2024,31,6,3,273.0,225266.0
P11,2024,32,2,1,127.0,114267.0
P11,2024,33,3,3,187.0,149557.0
P11,2024,34,3,2,67.0,54032.0
P11,2024,35,3,2,206.0,177507.0
P11,2024,36,4,4,103.0,71197.0
P11,2024,37,3,2,152.8,126571.0
P11,2024,38,1,1,20.0,14861.0
P11,2024,40,3,2,115.0,90670.0
P11,2024,41,4,3,175.0,134973.0
P11,2024,42,2,2,33.5,27846.0
P11,2024,44,5,5,159.0,127875.0
P11,2024,45,5,4,199.0,140900.0
P11,2024,46,5,5,146.0,106370.0
P11,2024,47,6,4,181.5,148212.0
P11,2024,48,1,1,48.6,32175.0
P11,2024,49,2,2,161.0,125586.0
P11,2024,50,1,1,42.0,38424.0
P11,2025,1,3,2,131.0,106685.0
P11,2025,2,3,3,103.0,84806.0
P11,2025,3,5,4,163.0,125013.0
P11,2025,4,4,3,206.0,167376.0
P11,2025,5,5,5,110.0,92574.0
P11,2025,7,4,2,159.0,133288.0
P11,2025,8,5,4,139.0,96758.0
P11,2025,9,5,4,291.0,236246.0
P11,2025,10,1,1,162.0,125096.0
P11,2025,11,1,1,66.0,45686.0
P11,2025,12,3,3,72.0,25510.0
P11,2025,13,4,3,171.0,113418.0
P11,2025,14,4,3,188.0,115284.0
P11,2025,15,3,2,125.0,78836.0
P11,2025,16,4,2,286.0,225316.0
P11,2025,17,1,1,56.0,43854.0
P11,2025,18,4,3,126.0,76376.0
P11,2025,19,2,2,114.0,81107.0
P11,2025,20,4,4,168.0,122122.0
P11,2025,21,4,3,150.0,95349.0
P11,2025,22,5,3,150.0,94901.0
P11,2025,23,4,2,150.0,93519.0
P11,2025,24,5,4,279.9,163949.0
P11,2025,28,6,4,140.0,63752.0
P11,2025,29,3,2,128.5,86006.0
P11,2025,31,1,1,23.0,4156.0
P11,2025,32,3,3,209.5,105321.0
P11,2025,33,5,4,201.0,135513.0
P11,2025,34,2,1,49.5,31338.0
P11,2025,35,1,1,19.3,16176.0
P11,2025,36,3,3,222.0,171063.0
P11,2025,37,3,3,90.0,61107.0
P11,2025,38,2,1,162.0,125675.0
P11,2025,39,4,3,174.0,127211.0
P11,2025,40,3,2,234.0,166408.0
P11,2025,41,3,2,122.0,81352.0
P11,2025,42,3,3,135.0,101086.0
P11,2025,43,3,2,186.7,156022.0
P11,2025,44,2,2,168.0,136981.0
P11,2025,45,3,2,90.0,55914.0
P11,2025,46,2,2,114.0,87768.0
P11,2025,47,3,3,132.0,87368.0
P11,2025,49,5,5,172.2,133497.0
P11,2025,50,2,1,162.0,114749.0
P11,2025,51,1,1,48.0,35342.0
P11,2025,52,1,1,38.0,29408.0
P11,2026,12,1,1,89.0,68731.0
P11,2026,13,3,2,66.5,48431.0
P11,2026,15,1,1,60.0,40801.0
P11,2026,16,3,2,174.0,110732.0
P11,2026,17,3,2,134.0,82334.0
P11,2026,18,4,2,180.0,130003.0
P11,2026,19,2,1,150.0,101352.0
P11,2026,20,2,2,138.0,110633.0
P11,2026,21,4,3,182.0,129283.0
P11,2026,22,1,1,36.0,23376.0
P11,2026,23,4,3,177.0,123228.0
P11,2026,24,3,2,138.0,81865.0
P11,2026,25,8,6,166.0,118626.0
P11,2026,26,2,1,162.0,111046.0
P11,2026,27,6,4,136.0,99544.0
P11,2026,28,1,1,27.0,17967.0
P11,2026,30,5,4,215.5,136926.0
P11,2026,34,1,1,33.5,19783.0
P11,2026,35,3,3,90.0,62837.0
P12,2018,1,4,4,82.0,74385.0
P12,2018,2,4,4,104.5,90793.0
P12,2018,3,4,4,105.0,93033.0
P12,2018,4,4,4,129.2,104513.0
P12,2018,5,4,3,100.5,83661.0
P12,2018,6,4,4,104.2,88023.0
P12,2018,7,4,4,73.5,62566.0
P12,2018,8,2,2,84.0,68993.0
P12,2018,9,3,2,109.5,94488.0
P12,2018,10,3,3,50.0,38232.0
P12,2018,12,3,3,91.0,68399.0
P12,2018,13,3,3,105.0,66244.0
P12,2018,14,4,4,105.5,85676.0
P12,2018,15,4,4,113.0,95301.0
P12,2018,16,4,3,108.5,76561.0
P12,2018,17,2,2,110.0,92856.0
P12,2018,18,3,2,109.0,89013.0
P12,2018,19,4,3,85.0,71725.0
P12,2018,20,4,4,110.8,82347.0
P12,2018,21,3,3,106.0,90426.0
P12,2018,22,3,2,107.0,88755.0
P12,2018,23,4,4,128.5,99402.0
P12,2018,24,3,3,110.8,98771.0
P12,2018,25,5,5,149.0,124635.0
P12,2018,26,3,3,107.6,91102.0
P12,2018,28,4,3,110.0,98984.0
P12,2018,29,4,4,110.0,92066.0
P12,2018,30,5,5,107.0,86873.0
P12,2018,31,4,3,111.0,92175.0
P12,2018,32,2,2,111.0,96950.0
P12,2018,33,4,4,109.0,94217.0
P12,2018,34,6,4,116.3,91342.0
P12,2018,35,3,3,110.0,95833.0
P12,2018,36,3,3,92.8,68886.0
P12,2018,37,3,3,107.0,80654.0
P12,2018,38,2,2,110.5,98672.0
P12,2018,39,4,4,99.0,84755.0
P12,2018,40,2,2,110.5,90204.0
P12,2018,41,4,4,111.2,94646.0
P12,2018,42,5,4,110.0,89254.0
P12,2018,43,4,4,117.5,107064.0
P12,2018,45,6,5,110.5,93914.0
P12,2018,46,4,4,108.8,91107.0
P12,2018,48,5,5,109.5,77154.0
P12,2018,49,2,2,109.5,95390.0
P12,2018,51,3,3,87.0,64831.0
P12,2019,1,3,2,84.2,60495.0
P12,2019,2,3,3,96.0,82869.0
P12,2019,3,2,2,104.1,78730.0
P12,2019,4,5,5,116.2,86821.0
P12,2019,5,5,4,114.5,85799.0
P12,2019,6,5,4,109.5,86876.0
P12,2019,7,3,3,109.5,92341.0
P12,2019,8,3,3,116.2,88734.0
P12,2019,9,5,4,114.2,87102.0
P12,2019,10,5,4,123.2,92526.0
P12,2019,11,5,5,116.4,80757.0
P12,2019,12,2,2,112.0,83458.0
P12,2019,13,3,3,114.9,94605.0
P12,2019,14,4,4,114.5,93605.0
P12,2019,15,4,4,118.0,83600.0
P12,2019,16,4,2,115.2,87032.0
P12,2019,17,3,3,115.1,94876.0
P12,2019,18,4,3,119.0,94131.0
P12,2019,19,6,6,121.1,93870.0
P12,2019,20,3,3,106.2,69449.0
P12,2019,21,4,4,121.0,88084.0
P12,2019,22,4,4,94.5,59601.0
P12,2019,23,4,4,122.1,70009.0
P12,2019,24,4,2,118.0,66088.0
P12,2019,25,7,6,121.7,75319.0
P12,2019,26,7,4,119.0,70710.0
P12,2019,28,4,3,105.1,39042.0
P12,2019,29,6,5,121.0,81507.0
P12,2019,30,4,3,116.1,85825.0
P12,2019,31,6,4,117.0,90937.0
P12,2019,32,6,3,111.1,85649.0
P12,2019,33,6,5,116.0,76283.0
P12,2019,34,6,3,117.5,87788.0
P12,2019,35,7,5,116.5,83542.0
P12,2019,36,3,3,93.0,71149.0
P12,2019,37,8,7,101.0,55146.0
P12,2019,38,9,5,120.8,70862.0
P12,2019,39,2,2,119.1,69133.0
P12,2019,40,6,4,120.6,89376.0
P12,2019,42,5,4,108.2,73767.0
P12,2019,43,9,5,122.3,79827.0
P12,2019,44,6,3,121.8,91796.0
P12,2019,45,5,4,124.5,91058.0
P12,2019,46,6,5,108.7,83132.0
P12,2019,47,7,5,137.2,92410.0
P12,2019,48,5,4,69.0,48645.0
P12,2019,49,6,5,120.5,72627.0
P12,2019,50,3,3,86.0,41133.0
P12,2019,51,6,5,104.5,62676.0
P12,2020,1,1,1,44.0,23948.0
P12,2020,2,5,5,98.0,67669.0
P12,2020,3,7,6,114.0,82894.0
P12,2020,4,4,4,119.1,94055.0
P12,2020,5,5,4,73.9,60628.0
P12,2020,6,5,5,121.2,89837.0
P12,2020,7,5,5,122.2,89407.0
P12,2020,8,4,3,171.0,140971.0
P12,2020,9,5,5,76.1,51232.0
P12,2020,10,2,2,92.9,60008.0
P12,2020,11,8,7,126.8,67301.0
P12,2020,12,3,3,128.7,89301.0
P12,2020,13,4,4,98.5,76081.0
P12,2020,14,5,3,200.6,158701.0
P12,2020,15,2,2,82.5,60950.0
P12,2020,16,5,3,90.7,61121.0
P12,2020,17,4,4,145.6,108788.0
P12,2020,18,5,4,88.3,57220.0
P12,2020,19,7,7,209.0,123366.0
P12,2020,20,3,3,117.7,82287.0
P12,2020,22,5,5,198.0,140914.0
P12,2020,23,2,2,68.0,47910.0
P12,2020,24,3,3,83.0,60157.0
P12,2020,25,5,4,156.4,123923.0
P12,2020,26,5,5,61.2,40355.0
P12,2020,27,5,5,84.0,51507.0
P12,2020,28,4,3,132.0,105981.0
P12,2020,29,5,5,124.0,96135.0
P12,2020,30,6,6,120.0,85569.0
P12,2020,31,5,5,99.9,75893.0
P12,2020,33,6,6,119.6,72939.0
P12,2020,34,7,7,153.0,83767.0
P12,2020,35,5,5,102.0,45830.0
P12,2020,36,3,3,88.0,59573.0
P12,2020,37,5,4,128.0,81503.0
P12,2020,38,5,5,113.0,76719.0
P12,2020,39,3,3,172.0,134714.0
P12,2020,40,5,4,58.0,36548.0
P12,2020,41,8,8,126.0,72065.0
P12,2020,42,5,4,122.5,91943.0
P12,2020,43,6,6,136.0,104848.0
P12,2020,44,5,5,96.0,74015.0
P12,2020,45,6,6,144.0,105722.0
P12,2020,46,3,3,112.0,88489.0
P12,2020,47,4,4,120.5,87711.0
P12,2020,48,4,3,82.7,66456.0
P12,2020,49,7,6,157.0,109738.0
P12,2020,50,7,7,170.0,85066.0
P12,2020,51,6,6,146.0,95428.0
P12,2020,52,2,2,51.9,37434.0
P12,2020,53,3,2,119.0,90167.0
P12,2021,1,4,4,103.0,65430.0
P12,2021,2,7,7,206.0,139301.0
P12,2021,3,2,2,115.0,98317.0
P12,2021,4,7,5,156.5,112816.0
P12,2021,5,7,7,206.0,163210.0
P12,2021,6,3,3,115.0,93842.0
P12,2021,7,3,3,150.5,98601.0
P12,2021,8,4,2,144.0,124313.0
P12,2021,9,8,7,168.0,74680.0
P12,2021,10,5,5,146.0,108689.0
P12,2021,11,4,3,172.0,130972.0
P12,2021,12,4,3,156.0,109795.0
P12,2021,13,8,5,152.0,77072.0
P12,2021,14,5,5,170.0,69812.0
P12,2021,15,6,5,187.0,100187.0
P12,2021,16,3,3,182.0,140889.0
P12,2021,17,4,2,103.0,73183.0
P12,2021,18,6,6,151.0,96378.0
P12,2021,19,6,6,158.0,83312.0
P12,2021,20,3,2,163.0,117405.0
P12,2021,21,3,2,132.4,56767.0
P12,2021,22,4,4,139.0,83052.0
P12,2021,23,6,6,206.0,142328.0
P12,2021,24,2,2,254.0,149495.0
P12,2021,25,1,1,31.0,18064.0
P12,2021,26,4,4,116.5,81353.0
P12,2021,27,1,1,48.0,30069.0
P12,2021,28,3,3,163.0,127564.0
P12,2021,29,3,3,158.0,67345.0
P12,2021,30,5,5,254.0,166910.0
P12,2021,31,2,1,79.0,43951.0
P12,2021,32,3,3,194.0,117114.0
P12,2021,33,3,2,199.0,123102.0
P12,2021,34,3,2,127.0,87295.0
P12,2021,35,4,3,175.0,86214.0
P12,2021,36,4,3,115.0,50580.0
P12,2021,37,6,6,156.0,71572.0
P12,2021,38,7,7,163.0,86082.0
P12,2021,39,7,5,182.0,117192.0
P12,2021,40,4,3,163.0,100389.0
P12,2021,41,2,1,182.0,125333.0
P12,2021,42,5,4,103.0,65534.0
P12,2021,43,8,7,163.0,94349.0
P12,2021,44,5,5,158.0,117625.0
P12,2021,45,5,4,163.0,72389.0
P12,2021,46,6,4,175.0,109682.0
P12,2021,47,3,2,96.0,58327.0
P12,2021,48,7,6,158.0,79449.0
P12,2021,49,6,5,171.0,95957.0
P12,2021,50,6,6,151.0,86625.0
P12,2021,51,3,3,85.6,61814.0
P12,2021,52,1,1,26.9,15637.0
P12,2022,1,8,6,161.0,109112.0
P12,2022,2,5,5,220.0,121979.0
P12,2022,3,5,5,183.0,122139.0
P12,2022,4,6,6,134.0,96098.0
P12,2022,5,6,5,187.0,136508.0
P12,2022,6,8,7,158.0,113710.0
P12,2022,7,8,8,199.0,149405.0
P12,2022,8,3,2,122.0,84904.0
P12,2022,9,5,3,139.0,109460.0
P12,2022,10,4,3,175.0,130501.0
P12,2022,11,5,5,147.0,95768.0
P12,2022,12,4,4,163.0,117780.0
P12,2022,13,5,4,182.0,151191.0
P12,2022,14,5,5,143.0,115420.0
P12,2022,15,5,4,225.0,187030.0
P12,2022,16,2,1,91.0,71087.0
P12,2022,17,4,4,112.0,99276.0
P12,2022,19,6,6,161.0,110966.0
P12,2022,20,7,7,157.0,86360.0
P12,2022,21,5,5,78.8,52855.0
P12,2022,22,4,4,143.5,100857.0
P12,2022,23,5,5,151.0,99548.0
P12,2022,24,5,4,194.0,133624.0
P12,2022,25,2,1,198.0,152740.0
P12,2022,28,3,3,62.5,25377.0
P12,2022,29,5,4,151.0,73968.0
P12,2022,30,5,4,158.0,110217.0
P12,2022,31,3,3,163.0,109648.0
P12,2022,32,5,4,182.0,141002.0
P12,2022,33,2,2,138.0,125496.0
P12,2022,34,7,6,161.0,107884.0
P12,2022,35,6,4,240.0,166793.0
P12,2022,36,2,1,204.0,121699.0
P12,2022,37,3,3,170.0,115201.0
P12,2022,38,2,2,48.0,29718.0
P12,2022,39,7,6,139.0,91721.0
P12,2022,40,7,5,182.0,127528.0
P12,2022,41,5,4,203.0,155497.0
P12,2022,42,4,3,115.0,84147.0
P12,2022,43,5,5,151.0,112464.0
P12,2022,44,7,6,271.0,235099.0
P12,2022,45,3,3,60.0,40685.0
P12,2022,46,4,3,205.5,179863.0
P12,2022,47,2,2,34.5,31236.0
P12,2022,48,8,7,153.0,113863.0
P12,2022,49,7,7,150.0,104122.0
P12,2022,50,4,4,130.0,103135.0
P12,2022,51,4,4,53.0,44993.0
P12,2023,1,4,3,236.0,181391.0
P12,2023,2,3,3,182.0,144072.0
P12,2023,3,2,1,72.0,62813.0
P12,2023,4,7,6,145.5,92267.0
P12,2023,5,7,3,227.0,184029.0
P12,2023,6,2,1,218.0,182576.0
P12,2023,7,2,1,163.0,134036.0
P12,2023,8,2,1,91.0,81877.0
P12,2023,9,4,3,139.0,101364.0
P12,2023,10,5,4,206.0,169145.0
P12,2023,11,4,4,91.0,78661.0
P12,2023,12,6,5,175.0,146130.0
P12,2023,13,7,6,168.0,122358.0
P12,2023,14,3,3,151.0,122604.0
P12,2023,15,7,6,139.0,84520.0
P12,2023,16,4,3,284.0,222867.0
P12,2023,17,1,1,24.0,18802.0
P12,2023,18,7,5,297.0,254784.0
P12,2023,19,1,1,163.0,150077.0
P12,2023,20,2,2,79.0,68002.0
P12,2023,21,5,4,139.0,106145.0
P12,2023,22,7,5,151.0,103152.0
P12,2023,23,6,5,206.0,154841.0
P12,2023,24,6,4,91.0,59076.0
P12,2023,25,5,4,194.0,134356.0
P12,2023,26,4,4,75.0,50537.0
P12,2023,28,5,4,262.0,187689.0
P12,2023,29,1,1,158.0,119296.0
P12,2023,30,2,2,74.0,62924.0
P12,2023,31,4,3,175.0,137711.0
P12,2023,33,5,4,150.0,88783.0
P12,2023,34,3,2,186.0,140739.0
P12,2023,36,6,6,117.0,74861.0
P12,2023,37,7,6,230.5,142374.0
P12,2023,38,2,2,55.0,34240.0
P12,2023,39,5,5,163.0,115887.0
P12,2023,40,6,6,156.0,114707.0
P12,2023,41,6,5,127.0,95266.0
P12,2023,42,7,7,210.0,154304.0
P12,2023,43,1,1,86.0,45103.0
P12,2023,44,5,4,276.0,185311.0
P12,2023,45,2,1,67.0,60586.0
P12,2023,46,4,4,81.0,57242.0
P12,2023,48,7,6,175.0,135964.0
P12,2023,49,3,2,271.0,231059.0
P12,2023,50,1,1,48.0,44448.0
P12,2023,51,2,2,88.0,65231.0
P12,2024,1,3,2,146.5,107435.0
P12,2024,2,3,2,210.0,177317.0
P12,2024,3,3,2,127.0,106492.0
P12,2024,4,3,2,174.0,151992.0
P12,2024,5,3,2,88.0,61294.0
P12,2024,6,7,6,154.0,132028.0
P12,2024,7,5,3,201.0,153719.0
P12,2024,8,4,3,175.0,131172.0
P12,2024,9,8,7,91.0,65244.0
P12,2024,10,8,7,284.0,228793.0
P12,2024,11,2,2,36.0,23386.0
P12,2024,12,8,7,206.0,147075.0
P12,2024,13,5,5,115.0,74469.0
P12,2024,14,7,6,157.0,116785.0
P12,2024,15,7,6,162.0,102986.0
P12,2024,16,5,5,187.0,138828.0
P12,2024,17,5,4,127.0,87868.0
P12,2024,18,6,6,230.0,174658.0
P12,2024,19,4,3,115.0,88241.0
P12,2024,20,3,2,128.0,107222.0
P12,2024,21,6,5,163.0,112180.0
P12,2024,22,9,8,187.0,151757.0
P12,2024,23,5,5,213.0,154476.0
P12,2024,24,3,3,84.0,61105.0
P12,2024,25,5,5,117.5,64570.0
P12,2024,29,5,4,129.0,84174.0
P12,2024,30,2,2,58.5,46783.0
P12,2024,31,5,4,102.0,54415.0
P12,2024,32,2,2,53.0,41758.0
P12,2024,37,6,5,179.0,134314.0
P12,2024,38,6,6,151.0,101202.0
P12,2024,39,4,3,170.0,121374.0
P12,2024,40,4,2,267.0,219848.0
P12,2024,41,1,1,79.0,70164.0
P12,2024,42,3,3,103.0,80457.0
P12,2024,43,2,1,230.0,204593.0
P12,2024,44,4,3,109.0,85434.0
P12,2024,45,3,1,151.0,113354.0
P12,2024,46,4,3,230.0,183345.0
P12,2024,47,3,2,134.0,108114.0
P12,2024,48,1,1,18.6,11913.0
P12,2024,49,7,6,151.0,101326.0
P12,2024,50,3,2,210.0,160779.0
P12,2024,51,3,2,79.0,51724.0
P12,2025,1,4,3,87.0,45559.0
P12,2025,2,6,5,250.0,200248.0
P12,2025,3,3,2,72.0,41586.0
P12,2025,4,4,3,201.5,150846.0
P12,2025,5,5,4,154.0,122120.0
P12,2025,6,3,3,139.0,105255.0
P12,2025,7,5,4,115.0,91675.0
P12,2025,8,6,5,273.0,194448.0
P12,2025,9,4,3,178.0,156969.0
P12,2025,10,1,1,36.0,31633.0
P12,2025,11,6,5,140.0,100591.0
P12,2025,12,7,5,109.0,63481.0
P12,2025,13,4,2,87.0,26636.0
P12,2025,14,1,1,10.3,5701.0
P12,2025,15,1,1,54.0,16067.0
P12,2025,16,1,1,14.0,8530.0
P12,2025,18,3,2,112.5,91287.0
P12,2025,19,2,1,57.2,37251.0
P12,2025,21,4,3,159.0,52217.0
P12,2025,22,5,4,132.0,90981.0
P12,2025,23,4,4,155.0,74975.0
P12,2025,24,1,1,36.0,18593.0
P12,2025,26,1,1,51.7,26158.0
P12,2025,27,2,1,157.0,110955.0
P12,2025,28,4,4,144.0,96546.0
P12,2025,29,5,4,114.0,62936.0
P12,2025,30,6,5,174.0,105546.0
P12,2025,31,7,4,157.0,93382.0
P12,2025,32,4,4,144.0,85998.0
P12,2025,33,1,1,24.0,9801.0
P12,2025,35,1,1,42.5,25056.0
P12,2025,36,3,3,126.0,86728.0
P12,2025,37,2,1,180.0,126425.0
P12,2025,38,4,3,129.0,98069.0
P12,2025,39,4,3,156.0,95957.0
P12,2025,40,9,7,168.0,113769.0
P12,2025,41,6,6,119.0,74080.0
P12,2025,44,1,1,12.0,6818.0
P12,2025,45,3,2,60.0,38429.0
P12,2025,46,5,5,162.0,112622.0
P12,2025,47,3,3,125.0,92732.0
P12,2025,49,8,7,168.5,97257.0
P12,2025,50,2,2,48.0,24798.0
P12,2026,2,1,1,48.0,30346.0
P12,2026,3,5,5,148.0,85813.0
P12,2026,4,4,4,174.0,101451.0
P12,2026,5,2,1,204.0,103238.0
P12,2026,6,4,3,126.0,98997.0
P12,2026,7,2,1,105.0,87094.0
P12,2026,8,4,2,158.3,60587.0
P12,2026,9,3,3,117.7,77561.0
P12,2026,12,1,1,21.0,10249.0
P12,2026,13,2,2,72.1,32236.0
P12,2026,14,5,5,84.0,67241.0
P12,2026,15,4,3,167.0,98155.0
P12,2026,16,7,6,170.5,105366.0
P12,2026,17,4,4,105.0,44746.0
P12,2026,18,4,2,108.0,55882.0
P12,2026,19,4,4,150.0,75002.0
P12,2026,20,9,8,152.0,100792.0
P12,2026,21,1,1,28.0,13853.0
P12,2026,22,3,2,64.5,34955.0
P12,2026,23,5,4,139.0,88495.0
P12,2026,24,6,5,143.5,97617.0
P12,2026,25,6,5,152.0,95831.0
P12,2026,26,6,6,127.0,79135.0
P12,2026,27,1,1,33.5,27084.0
P12,2026,28,4,3,147.7,61616.0
P12,2026,29,8,6,141.5,87934.0
P12,2026,30,6,5,143.0,75938.0
P12,2026,31,3,3,95.0,48061.0
P12,2026,32,8,8,152.0,91104.0
P12,2026,33,3,3,74.5,44270.0
P13,2018,1,2,2,87.0,77398.0
P13,2018,2,4,4,108.0,85659.0
P13,2018,3,1,1,110.0,94181.0
P13,2018,4,2,2,126.0,108071.0
P13,2018,5,3,2,108.8,95168.0
P13,2018,6,5,4,109.5,86514.0
P13,2018,7,2,2,104.0,95403.0
P13,2018,8,2,2,85.5,73137.0
P13,2018,9,2,2,109.0,92665.0
P13,2018,10,3,3,112.0,95390.0
P13,2018,11,2,2,110.0,91229.0
P13,2018,12,4,4,110.4,101456.0
P13,2018,13,3,3,109.5,102101.0
P13,2018,14,3,3,109.0,90450.0
P13,2018,15,2,2,107.5,96701.0
P13,2018,16,3,3,110.5,94577.0
P13,2018,17,2,2,110.2,97748.0
P13,2018,18,4,3,108.7,94699.0
P13,2018,19,2,2,83.0,75927.0
P13,2018,20,1,1,111.0,101768.0
P13,2018,21,2,2,108.6,102256.0
P13,2018,22,2,1,108.0,95344.0
P13,2018,23,1,1,128.4,114820.0
P13,2018,24,2,2,110.9,101914.0
P13,2018,25,2,2,129.9,114475.0
P13,2018,26,2,2,129.3,113374.0
P13,2018,28,3,3,112.0,91121.0
P13,2018,29,2,2,106.7,103028.0
P13,2018,30,2,2,107.0,100248.0
P13,2018,31,3,2,103.5,93487.0
P13,2018,32,2,2,111.0,91457.0
P13,2018,33,1,1,111.1,91865.0
P13,2018,34,1,1,110.2,101707.0
P13,2018,35,3,3,109.7,97421.0
P13,2018,36,3,3,93.5,73674.0
P13,2018,37,2,2,110.4,87703.0
P13,2018,38,1,1,108.9,98549.0
P13,2018,39,2,2,109.5,89345.0
P13,2018,40,2,2,110.0,98536.0
P13,2018,41,1,1,107.8,99531.0
P13,2018,42,2,2,111.0,97716.0
P13,2018,44,3,2,109.8,90940.0
P13,2018,45,3,3,110.6,101111.0
P13,2018,46,2,2,111.2,97447.0
P13,2018,48,1,1,107.6,89335.0
P13,2018,50,4,3,109.8,94469.0
P13,2018,51,2,2,86.4,79391.0
P13,2019,1,3,3,131.8,107181.0
P13,2019,2,2,2,52.5,45076.0
P13,2019,3,1,1,124.0,101437.0
P13,2019,4,1,1,124.4,104990.0
P13,2019,5,3,2,111.4,93266.0
P13,2019,6,2,2,114.4,102410.0
P13,2019,7,2,2,114.9,91212.0
P13,2019,8,1,1,113.9,92442.0
P13,2019,9,3,3,111.2,92445.0
P13,2019,10,4,4,120.3,100060.0
P13,2019,11,2,2,115.8,105087.0
P13,2019,12,3,3,113.9,99955.0
P13,2019,13,2,2,112.4,94159.0
P13,2019,14,2,2,115.0,87086.0
P13,2019,15,2,2,112.6,95447.0
P13,2019,16,1,1,102.8,87858.0
P13,2019,17,2,2,113.6,86018.0
P13,2019,18,3,2,119.3,96971.0
P13,2019,19,2,2,120.1,95209.0
P13,2019,20,1,1,114.3,86879.0
P13,2019,21,1,1,119.8,95099.0
P13,2019,22,1,1,90.8,60512.0
P13,2019,23,1,1,116.5,98778.0
P13,2019,24,1,1,120.0,114292.0
P13,2019,25,1,1,120.2,110634.0
P13,2019,26,4,3,119.9,100386.0
P13,2019,28,3,3,120.8,110030.0
P13,2019,29,2,2,120.0,102419.0
P13,2019,30,3,2,114.8,94436.0
P13,2019,31,6,4,112.6,93246.0
P13,2019,32,3,2,114.4,94565.0
P13,2019,33,2,2,113.5,93429.0
P13,2019,34,4,3,114.2,106711.0
P13,2019,35,4,3,95.8,80105.0
P13,2019,36,1,1,67.3,43052.0
P13,2019,37,2,1,114.8,88574.0
P13,2019,38,5,4,120.0,93165.0
P13,2019,39,1,1,121.2,96362.0
P13,2019,40,4,2,118.8,90947.0
P13,2019,41,3,3,122.4,89961.0
P13,2019,42,1,1,121.6,88143.0
P13,2019,43,1,1,122.3,103108.0
P13,2019,44,2,1,119.2,101051.0
P13,2019,45,1,1,48.0,25799.0
P13,2019,46,2,2,24.0,18929.0
P13,2019,47,2,2,121.2,92838.0
P13,2019,48,1,1,104.0,85001.0
P13,2019,49,2,1,121.0,99042.0
P13,2019,50,2,1,145.0,107875.0
P13,2019,51,1,1,113.2,92820.0
P13,2020,1,2,1,127.0,105003.0
P13,2020,2,5,1,200.0,162033.0
P13,2020,3,3,2,138.0,121080.0
P13,2020,4,2,1,174.0,158334.0
P13,2020,5,5,5,167.0,145825.0
P13,2020,6,3,2,170.0,147153.0
P13,2020,7,4,2,90.0,70307.0
P13,2020,8,2,2,72.0,57926.0
P13,2020,9,3,2,168.0,128475.0
P13,2020,10,4,2,189.5,165997.0
P13,2020,11,2,1,117.0,92804.0
P13,2020,12,2,2,167.0,126229.0
P13,2020,13,3,2,134.0,111675.0
P13,2020,14,4,2,276.0,225125.0
P13,2020,15,2,1,84.0,70846.0
P13,2020,16,3,3,186.0,137379.0
P13,2020,17,3,3,114.0,84225.0
P13,2020,18,3,1,164.5,136493.0
P13,2020,19,2,2,136.0,116263.0
P13,2020,20,2,2,152.0,102285.0
P13,2020,21,1,1,94.1,81219.0
P13,2020,22,3,3,136.0,96167.0
P13,2020,23,2,1,240.0,248386.0
P13,2020,24,2,2,216.0,210679.0
P13,2020,25,1,1,45.0,48528.0
P13,2020,26,2,2,171.0,133745.0
P13,2020,27,2,1,56.8,36774.0
P13,2020,28,4,3,181.0,167965.0
P13,2020,29,4,3,144.0,123928.0
P13,2020,30,3,2,211.5,198252.0
P13,2020,31,4,2,128.0,109174.0
P13,2020,33,3,2,144.0,133640.0
P13,2020,34,3,3,145.5,90900.0
P13,2020,35,3,3,174.0,127027.0
P13,2020,36,1,1,138.0,104966.0
P13,2020,37,3,2,294.0,206026.0
P13,2020,38,2,1,126.0,103408.0
P13,2020,39,2,1,66.0,54087.0
P13,2020,40,4,3,150.0,100619.0
P13,2020,41,3,2,168.0,136939.0
P13,2020,42,3,3,150.0,109930.0
P13,2020,43,5,4,294.0,225589.0
P13,2020,44,1,1,96.0,76778.0
P13,2020,45,2,2,114.0,81842.0
P13,2020,46,4,4,156.0,115241.0
P13,2020,47,3,3,138.0,113208.0
P13,2020,48,3,1,113.0,101616.0
P13,2020,49,3,3,126.0,106623.0
P13,2020,50,5,4,162.0,127704.0
P13,2020,51,5,5,168.0,143461.0
P13,2020,52,2,2,43.6,37762.0
P13,2020,53,3,2,86.8,68364.0
P13,2021,1,4,3,134.0,95935.0
P13,2021,2,2,2,175.0,142318.0
P13,2021,3,6,5,218.0,189977.0
P13,2021,4,2,1,91.0,79931.0
P13,2021,5,5,4,320.0,298020.0
P13,2021,6,1,1,31.0,27596.0
P13,2021,7,2,1,154.0,148135.0
P13,2021,8,1,1,118.0,78402.0
P13,2021,9,3,2,176.0,139774.0
P13,2021,10,4,4,213.0,159480.0
P13,2021,11,2,2,93.0,78200.0
P13,2021,12,3,2,158.0,110563.0
P13,2021,13,6,4,242.0,169820.0
P13,2021,14,2,1,60.0,49647.0
P13,2021,15,3,2,206.0,142834.0
P13,2021,16,3,2,115.0,79173.0
P13,2021,17,3,3,170.0,127618.0
P13,2021,18,5,4,211.0,167474.0
P13,2021,19,3,2,103.0,77664.0
P13,2021,20,4,4,285.1,235746.0
P13,2021,22,3,2,135.0,107255.0
P13,2021,23,2,2,246.0,192509.0
P13,2021,24,2,2,206.0,166447.0
P13,2021,25,1,1,119.1,64629.0
P13,2021,27,1,1,48.0,20352.0
P13,2021,28,2,2,297.0,230081.0
P13,2021,29,1,1,163.0,109038.0
P13,2021,30,1,1,115.0,83906.0
P13,2021,31,2,1,206.0,155482.0
P13,2021,32,2,2,28.0,18809.0
P13,2021,33,4,3,230.0,109112.0
P13,2021,34,3,3,84.0,54161.0
P13,2021,35,4,2,206.0,130010.0
P13,2021,36,5,4,119.0,84671.0
P13,2021,37,2,1,151.0,95057.0
P13,2021,38,3,2,243.0,151824.0
P13,2021,39,3,2,151.0,51413.0
P13,2021,40,2,2,146.0,90341.0
P13,2021,41,3,3,163.0,119508.0
P13,2021,42,3,2,175.0,134726.0
P13,2021,43,2,2,79.0,61588.0
P13,2021,44,4,3,194.0,143088.0
P13,2021,45,4,3,127.0,85749.0
P13,2021,46,4,3,232.0,167856.0
P13,2021,47,1,1,24.0,11757.0
P13,2021,48,5,4,162.0,88725.0
P13,2021,49,3,2,164.5,90037.0
P13,2021,50,3,3,155.0,112414.0
P13,2021,51,1,1,56.8,26113.0
P13,2021,52,1,1,163.5,90841.0
P13,2022,1,1,1,91.0,55608.0
P13,2022,2,5,3,158.0,94801.0
P13,2022,3,2,1,100.0,82711.0
P13,2022,4,3,2,175.0,137436.0
P13,2022,5,3,2,273.0,275507.0
P13,2022,6,1,1,89.0,94204.0
P13,2022,7,2,1,168.0,122755.0
P13,2022,8,2,1,103.0,91138.0
P13,2022,9,6,5,139.0,92412.0
P13,2022,10,4,2,206.0,142787.0
P13,2022,11,3,2,115.0,80857.0
P13,2022,12,2,1,242.0,175796.0
P13,2022,13,3,1,79.0,62616.0
P13,2022,14,4,4,211.0,151938.0
P13,2022,15,2,2,122.0,89394.0
P13,2022,16,4,4,235.0,166013.0
P13,2022,17,2,2,220.0,156469.0
P13,2022,18,1,1,36.0,29674.0
P13,2022,19,3,3,170.0,131084.0
P13,2022,20,3,3,111.7,80892.0
P13,2022,22,5,5,119.0,81371.0
P13,2022,23,3,3,285.0,220855.0
P13,2022,24,1,1,163.0,132620.0
P13,2022,25,1,1,112.0,81680.0
P13,2022,28,2,1,188.0,127036.0
P13,2022,29,3,2,96.0,70689.0
P13,2022,30,4,4,115.0,77885.0
P13,2022,31,4,4,158.0,105960.0
P13,2022,32,2,1,229.0,185926.0
P13,2022,33,2,2,163.0,102265.0
P13,2022,34,3,3,143.0,99160.0
P13,2022,35,4,3,163.0,116527.0
P13,2022,36,2,2,230.0,173222.0
P13,2022,37,3,3,46.0,26956.0
P13,2022,38,3,2,180.0,135740.0
P13,2022,39,4,4,127.0,79239.0
P13,2022,40,3,2,173.5,106079.0
P13,2022,41,3,2,175.0,116401.0
P13,2022,42,2,1,127.0,99918.0
P13,2022,43,4,2,182.0,153601.0
P13,2022,44,3,3,235.0,178278.0
P13,2022,45,4,4,131.0,91648.0
P13,2022,46,2,1,148.0,112950.0
P13,2022,47,1,1,91.0,64377.0
P13,2022,48,4,3,114.0,81208.0
P13,2022,49,3,2,151.0,106838.0
P13,2022,50,3,2,165.0,126644.0
P13,2022,51,2,2,70.5,52685.0
P13,2023,1,4,3,168.0,120745.0
P13,2023,2,4,3,230.0,158247.0
P13,2023,3,2,1,218.0,171883.0
P13,2023,4,1,1,72.0,62740.0
P13,2023,5,3,2,146.0,107442.0
P13,2023,6,3,3,127.0,96746.0
P13,2023,7,4,4,218.0,171723.0
P13,2023,8,2,1,122.0,85216.0
P13,2023,9,3,2,278.0,240246.0
P13,2023,10,1,1,151.0,127641.0
P13,2023,11,1,1,31.0,28918.0
P13,2023,12,4,3,200.0,172559.0
P13,2023,13,3,2,127.0,107270.0
P13,2023,14,4,3,163.0,124180.0
P13,2023,15,3,2,163.0,140017.0
P13,2023,16,4,3,273.0,210313.0
P13,2023,17,1,1,36.0,28674.0
P13,2023,18,3,2,158.0,118893.0
P13,2023,19,3,2,228.0,176780.0
P13,2023,20,5,4,122.0,100619.0
P13,2023,21,3,2,188.0,160139.0
P13,2023,22,2,2,127.0,115061.0
P13,2023,23,4,3,175.0,144635.0
P13,2023,24,3,2,134.0,116230.0
P13,2023,25,3,2,223.0,176408.0
P13,2023,26,1,1,23.0,20304.0
P13,2023,28,3,3,144.0,113782.0
P13,2023,29,3,3,173.0,141890.0
P13,2023,30,2,1,151.0,126737.0
P13,2023,31,3,2,170.0,143742.0
P13,2023,32,2,1,170.0,143170.0
P13,2023,34,4,3,220.0,171248.0
P13,2023,35,1,1,12.0,10684.0
P13,2023,36,3,3,119.0,74328.0
P13,2023,37,3,2,261.0,178842.0
P13,2023,38,2,1,98.0,69305.0
P13,2023,39,2,1,107.0,84677.0
P13,2023,40,4,3,230.0,166918.0
P13,2023,41,1,1,24.0,19236.0
P13,2023,42,3,2,182.0,139306.0
P13,2023,43,3,3,182.0,130350.0
P13,2023,44,2,2,139.0,112836.0
P13,2023,45,2,1,170.0,114116.0
P13,2023,46,2,2,72.0,53319.0
P13,2023,48,7,6,199.0,138511.0
P13,2023,49,4,4,170.0,118914.0
P13,2023,50,2,2,127.0,93317.0
P13,2023,51,2,2,86.0,59857.0
P13,2024,1,3,3,135.0,82763.0
P13,2024,2,2,2,314.0,240121.0
P13,2024,3,2,2,67.0,49667.0
P13,2024,4,4,3,115.0,81087.0
P13,2024,5,5,3,129.0,78711.0
P13,2024,6,5,5,170.0,107110.0
P13,2024,7,5,3,192.0,118683.0
P13,2024,8,3,2,103.0,69533.0
P13,2024,9,5,3,257.0,191199.0
P13,2024,10,3,2,66.0,41579.0
P13,2024,11,2,1,151.0,112321.0
P13,2024,12,5,4,142.0,103404.0
P13,2024,20,1,1,65.2,34686.0
P13,2024,21,2,1,170.0,110540.0
P13,2024,22,3,1,96.0,72574.0
P13,2024,23,4,3,158.0,108106.0
P13,2024,24,2,1,210.0,153237.0
P13,2024,25,4,3,120.0,76503.0
P13,2024,26,2,2,126.5,100874.0
P13,2024,27,5,3,273.5,223230.0
P13,2024,28,1,1,84.0,75401.0
P13,2024,29,5,4,199.5,153872.0
P13,2024,30,2,2,91.0,75377.0
P13,2024,31,3,3,108.0,62422.0
P13,2024,32,3,2,158.0,112819.0
P13,2024,33,5,3,175.0,138654.0
P13,2024,34,2,1,151.0,125401.0
P13,2024,35,4,3,194.0,146838.0
P13,2024,36,5,4,194.0,142965.0
P13,2024,37,3,3,222.0,156292.0
P13,2024,38,1,1,19.0,13945.0
P13,2024,39,3,2,187.0,139957.0
P13,2024,40,5,4,149.0,121238.0
P13,2024,41,3,2,283.0,220437.0
P13,2024,42,2,1,151.0,116765.0
P13,2024,43,2,1,36.0,22846.0
P13,2024,44,4,2,296.0,218721.0
P13,2024,45,2,2,139.0,85116.0
P13,2024,46,3,2,182.0,141686.0
P13,2024,47,1,1,51.0,40701.0
P13,2024,48,1,1,122.5,75598.0
P13,2024,49,2,1,103.0,69164.0
P13,2024,50,3,2,149.0,112528.0
P13,2024,51,3,3,119.5,81645.0
P13,2025,1,2,1,132.0,38818.0
P13,2025,2,2,1,254.0,196993.0
P13,2025,3,1,1,127.0,86651.0
P13,2025,4,2,1,60.0,46831.0
P13,2025,5,5,3,187.0,119263.0
P13,2025,6,3,2,206.0,132099.0
P13,2025,7,4,3,108.0,66943.0
P13,2025,8,2,2,240.0,180212.0
P13,2025,9,3,2,58.0,45004.0
P13,2025,10,2,1,109.0,76648.0
P13,2025,12,2,1,224.0,152257.0
P13,2025,13,2,2,102.0,60034.0
P13,2025,14,5,3,238.0,133548.0
P13,2025,15,3,2,90.0,67471.0
P13,2025,16,3,2,150.0,112746.0
P13,2025,17,4,3,222.0,184174.0
P13,2025,18,2,1,114.0,92730.0
P13,2025,19,4,3,180.0,126610.0
P13,2025,20,3,2,174.0,132210.0
P13,2025,21,3,1,102.0,75338.0
P13,2025,22,2,2,151.0,118796.0
P13,2025,23,5,4,120.0,66284.0
P13,2025,24,2,1,50.0,23838.0
P13,2025,25,1,1,108.0,79340.0
P13,2025,26,4,2,90.0,62268.0
P13,2025,27,2,1,128.0,101801.0
P13,2025,28,2,2,76.5,43939.0
P13,2025,33,3,1,269.0,137376.0
P13,2025,34,1,1,169.0,117078.0
P13,2025,40,2,1,222.0,159885.0
P13,2025,41,1,1,158.0,109502.0
P13,2025,42,1,1,2.0,1460.0
P13,2025,43,1,1,143.3,87409.0
P13,2025,44,1,1,20.2,14040.0
P13,2025,49,2,1,289.0,179514.0
P13,2025,50,1,1,126.0,95198.0
P13,2025,51,1,1,52.5,42463.0
P13,2026,1,2,2,213.5,126715.0
P13,2026,2,1,1,72.0,51220.0
P13,2026,3,2,2,216.0,135134.0
P13,2026,4,1,1,158.0,104185.0
P13,2026,5,1,1,160.0,103734.0
P13,2026,6,1,1,162.0,117297.0
P13,2026,7,1,1,162.0,120478.0
P13,2026,10,2,1,275.0,196143.0
P13,2026,11,2,1,174.0,134397.0
P13,2026,12,1,1,154.0,108160.0
P13,2026,13,1,1,65.0,49188.0
P13,2026,14,2,2,240.0,151263.0
P13,2026,15,1,1,26.0,18986.0
P13,2026,16,1,1,147.0,95772.0
P13,2026,17,2,1,48.0,32592.0
P13,2026,20,2,1,177.0,132309.0
P13,2026,21,2,1,114.0,80272.0
P13,2026,22,2,1,105.8,77276.0
P13,2026,23,3,2,201.2,158801.0
P13,2026,24,2,1,89.0,57877.0
P13,2026,25,1,1,30.0,18852.0
P14,2018,1,3,3,85.2,72313.0
P14,2018,2,3,3,104.0,95196.0
P14,2018,3,3,3,102.0,89246.0
P14,2018,4,4,4,128.0,114185.0
P14,2018,5,3,2,107.5,96591.0
P14,2018,6,4,4,109.0,83858.0
P14,2018,7,3,3,109.0,93723.0
P14,2018,8,2,2,85.0,68955.0
P14,2018,9,5,4,106.5,92949.0
P14,2018,11,2,2,109.0,93546.0
P14,2018,12,2,2,111.0,89651.0
P14,2018,13,2,2,108.8,83025.0
P14,2018,14,3,3,110.2,101425.0
P14,2018,15,3,3,110.0,101044.0
P14,2018,16,2,2,109.5,101597.0
P14,2018,17,2,2,109.8,98076.0
P14,2018,18,2,2,54.0,38983.0
P14,2018,19,2,2,48.2,35373.0
P14,2018,20,3,3,110.0,91489.0
P14,2018,21,3,3,109.0,93644.0
P14,2018,22,3,2,105.0,98036.0
P14,2018,23,4,4,130.0,118033.0
P14,2018,24,2,2,109.7,94756.0
P14,2018,25,5,5,124.9,107071.0
P14,2018,26,4,4,133.0,115280.0
P14,2018,28,4,4,110.8,93686.0
P14,2018,29,5,5,108.4,94899.0
P14,2018,30,2,2,110.1,87871.0
P14,2018,31,3,2,111.0,95626.0
P14,2018,32,4,3,110.0,96984.0
P14,2018,33,1,1,109.4,98375.0
P14,2018,34,2,2,109.4,98929.0
P14,2018,35,2,2,110.1,98356.0
P14,2018,36,2,2,93.0,71889.0
P14,2018,37,4,4,109.5,93681.0
P14,2018,38,3,3,109.5,95960.0
P14,2018,39,4,4,109.3,96552.0
P14,2018,40,2,2,110.6,104094.0
P14,2018,41,2,2,110.2,90190.0
P14,2018,42,3,3,110.0,90516.0
P14,2018,44,5,4,110.6,93586.0
P14,2018,45,3,3,108.9,100963.0
P14,2018,46,2,2,109.5,97780.0
P14,2018,48,4,3,102.9,81757.0
P14,2018,50,5,5,109.0,98875.0
P14,2018,51,3,3,86.3,75142.0
P14,2019,1,4,4,155.5,118473.0
P14,2019,2,1,1,18.0,14286.0
P14,2019,3,1,1,115.0,102772.0
P14,2019,4,5,4,105.7,74757.0
P14,2019,5,4,3,112.7,94226.0
P14,2019,6,1,1,125.2,110359.0
P14,2019,7,4,4,113.6,92478.0
P14,2019,8,4,4,113.5,93867.0
P14,2019,9,3,3,112.6,96306.0
P14,2019,10,4,4,121.7,93496.0
P14,2019,11,5,5,117.0,91396.0
P14,2019,12,3,3,107.0,73668.0
P14,2019,13,2,2,115.8,76837.0
P14,2019,14,1,1,116.9,92147.0
P14,2019,15,3,3,115.7,100107.0
P14,2019,16,5,5,96.0,60250.0
P14,2019,17,3,3,115.4,96767.0
P14,2019,18,5,4,119.8,101012.0
P14,2019,19,2,2,119.0,108529.0
P14,2019,20,3,3,112.2,104952.0
P14,2019,21,3,3,120.6,103471.0
P14,2019,22,3,3,93.2,70180.0
P14,2019,23,5,5,120.7,100155.0
P14,2019,24,4,3,120.2,108160.0
P14,2019,25,2,2,120.9,105490.0
P14,2019,26,3,2,120.2,105520.0
P14,2019,28,5,5,120.4,85654.0
P14,2019,29,3,3,121.1,95366.0
P14,2019,30,5,4,117.2,92443.0
P14,2019,31,4,3,115.8,96763.0
P14,2019,32,7,4,116.1,94591.0
P14,2019,33,4,3,111.0,96132.0
P14,2019,34,5,4,116.5,97051.0
P14,2019,35,3,2,116.6,101627.0
P14,2019,36,2,2,91.8,78081.0
P14,2019,37,3,3,117.0,97982.0
P14,2019,38,9,7,152.6,123353.0
P14,2019,39,6,5,88.9,70739.0
P14,2019,40,6,4,109.6,98659.0
P14,2019,41,2,2,122.5,90116.0
P14,2019,42,5,3,122.5,100876.0
P14,2019,43,6,4,121.5,99131.0
P14,2019,44,7,5,122.0,89197.0
P14,2019,46,3,2,123.5,65321.0
P14,2019,47,8,5,154.5,121471.0
P14,2019,48,3,2,84.9,67791.0
P14,2019,49,3,2,180.5,142761.0
P14,2019,50,4,3,115.0,84542.0
P14,2019,51,4,4,150.0,121190.0
P14,2020,1,7,4,159.0,120030.0
P14,2020,2,4,3,127.0,91456.0
P14,2020,3,4,3,169.0,129883.0
P14,2020,4,5,4,150.0,120949.0
P14,2020,5,7,4,149.0,117277.0
P14,2020,6,5,4,216.0,178435.0
P14,2020,7,5,4,114.0,91778.0
P14,2020,8,3,3,147.0,110439.0
P14,2020,9,3,2,162.0,128505.0
P14,2020,10,4,3,161.0,140877.0
P14,2020,11,4,4,156.0,120188.0
P14,2020,12,4,4,150.0,111457.0
P14,2020,13,4,3,150.0,102459.0
P14,2020,14,6,4,198.0,139845.0
P14,2020,15,3,2,156.0,116131.0
P14,2020,16,5,4,138.0,104363.0
P14,2020,17,5,5,216.0,146703.0
P14,2020,18,4,4,228.0,167838.0
P14,2020,19,1,1,84.0,70724.0
P14,2020,20,2,2,105.5,77030.0
P14,2020,21,2,2,105.6,77871.0
P14,2020,22,3,3,178.0,145102.0
P14,2020,23,3,3,114.0,76918.0
P14,2020,24,4,3,162.0,128362.0
P14,2020,25,5,4,180.0,146157.0
P14,2020,26,6,5,130.0,75947.0
P14,2020,27,5,4,90.9,58175.0
P14,2020,28,4,3,169.0,144325.0
P14,2020,29,9,8,144.0,94288.0
P14,2020,30,4,3,276.0,193758.0
P14,2020,31,2,2,66.0,49342.0
P14,2020,33,7,5,137.0,84478.0
P14,2020,34,5,5,180.0,140913.0
P14,2020,35,7,5,162.0,130946.0
P14,2020,36,3,3,138.0,102229.0
P14,2020,37,7,7,180.0,121968.0
P14,2020,38,4,3,204.0,137704.0
P14,2020,39,4,3,102.0,66659.0
P14,2020,40,7,6,162.0,114433.0
P14,2020,41,5,5,180.0,134965.0
P14,2020,42,5,5,126.0,83055.0
P14,2020,43,6,4,214.0,139117.0
P14,2020,44,4,4,102.0,56522.0
P14,2020,45,7,6,162.0,113333.0
P14,2020,46,7,6,156.0,104113.0
P14,2020,47,5,4,174.0,133140.0
P14,2020,48,4,3,82.6,68412.0
P14,2020,49,9,5,140.0,86927.0
P14,2020,50,7,5,216.0,184892.0
P14,2020,51,4,4,114.0,90720.0
P14,2020,52,3,2,40.7,34997.0
P14,2020,53,5,4,76.7,56262.0
P14,2021,1,5,4,146.0,99493.0
P14,2021,2,8,7,175.0,124922.0
P14,2021,3,6,5,146.0,111713.0
P14,2021,4,7,5,163.0,128942.0
P14,2021,5,6,5,163.0,136374.0
P14,2021,6,8,7,170.0,127177.0
P14,2021,7,6,6,163.0,123203.0
P14,2021,8,5,4,134.0,104427.0
P14,2021,9,8,7,197.1,139132.0
P14,2021,10,5,5,139.0,101790.0
P14,2021,11,5,3,131.0,96627.0
P14,2021,12,6,6,163.0,125847.0
P14,2021,13,8,7,163.0,121519.0
P14,2021,14,7,6,170.0,126806.0
P14,2021,15,7,6,151.0,84972.0
P14,2021,16,4,4,163.0,129759.0
P14,2021,17,8,7,170.0,120228.0
P14,2021,18,4,4,151.0,102555.0
P14,2021,19,6,5,261.0,208496.0
P14,2021,20,2,2,193.4,140011.0
P14,2021,22,3,2,139.0,99073.0
P14,2021,23,5,5,194.0,124302.0
P14,2021,24,4,4,211.0,141265.0
P14,2021,25,3,3,132.0,81298.0
P14,2021,26,1,1,83.8,44646.0
P14,2021,27,1,1,48.0,27150.0
P14,2021,28,4,3,163.0,124740.0
P14,2021,29,3,3,182.0,102309.0
P14,2021,30,4,3,230.0,132517.0
P14,2021,31,2,2,67.0,40501.0
P14,2021,32,5,5,163.0,108415.0
P14,2021,33,4,4,254.0,162428.0
P14,2021,34,4,4,79.0,55229.0
P14,2021,35,6,4,151.0,98007.0
P14,2021,36,6,5,218.0,124690.0
P14,2021,37,4,4,115.0,72379.0
P14,2021,38,7,6,171.0,125551.0
P14,2021,39,7,4,214.0,150819.0
P14,2021,40,2,1,108.0,84730.0
P14,2021,41,5,5,146.0,106278.0
P14,2021,42,3,2,187.0,147653.0
P14,2021,43,6,6,127.0,90921.0
P14,2021,44,5,5,182.0,110635.0
P14,2021,45,6,6,213.0,142015.0
P14,2021,46,3,2,120.0,87283.0
P14,2021,47,3,2,89.0,55584.0
P14,2021,48,5,4,170.0,130210.0
P14,2021,49,4,3,140.5,100776.0
P14,2021,50,5,4,237.2,170996.0
P14,2021,52,1,1,100.6,64599.0
P14,2022,1,4,4,146.0,98251.0
P14,2022,2,5,5,103.0,75142.0
P14,2022,3,4,4,185.0,133748.0
P14,2022,4,3,2,155.0,101375.0
P14,2022,5,3,2,259.0,187749.0
P14,2022,6,3,3,61.0,49570.0
P14,2022,7,6,4,134.0,89055.0
P14,2022,8,5,5,187.0,136235.0
P14,2022,9,4,4,182.0,144553.0
P14,2022,10,3,2,228.0,192711.0
P14,2022,11,2,2,46.0,35598.0
P14,2022,12,4,4,197.0,146497.0
P14,2022,13,3,1,206.0,165897.0
P14,2022,14,3,3,84.0,69984.0
P14,2022,15,4,2,170.0,146453.0
P14,2022,16,6,5,187.0,149855.0
P14,2022,17,6,6,110.0,82523.0
P14,2022,18,5,3,164.8,128686.0
P14,2022,20,2,1,245.0,198554.0
P14,2022,22,3,2,150.0,107641.0
P14,2022,23,5,5,201.0,155429.0
P14,2022,24,3,2,108.0,91257.0
P14,2022,25,7,6,158.0,121319.0
P14,2022,26,2,2,59.5,46825.0
P14,2022,28,4,3,102.2,63644.0
P14,2022,29,6,3,139.0,116149.0
P14,2022,30,7,7,158.0,117815.0
P14,2022,31,7,7,163.0,119498.0
P14,2022,32,7,6,158.0,113796.0
P14,2022,33,6,6,186.0,131618.0
P14,2022,34,7,6,127.0,89841.0
P14,2022,35,5,3,198.0,156604.0
P14,2022,36,5,3,158.0,123771.0
P14,2022,37,5,5,199.0,159556.0
P14,2022,38,5,4,91.0,61446.0
P14,2022,39,7,7,182.0,121650.0
P14,2022,40,5,5,206.0,149796.0
P14,2022,41,4,3,223.0,182429.0
P14,2022,42,1,1,24.0,21789.0
P14,2022,43,5,4,170.0,122272.0
P14,2022,44,4,3,160.0,119046.0
P14,2022,45,4,4,158.0,124322.0
P14,2022,46,8,6,191.0,133920.0
P14,2022,47,3,2,106.5,73750.0
P14,2022,48,4,4,213.0,181388.0
P14,2022,49,2,1,36.0,27287.0
P14,2022,50,5,4,177.0,155036.0
P14,2022,51,4,3,76.2,51072.0
P14,2023,1,8,7,174.0,137902.0
P14,2023,2,6,6,139.0,98083.0
P14,2023,3,4,3,271.0,217073.0
P14,2023,4,3,3,91.0,73119.0
P14,2023,5,5,4,155.0,109306.0
P14,2023,6,6,6,199.0,151031.0
P14,2023,7,4,2,75.0,63613.0
P14,2023,8,8,7,170.0,136066.0
P14,2023,9,7,6,182.0,142147.0
P14,2023,10,7,6,187.0,150033.0
P14,2023,11,3,3,91.0,63302.0
P14,2023,12,4,3,215.0,174801.0
P14,2023,13,4,2,211.0,177630.0
P14,2023,14,2,2,36.0,21452.0
P14,2023,15,2,1,211.0,145021.0
P14,2023,16,5,5,103.0,71636.0
P14,2023,17,4,3,156.0,104231.0
P14,2023,18,6,6,251.0,193817.0
P14,2023,19,4,4,79.0,61667.0
P14,2023,20,7,5,163.0,123638.0
P14,2023,21,5,5,151.0,103749.0
P14,2023,22,3,1,194.0,148763.0
P14,2023,23,5,4,146.0,105953.0
P14,2023,24,5,4,164.0,132698.0
P14,2023,25,4,3,127.0,92629.0
P14,2023,26,2,2,91.0,81859.0
P14,2023,28,5,5,160.0,126313.0
P14,2023,29,4,4,206.0,173854.0
P14,2023,30,3,2,91.0,73660.0
P14,2023,31,6,5,175.0,138578.0
P14,2023,32,4,4,206.0,153496.0
P14,2023,33,6,5,127.0,91701.0
P14,2023,34,3,2,186.5,143024.0
P14,2023,39,2,2,140.0,117139.0
P14,2023,40,1,1,2.0,1620.0
P14,2023,44,1,1,6.0,4741.0
P14,2023,45,6,4,199.0,148195.0
P14,2023,46,4,3,65.0,50892.0
P14,2023,48,7,5,156.0,115891.0
P14,2023,49,8,6,204.0,166744.0
P14,2023,50,5,5,134.0,102096.0
P14,2023,51,3,3,76.0,64142.0
P14,2024,1,4,4,156.5,100653.0
P14,2024,2,6,6,158.0,117615.0
P14,2024,3,3,2,163.0,128170.0
P14,2024,4,7,5,156.0,111126.0
P14,2024,5,5,3,158.0,127132.0
P14,2024,6,7,6,139.0,92243.0
P14,2024,24,4,2,222.0,106837.0
P14,2024,25,5,4,80.5,46611.0
P14,2024,26,5,3,160.0,117070.0
P14,2024,27,5,3,185.0,118665.0
P14,2024,28,4,3,129.0,81008.0
P14,2024,30,4,4,106.0,55670.0
P14,2024,31,6,4,146.0,90288.0
P14,2024,32,5,3,235.0,160246.0
P14,2024,33,4,4,139.0,89195.0
P14,2024,34,6,6,115.0,69888.0
P14,2024,35,6,5,187.0,132256.0
P14,2024,36,7,6,180.0,142338.0
P14,2024,37,6,5,139.0,73795.0
P14,2024,38,4,3,151.0,85987.0
P14,2024,39,5,4,158.0,84048.0
P14,2024,40,7,6,175.0,122616.0
P14,2024,41,3,3,151.0,113922.0
P14,2024,42,7,6,218.0,169587.0
P14,2024,43,3,2,115.0,80774.0
P14,2024,44,7,5,152.0,110853.0
P14,2024,45,7,6,151.0,98315.0
P14,2024,46,5,4,175.0,124346.0
P14,2024,47,5,4,134.0,96755.0
P14,2024,48,2,2,68.3,57487.0
P14,2024,49,8,8,187.0,122355.0
P14,2024,50,8,7,127.0,90070.0
P14,2024,51,5,4,140.7,109532.0
P14,2025,5,1,1,70.5,47491.0
P14,2025,6,4,4,108.0,47438.0
P14,2025,7,3,2,194.0,127756.0
P14,2025,8,4,4,139.0,89133.0
P14,2025,9,6,4,202.0,150279.0
P14,2025,10,4,4,126.0,97150.0
P14,2025,11,6,5,138.0,101079.0
P14,2025,12,4,3,159.0,111052.0
P14,2025,13,4,3,174.0,130046.0
P14,2025,14,5,3,158.0,113337.0
P14,2025,15,6,5,132.0,94476.0
P14,2025,16,5,4,154.0,121854.0
P14,2025,17,4,3,174.0,128410.0
P14,2025,18,4,3,168.0,131178.0
P14,2025,19,8,6,138.0,96472.0
P14,2025,20,5,4,180.0,133591.0
P14,2025,21,7,6,144.0,102316.0
P14,2025,22,5,4,162.0,88663.0
P14,2025,23,4,4,154.0,74744.0
P14,2025,24,7,6,174.0,120456.0
P14,2025,25,6,5,150.0,104969.0
P14,2025,26,7,7,150.0,84561.0
P14,2025,27,7,4,162.0,99270.0
P14,2025,32,5,4,174.0,112296.0
P14,2025,33,5,3,168.0,102980.0
P14,2025,34,4,3,168.0,107115.0
P14,2025,35,4,3,100.4,44381.0
P14,2025,39,6,4,178.8,94412.0
P14,2025,40,4,3,150.0,109070.0
P14,2025,41,3,2,162.0,115460.0
P14,2025,42,7,7,138.5,101622.0
P14,2025,43,3,3,150.0,125618.0
P14,2025,44,6,5,178.6,121001.0
P14,2025,45,4,4,126.0,106705.0
P14,2025,46,4,2,202.0,149774.0
P14,2025,47,6,5,92.0,66614.0
P14,2025,50,4,4,84.0,46259.0
P14,2025,51,7,5,203.0,113502.0
P14,2026,1,3,2,60.0,25688.0
P14,2026,2,6,5,189.0,123305.0
P14,2026,3,6,5,195.0,148735.0
P14,2026,4,4,3,114.0,67156.0
P14,2026,5,6,5,162.0,107834.0
P14,2026,6,3,3,132.0,87025.0
P14,2026,7,6,5,174.0,110062.0
P14,2026,8,4,4,162.0,123625.0
P14,2026,9,5,4,144.0,98993.0
P14,2026,10,2,1,197.0,161641.0
P14,2026,11,6,6,132.0,93555.0
P14,2026,12,4,3,225.0,171385.0
P14,2026,13,4,3,93.0,64266.0
P14,2026,14,6,4,180.0,115226.0
P14,2026,15,7,5,186.0,110464.0
P14,2026,16,3,2,194.0,133959.0
P14,2026,17,4,4,122.0,80160.0
P14,2026,18,4,3,102.0,73653.0
P14,2026,19,6,6,174.0,107222.0
P14,2026,20,2,2,45.0,35371.0
P14,2026,21,4,2,153.0,122429.0
P14,2026,22,9,8,154.5,109802.0
P14,2026,23,3,3,86.0,68266.0
P14,2026,24,7,6,174.0,113760.0
P14,2026,25,7,5,176.0,121261.0
P14,2026,26,5,4,116.0,67298.0
P14,2026,27,6,4,162.0,112279.0
P14,2026,28,7,4,168.0,102809.0
P14,2026,29,5,4,101.0,64994.0
P14,2026,30,1,1,27.0,17782.0
P14,2026,31,5,4,167.0,113212.0
P14,2026,32,5,4,118.0,65011.0
P14,2026,33,4,3,120.0,79346.0
P14,2026,34,6,4,144.5,91457.0
P14,2026,35,5,4,168.0,99090.0
P14,2026,36,3,3,48.0,29664.0
P15,2018,7,2,2,96.5,47123.0
P15,2018,8,4,4,80.0,45021.0
P15,2018,9,4,3,95.0,71280.0
P15,2018,10,2,2,108.0,67018.0
P15,2018,11,2,2,103.0,58495.0
P15,2018,14,1,1,12.0,6080.0
P15,2018,15,1,1,8.0,2232.0
P15,2018,16,1,1,10.0,6506.0
P15,2018,18,1,1,55.0,40940.0
P15,2018,19,1,1,38.0,18485.0
P15,2018,20,3,3,114.0,85511.0
P15,2018,25,3,3,115.0,77522.0
P15,2018,26,2,2,129.3,99362.0
P15,2018,28,3,3,111.3,51724.0
P15,2018,29,2,2,109.3,68780.0
P15,2018,30,2,2,112.1,79391.0
P15,2018,31,5,3,112.0,79693.0
P15,2018,32,3,2,96.0,70138.0
P15,2018,33,2,2,110.2,78757.0
P15,2018,34,2,2,111.0,65858.0
P15,2018,35,1,1,106.0,92614.0
P15,2018,36,2,2,93.1,72228.0
P15,2018,37,1,1,99.1,73537.0
P15,2018,38,2,2,107.4,92358.0
P15,2018,39,2,2,106.0,91790.0
P15,2018,40,1,1,98.9,75599.0
P15,2018,41,1,1,93.0,81997.0
P15,2018,42,2,2,71.6,58833.0
P15,2018,43,1,1,105.0,108723.0
P15,2018,44,3,2,110.7,101235.0
P15,2018,45,2,2,112.1,85860.0
P15,2018,46,3,3,111.2,77811.0
P15,2018,48,4,3,110.4,85165.0
P15,2018,49,3,3,108.8,92518.0
P15,2018,50,5,4,109.2,86682.0
P15,2018,51,4,4,84.0,71155.0
P15,2019,1,3,3,107.6,85395.0
P15,2019,2,3,3,75.2,63960.0
P15,2019,3,3,3,115.0,83139.0
P15,2019,4,3,2,114.6,80492.0
P15,2019,5,4,3,103.1,78115.0
P15,2019,6,2,2,122.8,108573.0
P15,2019,7,2,2,114.3,91490.0
P15,2019,8,2,2,112.7,96693.0
P15,2019,9,1,1,110.8,102933.0
P15,2019,10,1,1,119.8,109894.0
P15,2019,11,2,2,101.3,90726.0
P15,2019,12,3,3,114.6,98160.0
P15,2019,13,3,3,114.8,99178.0
P15,2019,14,2,2,113.5,84605.0
P15,2019,15,2,2,112.8,95755.0
P15,2019,16,2,2,113.4,97527.0
P15,2019,17,1,1,114.5,95628.0
P15,2019,18,3,2,118.4,107622.0
P15,2019,19,2,2,119.8,98189.0
P15,2019,20,2,2,110.2,79928.0
P15,2019,21,3,3,121.4,92306.0
P15,2019,22,2,2,89.3,61568.0
P15,2019,23,1,1,117.5,111616.0
P15,2019,24,4,4,120.0,96806.0
P15,2019,25,2,2,119.8,117258.0
P15,2019,26,3,3,120.7,95264.0
P15,2019,28,2,2,107.4,98690.0
P15,2019,29,5,3,120.6,92655.0
P15,2019,30,4,3,110.0,72493.0
P15,2019,31,3,2,108.8,93082.0
P15,2019,32,6,4,114.0,88927.0
P15,2019,33,3,2,113.0,98788.0
P15,2019,34,3,2,114.2,94135.0
P15,2019,35,1,1,114.6,97411.0
P15,2019,36,3,2,90.0,78459.0
P15,2019,37,4,3,114.0,95795.0
P15,2019,38,3,2,137.8,113260.0
P15,2019,39,4,3,119.8,94689.0
P15,2019,40,2,1,119.0,105223.0
P15,2019,41,3,2,122.0,94222.0
P15,2019,42,4,3,121.1,107009.0
P15,2019,43,3,2,112.8,71097.0
P15,2019,44,3,2,103.0,86906.0
P15,2019,45,3,2,122.7,93458.0
P15,2019,46,1,1,109.2,98964.0
P15,2019,47,7,5,161.0,117658.0
P15,2019,48,2,2,134.9,114652.0
P15,2019,49,2,2,72.0,28164.0
P15,2019,50,5,2,162.0,128069.0
P15,2019,51,1,1,156.2,121588.0
P15,2020,1,6,4,122.0,89372.0
P15,2020,2,4,4,211.0,177191.0
P15,2020,3,4,3,120.0,86251.0
P15,2020,4,3,3,138.0,111318.0
P15,2020,5,8,4,173.0,150840.0
P15,2020,6,3,2,145.0,131104.0
P15,2020,7,3,1,215.0,201660.0
P15,2020,8,3,2,126.0,97796.0
P15,2020,9,2,2,204.0,176301.0
P15,2020,10,3,2,137.0,110822.0
P15,2020,11,2,2,138.0,116321.0
P15,2020,12,4,4,181.0,147203.0
P15,2020,13,2,1,137.0,140473.0
P15,2020,14,4,1,205.0,211923.0
P15,2020,15,2,2,80.5,53643.0
P15,2020,16,3,2,130.5,98743.0
P15,2020,17,3,3,138.0,99268.0
P15,2020,18,3,1,294.0,252426.0
P15,2020,19,2,2,162.0,147740.0
P15,2020,20,1,1,142.4,105057.0
P15,2020,22,5,5,178.0,141606.0
P15,2020,23,2,1,240.0,246928.0
P15,2020,24,2,1,174.0,180775.0
P15,2020,25,1,1,154.0,155496.0
P15,2020,26,1,1,66.0,64339.0
P15,2020,27,1,1,51.2,51276.0
P15,2020,28,2,1,285.6,275681.0
P15,2020,29,1,1,107.0,111212.0
P15,2020,30,2,1,193.0,148042.0
P15,2020,31,4,4,74.0,55517.0
P15,2020,33,5,4,266.5,169058.0
P15,2020,34,1,1,24.0,13266.0
P15,2020,35,5,4,180.0,119717.0
P15,2020,36,1,1,138.0,105933.0
P15,2020,37,6,3,240.0,166355.0
P15,2020,38,2,1,78.0,55189.0
P15,2020,39,4,3,175.0,105115.0
P15,2020,40,4,2,204.0,153995.0
P15,2020,41,2,1,84.0,63758.0
P15,2020,42,5,5,240.0,169548.0
P15,2020,43,3,3,76.0,52676.0
P15,2020,44,3,3,156.0,102676.0
P15,2020,45,2,2,56.0,40654.0
P15,2020,46,3,3,188.0,127725.0
P15,2020,47,4,4,164.2,92512.0
P15,2020,48,2,2,42.0,19013.0
P15,2020,49,4,3,158.0,113815.0
P15,2020,50,5,4,192.0,165165.0
P15,2020,51,2,2,179.7,137539.0
P15,2020,53,3,2,176.4,146677.0
P15,2021,1,2,1,115.0,95909.0
P15,2021,2,2,2,127.0,103632.0
P15,2021,3,3,2,127.0,86192.0
P15,2021,4,3,2,151.0,129557.0
P15,2021,5,6,6,187.0,137277.0
P15,2021,6,4,3,158.0,132582.0
P15,2021,7,5,4,280.0,231721.0
P15,2021,8,1,1,19.0,17615.0
P15,2021,9,5,3,298.3,235356.0
P15,2021,10,1,1,158.0,121060.0
P15,2021,11,1,1,160.0,125612.0
P15,2021,12,1,1,31.0,25835.0
P15,2021,13,4,3,175.0,142164.0
P15,2021,14,4,4,139.0,99963.0
P15,2021,15,3,3,285.0,213363.0
P15,2021,16,2,2,36.0,23878.0
P15,2021,17,5,4,172.0,135010.0
P15,2021,18,2,2,226.0,181017.0
P15,2021,19,1,1,206.0,168316.0
P15,2021,20,1,1,153.1,112226.0
P15,2021,22,6,4,275.0,203029.0
P15,2021,23,1,1,158.0,107568.0
P15,2021,24,1,1,31.0,22606.0
P15,2021,25,3,3,163.0,125740.0
P15,2021,26,1,1,120.3,81449.0
P15,2021,27,2,1,79.0,47918.0
P15,2021,28,2,2,139.0,101875.0
P15,2021,29,2,2,290.0,177535.0
P15,2021,30,1,1,31.0,18089.0
P15,2021,31,3,3,199.0,129167.0
P15,2021,32,3,3,182.0,126913.0
P15,2021,33,3,3,103.0,63652.0
P15,2021,34,2,1,175.0,132679.0
P15,2021,35,5,2,285.0,196928.0
P15,2021,36,1,1,84.0,63202.0
P15,2021,37,3,3,158.0,118258.0
P15,2021,38,2,2,139.0,99708.0
P15,2021,39,3,2,127.0,92385.0
P15,2021,40,3,2,146.0,98464.0
P15,2021,41,3,2,199.0,122100.0
P15,2021,42,3,3,146.0,91732.0
P15,2021,43,3,3,139.0,99825.0
P15,2021,44,3,3,230.0,160920.0
P15,2021,45,2,1,103.0,86484.0
P15,2021,46,3,2,221.0,163945.0
P15,2021,47,1,1,67.0,46170.0
P15,2021,48,5,5,127.0,82784.0
P15,2021,49,4,4,283.0,199597.0
P15,2021,50,1,1,106.7,88106.0
P15,2021,52,1,1,164.5,115828.0
P15,2022,1,1,1,67.0,50112.0
P15,2022,2,3,2,139.0,113681.0
P15,2022,3,4,3,139.0,113495.0
P15,2022,4,3,2,170.0,116482.0
P15,2022,5,6,3,282.0,220326.0
P15,2022,6,1,1,55.0,41895.0
P15,2022,7,5,3,139.0,107236.0
P15,2022,8,3,2,170.0,134024.0
P15,2022,9,3,2,440.0,338217.0
P15,2022,10,3,2,115.0,85557.0
P15,2022,11,3,3,187.0,141872.0
P15,2022,12,5,5,139.0,110704.0
P15,2022,13,4,2,139.0,119947.0
P15,2022,14,4,4,175.0,143514.0
P15,2022,15,5,4,134.0,113029.0
P15,2022,16,3,3,228.0,178950.0
P15,2022,17,3,2,175.0,134446.0
P15,2022,18,3,2,115.0,93987.0
P15,2022,19,2,2,27.5,27338.0
P15,2022,21,2,2,71.5,56986.0
P15,2022,22,2,2,232.5,188490.0
P15,2022,23,1,1,151.0,127783.0
P15,2022,24,1,1,36.0,31513.0
P15,2022,25,2,1,139.0,122249.0
P15,2022,28,3,2,114.5,83083.0
P15,2022,29,4,2,266.0,200461.0
P15,2022,30,1,1,24.0,14683.0
P15,2022,31,3,3,151.0,111275.0
P15,2022,32,4,3,194.0,145910.0
P15,2022,33,3,2,102.0,66278.0
P15,2022,34,7,6,163.0,122800.0
P15,2022,35,5,2,151.0,129881.0
P15,2022,36,2,2,218.0,174350.0
P15,2022,37,2,2,67.0,60604.0
P15,2022,38,3,2,151.0,125177.0
P15,2022,39,5,3,146.0,125553.0
P15,2022,40,4,4,218.0,172713.0
P15,2022,41,2,2,115.0,96664.0
P15,2022,42,4,4,139.0,110184.0
P15,2022,43,4,4,348.0,287385.0
P15,2022,44,4,4,146.0,116131.0
P15,2022,45,1,1,115.0,99451.0
P15,2022,46,1,1,62.0,58454.0
P15,2022,47,2,2,99.0,93605.0
P15,2022,48,4,3,163.0,138161.0
P15,2022,49,3,2,151.0,130259.0
P15,2022,50,2,2,127.0,107582.0
P15,2022,51,1,1,65.0,64939.0
P15,2023,1,4,3,156.0,132986.0
P15,2023,2,3,3,225.0,193468.0
P15,2023,3,2,1,91.0,69794.0
P15,2023,4,3,3,206.0,172536.0
P15,2023,5,5,4,158.0,127505.0
P15,2023,6,3,2,139.0,120363.0
P15,2023,7,3,2,139.0,110203.0
P15,2023,8,5,4,206.0,162728.0
P15,2023,9,3,3,206.0,173329.0
P15,2023,10,2,1,127.0,108194.0
P15,2023,11,2,1,115.0,106757.0
P15,2023,12,3,2,265.5,212016.0
P15,2023,13,2,1,79.0,66080.0
P15,2023,14,3,2,139.0,117181.0
P15,2023,15,3,2,207.5,164143.0
P15,2023,16,3,2,127.0,96292.0
P15,2023,17,3,3,127.0,116266.0
P15,2023,18,4,3,158.0,140260.0
P15,2023,19,8,5,170.0,154957.0
P15,2023,20,6,4,254.0,212367.0
P15,2023,21,3,2,79.0,69203.0
P15,2023,22,4,2,139.0,110246.0
P15,2023,23,1,1,170.0,149377.0
P15,2023,24,3,2,186.0,165715.0
P15,2023,25,5,4,147.0,125631.0
P15,2023,26,2,2,76.0,73150.0
P15,2023,28,3,2,132.0,95681.0
P15,2023,29,4,4,297.0,239834.0
P15,2023,30,2,1,48.0,39740.0
P15,2023,31,1,1,129.0,93871.0
P15,2023,32,2,2,187.0,156356.0
P15,2023,33,4,3,206.0,153750.0
P15,2023,34,4,2,135.5,111814.0
P15,2023,36,3,3,106.0,75698.0
P15,2023,37,5,4,177.0,121297.0
P15,2023,38,3,2,165.0,89094.0
P15,2023,39,4,3,108.0,80659.0
P15,2023,40,4,3,158.0,112877.0
P15,2023,41,4,3,163.0,125571.0
P15,2023,42,3,2,182.0,157112.0
P15,2023,43,3,3,220.0,179774.0
P15,2023,44,3,1,139.0,113492.0
P15,2023,45,2,1,103.0,78816.0
P15,2023,46,1,1,94.5,81081.0
P15,2023,48,5,3,199.0,160091.0
P15,2023,49,3,3,146.0,108454.0
P15,2023,50,3,3,151.0,105925.0
P15,2023,51,3,3,88.0,70458.0
P15,2024,1,5,4,183.5,126241.0
P15,2024,2,3,2,122.0,56447.0
P15,2024,3,3,2,160.0,82413.0
P15,2024,4,4,3,163.0,129570.0
P15,2024,5,6,4,266.0,135815.0
P15,2024,6,3,3,111.0,75598.0
P15,2024,7,2,1,74.0,44792.0
P15,2024,8,2,1,112.0,49480.0
P15,2024,9,4,2,173.0,106817.0
P15,2024,10,3,2,181.0,115244.0
P15,2024,11,2,1,163.0,80291.0
P15,2024,12,5,4,127.0,80077.0
P15,2024,13,3,3,163.0,115411.0
P15,2024,14,3,3,170.0,121511.0
P15,2024,15,4,3,179.0,117303.0
P15,2024,16,5,4,175.0,124660.0
P15,2024,17,3,3,127.0,95812.0
P15,2024,18,5,4,151.0,122752.0
P15,2024,19,7,5,158.0,126980.0
P15,2024,20,5,4,167.0,104535.0
P15,2024,21,3,2,182.0,142392.0
P15,2024,22,4,2,139.0,112348.0
P15,2024,23,3,2,242.0,191781.0
P15,2024,24,2,2,79.0,58629.0
P15,2024,25,2,1,163.0,129501.0
P15,2024,26,3,2,151.0,123124.0
P15,2024,27,5,4,277.0,226638.0
P15,2024,28,2,2,111.0,86633.0
P15,2024,29,3,3,210.0,166264.0
P15,2024,30,1,1,91.0,68802.0
P15,2024,31,3,2,103.0,67312.0
P15,2024,32,3,2,242.0,190871.0
P15,2024,33,2,2,79.0,61232.0
P15,2024,34,4,3,290.0,217922.0
P15,2024,35,1,1,67.0,52868.0
P15,2024,36,2,2,226.0,164527.0
P15,2024,37,2,2,67.0,50145.0
P15,2024,38,3,2,144.0,81867.0
P15,2024,39,4,3,127.0,85986.0
P15,2024,40,7,4,286.0,217879.0
P15,2024,41,1,1,60.0,51826.0
P15,2024,42,3,2,170.0,136041.0
P15,2024,43,4,4,127.0,97142.0
P15,2024,44,3,1,303.0,260886.0
P15,2024,45,1,1,31.0,25611.0
P15,2024,46,3,2,211.0,185225.0
P15,2024,47,2,2,106.8,84963.0
P15,2024,48,1,1,33.2,19355.0
P15,2024,49,3,3,146.0,105401.0
P15,2024,50,3,2,295.0,246110.0
P15,2024,51,1,1,22.0,20496.0
P15,2025,1,2,1,225.0,187490.0
P15,2025,2,1,1,131.5,105339.0
P15,2025,3,1,1,151.0,90662.0
P15,2025,4,2,1,67.0,38979.0
P15,2025,5,5,4,144.0,107922.0
P15,2025,6,4,3,245.0,162606.0
P15,2025,7,2,1,142.0,118664.0
P15,2025,8,2,2,139.0,121707.0
P15,2025,9,3,2,125.5,89916.0
P15,2025,10,2,2,211.0,180940.0
P15,2025,11,1,1,42.0,35034.0
P15,2025,12,3,2,138.0,112538.0
P15,2025,13,4,4,138.0,115896.0
P15,2025,18,1,1,138.2,109281.0
P15,2025,19,1,1,32.5,15435.0
P15,2025,20,4,3,96.0,75456.0
P15,2025,24,1,1,12.0,6545.0
P15,2025,25,3,2,168.2,103485.0
P15,2025,26,3,3,94.0,52887.0
P15,2025,27,1,1,30.3,19729.0
P15,2025,28,5,5,157.0,99420.0
P15,2025,29,2,1,150.0,110423.0
P15,2025,30,3,2,175.5,125236.0
P15,2025,31,4,3,150.0,100795.0
P15,2025,32,2,1,192.0,132265.0
P15,2025,33,3,2,126.0,98679.0
P15,2025,34,6,5,174.0,134881.0
P15,2025,35,3,2,126.0,84041.0
P15,2025,36,6,4,162.0,117869.0
P15,2025,37,4,4,186.0,142225.0
P15,2025,38,4,3,252.0,194883.0
P15,2025,39,2,1,57.3,38541.0
P15,2025,40,4,3,125.2,86706.0
P15,2025,41,7,6,204.0,149566.0
P15,2025,42,3,3,138.0,87358.0
P15,2025,43,3,2,122.6,79958.0
P15,2025,49,4,2,195.0,142404.0
P15,2025,50,2,1,114.0,63330.0
P15,2025,51,2,1,88.0,64359.0
P15,2026,4,3,3,198.0,122027.0
P15,2026,5,5,4,150.0,103778.0
P15,2026,6,3,3,108.0,71543.0
P15,2026,9,2,1,30.0,14569.0
P15,2026,14,2,1,142.5,86488.0
P15,2026,15,1,1,28.5,18186.0
P15,2026,16,3,1,128.0,78883.0
P15,2026,17,3,3,187.0,93442.0
P15,2026,18,3,1,82.5,53378.0
P15,2026,19,1,1,44.0,31717.0
P15,2026,21,3,2,124.0,61638.0
P15,2026,22,2,1,123.8,73251.0
P15,2026,23,3,2,138.8,103954.0
P15,2026,24,4,2,141.0,92780.0
P15,2026,25,4,4,160.0,68424.0
P15,2026,26,2,2,162.0,116630.0
P15,2026,27,4,4,116.0,57293.0
P15,2026,28,4,3,177.5,66781.0
P15,2026,29,3,2,225.0,156219.0
P15,2026,30,1,1,132.0,76742.0
P15,2026,31,3,1,115.0,91391.0
P15,2026,32,3,2,110.0,54404.0
P15,2026,33,3,2,109.0,38654.0
P15,2026,34,4,3,147.0,50490.0
P15,2026,35,2,1,89.0,61270.0
P15,2026,36,1,1,48.0,30074.0
P16,2018,3,3,3,68.5,37225.0
P16,2018,4,2,2,101.0,45781.0
P16,2018,5,5,3,101.0,68354.0
P16,2018,6,4,4,98.5,73785.0
P16,2018,10,3,3,103.0,64434.0
P16,2018,11,3,3,97.0,62700.0
P16,2018,12,1,1,105.0,82383.0
P16,2018,13,2,2,103.7,72075.0
P16,2018,14,3,3,104.5,73941.0
P16,2018,15,3,3,110.2,71088.0
P16,2018,16,3,3,93.1,69109.0
P16,2018,17,4,4,104.6,79636.0
P16,2018,18,3,3,103.0,81336.0
P16,2018,19,2,2,75.4,53560.0
P16,2018,21,3,3,110.0,88680.0
P16,2018,22,4,3,110.2,87937.0
P16,2018,23,3,3,127.2,113410.0
P16,2018,24,3,3,113.0,87361.0
P16,2018,25,3,3,130.0,90381.0
P16,2018,26,3,3,130.8,112573.0
P16,2018,28,2,2,112.0,80057.0
P16,2018,29,3,3,110.6,62667.0
P16,2018,30,3,2,186.1,154061.0
P16,2018,31,5,3,108.0,85167.0
P16,2018,32,1,1,36.0,27845.0
P16,2018,33,4,4,110.0,80451.0
P16,2018,34,2,2,110.8,95049.0
P16,2018,35,3,3,108.2,89304.0
P16,2018,36,3,3,93.3,78790.0
P16,2018,37,2,2,100.5,87632.0
P16,2018,38,2,2,106.8,87993.0
P16,2018,39,2,2,47.0,38222.0
P16,2018,40,1,1,110.5,92881.0
P16,2018,41,1,1,100.1,78095.0
P16,2018,42,2,2,112.0,84780.0
P16,2018,43,1,1,112.0,93652.0
P16,2018,44,2,1,110.6,84249.0
P16,2018,45,1,1,111.4,88462.0
P16,2018,46,1,1,109.5,83936.0
P16,2018,48,3,3,101.0,78544.0
P16,2018,49,1,1,110.3,90511.0
P16,2018,50,1,1,107.6,90966.0
P16,2019,1,3,2,129.9,92877.0
P16,2019,2,1,1,49.6,44518.0
P16,2019,3,2,2,116.0,74563.0
P16,2019,4,1,1,122.9,100271.0
P16,2019,5,2,2,113.2,80131.0
P16,2019,6,4,4,107.6,86292.0
P16,2019,7,3,3,114.2,89609.0
P16,2019,8,3,3,113.2,98774.0
P16,2019,9,1,1,108.8,92380.0
P16,2019,10,1,1,119.8,97564.0
P16,2019,11,2,2,114.4,93656.0
P16,2019,12,2,2,113.6,100666.0
P16,2019,13,4,4,108.1,70665.0
P16,2019,14,3,3,112.8,99219.0
P16,2019,15,2,2,111.8,104684.0
P16,2019,16,3,3,114.0,98686.0
P16,2019,17,2,2,110.0,93780.0
P16,2019,18,5,4,119.9,99072.0
P16,2019,19,3,3,120.8,104628.0
P16,2019,20,1,1,114.4,83979.0
P16,2019,21,2,2,119.2,96664.0
P16,2019,22,1,1,92.8,64579.0
P16,2019,23,1,1,119.4,93717.0
P16,2019,24,3,3,120.2,91337.0
P16,2019,25,3,3,115.8,88485.0
P16,2019,26,3,3,120.0,87740.0
P16,2019,28,3,3,119.2,86165.0
P16,2019,29,3,3,119.7,96074.0
P16,2019,30,1,1,114.1,101444.0
P16,2019,31,3,2,103.9,75239.0
P16,2019,32,5,3,110.0,85215.0
P16,2019,33,3,3,113.8,87011.0
P16,2019,34,2,1,94.0,57895.0
P16,2019,35,3,3,100.7,75588.0
P16,2019,36,3,2,90.5,74332.0
P16,2019,37,1,1,114.0,95311.0
P16,2019,38,3,2,80.8,37018.0
P16,2019,39,2,2,112.2,87398.0
P16,2019,40,4,2,119.0,96439.0
P16,2019,41,1,1,121.1,93044.0
P16,2019,42,5,3,121.1,99289.0
P16,2019,43,4,3,120.2,103219.0
P16,2019,44,4,4,120.9,97278.0
P16,2019,45,4,3,120.0,99801.0
P16,2019,46,1,1,120.6,101425.0
P16,2019,47,2,2,92.0,44058.0
P16,2019,48,1,1,102.0,71645.0
P16,2019,49,2,1,96.0,69839.0
P16,2019,50,2,2,54.0,24614.0
P16,2019,51,1,1,114.5,58979.0
P16,2020,1,2,1,167.0,113942.0
P16,2020,2,4,3,116.0,86490.0
P16,2020,3,5,4,181.0,151804.0
P16,2020,4,3,2,204.0,173580.0
P16,2020,5,5,4,119.0,102754.0
P16,2020,6,2,2,98.0,78815.0
P16,2020,7,5,5,180.0,144625.0
P16,2020,8,4,2,168.0,150633.0
P16,2020,9,4,3,181.0,148117.0
P16,2020,10,2,1,124.0,111251.0
P16,2020,11,3,2,240.0,214466.0
P16,2020,12,2,2,102.0,90467.0
P16,2020,13,3,3,114.0,95074.0
P16,2020,14,3,1,218.0,191631.0
P16,2020,15,3,3,217.0,187763.0
P16,2020,16,3,3,105.0,96140.0
P16,2020,17,2,2,186.0,157771.0
P16,2020,18,2,2,204.0,176564.0
P16,2020,19,1,1,162.0,141980.0
P16,2020,20,1,1,126.0,106080.0
P16,2020,21,1,1,15.3,11716.0
P16,2020,22,3,3,178.0,145790.0
P16,2020,23,3,3,114.0,90426.0
P16,2020,24,3,2,204.0,176189.0
P16,2020,25,4,4,184.0,154607.0
P16,2020,26,3,3,138.0,114026.0
P16,2020,27,1,1,45.9,38858.0
P16,2020,28,2,1,237.0,179075.0
P16,2020,29,4,3,196.0,150010.0
P16,2020,30,2,2,114.0,88318.0
P16,2020,31,3,2,110.0,73293.0
P16,2020,33,4,3,139.0,101809.0
P16,2020,34,4,3,174.0,107708.0
P16,2020,35,4,4,168.0,122008.0
P16,2020,36,2,2,138.0,102110.0
P16,2020,37,2,1,264.0,214120.0
P16,2020,38,3,1,54.0,36986.0
P16,2020,39,2,1,226.0,181332.0
P16,2020,40,3,2,150.0,125919.0
P16,2020,41,3,2,114.0,92839.0
P16,2020,42,3,2,240.0,206864.0
P16,2020,43,2,1,78.0,64028.0
P16,2020,44,3,2,287.0,234717.0
P16,2020,45,1,1,30.0,20268.0
P16,2020,46,2,1,286.0,243513.0
P16,2020,47,2,2,74.4,70011.0
P16,2020,48,2,1,60.4,51929.0
P16,2020,49,2,1,246.0,210323.0
P16,2020,50,2,1,188.0,158130.0
P16,2020,51,1,1,74.8,59467.0
P16,2020,53,3,2,167.2,129779.0
P16,2021,1,2,2,163.0,135635.0
P16,2021,2,2,1,194.0,156311.0
P16,2021,3,1,1,156.0,121545.0
P16,2021,4,1,1,19.0,13686.0
P16,2021,5,4,3,302.0,233767.0
P16,2021,6,1,1,91.0,73720.0
P16,2021,7,3,2,228.0,178605.0
P16,2021,8,1,1,24.0,17892.0
P16,2021,9,2,1,292.0,231087.0
P16,2021,10,1,1,127.0,108266.0
P16,2021,11,3,1,192.5,154055.0
P16,2021,12,1,1,96.0,81169.0
P16,2021,13,2,1,218.0,183993.0
P16,2021,14,1,1,67.0,40828.0
P16,2021,15,2,1,230.0,201924.0
P16,2021,16,2,1,163.0,138297.0
P16,2021,17,3,1,182.0,158911.0
P16,2021,18,1,1,163.0,128247.0
P16,2021,19,2,1,79.0,50362.0
P16,2021,20,2,2,234.6,177996.0
P16,2021,22,3,3,226.0,163393.0
P16,2021,23,2,1,79.0,53249.0
P16,2021,24,3,3,230.0,112359.0
P16,2021,25,2,2,84.0,55412.0
P16,2021,26,1,1,124.6,71894.0
P16,2021,27,2,1,187.0,121505.0
P16,2021,28,1,1,43.0,19101.0
P16,2021,29,2,1,278.0,113457.0
P16,2021,30,1,1,163.0,111968.0
P16,2021,31,2,2,110.0,43405.0
P16,2021,32,2,1,91.0,55034.0
P16,2021,33,3,3,278.0,162487.0
P16,2021,34,1,1,67.0,49267.0
P16,2021,35,3,2,254.0,156486.0
P16,2021,36,1,1,163.0,108892.0
P16,2021,37,1,1,43.0,30778.0
P16,2021,38,2,2,230.0,167030.0
P16,2021,39,2,1,120.0,70631.0
P16,2021,40,3,1,127.0,74847.0
P16,2021,41,2,2,285.0,205442.0
P16,2021,42,1,1,163.0,123014.0
P16,2021,43,1,1,19.0,13825.0
P16,2021,44,2,1,211.0,169178.0
P16,2021,45,2,1,242.0,181967.0
P16,2021,46,2,1,43.0,29806.0
P16,2021,47,3,2,136.0,100233.0
P16,2021,48,5,4,249.0,151394.0
P16,2021,49,1,1,158.0,125494.0
P16,2021,50,1,1,102.9,93733.0
P16,2021,52,1,1,22.8,18751.0
P16,2022,1,2,1,175.0,139182.0
P16,2022,2,2,1,206.0,160628.0
P16,2022,3,3,2,115.0,86877.0
P16,2022,4,3,2,175.0,136717.0
P16,2022,5,2,2,194.0,170724.0
P16,2022,6,3,2,139.0,116473.0
P16,2022,7,3,2,260.0,209987.0
P16,2022,8,1,1,48.0,37503.0
P16,2022,9,3,3,142.0,111241.0
P16,2022,10,3,2,290.0,254928.0
P16,2022,11,1,1,163.0,144245.0
P16,2022,12,1,1,91.0,79812.0
P16,2022,13,4,2,158.0,134413.0
P16,2022,14,4,2,173.0,148409.0
P16,2022,15,3,2,153.0,135950.0
P16,2022,16,3,3,115.0,100412.0
P16,2022,17,3,2,254.0,222960.0
P16,2022,18,1,1,72.0,65128.0
P16,2022,19,3,3,261.0,218842.0
P16,2022,20,1,1,84.0,74926.0
P16,2022,21,2,2,24.0,18886.0
P16,2022,22,4,3,141.5,111590.0
P16,2022,23,2,2,278.0,221129.0
P16,2022,24,1,1,158.0,123200.0
P16,2022,25,1,1,104.0,89778.0
P16,2022,26,1,1,11.0,7113.0
P16,2022,28,2,1,241.0,175338.0
P16,2022,29,1,1,163.0,136616.0
P16,2022,30,1,1,24.0,17947.0
P16,2022,31,5,3,254.0,161092.0
P16,2022,32,1,1,162.0,108276.0
P16,2022,33,1,1,163.0,142674.0
P16,2022,34,1,1,91.0,82629.0
P16,2022,35,2,1,230.0,196335.0
P16,2022,36,1,1,158.0,126564.0
P16,2022,37,1,1,156.0,133640.0
P16,2022,38,2,1,146.0,119954.0
P16,2022,39,2,1,182.0,152228.0
P16,2022,40,1,1,163.0,125284.0
P16,2022,41,1,1,79.0,63506.0
P16,2022,42,3,2,139.0,88682.0
P16,2022,43,3,3,143.0,119309.0
P16,2022,44,2,1,278.0,245061.0
P16,2022,45,1,1,160.0,146539.0
P16,2022,46,1,1,19.0,15349.0
P16,2022,47,3,2,157.0,146920.0
P16,2022,48,2,1,154.0,128609.0
P16,2022,49,3,2,230.0,213868.0
P16,2022,50,1,1,118.2,115156.0
P16,2023,1,3,2,233.0,191208.0
P16,2023,2,2,2,223.0,184334.0
P16,2023,3,1,1,79.0,68431.0
P16,2023,4,2,1,127.0,98511.0
P16,2023,5,4,1,170.0,134198.0
P16,2023,6,2,1,163.0,143855.0
P16,2023,7,2,1,179.0,152193.0
P16,2023,8,2,2,118.0,100859.0
P16,2023,9,3,1,273.0,227307.0
P16,2023,10,1,1,55.0,49798.0
P16,2023,11,3,2,263.0,229810.0
P16,2023,12,1,1,134.0,125112.0
P16,2023,13,3,2,122.0,104177.0
P16,2023,14,2,2,170.0,150660.0
P16,2023,15,4,3,206.0,167328.0
P16,2023,16,1,1,158.0,145552.0
P16,2023,17,1,1,24.0,20246.0
P16,2023,18,2,1,297.0,240203.0
P16,2023,19,1,1,115.0,94170.0
P16,2023,20,2,2,199.0,177563.0
P16,2023,21,1,1,103.0,84847.0
P16,2023,22,3,2,127.0,110487.0
P16,2023,23,3,2,254.0,222494.0
P16,2023,24,1,1,48.0,42699.0
P16,2023,25,3,2,245.0,218515.0
P16,2023,28,3,2,159.0,114746.0
P16,2023,29,3,3,266.0,200776.0
P16,2023,30,1,1,43.0,35839.0
P16,2023,31,1,1,139.0,105107.0
P16,2023,32,3,1,273.0,214516.0
P16,2023,33,1,1,158.0,125055.0
P16,2023,34,1,1,48.0,39014.0
P16,2023,35,2,2,49.0,43837.0
P16,2023,36,2,1,327.5,277822.0
P16,2023,37,1,1,12.0,8664.0
P16,2023,38,1,1,91.0,78965.0
P16,2023,39,4,3,151.0,104186.0
P16,2023,40,5,5,309.0,262053.0
P16,2023,42,4,3,302.0,276018.0
P16,2023,43,1,1,115.0,79876.0
P16,2023,44,2,1,206.0,183666.0
P16,2023,45,1,1,112.0,100969.0
P16,2023,48,4,1,261.0,223910.0
P16,2023,49,3,2,127.0,92632.0
P16,2023,50,3,2,178.0,149785.0
P16,2024,1,4,2,285.5,243177.0
P16,2024,2,1,1,163.0,131759.0
P16,2024,3,1,1,136.0,116762.0
P16,2024,4,1,1,89.0,69829.0
P16,2024,5,2,1,228.0,172266.0
P16,2024,6,1,1,163.0,126604.0
P16,2024,7,1,1,158.0,133300.0
P16,2024,8,1,1,113.0,92318.0
P16,2024,9,2,1,205.0,168314.0
P16,2024,10,1,1,163.0,124541.0
P16,2024,11,1,1,87.0,74751.0
P16,2024,12,4,3,225.0,154890.0
P16,2024,13,1,1,24.0,19587.0
P16,2024,14,2,1,294.0,247492.0
P16,2024,15,1,1,163.0,138234.0
P16,2024,16,1,1,158.0,117681.0
P16,2024,17,1,1,72.0,62310.0
P16,2024,18,1,1,115.0,88465.0
P16,2024,19,4,2,297.0,239976.0
P16,2024,20,1,1,147.0,122872.0
P16,2024,21,1,1,139.0,118325.0
P16,2024,22,2,1,103.0,91781.0
P16,2024,23,2,2,230.0,191646.0
P16,2024,24,2,1,175.0,138318.0
P16,2024,25,1,1,158.0,121794.0
P16,2024,26,1,1,24.0,23302.0
P16,2024,27,2,2,302.0,268492.0
P16,2024,28,1,1,143.0,118458.0
P16,2024,29,1,1,163.0,133624.0
P16,2024,30,1,1,91.0,73939.0
P16,2024,31,2,1,230.0,205172.0
P16,2024,32,1,1,163.0,142549.0
P16,2024,33,1,1,158.0,143165.0
P16,2024,34,1,1,163.0,149137.0
P16,2024,35,1,1,110.0,99706.0
P16,2024,36,2,2,168.0,153479.0
P16,2024,37,3,3,206.0,158052.0
P16,2024,38,1,1,163.0,147718.0
P16,2024,39,1,1,48.0,39979.0
P16,2024,40,3,1,266.0,250245.0
P16,2024,41,1,1,170.0,152606.0
P16,2024,42,1,1,163.0,146286.0
P16,2024,43,1,1,108.0,90288.0
P16,2024,44,2,1,207.0,150344.0
P16,2024,45,1,1,24.0,17830.0
P16,2024,46,3,1,170.0,149342.0
P16,2024,47,4,3,185.2,140915.0
P16,2024,48,1,1,152.0,133758.0
P16,2024,49,1,1,163.0,152379.0
P16,2024,50,1,1,157.0,138748.0
P16,2024,51,1,1,24.0,21874.0
P16,2025,1,2,1,216.0,191050.0
P16,2025,2,1,1,163.0,115703.0
P16,2025,3,1,1,163.0,101464.0
P16,2025,4,1,1,135.0,82822.0
P16,2025,5,2,1,167.5,126999.0
P16,2025,6,1,1,163.0,110427.0
P16,2025,7,1,1,158.0,129129.0
P16,2025,8,1,1,85.0,78408.0
P16,2025,9,2,1,39.0,33480.0
P16,2025,11,2,1,224.0,182358.0
P16,2025,12,1,1,158.0,121926.0
P16,2025,13,1,1,40.0,35307.0
P16,2025,14,2,1,258.0,206634.0
P16,2025,15,1,1,90.0,75650.0
P16,2025,16,2,1,96.0,70610.0
P16,2025,17,2,1,223.8,196744.0
P16,2025,18,4,3,174.0,137428.0
P16,2025,19,3,2,216.0,156824.0
P16,2025,20,1,1,66.0,59076.0
P16,2025,21,1,1,142.0,118889.0
P16,2025,22,1,1,56.3,43887.0
P16,2025,24,2,1,157.0,108622.0
P16,2025,25,2,2,160.0,104694.0
P16,2025,26,3,2,138.0,112562.0
P16,2025,27,5,4,125.0,76327.0
P16,2025,29,1,1,148.0,120431.0
P16,2025,30,1,1,67.0,46755.0
P16,2025,31,3,2,182.0,127600.0
P16,2025,32,3,3,94.0,65206.0
P16,2025,33,4,3,152.0,110979.0
P16,2025,34,3,2,195.5,160556.0
P16,2025,35,4,2,128.5,106677.0
P16,2025,36,3,2,239.0,190979.0
P16,2025,37,3,2,78.0,63184.0
P16,2025,38,3,2,173.0,140630.0
P16,2025,42,1,1,50.5,40112.0
P16,2025,43,3,2,150.0,121771.0
P16,2025,44,3,2,174.0,131749.0
P16,2025,45,3,2,162.0,136913.0
P16,2025,46,4,4,150.0,117977.0
P16,2025,47,2,2,114.0,84604.0
P16,2025,49,5,4,168.3,128930.0
P16,2025,50,5,4,186.0,139119.0
P16,2025,51,4,4,138.0,103203.0
P16,2025,52,1,1,26.0,21010.0
P16,2026,1,4,3,110.2,77537.0
P16,2026,2,4,3,114.0,81829.0
P16,2026,3,4,3,270.0,203056.0
P16,2026,4,3,2,60.0,46936.0
P16,2026,5,4,4,126.0,83827.0
P16,2026,6,2,1,143.0,121260.0
P16,2026,7,4,4,109.0,86008.0
P16,2026,8,4,2,216.0,187725.0
P16,2026,9,3,2,84.0,53167.0
P16,2026,10,4,3,185.0,140046.0
P16,2026,11,5,4,144.0,122053.0
P16,2026,12,4,4,192.0,131436.0
P16,2026,13,3,2,96.0,68636.0
P16,2026,14,6,4,143.5,95853.0
P16,2026,15,1,1,32.0,22502.0
P16,2026,16,7,6,163.5,116249.0
P16,2026,17,4,3,110.0,83019.0
P16,2026,18,5,4,181.0,137290.0
P16,2026,19,2,2,108.0,90826.0
P16,2026,20,3,2,186.0,146861.0
P16,2026,21,4,3,189.8,133297.0
P16,2026,22,1,1,12.0,6975.0
P16,2026,23,2,1,182.5,142124.0
P16,2026,24,3,2,148.0,104084.0
P16,2026,25,4,2,126.0,77595.0
P16,2026,26,4,3,198.0,148500.0
P16,2026,27,4,4,105.0,61890.0
P16,2026,28,4,3,164.0,108351.0
P16,2026,29,4,3,162.0,123540.0
P16,2026,30,3,2,112.0,67687.0
P16,2026,31,7,6,173.5,110957.0
P16,2026,32,5,4,229.0,142606.0
P16,2026,33,3,2,84.5,57780.0
P16,2026,34,4,3,138.0,89953.0
P16,2026,35,6,4,145.5,111088.0
P16,2026,36,3,2,48.0,37938.0
P17,2021,23,1,1,40.0,17050.0
P17,2021,24,2,2,40.0,37147.0
P17,2021,25,2,2,111.0,86635.0
P17,2021,26,2,1,112.0,86675.0
P17,2021,27,2,2,124.0,72414.0
P17,2021,28,2,2,220.0,159944.0
P17,2021,29,1,1,152.0,153138.0
P17,2021,30,1,1,108.0,79874.0
P17,2021,31,2,2,108.0,73287.0
P17,2021,32,2,2,124.0,74569.0
P17,2021,33,3,3,148.0,117335.0
P17,2021,34,3,1,180.0,157742.0
P17,2021,35,3,1,116.0,132349.0
P17,2021,36,3,2,276.0,236623.0
P17,2021,37,1,1,171.0,149464.0
P17,2021,38,1,1,85.5,106716.0
P17,2021,39,4,2,212.0,245637.0
P17,2021,40,2,2,76.0,88548.0
P17,2021,41,3,2,120.0,154371.0
P17,2021,42,6,4,282.0,364336.0
P17,2021,43,1,1,24.0,27225.0
P17,2021,44,4,3,288.0,366944.0
P17,2021,45,1,1,24.0,26214.0
P17,2021,46,3,2,242.0,308631.0
P17,2021,47,1,1,60.0,74622.0
P17,2021,48,4,3,178.0,313877.0
P17,2021,49,3,2,152.0,248232.0
P17,2021,50,3,2,160.0,269120.0
P17,2021,51,1,1,17.0,24535.0
P17,2021,52,1,1,77.7,90634.0
P17,2022,1,4,2,136.0,199174.0
P17,2022,2,3,2,148.0,237716.0
P17,2022,3,4,4,224.0,329488.0
P17,2022,4,2,2,64.0,77906.0
P17,2022,5,3,2,248.0,386238.0
P17,2022,6,2,1,136.0,212175.0
P17,2022,7,2,1,158.0,242243.0
P17,2022,8,3,2,98.0,131419.0
P17,2022,9,3,2,179.5,235643.0
P17,2022,10,2,2,112.0,156642.0
P17,2022,11,2,1,164.0,257227.0
P17,2022,12,2,1,212.0,366365.0
P17,2022,13,2,1,203.0,315575.0
P17,2022,14,3,3,176.0,258220.0
P17,2022,15,1,1,52.0,89228.0
P17,2022,16,3,2,145.0,215621.0
P17,2022,17,4,4,184.0,252961.0
P17,2022,18,3,3,116.0,154601.0
P17,2022,19,5,4,170.0,216115.0
P17,2022,20,2,1,152.0,118559.0
P17,2022,21,2,2,60.0,47348.0
P17,2022,22,2,2,136.0,152959.0
P17,2022,23,3,3,152.0,149298.0
P17,2022,24,3,3,153.5,167630.0
P17,2022,25,3,3,176.0,158892.0
P17,2022,26,1,1,39.0,34037.0
P17,2022,28,2,1,236.2,272503.0
P17,2022,29,1,1,88.0,121084.0
P17,2022,30,3,2,148.0,130909.0
P17,2022,31,3,2,100.0,95797.0
P17,2022,32,3,3,235.0,278566.0
P17,2022,33,2,2,109.0,147566.0
P17,2022,34,3,2,156.0,190453.0
P17,2022,35,4,3,150.0,207843.0
P17,2022,36,2,2,132.0,207262.0
P17,2022,37,4,3,150.0,245294.0
P17,2022,38,4,4,152.0,219766.0
P17,2022,39,5,3,303.5,459916.0
P17,2022,40,5,5,141.5,182992.0
P17,2022,41,4,4,170.0,207264.0
P17,2022,42,4,4,142.0,159227.0
P17,2022,43,3,3,52.0,62383.0
P17,2022,44,1,1,40.0,44865.0
P17,2022,45,1,1,16.0,20412.0
P17,2022,46,2,2,54.0,50292.0
P17,2022,48,1,1,21.0,35478.0
P17,2022,49,1,1,42.0,40787.0
P17,2023,3,1,1,24.0,43344.0
P17,2023,4,1,1,60.0,107994.0
P17,2023,5,1,1,16.0,25366.0
P17,2023,6,2,2,48.0,76162.0
P17,2023,7,1,1,46.0,69312.0
P17,2023,8,1,1,12.0,22729.0
P17,2023,10,1,1,10.0,17505.0
P17,2023,11,2,1,215.0,189806.0
P17,2023,13,3,2,104.0,148234.0
P17,2023,14,1,1,88.0,137763.0
P17,2023,16,1,1,64.0,96733.0
P17,2023,17,2,1,60.0,101054.0
P17,2023,18,1,1,12.0,19128.0
P17,2023,19,1,1,48.0,63559.0
P17,2023,24,2,2,64.0,101034.0
P17,2023,25,1,1,136.0,227717.0
P17,2023,28,3,3,379.0,516712.0
P17,2023,30,4,3,81.0,108720.0
P17,2023,31,3,2,126.0,178988.0
P17,2023,32,5,3,233.0,349067.0
P17,2023,36,4,3,197.0,283295.0
P17,2023,37,2,2,160.0,205906.0
P17,2023,38,1,1,139.0,191968.0
P17,2023,39,1,1,64.0,90096.0
P17,2023,40,3,2,222.0,322172.0
P17,2023,41,2,2,58.0,84014.0
P17,2023,42,4,3,312.0,412139.0
P17,2023,43,1,1,96.0,129767.0
P17,2023,44,2,2,153.0,232658.0
P17,2023,45,2,1,160.0,255342.0
P17,2023,48,4,4,236.0,333246.0
P17,2023,49,2,1,161.0,263161.0
P17,2023,50,2,1,158.0,251424.0
P17,2024,1,3,3,261.0,304455.0
P17,2024,2,1,1,112.0,158496.0
P17,2024,3,2,2,81.0,63581.0
P17,2024,4,3,3,184.0,276979.0
P17,2024,5,3,1,112.0,185985.0
P17,2024,6,3,3,116.0,175266.0
P17,2024,7,1,1,66.0,92472.0
P17,2024,8,2,2,134.5,165670.0
P17,2024,15,2,1,160.2,198704.0
P17,2024,16,1,1,40.0,52667.0
P17,2024,17,1,1,61.0,75882.0
P17,2024,18,2,1,67.5,51371.0
P17,2024,19,1,1,12.0,20480.0
P17,2024,20,1,1,29.0,36422.0
P17,2024,24,3,3,128.0,119482.0
P17,2024,25,2,2,160.0,187944.0
P17,2024,26,4,4,136.0,153176.0
P17,2024,27,4,4,193.0,252008.0
P17,2024,28,2,1,99.0,112550.0
P17,2024,29,4,4,143.5,90926.0
P17,2024,30,3,2,207.0,188866.0
P17,2024,31,3,3,136.0,115713.0
P17,2024,32,2,1,139.0,114664.0
P17,2024,33,2,2,212.0,173211.0
P17,2024,34,2,1,85.5,93084.0
P17,2024,35,3,3,100.0,114120.0
P17,2024,36,3,1,73.2,34044.0
P17,2024,37,3,2,133.0,130984.0
P17,2024,38,4,3,197.0,156969.0
P17,2024,39,3,2,136.0,125048.0
P17,2024,40,3,3,96.8,91921.0
P17,2024,41,4,3,212.0,272963.0
P17,2024,42,2,1,76.0,82609.0
P17,2024,43,5,3,156.0,220712.0
P17,2024,44,5,3,189.0,222461.0
P17,2024,45,2,1,105.0,153885.0
P17,2024,50,2,1,102.0,114467.0
P17,2024,51,2,2,136.0,187723.0
P17,2025,1,3,2,225.0,305811.0
P17,2025,2,1,1,40.0,64953.0
P17,2025,3,4,2,198.0,283136.0
P17,2025,4,2,2,220.0,341275.0
P17,2025,5,1,1,24.0,33147.0
P17,2025,6,3,2,176.0,247975.0
P17,2025,7,2,1,160.0,220856.0
P17,2025,8,2,1,176.0,277334.0
P17,2025,9,3,3,146.0,235207.0
P17,2025,10,2,1,139.0,212028.0
P17,2025,11,3,3,136.0,154633.0
P17,2025,12,2,1,176.0,251128.0
P17,2025,13,3,2,200.0,214678.0
P17,2025,14,2,1,139.0,185947.0
P17,2025,15,2,2,136.0,136213.0
P17,2025,16,3,3,112.0,129593.0
P17,2025,17,2,2,188.0,222111.0
P17,2025,18,4,3,172.0,212379.0
P17,2025,19,2,2,112.0,135571.0
P17,2025,20,5,5,141.5,169916.0
P17,2025,25,4,3,153.5,245017.0
P17,2025,27,5,4,170.0,247769.0
P17,2025,28,4,4,188.0,243590.0
P17,2025,29,3,3,148.0,178335.0
P17,2025,30,5,3,172.0,222944.0
P17,2025,31,2,2,224.0,291134.0
P17,2025,33,2,2,92.0,125118.0
P17,2025,34,3,3,136.0,164616.0
P17,2025,35,2,2,36.0,52439.0
P17,2025,49,2,1,177.0,192893.0
P17,2025,50,3,2,212.0,293093.0
P17,2025,51,4,2,84.0,136022.0
P17,2025,52,1,1,29.0,43248.0
P17,2026,1,2,1,196.0,280188.0
P17,2026,2,1,1,136.0,180706.0
P17,2026,3,2,2,112.0,142334.0
P17,2026,4,2,1,100.0,139970.0
P17,2026,5,2,2,284.0,395472.0
P17,2026,6,1,1,112.0,146351.0
P17,2026,7,2,1,88.0,121914.0
P17,2026,8,2,1,272.0,378741.0
P17,2026,9,1,1,88.0,125990.0
P17,2026,10,2,2,114.0,116698.0
P17,2026,11,5,2,270.0,286128.0
P17,2026,12,2,2,112.0,70916.0
P17,2026,13,1,1,14.1,13748.0
P17,2026,26,1,1,59.0,71863.0
P17,2026,27,2,1,90.5,110333.0
P17,2026,28,3,3,154.0,241389.0
P17,2026,29,3,1,91.0,132867.0
P17,2026,30,3,2,255.0,246214.0
P17,2026,31,2,1,48.0,61095.0
P17,2026,32,4,2,166.0,261575.0
P17,2026,33,3,2,144.0,206531.0
P17,2026,34,3,2,161.0,249182.0
P17,2026,35,4,2,164.0,261374.0
P17,2026,36,2,2,48.0,66422.0
P18,2022,19,4,2,285.0,357782.0
P18,2022,20,1,1,47.0,74681.0
P18,2022,21,1,1,37.5,53028.0
P18,2022,22,2,1,249.2,339404.0
P18,2022,23,1,1,24.0,23800.0
P18,2022,24,3,2,257.0,301449.0
P18,2022,25,1,1,24.0,24108.0
P18,2022,26,3,3,92.0,109905.0
P18,2022,28,3,3,228.0,300531.0
P18,2022,29,1,1,72.0,81410.0
P18,2022,30,3,2,248.0,313662.0
P18,2022,31,1,1,40.0,64129.0
P18,2022,32,3,3,271.0,338022.0
P18,2022,33,1,1,64.0,89076.0
P18,2022,34,3,2,136.0,176209.0
P18,2022,35,3,3,264.0,396707.0
P18,2022,36,1,1,24.0,38448.0
P18,2022,37,3,2,178.0,270251.0
P18,2022,38,3,3,224.0,368351.0
P18,2022,39,2,1,112.0,166329.0
P18,2022,40,5,3,112.0,172288.0
P18,2022,41,5,3,273.2,465724.0
P18,2022,42,2,2,104.0,164941.0
P18,2022,44,1,1,48.0,82141.0
P18,2022,45,1,1,24.0,41949.0
P18,2022,46,1,1,67.5,119530.0
P18,2022,48,1,1,24.0,40577.0
P18,2022,49,1,1,48.0,72472.0
P18,2022,50,2,2,57.0,73600.0
P18,2023,1,1,1,24.0,34977.0
P18,2023,2,1,1,24.0,43097.0
P18,2023,3,1,1,16.0,30868.0
P18,2023,4,1,1,48.0,65447.0
P18,2023,5,1,1,24.0,32586.0
P18,2023,6,2,2,41.0,57353.0
P18,2023,13,2,2,39.0,57623.0
P18,2023,14,1,1,88.0,142337.0
P18,2023,16,2,1,72.0,132448.0
P18,2023,17,1,1,48.0,91433.0
P18,2023,18,1,1,616.0,994105.0
P18,2023,24,2,2,64.0,94855.0
P18,2023,25,2,2,136.0,220108.0
P18,2023,26,1,1,12.0,16158.0
P18,2023,28,4,2,187.0,242113.0
P18,2023,29,1,1,40.0,59976.0
P18,2023,30,3,2,58.0,96550.0
P18,2023,32,5,4,201.5,308947.0
P18,2023,34,1,1,121.0,189753.0
P18,2023,36,4,2,162.0,269247.0
P18,2023,37,1,1,128.0,196295.0
P18,2023,38,1,1,160.0,244563.0
P18,2023,39,1,1,134.0,218155.0
P18,2023,40,2,1,152.0,234440.0
P18,2023,41,1,1,48.0,70583.0
P18,2023,42,3,2,357.0,529102.0
P18,2023,44,2,1,152.0,223948.0
P18,2023,45,2,1,153.0,226838.0
P18,2023,48,5,3,228.0,339184.0
P18,2023,49,2,1,184.0,263315.0
P18,2023,50,1,1,133.0,199100.0
P18,2024,1,3,2,253.0,355812.0
P18,2024,2,1,1,132.0,177940.0
P18,2024,3,2,2,78.0,122034.0
P18,2024,4,2,2,154.0,230193.0
P18,2024,5,2,1,88.0,137025.0
P18,2024,6,4,3,219.0,294037.0
P18,2024,7,2,2,138.0,193571.0
P18,2024,8,2,2,64.0,90543.0
P18,2024,9,4,4,234.0,328634.0
P18,2024,10,2,2,111.0,184995.0
P18,2024,11,4,2,160.0,256623.0
P18,2024,12,2,2,152.0,231234.0
P18,2024,13,3,2,100.0,122292.0
P18,2024,14,3,2,180.0,217341.0
P18,2024,15,3,2,132.0,186651.0
P18,2024,16,2,1,172.0,229656.0
P18,2024,17,2,1,152.0,218053.0
P18,2024,18,3,3,160.0,192454.0
P18,2024,19,5,4,208.0,288987.0
P18,2024,20,1,1,96.0,150712.0
P18,2024,21,2,1,136.0,182642.0
P18,2024,22,3,3,112.0,175432.0
P18,2024,23,4,3,138.0,213734.0
P18,2024,24,2,2,100.0,112396.0
P18,2024,25,3,3,208.0,207543.0
P18,2024,26,3,3,64.0,45199.0
P18,2024,27,2,1,296.0,302037.0
P18,2024,28,1,1,130.0,189204.0
P18,2024,29,1,1,64.0,89181.0
P18,2024,30,3,2,173.0,250378.0
P18,2024,31,4,3,126.0,173285.0
P18,2024,32,2,2,124.0,190772.0
P18,2024,33,3,2,148.0,200205.0
P18,2024,34,2,1,244.0,333760.0
P18,2024,35,2,2,80.0,116571.0
P18,2024,36,4,4,160.0,214570.0
P18,2024,37,2,1,160.0,193240.0
P18,2024,38,3,2,132.0,188009.0
P18,2024,39,4,3,204.0,327925.0
P18,2024,40,3,3,196.0,282505.0
P18,2024,41,4,2,88.0,109351.0
P18,2024,42,4,3,221.0,352205.0
P18,2024,43,3,2,124.0,201745.0
P18,2024,44,5,3,172.0,258811.0
P18,2024,45,3,3,136.0,157276.0
P18,2024,46,4,3,264.0,419298.0
P18,2024,47,1,1,24.0,32816.0
P18,2024,48,2,2,86.0,94341.0
P18,2024,49,2,2,176.0,242920.0
P18,2024,50,4,3,200.0,289773.0
P18,2024,51,2,1,44.1,69264.0
P18,2025,1,3,2,142.0,185706.0
P18,2025,2,3,3,164.0,243000.0
P18,2025,3,2,1,136.0,197903.0
P18,2025,4,2,1,88.0,142886.0
P18,2025,5,3,2,160.0,260856.0
P18,2025,6,4,3,174.0,274135.0
P18,2025,7,3,3,160.0,196927.0
P18,2025,8,3,2,160.0,228446.0
P18,2025,9,4,4,224.0,322303.0
P18,2025,10,2,2,87.0,123037.0
P18,2025,11,2,1,186.0,274792.0
P18,2025,12,3,2,112.0,181489.0
P18,2025,13,4,4,272.0,426008.0
P18,2025,14,1,1,54.0,79154.0
P18,2025,15,3,2,136.0,123863.0
P18,2025,16,5,5,136.0,164112.0
P18,2025,17,4,3,141.0,189058.0
P18,2025,20,1,1,152.0,199125.0
P18,2025,21,1,1,24.0,38201.0
P18,2025,22,4,3,176.0,260896.0
P18,2025,23,3,2,184.0,273387.0
P18,2025,24,3,2,112.0,165695.0
P18,2025,25,3,2,200.0,331437.0
P18,2025,26,5,4,124.0,156977.0
P18,2025,27,2,1,284.0,454069.0
P18,2025,28,1,1,36.0,58905.0
P18,2025,29,4,3,140.0,181434.0
P18,2025,30,3,2,172.0,251618.0
P18,2025,31,3,3,146.0,151906.0
P18,2025,32,2,2,112.0,176228.0
P18,2025,33,3,3,88.0,125208.0
P18,2025,34,2,1,138.0,199391.0
P18,2025,35,1,1,40.0,62289.0
P18,2025,36,4,2,204.0,299471.0
P18,2025,37,1,1,128.0,228408.0
P18,2025,38,1,1,72.0,85055.0
P18,2025,39,2,2,92.0,131191.0
P18,2025,40,2,2,152.0,203432.0
P18,2025,41,3,3,112.0,138396.0
P18,2025,42,2,1,248.0,409821.0
P18,2025,43,2,2,76.0,133458.0
P18,2025,44,4,2,246.5,391092.0
P18,2025,45,3,3,148.0,246896.0
P18,2025,46,4,2,72.0,125493.0
P18,2025,47,3,2,134.0,211810.0
P18,2025,51,1,1,25.0,7263.0
P18,2025,52,1,1,27.5,29345.0
P18,2026,1,2,1,84.8,86798.0
P18,2026,2,4,3,250.0,323037.0
P18,2026,3,2,1,48.0,64472.0
P18,2026,4,4,2,176.0,256893.0
P18,2026,5,3,3,136.0,180640.0
P18,2026,6,3,2,225.0,304523.0
P18,2026,7,2,2,120.0,135395.0
P18,2026,8,2,2,89.5,91971.0
P18,2026,10,1,1,26.0,18230.0
P18,2026,11,3,3,113.5,104911.0
P18,2026,12,3,3,256.0,335216.0
P18,2026,13,3,2,172.0,236213.0
P18,2026,14,2,1,152.0,199342.0
P18,2026,15,2,2,92.0,110097.0
P18,2026,16,1,1,35.0,56654.0
P18,2026,18,2,2,115.0,123164.0
P18,2026,19,4,4,159.0,158376.0
P18,2026,20,4,3,136.0,197933.0
P18,2026,21,2,2,209.8,328067.0
P18,2026,22,2,1,48.0,75431.0
P18,2026,23,3,1,283.0,380259.0
P18,2026,24,1,1,24.0,35521.0
P18,2026,25,2,2,190.0,206650.0
P18,2026,26,4,3,208.0,304970.0
P18,2026,27,2,1,24.0,38616.0
P18,2026,29,1,1,108.0,83515.0
P18,2026,30,3,3,92.0,131199.0
P18,2026,31,2,1,238.0,242633.0
P18,2026,32,2,1,84.0,114682.0
P18,2026,33,4,3,169.0,213424.0
P18,2026,34,3,2,112.0,121990.0
P18,2026,35,4,3,138.0,177469.0
P18,2026,36,3,2,52.0,62271.0
P19,2023,43,2,2,88.0,67584.0
P19,2023,46,1,1,96.0,122897.0
P19,2023,48,3,1,285.0,395264.0
P19,2023,49,2,2,109.0,147149.0
P19,2023,50,2,1,164.0,270016.0
P19,2024,1,3,2,210.0,350044.0
P19,2024,2,2,2,208.0,308270.0
P19,2024,3,1,1,72.0,119330.0
P19,2024,4,2,2,170.0,279075.0
P19,2024,5,2,1,160.0,246200.0
P19,2024,6,2,1,56.5,85409.0
P19,2024,8,3,2,66.0,90810.0
P19,2024,9,3,2,152.0,224288.0
P19,2024,10,4,3,239.0,378007.0
P19,2024,11,2,1,112.0,159858.0
P19,2024,12,3,2,112.0,174040.0
P19,2024,13,3,1,154.0,203361.0
P19,2024,14,3,2,169.5,205560.0
P19,2024,15,3,3,160.0,210754.0
P19,2024,16,2,1,176.0,235918.0
P19,2024,17,2,1,160.0,218188.0
P19,2024,18,3,2,248.0,318382.0
P19,2024,19,1,1,48.0,73287.0
P19,2024,20,3,2,128.0,193099.0
P19,2024,21,3,2,272.0,432139.0
P19,2024,22,1,1,160.0,276048.0
P19,2024,23,1,1,40.0,53763.0
P19,2024,24,3,2,267.0,389907.0
P19,2024,25,1,1,64.0,116672.0
P19,2024,26,3,1,136.0,217058.0
P19,2024,27,2,1,161.0,236744.0
P19,2024,28,3,2,172.0,272524.0
P19,2024,29,3,2,97.0,134301.0
P19,2024,30,2,1,210.0,313326.0
P19,2024,31,2,1,136.0,169049.0
P19,2024,32,3,2,248.0,355720.0
P19,2024,33,1,1,112.0,185941.0
P19,2024,34,2,2,200.0,289894.0
P19,2024,35,1,1,48.0,66868.0
P19,2024,36,3,2,176.0,306159.0
P19,2024,37,4,3,136.0,188841.0
P19,2024,38,3,3,148.0,207973.0
P19,2024,39,2,1,164.0,267368.0
P19,2024,40,2,1,132.8,207480.0
P19,2024,48,1,1,8.0,5543.0
P19,2024,49,3,2,164.0,140721.0
P19,2024,50,2,2,224.0,347330.0
P19,2024,51,1,1,24.0,38105.0
P19,2025,1,3,2,128.0,195170.0
P19,2025,2,3,3,160.0,256737.0
P19,2025,3,3,2,238.0,351273.0
P19,2025,4,1,1,64.0,102589.0
P19,2025,5,3,2,96.0,105786.0
P19,2025,6,4,3,200.0,125513.0
P19,2025,7,2,2,132.0,145421.0
P19,2025,8,2,1,176.0,274845.0
P19,2025,9,2,1,160.0,248000.0
P19,2025,10,2,1,111.0,161555.0
P19,2025,11,2,2,168.0,164334.0
P19,2025,12,2,1,184.0,258051.0
P19,2025,13,2,2,270.0,309754.0
P19,2025,14,2,2,26.0,34554.0
P19,2025,15,3,2,136.0,177210.0
P19,2025,16,3,2,250.0,387722.0
P19,2025,17,2,2,51.0,82590.0
P19,2025,21,1,1,32.0,7981.0
P19,2025,22,2,1,230.0,259362.0
P19,2025,23,1,1,160.0,222301.0
P19,2025,24,1,1,24.0,18354.0
P19,2025,26,2,1,170.5,252770.0
P19,2025,27,2,1,284.0,463100.0
P19,2025,28,1,1,152.0,229806.0
P19,2025,29,1,1,160.0,235287.0
P19,2025,30,1,1,160.0,195493.0
P19,2025,31,1,1,128.0,184771.0
P19,2025,34,1,1,40.3,57642.0
P19,2025,35,1,1,72.0,116694.0
P19,2025,36,2,1,184.0,273791.0
P19,2025,37,1,1,126.0,178123.0
P19,2025,38,1,1,88.0,138335.0
P19,2025,39,1,1,42.0,69128.0
P19,2025,40,2,1,248.0,326451.0
P19,2025,41,1,1,157.0,238838.0
P19,2025,42,2,2,152.0,247447.0
P19,2025,43,1,1,160.0,253989.0
P19,2025,44,2,2,152.0,204178.0
P19,2025,45,2,2,121.0,184195.0
P19,2025,46,2,1,70.0,99493.0
P19,2025,47,2,1,136.0,204396.0
P19,2025,49,2,1,215.0,311407.0
P19,2025,50,1,1,153.0,189107.0
P19,2025,51,1,1,63.0,101194.0
P19,2026,1,2,1,188.6,260091.0
P19,2026,2,2,1,184.0,273934.0
P19,2026,3,2,2,160.0,257689.0
P19,2026,4,1,1,16.0,20881.0
P19,2026,5,2,2,296.0,465017.0
P19,2026,6,1,1,85.0,140426.0
P19,2026,7,3,2,226.0,336759.0
P19,2026,8,1,1,41.0,71891.0
P19,2026,9,3,2,200.0,328002.0
P19,2026,10,2,2,223.0,369587.0
P19,2026,11,1,1,160.0,243536.0
P19,2026,12,1,1,160.0,271896.0
P19,2026,13,1,1,112.0,195690.0
P19,2026,14,2,1,176.0,308303.0
P19,2026,15,1,1,160.0,271710.0
P19,2026,16,1,1,16.0,24032.0
P19,2026,17,2,1,216.0,295505.0
P19,2026,18,3,1,242.0,428623.0
P19,2026,19,1,1,121.0,187510.0
P19,2026,20,3,2,103.0,172206.0
P19,2026,22,2,1,101.8,154417.0
P19,2026,25,3,2,265.0,273484.0
P19,2026,26,1,1,132.0,204695.0
P19,2026,27,2,1,88.0,130902.0
P19,2026,28,3,2,229.0,311075.0
P19,2026,29,2,1,70.0,80603.0
P19,2026,30,2,1,212.0,254511.0
P19,2026,31,2,2,182.0,226403.0
P19,2026,32,1,1,152.0,225847.0
P19,2026,33,1,1,106.0,179770.0
P19,2026,34,2,1,72.0,94096.0
P19,2026,35,2,1,184.0,282081.0
P19,2026,36,3,3,48.0,82436.0
P20,2023,49,1,1,76.0,142373.0
P20,2024,15,4,3,177.5,208642.0
P20,2024,16,4,3,224.0,319774.0
P20,2024,17,2,2,72.0,74547.0
P20,2024,18,5,4,184.0,247211.0
P20,2024,19,4,4,152.0,218151.0
P20,2024,20,3,2,128.0,158244.0
P20,2024,21,2,2,272.0,398286.0
P20,2024,22,1,1,88.0,145158.0
P20,2024,23,3,3,136.0,202896.0
P20,2024,24,2,2,136.0,182418.0
P20,2024,25,2,2,152.0,231558.0
P20,2024,26,4,4,160.0,237265.0
P20,2024,27,2,2,131.0,198682.0
P20,2024,28,4,3,164.0,240283.0
P20,2024,29,4,3,138.0,207871.0
P20,2024,30,6,5,174.0,268824.0
P20,2024,31,3,3,124.0,181779.0
P20,2024,32,3,2,200.0,288357.0
P20,2024,33,4,3,160.0,198941.0
P20,2024,34,2,2,136.0,202949.0
P20,2024,35,3,3,114.0,98784.0
P20,2024,36,3,3,147.0,222726.0
P20,2024,37,2,1,160.0,252880.0
P20,2024,38,3,2,198.0,336592.0
P20,2024,39,4,3,112.0,176661.0
P20,2024,40,3,3,171.0,254156.0
P20,2024,41,5,4,124.0,184677.0
P20,2024,42,4,4,158.0,243897.0
P20,2024,43,4,3,244.0,410015.0
P20,2024,44,3,3,121.0,201133.0
P20,2024,45,3,3,152.0,252645.0
P20,2024,46,6,5,136.0,203717.0
P20,2024,47,3,2,136.0,218726.0
P20,2024,48,2,2,109.2,160105.0
P20,2024,49,2,2,112.0,168736.0
P20,2024,50,5,3,272.0,325493.0
P20,2024,51,2,2,112.0,183852.0
P20,2025,1,2,2,66.5,29611.0
P20,2025,2,2,2,112.0,173429.0
P20,2025,3,3,3,160.8,244633.0
P20,2025,5,1,1,20.0,28198.0
P20,2025,6,5,3,184.0,285889.0
P20,2025,7,3,3,264.0,417773.0
P20,2025,8,1,1,72.0,117251.0
P20,2025,9,2,2,150.0,231292.0
P20,2025,10,3,3,127.0,198452.0
P20,2025,11,2,2,253.7,211540.0
P20,2025,12,1,1,128.0,175603.0
P20,2025,13,1,1,160.0,199385.0
P20,2025,14,2,2,47.0,68653.0
P20,2025,15,5,3,184.0,291005.0
P20,2025,16,3,2,148.0,193620.0
P20,2025,17,2,2,112.0,180183.0
P20,2025,18,4,2,168.0,265733.0
P20,2025,19,2,2,200.0,316364.0
P20,2025,20,3,2,112.0,193888.0
P20,2025,21,3,3,160.0,200071.0
P20,2025,22,4,3,160.0,261456.0
P20,2025,23,3,3,136.0,199431.0
P20,2025,24,3,3,176.0,268628.0
P20,2025,25,2,2,172.0,203150.0
P20,2025,26,4,4,120.0,175564.0
P20,2025,27,1,1,49.2,70930.0
P20,2025,28,4,3,144.0,142869.0
P20,2025,29,4,4,182.0,282644.0
P20,2025,30,2,2,136.0,207181.0
P20,2025,31,3,2,123.0,189766.0
P20,2025,33,2,2,48.0,17067.0
P20,2025,34,3,3,128.8,198411.0
P20,2025,35,1,1,28.0,43514.0
P20,2025,36,5,4,132.0,193614.0
P20,2025,37,4,2,144.0,204159.0
P20,2025,38,3,3,148.0,209072.0
P20,2025,39,2,2,73.0,67895.0
P20,2025,40,3,3,136.0,168023.0
P20,2025,41,4,4,184.0,215776.0
P20,2025,42,3,2,152.0,239230.0
P20,2025,43,2,2,160.0,209179.0
P20,2025,44,4,4,200.0,260772.0
P20,2025,45,2,2,76.0,105726.0
P20,2025,46,4,2,135.0,181073.0
P20,2025,49,3,3,178.1,207912.0
P20,2025,50,5,4,196.0,295307.0
P20,2025,51,4,4,99.0,142437.0
P20,2025,52,1,1,19.0,28655.0
P20,2026,1,2,1,152.1,201799.0
P20,2026,2,2,2,64.0,78170.0
P20,2026,3,4,3,160.0,236083.0
P20,2026,4,5,3,176.0,292713.0
P20,2026,5,3,2,224.0,380710.0
P20,2026,6,2,2,106.0,158462.0
P20,2026,7,4,3,124.0,175829.0
P20,2026,8,4,3,172.0,283776.0
P20,2026,9,3,3,200.0,335279.0
P20,2026,10,2,1,111.0,201459.0
P20,2026,11,4,4,160.0,219915.0
P20,2026,12,2,2,265.0,441724.0
P20,2026,13,2,2,96.0,168204.0
P20,2026,14,2,2,64.0,111322.0
P20,2026,15,4,2,93.5,155011.0
P20,2026,17,4,4,160.0,174413.0
P20,2026,18,6,3,218.0,326524.0
P20,2026,19,3,3,148.0,215698.0
P20,2026,20,4,3,124.0,139289.0
P20,2026,21,3,3,176.0,276417.0
P20,2026,22,3,2,101.8,172955.0
P20,2026,23,3,3,185.0,280176.0
P20,2026,24,2,2,71.0,64584.0
P20,2026,25,3,2,158.0,242245.0
P20,2026,26,2,2,127.5,207753.0
P20,2026,27,4,3,160.0,271461.0
P20,2026,28,3,3,179.0,261636.0
P20,2026,29,2,2,114.0,171832.0
P20,2026,30,3,2,153.0,238735.0
P20,2026,31,5,3,124.0,142106.0
P20,2026,32,6,4,175.0,143542.0
P20,2026,33,4,4,190.5,266721.0
P20,2026,34,3,2,134.0,209779.0
P20,2026,35,5,4,118.0,181446.0
P20,2026,36,4,3,60.0,90475.0
P21,2020,25,1,1,12.0,15200.0
P21,2024,44,2,1,155.0,160977.0
P21,2024,45,2,1,218.0,187228.0
P21,2024,46,2,1,104.0,127161.0
P21,2024,47,2,2,112.8,186123.0
P21,2025,17,1,1,19.5,26410.0
P21,2025,18,4,2,180.0,277062.0
P21,2025,19,3,3,176.0,271174.0
P21,2025,20,3,2,184.0,287616.0
P21,2025,21,2,2,170.0,288382.0
P21,2025,22,2,2,112.0,184157.0
P21,2025,23,2,1,208.0,307061.0
P21,2025,24,2,1,192.0,287994.0
P21,2025,25,2,2,88.0,119852.0
P21,2025,26,3,3,112.0,165442.0
P21,2025,27,2,1,172.0,275698.0
P21,2025,28,5,5,136.0,201866.0
P21,2025,29,2,1,276.0,454673.0
P21,2025,30,1,1,88.0,137169.0
P21,2025,31,2,2,136.0,159357.0
P21,2025,32,2,2,61.0,79001.0
P21,2025,33,4,4,88.0,115828.0
P21,2025,34,2,1,112.0,157575.0
P21,2025,35,1,1,36.0,44883.0
P21,2025,36,4,3,140.0,198856.0
P21,2025,37,3,2,88.0,140674.0
P21,2025,38,2,2,176.0,257766.0
P21,2025,39,2,1,59.6,79010.0
P21,2025,40,3,3,136.0,203108.0
P21,2025,41,3,2,130.0,199385.0
P21,2025,43,1,1,154.0,207815.0
P21,2025,44,2,2,109.5,150572.0
P21,2025,45,2,1,112.0,146609.0
P21,2025,46,4,3,198.0,260864.0
P21,2025,47,3,2,48.0,65062.0
P21,2025,49,3,2,274.2,384921.0
P21,2025,50,2,2,172.0,244845.0
P21,2025,51,2,1,74.0,119030.0
P21,2026,1,3,2,149.1,144512.0
P21,2026,2,2,1,116.0,144276.0
P21,2026,3,2,1,243.0,301611.0
P21,2026,4,1,1,28.0,34443.0
P21,2026,5,4,3,292.0,375789.0
P21,2026,6,1,1,88.0,128432.0
P21,2026,7,2,2,224.0,342016.0
P21,2026,8,1,1,48.0,68306.0
P21,2026,9,3,3,200.0,289261.0
P21,2026,10,2,2,111.0,179239.0
P21,2026,11,4,3,274.0,431720.0
P21,2026,12,1,1,112.0,169811.0
P21,2026,13,2,2,160.0,248910.0
P21,2026,14,2,2,152.0,178965.0
P21,2026,15,3,3,96.0,132756.0
P21,2026,16,4,3,199.0,291982.0
P21,2026,17,3,2,176.0,268082.0
P21,2026,18,2,1,208.0,296272.0
P21,2026,19,1,1,72.0,91295.0
P21,2026,20,3,1,128.0,167305.0
P21,2026,21,3,3,148.0,202923.0
P21,2026,22,2,1,141.5,152064.0
P21,2026,23,2,1,288.0,424444.0
P21,2026,24,1,1,24.0,39258.0
P21,2026,25,3,3,282.0,404808.0
P21,2026,26,1,1,103.0,165015.0
P21,2026,27,4,3,212.0,348629.0
P21,2026,28,1,1,48.0,78116.0
P21,2026,29,3,3,79.5,134047.0
P21,2026,32,4,4,153.0,174307.0
P21,2026,33,3,3,261.0,376419.0
P21,2026,34,2,1,71.0,110147.0
P21,2026,35,2,1,148.0,226607.0
P21,2026,36,1,1,40.0,64961.0
P22,2025,43,1,1,16.0,25968.0
P22,2025,44,2,2,114.0,160364.0
P22,2025,45,1,1,35.0,27352.0
P22,2025,46,2,2,108.0,117730.0
P22,2025,47,3,2,40.0,47338.0
P22,2025,49,1,1,82.0,75814.0
P22,2025,50,5,4,156.0,184648.0
P22,2025,51,4,3,110.0,149719.0
P22,2026,1,2,2,156.6,191213.0
P22,2026,2,4,3,176.0,213143.0
P22,2026,3,1,1,60.0,58857.0
P22,2026,4,4,3,141.0,214256.0
P22,2026,5,2,1,271.0,452461.0
P22,2026,6,2,2,112.0,174984.0
P22,2026,7,2,1,224.0,356473.0
P22,2026,8,1,1,50.0,66998.0
P22,2026,9,1,1,100.0,164872.0
P22,2026,10,2,2,111.0,144864.0
P22,2026,11,3,2,264.0,411254.0
P22,2026,12,1,1,112.0,142227.0
P22,2026,13,3,2,160.0,274798.0
P22,2026,14,2,2,136.0,230419.0
P22,2026,15,6,4,112.0,188875.0
P22,2026,16,4,4,136.0,217418.0
P22,2026,17,5,5,176.0,217281.0
P22,2026,18,4,2,199.0,299184.0
P22,2026,19,2,2,108.0,166525.0
P22,2026,20,2,2,148.0,251886.0
P22,2026,21,4,3,136.0,220571.0
P22,2026,22,3,2,128.5,172125.0
P22,2026,23,3,2,200.0,295528.0
P22,2026,24,2,2,116.0,144594.0
P22,2026,25,3,3,178.0,266271.0
P22,2026,26,3,2,200.0,310601.0
P22,2026,27,4,2,84.0,119899.0
P22,2026,28,4,4,181.0,226532.0
P22,2026,29,3,2,199.5,240524.0
P22,2026,30,2,1,64.0,86785.0
P22,2026,31,4,2,173.0,289407.0
P22,2026,32,5,4,189.8,233734.0
P22,2026,33,1,1,82.0,96958.0
P22,2026,34,4,3,112.0,178503.0
P22,2026,35,4,3,160.0,229476.0
P22,2026,36,1,1,40.0,74550.0
