Year Start,Month Start,Day Start,Machine,Product,Tons,gen_idtypemaille,Year End,Month End,Day End,Hours
2026,10,12,P02,120436,18.931,4,2026,10,19,24.413
2026,11,23,P02,120436,17.463,4,2026,11,30,23
2027,2,8,P02,120436,34.807,4,2027,2,15,46.709
2027,7,19,P02,120436,94.312,4,2027,7,26,126.559
2027,11,1,P02,120436,17.208,4,2027,11,8,23.092
2026,9,7,P02,120464,49.14,4,2026,9,14,64.175
2026,9,14,P02,120464,29.297,4,2026,9,21,38.261
2026,9,28,P02,120464,53.296,4,2026,10,5,68.73
2026,11,2,P02,120464,45.156,4,2026,11,9,59.476
2026,11,9,P02,120464,18,4,2026,11,16,23.708
2026,11,30,P02,120464,43.97,4,2026,12,7,59.176
2026,12,7,P02,120464,69.74,4,2026,12,14,93.858
2026,12,14,P02,120464,27.4,4,2026,12,21,36.876
2027,1,11,P02,120464,46.773,4,2027,1,18,62.766
2027,2,1,P02,120464,41.746,4,2027,2,8,56.02
2027,2,15,P02,120464,40.532,4,2027,2,22,54.391
2027,3,1,P02,120464,24.517,4,2027,3,8,32.899
2027,3,22,P02,120464,81.742,4,2027,3,29,109.691
2027,4,5,P02,120464,47.942,4,2027,4,12,64.334
2027,5,3,P02,120464,96.761,4,2027,5,10,129.845
2027,6,14,P02,120464,81.131,4,2027,6,21,108.871
2027,8,9,P02,120464,81.742,4,2027,8,16,109.691
2027,8,30,P02,120464,41.85,4,2027,9,6,56.159
2027,9,6,P02,120464,45.602,4,2027,9,13,61.195
2027,9,20,P02,120464,37.382,4,2027,9,27,50.164
2027,9,27,P02,120464,34.944,4,2027,10,4,46.892
2027,10,4,P02,120464,93.152,4,2027,10,11,125.002
2027,10,11,P02,120464,50.039,4,2027,10,18,67.148
2027,10,25,P02,120464,84.798,4,2027,11,1,113.792
2027,11,1,P02,120464,19.552,4,2027,11,8,26.237
2027,11,29,P02,120464,76.243,4,2027,12,6,102.312
2027,12,6,P02,120464,25.039,4,2027,12,13,33.6
2027,12,13,P02,120464,94.403,4,2027,12,20,126.682
2028,1,3,P02,120464,22.162,4,2028,1,10,29.74
2028,1,17,P02,120464,9.324,4,2028,1,24,12.513
2026,8,24,P02,241287,29.619,4,2026,8,31,39.123
2026,9,7,P02,241287,25.991,4,2026,9,14,33.943
2026,9,14,P02,241287,24.549,4,2026,9,21,32.059
2026,9,21,P02,241287,30.083,4,2026,9,28,39.288
2026,10,5,P02,241287,78.363,4,2026,10,12,101.056
2026,10,26,P02,241287,19.374,4,2026,11,2,24.985
2026,11,9,P02,241287,33.752,4,2026,11,16,44.455
2026,11,30,P02,241287,51.67,4,2026,12,7,69.539
2026,12,7,P02,241287,18,4,2026,12,14,24.225
2027,1,4,P02,241287,38.93,4,2027,1,11,52.241
2027,1,18,P02,241287,18,4,2027,1,25,24.155
2027,1,25,P02,241287,27.129,4,2027,2,1,36.405
2027,2,8,P02,241287,24.494,4,2027,2,15,32.869
2027,2,15,P02,241287,26.318,4,2027,2,22,35.316
2027,2,22,P02,241287,24.765,4,2027,3,1,33.233
2027,3,1,P02,241287,23.975,4,2027,3,8,32.173
2027,3,8,P02,241287,25.15,4,2027,3,15,33.749
2027,4,12,P02,241287,99.742,4,2027,4,19,133.845
2027,4,19,P02,241287,43.351,4,2027,4,26,58.174
2027,5,10,P02,241287,69.538,4,2027,5,17,93.314
2027,5,24,P02,241287,43.425,4,2027,5,31,58.273
2027,6,21,P02,241287,44.576,4,2027,6,28,59.817
2027,8,2,P02,241287,18.837,4,2027,8,9,25.278
2027,8,16,P02,241287,112.525,4,2027,8,23,151
2027,8,30,P02,241287,32.034,4,2027,9,6,42.987
2027,9,6,P02,241287,29.946,4,2027,9,13,40.185
2027,9,13,P02,241287,28.936,4,2027,9,20,38.83
2027,9,20,P02,241287,27.234,4,2027,9,27,36.546
2027,9,27,P02,241287,25.836,4,2027,10,4,34.67
2027,10,18,P02,241287,29.143,4,2027,10,25,39.108
2027,11,1,P02,241287,13.286,4,2027,11,8,17.829
2027,12,6,P02,241287,83.251,4,2027,12,13,111.716
2027,12,20,P02,241287,3.281,4,2027,12,27,4.402
2028,1,10,P02,241287,19.53,4,2028,1,17,26.208
2026,9,7,P02,241288,20.09,4,2026,9,14,26.237
2026,11,2,P02,241288,18,4,2026,11,9,23.708
2027,1,25,P02,241288,35.917,4,2027,2,1,48.198
2027,3,8,P02,241288,22.792,4,2027,3,15,30.585
2027,4,19,P02,241288,36.666,4,2027,4,26,49.203
2027,5,3,P02,241288,18,4,2027,5,10,24.155
2027,5,10,P02,241288,18,4,2027,5,17,24.155
2027,5,31,P02,241288,18,4,2027,6,7,24.155
2027,8,23,P02,241288,18,4,2027,8,30,24.155
2027,9,13,P02,241288,18,4,2027,9,20,24.155
2027,9,27,P02,241288,7.808,4,2027,10,4,10.478
2027,10,25,P02,241288,32.944,4,2027,11,1,44.208
2027,11,1,P02,241288,4.186,4,2027,11,8,5.617
2026,9,7,P02,280045,18.11,4,2026,9,14,23.651
2026,9,28,P02,280045,18,4,2026,10,5,23.213
2026,10,5,P02,280045,26.156,4,2026,10,12,33.731
2026,10,12,P02,280045,37.529,4,2026,10,19,48.397
2026,11,9,P02,280045,18.38,4,2026,11,16,24.208
2026,12,7,P02,280045,22.23,4,2026,12,14,29.918
2026,12,21,P02,280045,18,4,2026,12,28,24.225
2026,12,28,P02,280045,19.89,4,2027,1,4,26.691
2027,1,11,P02,280045,18,4,2027,1,18,24.155
2027,1,25,P02,280045,25.32,4,2027,2,1,33.977
2027,2,15,P02,280045,18.45,4,2027,2,22,24.758
2027,3,8,P02,280045,18,4,2027,3,15,24.155
2027,3,15,P02,280045,25.75,4,2027,3,22,34.554
2027,3,29,P02,280045,18,4,2027,4,5,24.155
2027,4,26,P02,280045,29.495,4,2027,5,3,39.58
2027,5,17,P02,280045,26.46,4,2027,5,24,35.507
2027,6,28,P02,280045,19.89,4,2027,7,5,26.691
2027,7,19,P02,280045,23.43,4,2027,7,26,31.441
2027,8,9,P02,280045,18,4,2027,8,16,24.155
2027,8,30,P02,280045,18,4,2027,9,6,24.155
2027,9,20,P02,280045,18,4,2027,9,27,24.155
2027,10,4,P02,280045,18,4,2027,10,11,24.155
2027,10,11,P02,280045,18,4,2027,10,18,24.155
2027,10,18,P02,280045,18,4,2027,10,25,24.155
2027,11,8,P02,280045,18,4,2027,11,15,24.155
2027,11,29,P02,280045,18,4,2027,12,6,24.155
2027,12,27,P02,280045,23.91,4,2028,1,3,32.085
2028,1,10,P02,280045,25.06,4,2028,1,17,33.629
2026,8,31,P02,280105,19.083,4,2026,9,7,24.922
2026,9,21,P02,280105,27.79,4,2026,9,28,36.293
2026,10,12,P02,280105,30.06,4,2026,10,19,38.765
2026,10,19,P02,280105,18,4,2026,10,26,23.213
2026,10,26,P02,280105,25.989,4,2026,11,2,33.515
2026,12,21,P02,280105,23.61,4,2026,12,28,31.775
2027,1,4,P02,280105,35.97,4,2027,1,11,48.269
2027,1,18,P02,280105,18,4,2027,1,25,24.155
2027,2,1,P02,280105,32.65,4,2027,2,8,43.814
2027,2,15,P02,280105,32.441,4,2027,2,22,43.534
2027,2,22,P02,280105,31.76,4,2027,3,1,42.619
2027,3,1,P02,280105,33.25,4,2027,3,8,44.619
2027,3,8,P02,280105,33.8,4,2027,3,15,45.357
2027,3,15,P02,280105,33.29,4,2027,3,22,44.673
2027,4,5,P02,280105,33.8,4,2027,4,12,45.357
2027,4,19,P02,280105,32.508,4,2027,4,26,43.623
2027,4,26,P02,280105,50.247,4,2027,5,3,67.427
2027,5,24,P02,280105,33.36,4,2027,5,31,44.767
2027,5,31,P02,280105,40.718,4,2027,6,7,54.641
2027,6,28,P02,280105,36.35,4,2027,7,5,48.779
2027,7,5,P02,280105,33.534,4,2027,7,12,45
2027,8,23,P02,280105,78.197,4,2027,8,30,104.934
2027,10,11,P02,280105,30.6,4,2027,10,18,41.063
2027,10,18,P02,280105,31.78,4,2027,10,25,42.646
2027,11,1,P02,280105,14.285,4,2027,11,8,19.169
2027,12,20,P02,280105,15.16,4,2027,12,27,20.344
2027,12,27,P02,280105,21.05,4,2028,1,3,28.247
2028,1,3,P02,280105,3.556,4,2028,1,10,4.772
2028,1,17,P02,280105,13.065,4,2028,1,24,17.532
2028,1,24,P02,280105,6.824,4,2028,1,31,9.158
2026,9,28,P02,280106,18,4,2026,10,5,23.213
2026,11,2,P02,280106,18,4,2026,11,9,23.708
2026,11,9,P02,280106,18,4,2026,11,16,23.708
2026,11,30,P02,280106,21.76,4,2026,12,7,29.285
2027,1,4,P02,280106,18,4,2027,1,11,24.155
2027,1,11,P02,280106,18,4,2027,1,18,24.155
2027,1,25,P02,280106,29.376,4,2027,2,1,39.42
2027,2,8,P02,280106,26.43,4,2027,2,15,35.467
2027,2,22,P02,280106,18,4,2027,3,1,24.155
2027,3,1,P02,280106,18,4,2027,3,8,24.155
2027,3,22,P02,280106,18,4,2027,3,29,24.155
2027,4,5,P02,280106,18,4,2027,4,12,24.155
2027,4,12,P02,280106,18,4,2027,4,19,24.155
2027,5,31,P02,280106,25.646,4,2027,6,7,34.415
2027,7,12,P02,280106,49.368,4,2027,7,19,66.248
2027,8,23,P02,280106,21.545,4,2027,8,30,28.911
2027,9,13,P02,280106,18,4,2027,9,20,24.155
2027,9,20,P02,280106,17.23,4,2027,9,27,23.121
2027,10,11,P02,280106,13.542,4,2027,10,18,18.172
2027,10,18,P02,280106,14.604,4,2027,10,25,19.598
2027,11,1,P02,280106,5.44,4,2027,11,8,7.3
2027,11,22,P02,280106,2.059,4,2027,11,29,2.763
2027,11,29,P02,280106,3.288,4,2027,12,6,4.413
2027,12,20,P02,280106,5.197,4,2027,12,27,6.974
2028,1,3,P02,280106,7.481,4,2028,1,10,10.039
2028,1,17,P02,280106,7.815,4,2028,1,24,10.487
2028,1,24,P02,280106,7.731,4,2028,1,31,10.374
2026,8,3,P02,280166,35,4,2026,8,10,46.23
2026,8,10,P02,280166,28,4,2026,8,17,36.984
2026,8,31,P02,280166,35.431,4,2026,9,7,46.272
2026,9,14,P02,280166,49.14,4,2026,9,21,64.175
2026,9,21,P02,280166,45.11,4,2026,9,28,58.912
2027,1,18,P02,280166,81.742,4,2027,1,25,109.691
2027,2,1,P02,280166,25.345,4,2027,2,8,34.011
2027,3,15,P02,280166,58.702,4,2027,3,22,78.773
2027,5,10,P02,280166,30.204,4,2027,5,17,40.531
2027,9,13,P02,280166,29.589,4,2027,9,20,39.706
2027,11,8,P02,280166,12.424,4,2027,11,15,16.672
2027,11,15,P02,280166,49.284,4,2027,11,22,66.135
2027,11,22,P02,280166,15.081,4,2027,11,29,20.237
2027,12,6,P02,280166,5.328,4,2027,12,13,7.149
2027,12,20,P02,280166,23.54,4,2027,12,27,31.589
2028,1,3,P02,280166,11.596,4,2028,1,10,15.562
2026,8,10,P02,280344,90,4,2026,8,17,118.878
2026,8,17,P02,280344,90,4,2026,8,24,118.878
2026,8,24,P02,280344,90,4,2026,8,31,118.878
2026,10,19,P02,280344,74.15,4,2026,10,26,95.623
2026,11,16,P02,280344,62.45,4,2026,11,23,82.253
2026,12,14,P02,280344,90,4,2026,12,21,121.124
2027,5,17,P02,280344,67.322,4,2027,5,24,90.34
2027,6,7,P02,280344,66.46,4,2027,6,14,89.184
2027,7,26,P02,280344,99.742,4,2027,8,2,133.845
2027,8,2,P02,280344,98.904,4,2027,8,9,132.722
2027,10,18,P02,280344,12.158,4,2027,10,25,16.315
2027,11,1,P02,280344,20.498,4,2027,11,8,27.507
2027,11,8,P02,280344,26.784,4,2027,11,15,35.942
2027,11,15,P02,280344,47.698,4,2027,11,22,64.006
2027,12,13,P02,280344,18.718,4,2027,12,20,25.119
2027,12,20,P02,280344,22.489,4,2027,12,27,30.178
2027,12,27,P02,280344,39.248,4,2028,1,3,52.668
2028,1,3,P02,280344,21.309,4,2028,1,10,28.595
2028,1,17,P02,280344,21.086,4,2028,1,24,28.296
2028,1,24,P02,280344,21.108,4,2028,1,31,28.325
2026,10,19,P02,280434,30.37,4,2026,10,26,39.165
2026,11,16,P02,280434,57.51,4,2026,11,23,75.747
2027,5,17,P02,280434,23.96,4,2027,5,24,32.152
2027,6,7,P02,280434,23.54,4,2027,6,14,31.589
2027,9,20,P02,280434,16.939,4,2027,9,27,22.731
2027,11,29,P02,280434,10.06,4,2027,12,6,13.5
2028,1,3,P02,280434,4.055,4,2028,1,10,5.441
2028,1,17,P02,280434,4.06,4,2028,1,24,5.448
2028,1,24,P02,280434,4.5,4,2028,1,31,6.039
2026,8,31,P02,280571,33.913,4,2026,9,7,44.289
2026,11,9,P02,280571,31.828,4,2026,11,16,41.921
2026,12,28,P02,280571,5.447,4,2027,1,4,7.31
2027,1,4,P02,280571,24.842,4,2027,1,11,33.335
2027,3,29,P02,280571,11.063,4,2027,4,5,14.845
2027,5,24,P02,280571,35.74,4,2027,5,31,47.96
2027,5,31,P02,280571,33.377,4,2027,6,7,44.79
2027,6,7,P02,280571,9.742,4,2027,6,14,13.072
2027,6,14,P02,280571,31.395,4,2027,6,21,42.129
2027,6,21,P02,280571,60.946,4,2027,6,28,81.785
2027,6,28,P02,280571,15.548,4,2027,7,5,20.864
2027,7,12,P02,280571,35.232,4,2027,7,19,47.279
2027,9,6,P02,280571,24.193,4,2027,9,13,32.465
2027,11,1,P02,280571,18.307,4,2027,11,8,24.566
2027,9,27,P02,280573,9.03,4,2027,10,4,12.118
2026,8,31,P02,280573,32.558,4,2026,9,7,42.52
2026,10,26,P02,280573,21.086,4,2026,11,2,27.192
2026,11,2,P02,280573,20.804,4,2026,11,9,27.4
2027,6,21,P02,280573,12.22,4,2027,6,28,16.398
2027,6,28,P02,280573,12.42,4,2027,7,5,16.667
2027,7,12,P02,280573,27.18,4,2027,7,19,36.473
2026,9,28,P02,280580,23.918,4,2026,10,5,30.844
2026,10,5,P02,280580,18,4,2026,10,12,23.213
2026,10,12,P02,280580,18,4,2026,10,19,23.213
2026,10,26,P02,280580,28.766,4,2026,11,2,37.096
2027,1,11,P02,280580,29.752,4,2027,1,18,39.925
2027,2,8,P02,280580,30.52,4,2027,2,15,40.955
2027,2,22,P02,280580,18,4,2027,3,1,24.155
2027,3,22,P02,280580,18,4,2027,3,29,24.155
2027,4,26,P02,280580,18,4,2027,5,3,24.155
2027,6,7,P02,280580,18,4,2027,6,14,24.155
2027,8,30,P02,280580,25.858,4,2027,9,6,34.699
2027,10,11,P02,280580,4.07,4,2027,10,18,5.462
2027,11,29,P02,280580,5.531,4,2027,12,6,7.422
2027,12,6,P02,280580,4.124,4,2027,12,13,5.534
2027,12,20,P02,280580,7.015,4,2027,12,27,9.414
2028,1,17,P02,280580,6.34,4,2028,1,24,8.508
2028,1,24,P02,280580,6.274,4,2028,1,31,8.419
2026,9,14,P02,280641,18,4,2026,9,21,23.507
2026,9,21,P02,280641,18,4,2026,9,28,23.507
2026,10,12,P02,280641,18,4,2026,10,19,23.213
2026,10,26,P02,280641,18,4,2026,11,2,23.213
2026,11,2,P02,280641,18,4,2026,11,9,23.708
2027,2,1,P02,280641,18,4,2027,2,8,24.155
2027,2,22,P02,280641,20,4,2027,3,1,26.838
2027,3,1,P02,280641,18,4,2027,3,8,24.155
2027,3,8,P02,280641,18,4,2027,3,15,24.155
2027,4,5,P02,280641,18,4,2027,4,12,24.155
2027,4,26,P02,280641,20,4,2027,5,3,26.838
2027,7,26,P02,280641,18,4,2027,8,2,24.155
2027,8,9,P02,280641,18,4,2027,8,16,24.155
2027,9,6,P02,280641,18,4,2027,9,13,24.155
2027,9,13,P02,280641,18,4,2027,9,20,24.155
2027,9,20,P02,280641,0.956,4,2027,9,27,1.283
2027,9,27,P02,280641,6.59,4,2027,10,4,8.843
2027,10,4,P02,280641,6.59,4,2027,10,11,8.843
2027,10,18,P02,280641,6.84,4,2027,10,25,9.179
2027,11,1,P02,280641,4.98,4,2027,11,8,6.683
2027,11,8,P02,280641,9.86,4,2027,11,15,13.231
2027,11,15,P02,280641,15.544,4,2027,11,22,20.859
2027,11,29,P02,280641,4.62,4,2027,12,6,6.2
2027,12,13,P02,280641,4.62,4,2027,12,20,6.2
2027,12,20,P02,280641,2.31,4,2027,12,27,3.1
2028,1,3,P02,280641,2.31,4,2028,1,10,3.1
2028,1,17,P02,280641,2.03,4,2028,1,24,2.724
2028,1,24,P02,280641,0.993,4,2028,1,31,1.333
2026,8,17,P02,Capacity T,29.617,4,2026,8,24,39.12
2026,8,3,P03,120436,115.001,4,2026,8,10,154.099
2026,8,10,P03,120436,11,4,2026,8,17,14.74
2026,10,26,P03,120436,63.087,4,2026,11,2,82.505
2026,11,23,P03,120436,17.214,4,2026,11,30,23
2027,3,1,P03,120436,9.742,4,2027,3,8,13.072
2027,5,3,P03,120436,20.667,4,2027,5,10,27.733
2027,6,7,P03,120436,9,4,2027,6,14,12.077
2027,11,1,P03,120436,17.208,4,2027,11,8,23.092
2026,8,31,P03,120464,72,4,2026,9,7,95.238
2026,9,14,P03,120464,21.092,4,2026,9,21,27.9
2026,9,21,P03,120464,29.448,4,2026,9,28,38.952
2026,10,5,P03,120464,44.834,4,2026,10,12,58.634
2026,10,12,P03,120464,60.06,4,2026,10,19,78.547
2026,11,16,P03,120464,59.183,4,2026,11,23,79.075
2026,11,30,P03,120464,21.808,4,2026,12,7,29.782
2027,1,4,P03,120464,64.526,4,2027,1,11,86.588
2027,1,11,P03,120464,29.576,4,2027,1,18,39.688
2027,1,18,P03,120464,46.061,4,2027,1,25,61.811
2027,1,25,P03,120464,44.904,4,2027,2,1,60.258
2027,2,8,P03,120464,41.45,4,2027,2,15,55.622
2027,2,22,P03,120464,22.525,4,2027,3,1,30.227
2027,3,8,P03,120464,26.251,4,2027,3,15,35.227
2027,3,15,P03,120464,78.089,4,2027,3,22,104.79
2027,4,12,P03,120464,25.254,4,2027,4,19,33.888
2027,4,26,P03,120464,88.372,4,2027,5,3,118.588
2027,5,10,P03,120464,80.371,4,2027,5,17,107.852
2027,5,17,P03,120464,46.289,4,2027,5,24,62.116
2027,5,31,P03,120464,99.742,4,2027,6,7,133.845
2027,6,7,P03,120464,18,4,2027,6,14,24.155
2027,7,12,P03,120464,92.682,4,2027,7,19,124.372
2027,7,19,P03,120464,40.425,4,2027,7,26,54.247
2027,7,26,P03,120464,62.874,4,2027,8,2,84.372
2027,8,16,P03,120464,41.697,4,2027,8,23,55.955
2027,8,23,P03,120464,54.268,4,2027,8,30,72.823
2027,9,13,P03,120464,40.066,4,2027,9,20,53.765
2027,11,1,P03,120464,19.552,4,2027,11,8,26.237
2028,1,3,P03,120464,22.162,4,2028,1,10,29.74
2028,1,17,P03,120464,9.324,4,2028,1,24,12.513
2026,8,17,P03,241287,28,4,2026,8,24,37.52
2026,8,24,P03,241287,68.372,4,2026,8,31,91.617
2026,9,14,P03,241287,20.09,4,2026,9,21,26.574
2026,9,28,P03,241287,26.202,4,2026,10,5,34.267
2026,11,2,P03,241287,18,4,2026,11,9,24.05
2026,12,7,P03,241287,56.954,4,2026,12,14,77.78
2027,1,11,P03,241287,47.497,4,2027,1,18,63.738
2027,2,1,P03,241287,24.328,4,2027,2,8,32.646
2027,3,15,P03,241287,39.652,4,2027,3,22,53.21
2027,3,22,P03,241287,53.413,4,2027,3,29,71.677
2027,8,9,P03,241287,35.283,4,2027,8,16,47.347
2027,8,23,P03,241287,45.474,4,2027,8,30,61.023
2027,9,27,P03,241287,23.926,4,2027,10,4,32.107
2027,10,11,P03,241287,67.373,4,2027,10,18,90.41
2027,11,1,P03,241287,13.286,4,2027,11,8,17.829
2027,12,20,P03,241287,3.281,4,2027,12,27,4.402
2027,12,27,P03,241287,28.662,4,2028,1,3,38.462
2026,8,24,P03,241288,23.761,4,2026,8,31,31.839
2026,9,28,P03,241288,18,4,2026,10,5,23.54
2026,10,5,P03,241288,28.019,4,2026,10,12,36.644
2026,10,19,P03,241288,18.679,4,2026,10,26,24.428
2026,11,16,P03,241288,21.514,4,2026,11,23,28.745
2026,11,30,P03,241288,23.196,4,2026,12,7,31.678
2026,12,14,P03,241288,18,4,2026,12,21,24.582
2027,1,4,P03,241288,22.12,4,2027,1,11,29.683
2027,3,22,P03,241288,30.949,4,2027,3,29,41.531
2027,8,9,P03,241288,18,4,2027,8,16,24.155
2027,8,30,P03,241288,27.645,4,2027,9,6,37.098
2027,9,20,P03,241288,7.858,4,2027,9,27,10.545
2027,11,1,P03,241288,4.186,4,2027,11,8,5.617
2027,11,29,P03,241288,38.826,4,2027,12,6,52.101
2027,12,27,P03,241288,10.144,4,2028,1,3,13.612
2028,1,10,P03,241288,10.302,4,2028,1,17,13.824
2026,8,24,P03,280045,25.779,4,2026,8,31,34.543
2026,10,19,P03,280045,18,4,2026,10,26,23.54
2026,10,26,P03,280045,32.08,4,2026,11,2,41.954
2026,11,30,P03,280045,18,4,2026,12,7,24.582
2027,1,18,P03,280045,18.99,4,2027,1,25,25.483
2027,2,8,P03,280045,18,4,2027,2,15,24.155
2027,3,1,P03,280045,18,4,2027,3,8,24.155
2027,4,5,P03,280045,19.435,4,2027,4,12,26.08
2027,4,12,P03,280045,18,4,2027,4,19,24.155
2027,4,19,P03,280045,18,4,2027,4,26,24.155
2027,5,31,P03,280045,18,4,2027,6,7,24.155
2027,6,7,P03,280045,27.01,4,2027,6,14,36.245
2027,6,21,P03,280045,19.84,4,2027,6,28,26.624
2027,7,5,P03,280045,19.87,4,2027,7,12,26.664
2027,7,12,P03,280045,19.84,4,2027,7,19,26.624
2027,8,2,P03,280045,18,4,2027,8,9,24.155
2027,8,23,P03,280045,18,4,2027,8,30,24.155
2027,9,6,P03,280045,19.14,4,2027,9,13,25.684
2027,9,13,P03,280045,18.665,4,2027,9,20,25.047
2027,9,27,P03,280045,18,4,2027,10,4,24.155
2027,10,25,P03,280045,18.455,4,2027,11,1,24.765
2027,11,15,P03,280045,21.44,4,2027,11,22,28.771
2027,12,6,P03,280045,18,4,2027,12,13,24.155
2027,12,13,P03,280045,20.05,4,2027,12,20,26.906
2026,8,10,P03,280105,27,4,2026,8,17,36.179
2026,8,17,P03,280105,69,4,2026,8,24,92.459
2026,9,7,P03,280105,26.46,4,2026,9,14,35
2026,9,14,P03,280105,31.21,4,2026,9,21,41.283
2026,9,28,P03,280105,28.78,4,2026,10,5,37.639
2026,10,5,P03,280105,29.96,4,2026,10,12,39.182
2026,10,19,P03,280105,18,4,2026,10,26,23.54
2026,11,9,P03,280105,96.265,4,2026,11,16,128.621
2026,11,30,P03,280105,34.69,4,2026,12,7,47.375
2026,12,14,P03,280105,60.793,4,2026,12,21,83.023
2026,12,28,P03,280105,25.337,4,2027,1,4,34
2027,1,11,P03,280105,35.452,4,2027,1,18,47.574
2027,1,25,P03,280105,54.838,4,2027,2,1,73.588
2027,2,8,P03,280105,30.209,4,2027,2,15,40.537
2027,3,22,P03,280105,33.379,4,2027,3,29,44.793
2027,3,29,P03,280105,29.601,4,2027,4,5,39.722
2027,4,12,P03,280105,33.62,4,2027,4,19,45.115
2027,5,17,P03,280105,32.67,4,2027,5,24,43.841
2027,6,7,P03,280105,25.732,4,2027,6,14,34.53
2027,6,14,P03,280105,34.79,4,2027,6,21,46.685
2027,6,21,P03,280105,36.16,4,2027,6,28,48.524
2027,7,19,P03,280105,77.316,4,2027,7,26,103.753
2027,8,9,P03,280105,62.968,4,2027,8,16,84.498
2027,8,30,P03,280105,42.216,4,2027,9,6,56.65
2027,9,20,P03,280105,40.385,4,2027,9,27,54.193
2027,9,27,P03,280105,22.561,4,2027,10,4,30.276
2027,10,4,P03,280105,30.66,4,2027,10,11,41.143
2027,10,25,P03,280105,31.46,4,2027,11,1,42.217
2027,11,1,P03,280105,14.285,4,2027,11,8,19.169
2027,11,8,P03,280105,28.6,4,2027,11,15,38.379
2027,11,15,P03,280105,56.7,4,2027,11,22,76.087
2027,11,29,P03,280105,27.42,4,2027,12,6,36.795
2027,12,13,P03,280105,30.27,4,2027,12,20,40.62
2027,12,20,P03,280105,15.16,4,2027,12,27,20.344
2028,1,3,P03,280105,3.556,4,2028,1,10,4.772
2028,1,10,P03,280105,26.17,4,2028,1,17,35.118
2028,1,17,P03,280105,13.065,4,2028,1,24,17.532
2028,1,24,P03,280105,6.824,4,2028,1,31,9.158
2026,9,14,P03,280106,47.059,4,2026,9,21,62.247
2026,10,5,P03,280106,18,4,2026,10,12,23.54
2026,10,12,P03,280106,24.182,4,2026,10,19,31.625
2026,10,26,P03,280106,18,4,2026,11,2,23.54
2026,12,14,P03,280106,36.901,4,2026,12,21,50.395
2027,2,15,P03,280106,18,4,2027,2,22,24.155
2027,3,29,P03,280106,18,4,2027,4,5,24.155
2027,4,12,P03,280106,18,4,2027,4,19,24.155
2027,5,17,P03,280106,18.783,4,2027,5,24,25.205
2027,6,7,P03,280106,18,4,2027,6,14,24.155
2027,6,21,P03,280106,18,4,2027,6,28,24.155
2027,7,26,P03,280106,32.322,4,2027,8,2,43.374
2027,8,16,P03,280106,37.294,4,2027,8,23,50.045
2027,9,13,P03,280106,32.382,4,2027,9,20,43.454
2027,10,4,P03,280106,14.32,4,2027,10,11,19.216
2027,10,25,P03,280106,15.006,4,2027,11,1,20.137
2027,11,1,P03,280106,5.44,4,2027,11,8,7.3
2027,11,8,P03,280106,12.52,4,2027,11,15,16.801
2027,11,15,P03,280106,12.398,4,2027,11,22,16.637
2027,11,22,P03,280106,2.059,4,2027,11,29,2.763
2027,11,29,P03,280106,9.328,4,2027,12,6,12.517
2027,12,13,P03,280106,13.528,4,2027,12,20,18.154
2027,12,20,P03,280106,5.197,4,2027,12,27,6.974
2027,12,27,P03,280106,13.722,4,2028,1,3,18.414
2028,1,3,P03,280106,7.481,4,2028,1,10,10.039
2028,1,10,P03,280106,15.556,4,2028,1,17,20.875
2028,1,17,P03,280106,7.815,4,2028,1,24,10.487
2028,1,24,P03,280106,7.731,4,2028,1,31,10.374
2026,8,10,P03,280166,26,4,2026,8,17,34.839
2026,8,31,P03,280166,47.448,4,2026,9,7,62.762
2026,9,28,P03,280166,20.655,4,2026,10,5,27.013
2026,10,19,P03,280166,24.338,4,2026,10,26,31.829
2026,11,2,P03,280166,100.254,4,2026,11,9,133.95
2026,12,21,P03,280166,23.005,4,2026,12,28,31.418
2027,2,8,P03,280166,28.083,4,2027,2,15,37.686
2027,3,29,P03,280166,46.925,4,2027,4,5,62.969
2027,6,14,P03,280166,41.222,4,2027,6,21,55.317
2027,6,21,P03,280166,43.742,4,2027,6,28,58.698
2027,6,28,P03,280166,84.208,4,2027,7,5,113
2027,8,30,P03,280166,29.881,4,2027,9,6,40.098
2027,9,13,P03,280166,21.413,4,2027,9,20,28.734
2027,10,18,P03,280166,19.843,4,2027,10,25,26.628
2027,11,15,P03,280166,0.367,4,2027,11,22,0.493
2027,11,22,P03,280166,15.081,4,2027,11,29,20.237
2027,12,6,P03,280166,50.16,4,2027,12,13,67.31
2027,12,20,P03,280166,23.54,4,2027,12,27,31.589
2028,1,3,P03,280166,11.596,4,2028,1,10,15.562
2026,9,21,P03,280344,54.974,4,2026,9,28,72.717
2027,2,1,P03,280344,93.414,4,2027,2,8,125.354
2027,2,15,P03,280344,43.6,4,2027,2,22,58.508
2027,2,22,P03,280344,70.251,4,2027,3,1,94.272
2027,3,1,P03,280344,90,4,2027,3,8,120.773
2027,3,8,P03,280344,61.969,4,2027,3,15,83.157
2027,4,5,P03,280344,63.037,4,2027,4,12,84.59
2027,5,3,P03,280344,76.094,4,2027,5,10,102.112
2027,5,24,P03,280344,72,4,2027,5,31,96.618
2027,9,20,P03,280344,17.007,4,2027,9,27,22.822
2027,9,27,P03,280344,53.254,4,2027,10,4,71.463
2027,10,4,P03,280344,42.778,4,2027,10,11,57.405
2027,10,11,P03,280344,42.308,4,2027,10,18,56.774
2027,10,18,P03,280344,31.818,4,2027,10,25,42.697
2027,11,1,P03,280344,20.498,4,2027,11,8,27.507
2027,11,8,P03,280344,15.876,4,2027,11,15,21.305
2027,11,29,P03,280344,42.168,4,2027,12,6,56.586
2027,12,6,P03,280344,44.962,4,2027,12,13,60.335
2027,12,13,P03,280344,26.254,4,2027,12,20,35.23
2027,12,20,P03,280344,22.489,4,2027,12,27,30.178
2027,12,27,P03,280344,5.274,4,2028,1,3,7.077
2028,1,3,P03,280344,21.309,4,2028,1,10,28.595
2028,1,10,P03,280344,42.17,4,2028,1,17,56.589
2028,1,17,P03,280344,21.086,4,2028,1,24,28.296
2028,1,24,P03,280344,21.108,4,2028,1,31,28.325
2028,1,31,P03,280344,33.888,4,2028,2,7,45.475
2028,1,10,P03,280434,7.58,4,2028,1,17,10.172
2028,1,17,P03,280434,4.06,4,2028,1,24,5.448
2028,1,24,P03,280434,4.5,4,2028,1,31,6.039
2026,9,21,P03,280434,35.026,4,2026,9,28,46.331
2027,2,15,P03,280434,46.4,4,2027,2,22,62.265
2027,2,22,P03,280434,19.749,4,2027,3,1,26.501
2027,3,8,P03,280434,28.031,4,2027,3,15,37.616
2027,4,5,P03,280434,35.27,4,2027,4,12,47.33
2027,5,3,P03,280434,18,4,2027,5,10,24.155
2027,5,24,P03,280434,18,4,2027,5,31,24.155
2027,9,6,P03,280434,98.602,4,2027,9,13,132.316
2027,10,4,P03,280434,18.354,4,2027,10,11,24.629
2027,10,25,P03,280434,16.71,4,2027,11,1,22.424
2027,12,13,P03,280434,13.61,4,2027,12,20,18.264
2027,12,27,P03,280434,6.896,4,2028,1,3,9.254
2028,1,3,P03,280434,4.055,4,2028,1,10,5.441
2027,8,30,P03,280477,18,4,2027,9,6,24.155
2026,10,12,P03,280571,24.621,4,2026,10,19,32.199
2026,10,19,P03,280571,41.797,4,2026,10,26,54.662
2027,1,4,P03,280571,13.096,4,2027,1,11,17.574
2027,1,18,P03,280571,52.69,4,2027,1,25,70.706
2027,4,19,P03,280571,11.063,4,2027,4,26,14.845
2027,5,10,P03,280571,37.371,4,2027,5,17,50.148
2027,7,5,P03,280571,13.664,4,2027,7,12,18.336
2027,8,2,P03,280571,9,4,2027,8,9,12.077
2027,10,18,P03,280571,49.234,4,2027,10,25,66.068
2027,10,25,P03,280571,16.221,4,2027,11,1,21.767
2027,11,1,P03,280571,18.307,4,2027,11,8,24.566
2027,9,20,P03,280573,8.623,4,2027,9,27,11.571
2027,12,27,P03,280573,1.075,4,2028,1,3,1.443
2026,10,12,P03,280573,11.95,4,2026,10,19,15.628
2027,2,15,P03,280573,9.742,4,2027,2,22,13.072
2027,4,26,P03,280573,11.37,4,2027,5,3,15.258
2027,6,14,P03,280573,12.22,4,2027,6,21,16.398
2027,8,2,P03,280573,18.451,4,2027,8,9,24.76
2026,8,10,P03,280580,51,4,2026,8,17,68.339
2026,11,9,P03,280580,21.989,4,2026,11,16,29.379
2026,11,16,P03,280580,18.059,4,2026,11,23,24.129
2026,12,7,P03,280580,51.418,4,2026,12,14,70.22
2027,1,4,P03,280580,18,4,2027,1,11,24.155
2027,1,25,P03,280580,18,4,2027,2,1,24.155
2027,3,29,P03,280580,18,4,2027,4,5,24.155
2027,4,12,P03,280580,22.868,4,2027,4,19,30.687
2027,4,26,P03,280580,18,4,2027,5,3,24.155
2027,5,24,P03,280580,22.525,4,2027,5,31,30.227
2027,6,14,P03,280580,24.293,4,2027,6,21,32.6
2027,7,26,P03,280580,22.546,4,2027,8,2,30.255
2027,8,2,P03,280580,72.29,4,2027,8,9,97.008
2027,9,20,P03,280580,29.44,4,2027,9,27,39.506
2027,10,4,P03,280580,11.63,4,2027,10,11,15.607
2027,10,18,P03,280580,11.63,4,2027,10,25,15.607
2027,10,25,P03,280580,11.532,4,2027,11,1,15.475
2027,11,8,P03,280580,10.072,4,2027,11,15,13.515
2027,11,15,P03,280580,21.62,4,2027,11,22,29.012
2027,12,13,P03,280580,14.03,4,2027,12,20,18.827
2027,12,20,P03,280580,7.015,4,2027,12,27,9.414
2027,12,27,P03,280580,13.814,4,2028,1,3,18.537
2028,1,17,P03,280580,6.34,4,2028,1,24,8.508
2028,1,24,P03,280580,6.274,4,2028,1,31,8.419
2026,8,17,P03,280641,18,4,2026,8,24,24.12
2026,9,28,P03,280641,18,4,2026,10,5,23.54
2026,11,16,P03,280641,18,4,2026,11,23,24.05
2026,11,30,P03,280641,18,4,2026,12,7,24.582
2026,12,21,P03,280641,18,4,2026,12,28,24.582
2027,5,17,P03,280641,20,4,2027,5,24,26.838
2027,6,7,P03,280641,20,4,2027,6,14,26.838
2027,9,20,P03,280641,14.429,4,2027,9,27,19.362
2027,10,11,P03,280641,6.57,4,2027,10,18,8.816
2027,10,25,P03,280641,8.358,4,2027,11,1,11.216
2027,11,1,P03,280641,4.98,4,2027,11,8,6.683
2027,12,6,P03,280641,4.62,4,2027,12,13,6.2
2027,12,20,P03,280641,2.31,4,2027,12,27,3.1
2027,12,27,P03,280641,4.62,4,2028,1,3,6.2
2028,1,3,P03,280641,2.31,4,2028,1,10,3.1
2028,1,10,P03,280641,4.596,4,2028,1,17,6.167
2028,1,17,P03,280641,2.03,4,2028,1,24,2.724
2028,1,24,P03,280641,0.993,4,2028,1,31,1.333
2026,8,17,P03,Capacity T,2.91,4,2026,8,24,3.9
2026,8,3,P04,120430,37.999,4,2026,8,10,51.191
2026,8,17,P04,120430,36,4,2026,8,24,48.498
2026,8,24,P04,120430,49.758,4,2026,8,31,67.032
2026,8,31,P04,120430,50.316,4,2026,9,7,66.874
2026,9,7,P04,120430,34.577,4,2026,9,14,45.956
2026,9,14,P04,120430,26.9,4,2026,9,21,35.752
2028,1,24,P04,120430,31.522,4,2028,1,31,40.68
2028,1,31,P04,120430,33.526,4,2028,2,7,43.267
2027,12,13,P04,120430,47.92,4,2027,12,20,61.842
2027,12,20,P04,120430,19.278,4,2027,12,27,24.879
2027,12,27,P04,120430,33.4,4,2028,1,3,43.104
2028,1,3,P04,120430,32.27,4,2028,1,10,41.646
2028,1,10,P04,120430,31.744,4,2028,1,17,40.967
2028,1,17,P04,120430,31.688,4,2028,1,24,40.895
2027,10,25,P04,120430,32.18,4,2027,11,1,41.53
2027,11,1,P04,120430,30.992,4,2027,11,8,39.996
2027,11,8,P04,120430,45.403,4,2027,11,15,58.594
2027,11,15,P04,120430,46.095,4,2027,11,22,59.488
2027,11,29,P04,120430,33.033,4,2027,12,6,42.631
2027,12,6,P04,120430,33.104,4,2027,12,13,42.722
2027,9,13,P04,120430,38.292,4,2027,9,20,49.417
2027,9,20,P04,120430,39.535,4,2027,9,27,51.022
2027,9,27,P04,120430,38.06,4,2027,10,4,49.118
2027,10,4,P04,120430,34.484,4,2027,10,11,44.503
2027,10,11,P04,120430,33.774,4,2027,10,18,43.587
2027,10,18,P04,120430,32.258,4,2027,10,25,41.63
2027,8,2,P04,120430,44.469,4,2027,8,9,57.39
2027,8,9,P04,120430,46.36,4,2027,8,16,59.83
2027,8,16,P04,120430,42.012,4,2027,8,23,54.218
2027,8,23,P04,120430,38.676,4,2027,8,30,49.913
2027,8,30,P04,120430,38.34,4,2027,9,6,49.48
2027,9,6,P04,120430,37.064,4,2027,9,13,47.833
2027,6,14,P04,120430,21.22,4,2027,6,21,27.385
2027,6,21,P04,120430,35.847,4,2027,6,28,46.263
2027,6,28,P04,120430,29.038,4,2027,7,5,37.474
2027,7,12,P04,120430,35.695,4,2027,7,19,46.066
2027,7,19,P04,120430,37.834,4,2027,7,26,48.827
2027,7,26,P04,120430,42.142,4,2027,8,2,54.386
2027,4,26,P04,120430,32.708,4,2027,5,3,42.211
2027,5,3,P04,120430,32.68,4,2027,5,10,42.175
2027,5,10,P04,120430,32.88,4,2027,5,17,42.433
2027,5,17,P04,120430,40.272,4,2027,5,24,51.972
2027,5,24,P04,120430,108.005,4,2027,5,31,139.385
2027,6,7,P04,120430,72.429,4,2027,6,14,93.473
2027,3,15,P04,120430,32.015,4,2027,3,22,41.316
2027,3,22,P04,120430,33.345,4,2027,3,29,43.033
2027,3,29,P04,120430,35.588,4,2027,4,5,45.928
2027,4,5,P04,120430,35.894,4,2027,4,12,46.323
2027,4,12,P04,120430,35.576,4,2027,4,19,45.912
2027,4,19,P04,120430,34.884,4,2027,4,26,45.019
2027,2,1,P04,120430,31.382,4,2027,2,8,40.5
2027,2,8,P04,120430,30.593,4,2027,2,15,39.481
2027,2,15,P04,120430,29.86,4,2027,2,22,38.535
2027,2,22,P04,120430,29.789,4,2027,3,1,38.444
2027,3,1,P04,120430,31.384,4,2027,3,8,40.502
2027,3,8,P04,120430,32.409,4,2027,3,15,41.825
2026,12,14,P04,120430,18.505,4,2026,12,21,25.43
2026,12,28,P04,120430,17.346,4,2027,1,4,22.385
2027,1,4,P04,120430,44.398,4,2027,1,11,57.297
2027,1,11,P04,120430,36.48,4,2027,1,18,47.079
2027,1,18,P04,120430,39.093,4,2027,1,25,50.451
2027,1,25,P04,120430,33.046,4,2027,2,1,42.647
2026,11,2,P04,120430,39.73,4,2026,11,9,53.362
2026,11,9,P04,120430,34.512,4,2026,11,16,46.353
2026,11,16,P04,120430,38.129,4,2026,11,23,51.211
2026,11,23,P04,120430,8.125,4,2026,11,30,10.912
2026,11,30,P04,120430,53.979,4,2026,12,7,74.177
2026,12,7,P04,120430,66.739,4,2026,12,14,91.711
2026,9,21,P04,120430,32.625,4,2026,9,28,43.36
2026,9,28,P04,120430,38.974,4,2026,10,5,51.187
2026,10,5,P04,120430,33.335,4,2026,10,12,43.782
2026,10,12,P04,120430,31.648,4,2026,10,19,41.566
2026,10,19,P04,120430,31.301,4,2026,10,26,41.11
2026,10,26,P04,120430,30.466,4,2026,11,2,40.013
2026,8,17,P04,120431,50,4,2026,8,24,67.358
2026,8,24,P04,120431,16.88,4,2026,8,31,22.74
2026,8,31,P04,120431,9,4,2026,9,7,11.962
2026,9,7,P04,120431,23.393,4,2026,9,14,31.091
2026,9,21,P04,120431,13.424,4,2026,9,28,17.841
2026,9,28,P04,120431,13.19,4,2026,10,5,17.323
2026,10,5,P04,120431,12.705,4,2026,10,12,16.687
2026,10,12,P04,120431,11.726,4,2026,10,19,15.401
2026,10,19,P04,120431,11.452,4,2026,10,26,15.041
2026,10,26,P04,120431,11.38,4,2026,11,2,14.946
2026,11,2,P04,120431,10.962,4,2026,11,9,14.723
2026,11,9,P04,120431,10.997,4,2026,11,16,14.77
2026,11,16,P04,120431,21.51,4,2026,11,23,28.89
2026,11,30,P04,120431,10.998,4,2026,12,7,15.113
2026,12,7,P04,120431,11.506,4,2026,12,14,15.811
2026,12,14,P04,120431,11.612,4,2026,12,21,15.957
2026,12,21,P04,120431,16.451,4,2026,12,28,22.607
2026,12,28,P04,120431,9,4,2027,1,4,11.615
2027,1,4,P04,120431,14.837,4,2027,1,11,19.147
2027,1,11,P04,120431,15.778,4,2027,1,18,20.362
2027,1,18,P04,120431,15.044,4,2027,1,25,19.415
2027,1,25,P04,120431,13.06,4,2027,2,1,16.854
2027,2,1,P04,120431,11.172,4,2027,2,8,14.418
2027,2,8,P04,120431,11.137,4,2027,2,15,14.373
2027,2,15,P04,120431,10.934,4,2027,2,22,14.111
2027,2,22,P04,120431,10.812,4,2027,3,1,13.953
2027,3,1,P04,120431,12.43,4,2027,3,8,16.041
2027,3,8,P04,120431,12.563,4,2027,3,15,16.212
2027,3,15,P04,120431,12.705,4,2027,3,22,16.396
2027,3,22,P04,120431,13.602,4,2027,3,29,17.554
2027,3,29,P04,120431,14.496,4,2027,4,5,18.707
2027,4,5,P04,120431,14.924,4,2027,4,12,19.26
2027,4,12,P04,120431,14.794,4,2027,4,19,19.092
2027,4,19,P04,120431,14.266,4,2027,4,26,18.411
2027,4,26,P04,120431,12.598,4,2027,5,3,16.258
2027,5,3,P04,120431,12.226,4,2027,5,10,15.778
2027,5,10,P04,120431,11.724,4,2027,5,17,15.13
2027,5,17,P04,120431,23.998,4,2027,5,24,30.971
2027,5,31,P04,120431,58.95,4,2027,6,7,76.077
2027,6,21,P04,120431,27.582,4,2027,6,28,35.596
2027,7,12,P04,120431,9,4,2027,7,19,11.615
2027,7,19,P04,120431,12.446,4,2027,7,26,16.062
2027,7,26,P04,120431,12.344,4,2027,8,2,15.93
2027,8,2,P04,120431,16.468,4,2027,8,9,21.252
2027,8,9,P04,120431,17.066,4,2027,8,16,22.024
2027,8,16,P04,120431,16.983,4,2027,8,23,21.918
2027,8,23,P04,120431,14.149,4,2027,8,30,18.26
2027,8,30,P04,120431,13.51,4,2027,9,6,17.436
2027,9,6,P04,120431,12.412,4,2027,9,13,16.018
2027,9,13,P04,120431,12.93,4,2027,9,20,16.687
2027,9,20,P04,120431,13.212,4,2027,9,27,17.05
2027,9,27,P04,120431,12.876,4,2027,10,4,16.617
2027,10,4,P04,120431,11.862,4,2027,10,11,15.308
2027,10,11,P04,120431,11.612,4,2027,10,18,14.986
2027,10,18,P04,120431,11.042,4,2027,10,25,14.25
2027,10,25,P04,120431,10.936,4,2027,11,1,14.113
2027,11,1,P04,120431,17,4,2027,11,8,21.94
2027,11,8,P04,120431,24.336,4,2027,11,15,31.406
2027,11,29,P04,120431,10.752,4,2027,12,6,13.876
2027,12,6,P04,120431,11.112,4,2027,12,13,14.34
2027,12,13,P04,120431,11.28,4,2027,12,20,14.557
2027,12,20,P04,120431,11.288,4,2027,12,27,14.568
2027,12,27,P04,120431,11.33,4,2028,1,3,14.622
2028,1,3,P04,120431,11.148,4,2028,1,10,14.387
2028,1,10,P04,120431,11.06,4,2028,1,17,14.273
2028,1,17,P04,120431,11.042,4,2028,1,24,14.25
2028,1,24,P04,120431,10.992,4,2028,1,31,14.186
2028,1,31,P04,120431,11.476,4,2028,2,7,14.81
2026,8,10,P04,120433,32,4,2026,8,17,43.109
2026,8,24,P04,120433,10,4,2026,8,31,13.472
2026,8,31,P04,120433,10.564,4,2026,9,7,14.041
2026,9,7,P04,120433,13.386,4,2026,9,14,17.791
2026,9,21,P04,120433,10,4,2026,9,28,13.291
2026,9,28,P04,120433,10,4,2026,10,5,13.134
2026,10,5,P04,120433,10,4,2026,10,12,13.134
2026,10,12,P04,120433,10,4,2026,10,19,13.134
2026,10,19,P04,120433,10,4,2026,10,26,13.134
2026,10,26,P04,120433,10.131,4,2026,11,2,13.306
2026,11,9,P04,120433,23.129,4,2026,11,16,31.065
2026,11,30,P04,120433,10,4,2026,12,7,13.742
2026,12,7,P04,120433,10,4,2026,12,14,13.742
2026,12,14,P04,120433,10,4,2026,12,21,13.742
2026,12,21,P04,120433,14.551,4,2026,12,28,19.996
2027,1,4,P04,120433,10.687,4,2027,1,11,13.792
2027,1,11,P04,120433,11.056,4,2027,1,18,14.268
2027,1,18,P04,120433,10.444,4,2027,1,25,13.478
2027,1,25,P04,120433,10,4,2027,2,1,12.905
2027,2,1,P04,120433,10,4,2027,2,8,12.905
2027,2,8,P04,120433,10,4,2027,2,15,12.905
2027,2,15,P04,120433,15.435,4,2027,2,22,19.919
2027,3,1,P04,120433,10,4,2027,3,8,12.905
2027,3,8,P04,120433,10,4,2027,3,15,12.905
2027,3,15,P04,120433,10,4,2027,3,22,12.905
2027,3,22,P04,120433,10,4,2027,3,29,12.905
2027,3,29,P04,120433,10,4,2027,4,5,12.905
2027,4,5,P04,120433,10.971,4,2027,4,12,14.158
2027,4,12,P04,120433,11.188,4,2027,4,19,14.439
2027,4,19,P04,120433,11.014,4,2027,4,26,14.214
2027,4,26,P04,120433,10,4,2027,5,3,12.905
2027,5,3,P04,120433,10,4,2027,5,10,12.905
2027,5,10,P04,120433,10,4,2027,5,17,12.905
2027,5,17,P04,120433,18.16,4,2027,5,24,23.436
2027,5,31,P04,120433,12.31,4,2027,6,7,15.886
2027,6,7,P04,120433,10,4,2027,6,14,12.905
2027,6,21,P04,120433,10,4,2027,6,28,12.905
2027,7,12,P04,120433,10,4,2027,7,19,12.905
2027,7,19,P04,120433,12.02,4,2027,7,26,15.512
2027,8,2,P04,120433,10,4,2027,8,9,12.905
2027,8,9,P04,120433,10,4,2027,8,16,12.905
2027,8,16,P04,120433,10,4,2027,8,23,12.905
2027,8,23,P04,120433,10,4,2027,8,30,12.905
2027,8,30,P04,120433,12.92,4,2027,9,6,16.674
2027,9,13,P04,120433,10,4,2027,9,20,12.905
2027,9,20,P04,120433,10,4,2027,9,27,12.905
2027,9,27,P04,120433,12.862,4,2027,10,4,16.598
2027,10,11,P04,120433,10,4,2027,10,18,12.905
2027,10,18,P04,120433,12.472,4,2027,10,25,16.095
2027,11,1,P04,120433,17.902,4,2027,11,8,23.103
2027,11,15,P04,120433,10,4,2027,11,22,12.905
2027,11,29,P04,120433,12.258,4,2027,12,6,15.82
2027,12,13,P04,120433,10,4,2027,12,20,12.905
2027,12,27,P04,120433,13.272,4,2028,1,3,17.128
2028,1,17,P04,120433,14.53,4,2028,1,24,18.752
2026,8,10,P04,120436,57,4,2026,8,17,76.788
2026,8,24,P04,120436,31.646,4,2026,8,31,42.632
2026,9,21,P04,120436,35.027,4,2026,9,28,46.553
2026,10,12,P04,120436,48.926,4,2026,10,19,64.259
2026,10,19,P04,120436,18.548,4,2026,10,26,24.36
2026,11,2,P04,120436,9,4,2026,11,9,12.088
2027,1,25,P04,120436,66.323,4,2027,2,1,85.593
2027,2,8,P04,120436,70.7,4,2027,2,15,91.241
2027,2,15,P04,120436,13.011,4,2027,2,22,16.791
2027,2,22,P04,120436,13.577,4,2027,3,1,17.521
2027,3,1,P04,120436,10.166,4,2027,3,8,13.119
2027,3,8,P04,120436,67.458,4,2027,3,15,87.057
2027,3,15,P04,120436,26.57,4,2027,3,22,34.289
2027,3,22,P04,120436,45.843,4,2027,3,29,59.162
2027,4,5,P04,120436,28.71,4,2027,4,12,37.052
2027,4,19,P04,120436,16.841,4,2027,4,26,21.734
2027,4,26,P04,120436,45.063,4,2027,5,3,58.156
2027,5,3,P04,120436,22.874,4,2027,5,10,29.52
2027,5,10,P04,120436,45.465,4,2027,5,17,58.675
2027,7,19,P04,120436,11.13,4,2027,7,26,14.364
2027,7,26,P04,120436,14.154,4,2027,8,2,18.266
2027,9,20,P04,120436,1.483,4,2027,9,27,1.914
2027,9,27,P04,120436,49.632,4,2027,10,4,64.052
2027,10,25,P04,120436,69.654,4,2027,11,1,89.891
2027,11,29,P04,120436,8.33,4,2027,12,6,10.75
2027,12,6,P04,120436,1.029,4,2027,12,13,1.328
2028,1,3,P04,120436,7.897,4,2028,1,10,10.192
2028,1,10,P04,120436,8.249,4,2028,1,17,10.645
2028,1,17,P04,120436,62.662,4,2028,1,24,80.868
2028,1,24,P04,120436,20.742,4,2028,1,31,26.769
2028,2,7,P04,120436,0.13,4,2028,2,14,0.167
2028,2,21,P04,120436,0.293,4,2028,2,28,0.378
2026,8,3,P04,120531,29.298,4,2026,8,10,39.469
2026,8,10,P04,120531,9,4,2026,8,17,12.124
2026,8,17,P04,120531,23,4,2026,8,24,30.985
2026,8,31,P04,120531,15.646,4,2026,9,7,20.795
2026,9,7,P04,120531,40,4,2026,9,14,53.163
2026,9,14,P04,120531,31,4,2026,9,21,41.201
2026,10,5,P04,120531,20.79,4,2026,10,12,27.306
2026,10,19,P04,120531,40,4,2026,10,26,52.535
2026,10,26,P04,120531,15.062,4,2026,11,2,19.783
2026,11,9,P04,120531,40,4,2026,11,16,53.724
2026,11,16,P04,120531,13.301,4,2026,11,23,17.864
2026,11,30,P04,120531,9,4,2026,12,7,12.368
2026,12,14,P04,120531,39.382,4,2026,12,21,54.118
2027,1,4,P04,120531,23.778,4,2027,1,11,30.686
2027,1,18,P04,120531,26.728,4,2027,1,25,34.494
2027,2,1,P04,120531,26.79,4,2027,2,8,34.574
2027,2,15,P04,120531,24.31,4,2027,2,22,31.373
2027,3,1,P04,120531,22.66,4,2027,3,8,29.244
2027,3,15,P04,120531,22.41,4,2027,3,22,28.921
2027,3,29,P04,120531,25.31,4,2027,4,5,32.664
2027,4,12,P04,120531,15.01,4,2027,4,19,19.371
2027,4,19,P04,120531,31,4,2027,4,26,40.007
2027,5,3,P04,120531,31,4,2027,5,10,40.007
2027,5,17,P04,120531,9.77,4,2027,5,24,12.609
2027,5,31,P04,120531,40,4,2027,6,7,51.622
2027,6,7,P04,120531,10.308,4,2027,6,14,13.302
2027,6,21,P04,120531,31,4,2027,6,28,40.007
2027,6,28,P04,120531,9,4,2027,7,5,11.615
2027,7,12,P04,120531,23.985,4,2027,7,19,30.954
2027,7,19,P04,120531,21.705,4,2027,7,26,28.011
2027,8,2,P04,120531,26.873,4,2027,8,9,34.68
2027,8,9,P04,120531,20.667,4,2027,8,16,26.672
2027,8,23,P04,120531,18.308,4,2027,8,30,23.627
2027,9,6,P04,120531,29.86,4,2027,9,13,38.535
2027,9,20,P04,120531,25.55,4,2027,9,27,32.973
2027,10,4,P04,120531,22.91,4,2027,10,11,29.566
2027,10,18,P04,120531,18.43,4,2027,10,25,23.785
2027,11,1,P04,120531,26.45,4,2027,11,8,34.135
2027,11,15,P04,120531,22.32,4,2027,11,22,28.805
2027,12,6,P04,120531,21.26,4,2027,12,13,27.437
2027,12,20,P04,120531,24.34,4,2027,12,27,31.412
2028,1,3,P04,120531,21.36,4,2028,1,10,27.566
2026,8,3,P04,120533,39.001,4,2026,8,10,52.541
2026,8,17,P04,120533,9,4,2026,8,24,12.124
2026,8,31,P04,120533,24.354,4,2026,9,7,32.367
2026,9,14,P04,120533,9,4,2026,9,21,11.962
2026,9,28,P04,120533,40,4,2026,10,5,52.535
2026,10,5,P04,120533,19.21,4,2026,10,12,25.23
2026,10,26,P04,120533,24.938,4,2026,11,2,32.752
2026,11,16,P04,120533,26.699,4,2026,11,23,35.86
2026,11,30,P04,120533,31,4,2026,12,7,42.6
2026,12,14,P04,120533,26.478,4,2026,12,21,36.386
2027,1,4,P04,120533,19.73,4,2027,1,11,25.462
2027,1,18,P04,120533,22.12,4,2027,1,25,28.547
2027,2,1,P04,120533,22.36,4,2027,2,8,28.856
2027,2,15,P04,120533,19.88,4,2027,2,22,25.656
2027,3,1,P04,120533,17.34,4,2027,3,8,22.378
2027,3,15,P04,120533,18.73,4,2027,3,22,24.172
2027,3,29,P04,120533,20.28,4,2027,4,5,26.172
2027,4,12,P04,120533,24.99,4,2027,4,19,32.251
2027,4,19,P04,120533,9,4,2027,4,26,11.615
2027,5,3,P04,120533,9,4,2027,5,10,11.615
2027,5,17,P04,120533,30.23,4,2027,5,24,39.013
2027,6,7,P04,120533,29.692,4,2027,6,14,38.319
2027,6,21,P04,120533,9,4,2027,6,28,11.615
2027,6,28,P04,120533,31.415,4,2027,7,5,40.542
2027,7,12,P04,120533,16.015,4,2027,7,19,20.668
2027,7,19,P04,120533,18.295,4,2027,7,26,23.61
2027,8,2,P04,120533,13.128,4,2027,8,9,16.942
2027,8,9,P04,120533,19.333,4,2027,8,16,24.949
2027,8,23,P04,120533,25.408,4,2027,8,30,32.789
2027,9,6,P04,120533,24.29,4,2027,9,13,31.347
2027,9,20,P04,120533,20.72,4,2027,9,27,26.74
2027,10,4,P04,120533,20.74,4,2027,10,11,26.766
2027,10,18,P04,120533,21.57,4,2027,10,25,27.837
2027,11,1,P04,120533,13.55,4,2027,11,8,17.487
2027,11,15,P04,120533,26.73,4,2027,11,22,34.496
2027,12,6,P04,120533,18.74,4,2027,12,13,24.185
2027,12,20,P04,120533,15.66,4,2027,12,27,20.21
2028,1,3,P04,120533,24.19,4,2028,1,10,31.218
2026,8,10,P04,120534,9,4,2026,8,17,12.124
2026,8,31,P04,120534,9,4,2026,9,7,11.962
2026,9,14,P04,120534,9,4,2026,9,21,11.962
2026,9,28,P04,120534,9,4,2026,10,5,11.82
2026,10,12,P04,120534,9,4,2026,10,19,11.82
2026,10,19,P04,120534,9,4,2026,10,26,11.82
2026,10,26,P04,120534,9,4,2026,11,2,11.82
2026,11,9,P04,120534,9,4,2026,11,16,12.088
2026,11,16,P04,120534,9,4,2026,11,23,12.088
2026,11,23,P04,120534,9,4,2026,11,30,12.088
2026,12,7,P04,120534,9,4,2026,12,14,12.368
2026,12,14,P04,120534,9,4,2026,12,21,12.368
2027,1,4,P04,120534,9,4,2027,1,11,11.615
2027,1,18,P04,120534,9,4,2027,1,25,11.615
2027,2,1,P04,120534,11.725,4,2027,2,8,15.132
2027,3,1,P04,120534,9.45,4,2027,3,8,12.196
2027,3,22,P04,120534,10.64,4,2027,3,29,13.731
2027,4,12,P04,120534,9,4,2027,4,19,11.615
2027,4,26,P04,120534,13.06,4,2027,5,3,16.854
2027,5,31,P04,120534,11.17,4,2027,6,7,14.415
2027,6,21,P04,120534,9,4,2027,6,28,11.615
2027,6,28,P04,120534,9.108,4,2027,7,5,11.754
2027,7,12,P04,120534,13.31,4,2027,7,19,17.177
2027,8,2,P04,120534,11.493,4,2027,8,9,14.832
2027,8,16,P04,120534,9,4,2027,8,23,11.615
2027,8,30,P04,120534,11.355,4,2027,9,6,14.654
2027,9,20,P04,120534,10.38,4,2027,9,27,13.396
2027,10,11,P04,120534,9.64,4,2027,10,18,12.441
2027,11,1,P04,120534,9.29,4,2027,11,8,11.989
2027,11,22,P04,120534,10.76,4,2027,11,29,13.886
2027,12,13,P04,120534,9.61,4,2027,12,20,12.402
2028,1,3,P04,120534,9.26,4,2028,1,10,11.95
2026,8,3,P04,120535,9,4,2026,8,10,12.124
2026,9,14,P04,120535,9.122,4,2026,9,21,12.124
2026,10,5,P04,120535,9,4,2026,10,12,11.82
2026,11,16,P04,120535,9,4,2026,11,23,12.088
2026,12,7,P04,120535,9,4,2026,12,14,12.368
2026,12,21,P04,120535,9,4,2026,12,28,12.368
2027,1,11,P04,120535,9,4,2027,1,18,11.615
2027,2,1,P04,120535,9,4,2027,2,8,11.615
2027,2,15,P04,120535,9,4,2027,2,22,11.615
2027,3,1,P04,120535,9,4,2027,3,8,11.615
2027,3,22,P04,120535,9,4,2027,3,29,11.615
2027,4,5,P04,120535,9,4,2027,4,12,11.615
2027,4,26,P04,120535,9,4,2027,5,3,11.615
2027,5,10,P04,120535,9,4,2027,5,17,11.615
2027,5,24,P04,120535,9,4,2027,5,31,11.615
2027,6,14,P04,120535,9,4,2027,6,21,11.615
2027,6,28,P04,120535,9,4,2027,7,5,11.615
2027,7,12,P04,120535,9,4,2027,7,19,11.615
2027,7,19,P04,120535,9,4,2027,7,26,11.615
2027,8,9,P04,120535,9,4,2027,8,16,11.615
2027,8,30,P04,120535,9,4,2027,9,6,11.615
2027,9,13,P04,120535,9.08,4,2027,9,20,11.718
2027,9,27,P04,120535,9,4,2027,10,4,11.615
2027,10,11,P04,120535,9,4,2027,10,18,11.615
2027,10,25,P04,120535,9.66,4,2027,11,1,12.467
2027,11,15,P04,120535,11.86,4,2027,11,22,15.306
2027,12,6,P04,120535,9,4,2027,12,13,11.615
2027,12,20,P04,120535,11.57,4,2027,12,27,14.932
2028,1,10,P04,120535,11.29,4,2028,1,17,14.57
2026,8,24,P04,280571,9,4,2026,8,31,12.124
2026,10,5,P04,280571,15.26,4,2026,10,12,20.042
2026,10,12,P04,280571,9,4,2026,10,19,11.82
2026,10,26,P04,280571,11.709,4,2026,11,2,15.378
2026,11,2,P04,280571,48.946,4,2026,11,9,65.74
2027,1,11,P04,280571,32.261,4,2027,1,18,41.635
2027,2,22,P04,280571,49.24,4,2027,3,1,63.546
2027,4,5,P04,280571,22.931,4,2027,4,12,29.593
2027,7,26,P04,280571,31.711,4,2027,8,2,40.924
2027,8,16,P04,280571,39.01,4,2027,8,23,50.344
2027,8,23,P04,280571,15.889,4,2027,8,30,20.506
2027,8,30,P04,280571,37.303,4,2027,9,6,48.141
2027,9,6,P04,280571,18.803,4,2027,9,13,24.267
2027,9,13,P04,280571,37.703,4,2027,9,20,48.658
2027,10,4,P04,280571,32.433,4,2027,10,11,41.857
2027,10,11,P04,280571,46.854,4,2027,10,18,60.467
2027,10,18,P04,280571,21.234,4,2027,10,25,27.403
2027,11,1,P04,280571,7.245,4,2027,11,8,9.35
2027,11,29,P04,280571,47.076,4,2027,12,6,60.753
2027,12,6,P04,280571,28.185,4,2027,12,13,36.373
2027,12,13,P04,280571,43.62,4,2027,12,20,56.293
2027,12,27,P04,280571,29.558,4,2028,1,3,38.146
2028,1,10,P04,280571,49.04,4,2028,1,17,63.288
2028,1,17,P04,280571,2.507,4,2028,1,24,3.235
2028,1,24,P04,280571,43.954,4,2028,1,31,56.724
2026,9,21,P04,280573,27.806,4,2026,9,28,36.955
2026,11,2,P04,280573,9,4,2026,11,9,12.088
2027,1,11,P04,280573,12.43,4,2027,1,18,16.041
2027,2,22,P04,280573,13.588,4,2027,3,1,17.536
2027,11,29,P04,280573,10.98,4,2027,12,6,14.17
2028,1,3,P04,280573,10.88,4,2028,1,10,14.041
2028,1,24,P04,280573,10.86,4,2028,1,31,14.015
2028,1,31,P04,280573,9.23,4,2028,2,7,11.912
2027,3,29,P04,280573,11.332,4,2027,4,5,14.624
2027,4,12,P04,280573,11.871,4,2027,4,19,15.321
2027,5,10,P04,280573,13.36,4,2027,5,17,17.242
2027,7,26,P04,280573,22.079,4,2027,8,2,28.493
2027,9,13,P04,280573,9,4,2027,9,20,11.615
2027,11,22,P04,280573,7.062,4,2027,11,29,9.114
2026,8,10,P04,280662,11,4,2026,8,17,14.819
2026,12,21,P04,Capacity T,0.75,4,2026,12,28,1.03
2026,9,21,P05,120436,35.457,4,2026,9,28,45.234
2026,9,28,P05,120436,11.215,4,2026,10,5,14.146
2026,10,5,P05,120436,24.678,4,2026,10,12,31.126
2026,10,12,P05,120436,14.379,4,2026,10,19,18.137
2026,11,2,P05,120436,48.176,4,2026,11,9,62.084
2026,11,23,P05,120436,17.848,4,2026,11,30,23
2026,11,30,P05,120436,75.075,4,2026,12,7,98.894
2026,12,7,P05,120436,29.286,4,2026,12,14,38.578
2027,1,11,P05,120436,41.146,4,2027,1,18,53.1
2027,1,18,P05,120436,78.689,4,2027,1,25,101.552
2027,1,25,P05,120436,45.776,4,2027,2,1,59.075
2027,2,22,P05,120436,69.005,4,2027,3,1,89.054
2027,3,1,P05,120436,16.129,4,2027,3,8,20.816
2027,3,8,P05,120436,45.859,4,2027,3,15,59.183
2027,3,15,P05,120436,92.429,4,2027,3,22,119.284
2027,4,5,P05,120436,57.137,4,2027,4,12,73.738
2027,4,12,P05,120436,25.491,4,2027,4,19,32.897
2027,4,19,P05,120436,55.293,4,2027,4,26,71.358
2027,4,26,P05,120436,42.085,4,2027,5,3,54.313
2027,5,17,P05,120436,10.115,4,2027,5,24,13.054
2027,5,24,P05,120436,72.058,4,2027,5,31,92.994
2027,5,31,P05,120436,10,4,2027,6,7,12.905
2027,6,14,P05,120436,38.542,4,2027,6,21,49.74
2027,6,21,P05,120436,5.571,4,2027,6,28,7.19
2027,6,28,P05,120436,57.56,4,2027,7,5,74.284
2027,7,5,P05,120436,0.79,4,2027,7,12,1.02
2027,7,19,P05,120436,92.429,4,2027,7,26,119.284
2027,8,9,P05,120436,87.939,4,2027,8,16,113.489
2027,8,30,P05,120436,68.291,4,2027,9,6,88.133
2027,9,13,P05,120436,25.179,4,2027,9,20,32.494
2027,9,27,P05,120436,15.539,4,2027,10,4,20.054
2027,10,4,P05,120436,36.203,4,2027,10,11,46.722
2027,10,11,P05,120436,57.229,4,2027,10,18,73.856
2027,10,18,P05,120436,69.182,4,2027,10,25,89.283
2027,10,25,P05,120436,14.53,4,2027,11,1,18.752
2027,11,29,P05,120436,54.766,4,2027,12,6,70.678
2027,12,13,P05,120436,77.383,4,2027,12,20,99.866
2028,1,3,P05,120436,47.057,4,2028,1,10,60.729
2028,1,10,P05,120436,54.351,4,2028,1,17,70.142
2026,8,10,P05,120463,27.479,4,2026,8,17,35.463
2026,8,24,P05,120463,40.396,4,2026,8,31,52.133
2026,9,7,P05,120463,28.194,4,2026,9,14,35.968
2026,9,14,P05,120463,46.931,4,2026,9,21,59.872
2026,9,21,P05,120463,30,4,2026,9,28,38.272
2026,9,28,P05,120463,79.406,4,2026,10,5,100.154
2026,10,19,P05,120463,30,4,2026,10,26,37.839
2026,10,26,P05,120463,44.39,4,2026,11,2,55.989
2026,11,9,P05,120463,61.83,4,2026,11,16,79.679
2026,11,30,P05,120463,44.87,4,2026,12,7,59.106
2026,12,14,P05,120463,48.898,4,2026,12,21,64.411
2026,12,21,P05,120463,42.512,4,2026,12,28,56
2027,1,11,P05,120463,30,4,2027,1,18,38.716
2027,1,18,P05,120463,43.74,4,2027,1,25,56.448
2027,2,1,P05,120463,30,4,2027,2,8,38.716
2027,2,8,P05,120463,39.55,4,2027,2,15,51.041
2027,2,22,P05,120463,30,4,2027,3,1,38.716
2027,3,1,P05,120463,41.18,4,2027,3,8,53.144
2027,3,15,P05,120463,30,4,2027,3,22,38.716
2027,3,22,P05,120463,39.39,4,2027,3,29,50.834
2027,4,5,P05,120463,30,4,2027,4,12,38.716
2027,4,12,P05,120463,41.97,4,2027,4,19,54.164
2027,4,26,P05,120463,30,4,2027,5,3,38.716
2027,5,3,P05,120463,34.37,4,2027,5,10,44.356
2027,5,17,P05,120463,45.82,4,2027,5,24,59.132
2027,5,31,P05,120463,30,4,2027,6,7,38.716
2027,6,7,P05,120463,30,4,2027,6,14,38.716
2027,6,14,P05,120463,54.72,4,2027,6,21,70.618
2027,6,28,P05,120463,30,4,2027,7,5,38.716
2027,7,5,P05,120463,34.08,4,2027,7,12,43.982
2027,7,12,P05,120463,30.22,4,2027,7,19,39
2027,7,19,P05,120463,30,4,2027,7,26,38.716
2027,7,26,P05,120463,31.02,4,2027,8,2,40.033
2027,8,2,P05,120463,33.61,4,2027,8,9,43.375
2027,8,9,P05,120463,34.49,4,2027,8,16,44.511
2027,8,16,P05,120463,34.49,4,2027,8,23,44.511
2027,8,23,P05,120463,34.49,4,2027,8,30,44.511
2027,8,30,P05,120463,34.56,4,2027,9,6,44.601
2027,9,6,P05,120463,34.87,4,2027,9,13,45.001
2027,9,13,P05,120463,34.87,4,2027,9,20,45.001
2027,9,20,P05,120463,34.87,4,2027,9,27,45.001
2027,9,27,P05,120463,34.87,4,2027,10,4,45.001
2027,10,4,P05,120463,29.72,4,2027,10,11,38.355
2027,10,11,P05,120463,29.72,4,2027,10,18,38.355
2027,10,18,P05,120463,29.72,4,2027,10,25,38.355
2027,10,25,P05,120463,29.72,4,2027,11,1,38.355
2027,11,1,P05,120463,28.75,4,2027,11,8,37.103
2027,11,8,P05,120463,28.1,4,2027,11,15,36.264
2027,11,15,P05,120463,52.818,4,2027,11,22,68.164
2027,11,22,P05,120463,3.382,4,2027,11,29,4.365
2027,11,29,P05,120463,28.1,4,2027,12,6,36.264
2027,12,6,P05,120463,24.15,4,2027,12,13,31.167
2027,12,13,P05,120463,24.15,4,2027,12,20,31.167
2027,12,20,P05,120463,24.15,4,2027,12,27,31.167
2027,12,27,P05,120463,24.15,4,2028,1,3,31.167
2028,1,3,P05,120463,24.7,4,2028,1,10,31.876
2028,1,10,P05,120463,24.85,4,2028,1,17,32.07
2028,1,17,P05,120463,24.84,4,2028,1,24,32.057
2028,1,24,P05,120463,24.85,4,2028,1,31,32.07
2028,1,31,P05,120463,23.4,4,2028,2,7,30.199
2026,8,31,P05,221800,97.247,4,2026,9,7,124.063
2026,10,12,P05,221800,79.889,4,2026,10,19,100.763
2026,11,16,P05,221800,85.474,4,2026,11,23,110.148
2027,1,4,P05,221800,76.498,4,2027,1,11,98.724
2027,2,15,P05,221800,89.105,4,2027,2,22,114.994
2027,3,29,P05,221800,102.941,4,2027,4,5,132.849
2027,5,10,P05,221800,102.264,4,2027,5,17,131.976
2027,6,21,P05,221800,103.434,4,2027,6,28,133.486
2027,8,2,P05,221800,67.1,4,2027,8,9,86.595
2027,8,30,P05,221800,18.014,4,2027,9,6,23.248
2027,9,6,P05,221800,18.86,4,2027,9,13,24.34
2027,9,13,P05,221800,18.86,4,2027,9,20,24.34
2027,9,20,P05,221800,18.612,4,2027,9,27,24.02
2027,9,27,P05,221800,16.94,4,2027,10,4,21.862
2027,10,4,P05,221800,14.994,4,2027,10,11,19.35
2027,10,11,P05,221800,15,4,2027,10,18,19.358
2027,10,18,P05,221800,14.908,4,2027,10,25,19.239
2027,10,25,P05,221800,14.322,4,2027,11,1,18.483
2027,11,1,P05,221800,13.394,4,2027,11,8,17.285
2027,11,8,P05,221800,13.01,4,2027,11,15,16.79
2027,11,15,P05,221800,13.01,4,2027,11,22,16.79
2027,11,22,P05,221800,12.902,4,2027,11,29,16.651
2027,11,29,P05,221800,11.4,4,2027,12,6,14.712
2027,12,6,P05,221800,9.394,4,2027,12,13,12.123
2027,12,13,P05,221800,9.396,4,2027,12,20,12.126
2027,12,20,P05,221800,9.378,4,2027,12,27,12.103
2027,12,27,P05,221800,9.524,4,2028,1,3,12.291
2028,1,3,P05,221800,9.814,4,2028,1,10,12.665
2028,1,10,P05,221800,9.88,4,2028,1,17,12.751
2028,1,17,P05,221800,9.868,4,2028,1,24,12.735
2028,1,24,P05,221800,9.598,4,2028,1,31,12.387
2028,1,31,P05,221800,5.532,4,2028,2,7,7.139
2026,8,31,P05,221801,17.602,4,2026,9,7,22.456
2026,10,12,P05,221801,9,4,2026,10,19,11.352
2026,11,16,P05,221801,11.136,4,2026,11,23,14.351
2027,1,4,P05,221801,10.278,4,2027,1,11,13.264
2027,2,15,P05,221801,11.084,4,2027,2,22,14.304
2027,3,29,P05,221801,14.065,4,2027,4,5,18.151
2027,5,10,P05,221801,11.165,4,2027,5,17,14.409
2027,6,21,P05,221801,13.426,4,2027,6,28,17.327
2027,8,2,P05,221801,9,4,2027,8,9,11.615
2027,8,30,P05,221801,1.456,4,2027,9,6,1.879
2027,9,6,P05,221801,2.43,4,2027,9,13,3.136
2027,9,13,P05,221801,2.43,4,2027,9,20,3.136
2027,9,20,P05,221801,2.43,4,2027,9,27,3.136
2027,9,27,P05,221801,1.95,4,2027,10,4,2.517
2027,10,4,P05,221801,1.848,4,2027,10,11,2.385
2027,10,11,P05,221801,1.85,4,2027,10,18,2.387
2027,10,18,P05,221801,1.85,4,2027,10,25,2.387
2027,10,25,P05,221801,1.69,4,2027,11,1,2.181
2027,11,1,P05,221801,1.55,4,2027,11,8,2
2027,11,8,P05,221801,1.53,4,2027,11,15,1.975
2027,11,15,P05,221801,1.53,4,2027,11,22,1.975
2027,11,22,P05,221801,1.538,4,2027,11,29,1.985
2027,11,29,P05,221801,1.804,4,2027,12,6,2.328
2027,12,6,P05,221801,1.84,4,2027,12,13,2.375
2027,12,13,P05,221801,1.84,4,2027,12,20,2.375
2027,12,20,P05,221801,1.84,4,2027,12,27,2.375
2027,12,27,P05,221801,1.796,4,2028,1,3,2.318
2028,1,3,P05,221801,1.774,4,2028,1,10,2.289
2028,1,10,P05,221801,1.768,4,2028,1,17,2.282
2028,1,17,P05,221801,1.772,4,2028,1,24,2.287
2028,1,24,P05,221801,1.734,4,2028,1,31,2.238
2028,1,31,P05,221801,0.292,4,2028,2,7,0.377
2026,8,3,P05,280323,95,4,2026,8,10,122.601
2026,8,10,P05,280323,38,4,2026,8,17,49.04
2026,8,24,P05,280323,43.846,4,2026,8,31,56.585
2026,10,19,P05,280323,64.318,4,2026,10,26,81.124
2026,10,26,P05,280323,62.95,4,2026,11,2,79.398
2027,1,11,P05,280323,27.03,4,2027,1,18,34.883
2027,2,1,P05,280323,30.059,4,2027,2,8,38.792
2027,2,8,P05,280323,37.35,4,2027,2,15,48.202
2027,2,15,P05,280323,22.24,4,2027,2,22,28.702
2027,2,22,P05,280323,18,4,2027,3,1,23.23
2027,3,1,P05,280323,18,4,2027,3,8,23.23
2027,3,8,P05,280323,18,4,2027,3,15,23.23
2027,3,22,P05,280323,23.165,4,2027,3,29,29.896
2027,4,5,P05,280323,35.292,4,2027,4,12,45.546
2027,4,12,P05,280323,42.38,4,2027,4,19,54.693
2027,4,19,P05,280323,18,4,2027,4,26,23.23
2027,5,3,P05,280323,35.911,4,2027,5,10,46.345
2027,5,24,P05,280323,35.947,4,2027,5,31,46.391
2027,5,31,P05,280323,53.503,4,2027,6,7,69.048
2027,6,7,P05,280323,66.95,4,2027,6,14,86.402
2027,9,6,P05,280323,29.884,4,2027,9,13,38.567
2027,11,29,P05,280323,25.896,4,2027,12,6,33.42
2027,12,6,P05,280323,26.87,4,2027,12,13,34.677
2027,12,27,P05,280323,5.506,4,2028,1,3,7.105
2028,1,10,P05,280323,1.041,4,2028,1,17,1.343
2028,1,17,P05,280323,26.35,4,2028,1,24,34.006
2026,9,14,P05,280571,66.914,4,2026,9,21,85.366
2026,9,21,P05,280571,48.392,4,2026,9,28,61.736
2026,9,28,P05,280571,15.133,4,2026,10,5,19.087
2026,10,19,P05,280571,9,4,2026,10,26,11.352
2026,11,2,P05,280571,65.43,4,2026,11,9,84.318
2026,11,9,P05,280571,32.286,4,2026,11,16,41.606
2026,11,16,P05,280571,25.997,4,2026,11,23,33.501
2026,12,7,P05,280571,83.067,4,2026,12,14,109.422
2026,12,14,P05,280571,22.758,4,2026,12,21,29.978
2026,12,28,P05,280571,26.346,4,2027,1,4,34
2027,1,4,P05,280571,10.983,4,2027,1,11,14.175
2027,1,11,P05,280571,18.83,4,2027,1,18,24.3
2027,1,25,P05,280571,51.904,4,2027,2,1,66.984
2027,2,1,P05,280571,50.9,4,2027,2,8,65.688
2027,2,8,P05,280571,33.68,4,2027,2,15,43.465
2027,3,1,P05,280571,47.12,4,2027,3,8,60.81
2027,3,8,P05,280571,46.68,4,2027,3,15,60.242
2027,3,22,P05,280571,47.536,4,2027,3,29,61.347
2027,4,12,P05,280571,12.589,4,2027,4,19,16.246
2027,4,19,P05,280571,33.364,4,2027,4,26,43.057
2027,4,26,P05,280571,50.344,4,2027,5,3,64.971
2027,5,3,P05,280571,36.069,4,2027,5,10,46.548
2027,5,17,P05,280571,48.834,4,2027,5,24,63.022
2027,5,24,P05,280571,9,4,2027,5,31,11.615
2027,5,31,P05,280571,27.377,4,2027,6,7,35.331
2027,6,7,P05,280571,13.259,4,2027,6,14,17.112
2027,6,14,P05,280571,23.743,4,2027,6,21,30.642
2027,7,26,P05,280571,91.409,4,2027,8,2,117.967
2027,8,2,P05,280571,12.719,4,2027,8,9,16.415
2027,8,16,P05,280571,82.515,4,2027,8,23,106.489
2027,8,23,P05,280571,48.139,4,2027,8,30,62.126
2027,9,6,P05,280571,9.985,4,2027,9,13,12.886
2027,9,13,P05,280571,35.107,4,2027,9,20,45.306
2027,9,20,P05,280571,65.927,4,2027,9,27,85.082
2027,9,27,P05,280571,48.641,4,2027,10,4,62.773
2027,10,4,P05,280571,38.907,4,2027,10,11,50.21
2027,10,11,P05,280571,16.491,4,2027,10,18,21.282
2027,10,25,P05,280571,47.717,4,2027,11,1,61.581
2027,11,1,P05,280571,43.306,4,2027,11,8,55.888
2027,11,8,P05,280571,15.95,4,2027,11,15,20.584
2027,11,15,P05,280571,34.149,4,2027,11,22,44.071
2027,12,6,P05,280571,16.685,4,2027,12,13,21.533
2027,12,20,P05,280571,6.268,4,2027,12,27,8.089
2027,12,27,P05,280571,18.16,4,2028,1,3,23.436
2028,1,17,P05,280571,2.263,4,2028,1,24,2.921
2026,10,19,P05,280573,11.95,4,2026,10,26,15.072
2026,11,9,P05,280573,13.491,4,2026,11,16,17.385
2027,9,6,P05,280573,25.84,4,2027,9,13,33.348
2027,9,27,P05,280573,3.9,4,2027,10,4,5.033
2027,10,4,P05,280573,0.167,4,2027,10,11,0.216
2027,10,25,P05,280573,13.89,4,2027,11,1,17.926
2027,11,8,P05,280573,10.588,4,2027,11,15,13.664
2027,11,15,P05,280573,14.938,4,2027,11,22,19.278
2027,3,22,P05,280573,12.338,4,2027,3,29,15.923
2027,4,19,P05,280573,10.349,4,2027,4,26,13.355
2027,5,3,P05,280573,12.98,4,2027,5,10,16.751
2027,5,17,P05,280573,17.66,4,2027,5,24,22.791
2027,6,7,P05,280573,12.22,4,2027,6,14,15.77
2027,8,23,P05,280573,39.8,4,2027,8,30,51.363
2026,12,14,P05,280573,48.29,4,2026,12,21,63.611
2027,1,4,P05,280573,14.67,4,2027,1,11,18.932
2027,1,25,P05,280573,24.75,4,2027,2,1,31.941
2027,2,1,P05,280573,11.471,4,2027,2,8,14.803
2027,2,8,P05,280573,11.849,4,2027,2,15,15.292
2027,3,8,P05,280573,11.89,4,2027,3,15,15.345
2027,12,6,P05,280573,10.84,4,2027,12,13,13.989
2027,12,20,P05,280573,10.84,4,2027,12,27,13.989
2027,12,27,P05,280573,9.765,4,2028,1,3,12.602
2028,1,10,P05,280573,10.88,4,2028,1,17,14.041
2028,1,24,P05,280699,10,4,2028,1,31,12.905
2026,8,24,P05,280699,18.19,4,2026,8,31,23.475
2027,12,6,P05,280699,12,4,2027,12,13,15.486
2027,12,20,P05,280699,11,4,2027,12,27,14.196
2028,1,3,P05,280699,9,4,2028,1,10,11.615
2028,1,10,P05,280699,10,4,2028,1,17,12.905
2026,8,10,P05,280699,15,4,2026,8,17,19.358
2026,8,17,P05,280700,70,4,2026,8,24,90.338
2026,9,14,P05,280700,10,4,2026,9,21,12.757
2026,9,21,P05,280700,10,4,2026,9,28,12.757
2026,8,3,P05,280701,10,4,2026,8,10,12.905
2026,8,3,P05,280702,9.002,4,2026,8,10,11.617
2026,8,3,P05,280706,9.001,4,2026,8,10,11.616
2026,8,17,P05,280708,44,4,2026,8,24,56.784
2026,8,24,P05,280708,20,4,2026,8,31,25.811
2026,9,7,P05,280708,48.013,4,2026,9,14,61.253
2026,9,28,P05,280708,10,4,2026,10,5,12.613
2026,10,5,P05,280708,11,4,2026,10,12,13.874
2026,10,12,P05,280708,9,4,2026,10,19,11.352
2026,10,19,P05,280708,10,4,2026,10,26,12.613
2026,10,26,P05,280708,10,4,2026,11,2,12.613
2026,11,2,P05,280708,9,4,2026,11,9,11.598
2026,11,9,P05,280708,15,4,2026,11,16,19.33
2027,12,6,P05,280708,11,4,2027,12,13,14.196
2027,12,20,P05,280708,9,4,2027,12,27,11.615
2027,12,27,P05,280708,9,4,2028,1,3,11.615
2028,1,3,P05,280708,15,4,2028,1,10,19.358
2028,1,24,P05,280708,9,4,2028,1,31,11.615
2026,8,10,P05,280717,39,4,2026,8,17,50.331
2026,9,7,P05,280717,39.8,4,2026,9,14,50.775
2027,11,29,P05,280717,0.463,4,2027,12,6,0.598
2027,12,6,P05,280717,9.65,4,2027,12,13,12.454
2027,12,13,P05,280717,9.66,4,2027,12,20,12.467
2027,12,20,P05,280717,9.66,4,2027,12,27,12.467
2027,12,27,P05,280717,9.66,4,2028,1,3,12.467
2028,1,3,P05,280717,9.66,4,2028,1,10,12.467
2028,1,10,P05,280717,9.66,4,2028,1,17,12.467
2028,1,17,P05,280717,9.66,4,2028,1,24,12.467
2028,1,24,P05,280717,9.58,4,2028,1,31,12.363
2028,1,31,P05,280717,7.57,4,2028,2,7,9.769
2026,8,31,P05,570487,9,4,2026,9,7,11.482
2026,10,12,P05,570487,13,4,2026,10,19,16.397
2027,1,4,P05,570487,10,4,2027,1,11,12.905
2027,5,10,P05,570487,9,4,2027,5,17,11.615
2027,8,30,P05,570487,0.108,4,2027,9,6,0.139
2027,9,6,P05,570487,0.56,4,2027,9,13,0.723
2027,10,25,P05,570487,0.56,4,2027,11,1,0.723
2027,11,1,P05,570487,0.56,4,2027,11,8,0.723
2027,11,8,P05,570487,0.56,4,2027,11,15,0.723
2027,11,15,P05,570487,0.56,4,2027,11,22,0.723
2027,9,13,P05,570487,0.56,4,2027,9,20,0.723
2027,9,20,P05,570487,0.59,4,2027,9,27,0.761
2027,9,27,P05,570487,0.59,4,2027,10,4,0.761
2027,10,4,P05,570487,0.59,4,2027,10,11,0.761
2027,10,11,P05,570487,0.59,4,2027,10,18,0.761
2027,10,18,P05,570487,0.57,4,2027,10,25,0.736
2026,8,17,P05,Capacity T,8.431,4,2026,8,24,10.88
2026,11,16,P06,120436,49.438,4,2026,11,23,61.658
2026,11,23,P06,120436,18.442,4,2026,11,30,23
2027,1,11,P06,120436,22.905,4,2027,1,18,29.56
2027,2,8,P06,120436,10.864,4,2027,2,15,14.02
2027,2,15,P06,120436,14.041,4,2027,2,22,18.12
2027,3,1,P06,120436,11.691,4,2027,3,8,15.088
2027,3,8,P06,120436,23.889,4,2027,3,15,30.83
2027,3,15,P06,120436,49.747,4,2027,3,22,64.201
2027,3,22,P06,120436,36.372,4,2027,3,29,46.939
2027,3,29,P06,120436,10,4,2027,4,5,12.905
2027,4,26,P06,120436,30.059,4,2027,5,3,38.792
2027,5,3,P06,120436,34.605,4,2027,5,10,44.659
2027,5,10,P06,120436,17.931,4,2027,5,17,23.14
2027,5,17,P06,120436,59.084,4,2027,5,24,76.251
2027,5,31,P06,120436,46.704,4,2027,6,7,60.274
2027,6,7,P06,120436,23.914,4,2027,6,14,30.862
2027,6,21,P06,120436,27.445,4,2027,6,28,35.419
2027,6,28,P06,120436,10,4,2027,7,5,12.905
2027,9,6,P06,120436,26.525,4,2027,9,13,34.232
2027,10,4,P06,120436,25.447,4,2027,10,11,32.841
2027,10,18,P06,120436,24.758,4,2027,10,25,31.952
2027,10,25,P06,120436,44.421,4,2027,11,1,57.327
2027,11,29,P06,120436,59.819,4,2027,12,6,77.199
2027,12,6,P06,120436,115.779,4,2027,12,13,149.417
2027,12,13,P06,120436,21.321,4,2027,12,20,27.516
2028,1,3,P06,120436,7.974,4,2028,1,10,10.29
2028,1,24,P06,120436,42.131,4,2028,1,31,54.372
2026,10,5,P06,120535,9,4,2026,10,12,10.993
2026,8,17,P06,280166,40,4,2026,8,24,50.027
2026,8,24,P06,280166,77.754,4,2026,8,31,97.244
2026,9,7,P06,280166,13.775,4,2026,9,14,17.013
2026,9,14,P06,280166,63.277,4,2026,9,21,78.15
2026,10,5,P06,280166,16.66,4,2026,10,12,20.35
2026,10,19,P06,280166,40,4,2026,10,26,48.86
2026,10,26,P06,280166,12.684,4,2026,11,2,15.494
2026,11,2,P06,280166,109.368,4,2026,11,9,136.399
2026,11,9,P06,280166,126.688,4,2026,11,16,158
2026,11,16,P06,280166,29.73,4,2026,11,23,37.079
2026,12,7,P06,280166,116.177,4,2026,12,14,148
2026,12,14,P06,280166,124.026,4,2026,12,21,158
2026,12,21,P06,280166,43.959,4,2026,12,28,56
2026,12,28,P06,280166,26.346,4,2027,1,4,34
2027,1,4,P06,280166,82.438,4,2027,1,11,106.389
2027,1,11,P06,280166,85.1,4,2027,1,18,109.825
2027,1,25,P06,280166,79.392,4,2027,2,1,102.458
2027,2,8,P06,280166,94.346,4,2027,2,15,121.757
2027,2,15,P06,280166,67.094,4,2027,2,22,86.588
2027,2,22,P06,280166,81.258,4,2027,3,1,104.866
2027,3,1,P06,280166,76.078,4,2027,3,8,98.182
2027,3,8,P06,280166,75.18,4,2027,3,15,97.023
2027,3,15,P06,280166,14.112,4,2027,3,22,18.213
2027,3,22,P06,280166,73.15,4,2027,3,29,94.403
2027,3,29,P06,280166,31.639,4,2027,4,5,40.832
2027,4,5,P06,280166,79.4,4,2027,4,12,102.469
2027,4,12,P06,280166,80.168,4,2027,4,19,103.46
2027,4,19,P06,280166,82.754,4,2027,4,26,106.797
2027,4,26,P06,280166,77.752,4,2027,5,3,100.342
2027,5,3,P06,280166,72.316,4,2027,5,10,93.327
2027,5,10,P06,280166,40.618,4,2027,5,17,52.419
2027,5,17,P06,280166,63.345,4,2027,5,24,81.749
2027,5,24,P06,280166,64.136,4,2027,5,31,82.77
2027,5,31,P06,280166,62.925,4,2027,6,7,81.207
2027,6,7,P06,280166,59.307,4,2027,6,14,76.537
2027,6,14,P06,280166,50.798,4,2027,6,21,65.557
2027,6,21,P06,280166,47.614,4,2027,6,28,61.448
2027,7,12,P06,280166,117.005,4,2027,7,19,151
2027,7,19,P06,280166,122.429,4,2027,7,26,158
2027,7,26,P06,280166,68.701,4,2027,8,2,88.661
2027,8,2,P06,280166,105.163,4,2027,8,9,135.717
2027,8,9,P06,280166,38.803,4,2027,8,16,50.076
2027,8,16,P06,280166,117.005,4,2027,8,23,151
2027,8,23,P06,280166,46.074,4,2027,8,30,59.46
2027,8,30,P06,280166,79.883,4,2027,9,6,103.093
2027,9,6,P06,280166,76.076,4,2027,9,13,98.179
2027,9,13,P06,280166,30.22,4,2027,9,20,39
2027,9,20,P06,280166,80.144,4,2027,9,27,103.429
2027,9,27,P06,280166,74.706,4,2027,10,4,96.411
2027,10,4,P06,280166,72.892,4,2027,10,11,94.07
2027,10,11,P06,280166,74.634,4,2027,10,18,96.318
2027,10,18,P06,280166,53.997,4,2027,10,25,69.685
2027,10,25,P06,280166,68.458,4,2027,11,1,88.348
2027,11,1,P06,280166,68.814,4,2027,11,8,88.807
2027,11,8,P06,280166,56.766,4,2027,11,15,73.258
2027,11,15,P06,280166,36.586,4,2027,11,22,47.216
2027,11,22,P06,280166,17.822,4,2027,11,29,23
2027,11,29,P06,280166,62.61,4,2027,12,6,80.801
2027,12,6,P06,280166,6.651,4,2027,12,13,8.583
2027,12,13,P06,280166,62.148,4,2027,12,20,80.204
2027,12,20,P06,280166,16.312,4,2027,12,27,21.052
2027,12,27,P06,280166,66.532,4,2028,1,3,85.862
2028,1,3,P06,280166,44.725,4,2028,1,10,57.719
2028,1,10,P06,280166,68.08,4,2028,1,17,87.86
2028,1,17,P06,280166,67.272,4,2028,1,24,86.817
2028,1,24,P06,280166,55.444,4,2028,1,31,71.553
2028,2,7,P06,280166,0.9,4,2028,2,14,1.161
2028,2,14,P06,280166,0.83,4,2028,2,21,1.071
2028,2,21,P06,280166,0.43,4,2028,2,28,0.555
2026,8,10,P06,280323,60,4,2026,8,17,75.04
2026,8,17,P06,280323,15,4,2026,8,24,18.76
2026,8,24,P06,280323,21.215,4,2026,8,31,26.533
2026,9,21,P06,280323,120.338,4,2026,9,28,148.624
2026,10,12,P06,280323,89.349,4,2026,10,19,109.14
2026,10,19,P06,280323,49.349,4,2026,10,26,60.28
2026,10,26,P06,280323,9,4,2026,11,2,10.993
2026,11,2,P06,280323,17.32,4,2026,11,9,21.601
2026,11,30,P06,280323,64.395,4,2026,12,7,82.034
2027,1,4,P06,280323,30.991,4,2027,1,11,39.996
2027,1,11,P06,280323,9,4,2027,1,18,11.615
2027,1,18,P06,280323,16.429,4,2027,1,25,21.203
2027,1,25,P06,280323,43.038,4,2027,2,1,55.542
2027,2,22,P06,280323,35.748,4,2027,3,1,46.134
2027,3,1,P06,280323,22.88,4,2027,3,8,29.528
2027,3,8,P06,280323,23.36,4,2027,3,15,30.147
2027,3,22,P06,280323,12.908,4,2027,3,29,16.658
2027,3,29,P06,280323,32.999,4,2027,4,5,42.586
2027,4,19,P06,280323,24.38,4,2027,4,26,31.463
2027,4,26,P06,280323,14.619,4,2027,5,3,18.866
2027,5,10,P06,280323,63.881,4,2027,5,17,82.44
2027,6,14,P06,280323,66.207,4,2027,6,21,85.443
2027,6,21,P06,280323,47.37,4,2027,6,28,61.133
2027,6,28,P06,280323,24.102,4,2027,7,5,31.105
2027,8,2,P06,280323,17.266,4,2027,8,9,22.283
2027,8,9,P06,280323,23.42,4,2027,8,16,30.224
2027,8,23,P06,280323,76.356,4,2027,8,30,98.54
2027,9,20,P06,280323,27.718,4,2027,9,27,35.771
2027,9,27,P06,280323,24.768,4,2027,10,4,31.964
2027,10,4,P06,280323,24.09,4,2027,10,11,31.089
2027,10,11,P06,280323,24.09,4,2027,10,18,31.089
2027,10,18,P06,280323,24.09,4,2027,10,25,31.089
2027,10,25,P06,280323,9.55,4,2027,11,1,12.325
2027,11,1,P06,280323,41.124,4,2027,11,8,53.072
2027,12,13,P06,280323,26.87,4,2027,12,20,34.677
2027,12,20,P06,280323,26.87,4,2027,12,27,34.677
2027,12,27,P06,280323,21.028,4,2028,1,3,27.138
2028,1,3,P06,280323,15.411,4,2028,1,10,19.888
2028,1,10,P06,280323,25.309,4,2028,1,17,32.663
2028,1,24,P06,280323,24.854,4,2028,1,31,32.075
2026,8,31,P06,280521,65.25,4,2026,9,7,80.587
2026,9,7,P06,280521,13.87,4,2026,9,14,17.13
2026,9,21,P06,280521,7.59,4,2026,9,28,9.374
2026,9,28,P06,280521,63.755,4,2026,10,5,77.876
2026,8,24,P06,280522,27.364,4,2026,8,31,34.223
2026,8,31,P06,280522,62.68,4,2026,9,7,77.413
2026,9,7,P06,280522,92.188,4,2026,9,14,113.857
2026,9,14,P06,280522,20,4,2026,9,21,24.701
2026,9,28,P06,280522,55.774,4,2026,10,5,68.128
2026,10,5,P06,280522,40,4,2026,10,12,48.86
2026,10,12,P06,280522,40,4,2026,10,19,48.86
2026,10,19,P06,280522,40,4,2026,10,26,48.86
2027,1,18,P06,280528,9,4,2027,1,25,11.615
2027,2,1,P06,280528,14.16,4,2027,2,8,18.274
2028,1,10,P06,280528,15.04,4,2028,1,17,19.41
2026,8,3,P06,280571,125,4,2026,8,10,156.333
2026,8,10,P06,280571,65,4,2026,8,17,81.293
2026,9,14,P06,280571,44.65,4,2026,9,21,55.145
2026,10,5,P06,280571,51.739,4,2026,10,12,63.2
2026,10,26,P06,280571,62.639,4,2026,11,2,76.513
2026,11,16,P06,280571,35.089,4,2026,11,23,43.762
2026,11,30,P06,280571,59.631,4,2026,12,7,75.966
2027,1,4,P06,280571,9,4,2027,1,11,11.615
2027,2,8,P06,280571,17.22,4,2027,2,15,22.223
2027,2,15,P06,280571,41.295,4,2027,2,22,53.292
2027,3,15,P06,280571,46.68,4,2027,3,22,60.242
2027,3,29,P06,280571,42.367,4,2027,4,5,54.677
2027,4,5,P06,280571,31.919,4,2027,4,12,41.193
2027,4,12,P06,280571,42.261,4,2027,4,19,54.54
2027,4,19,P06,280571,9.871,4,2027,4,26,12.739
2027,5,3,P06,280571,12.409,4,2027,5,10,16.015
2027,5,24,P06,280571,9,4,2027,5,31,11.615
2027,6,7,P06,280571,39.209,4,2027,6,14,50.601
2027,6,28,P06,280571,51.908,4,2027,7,5,66.99
2027,7,5,P06,280571,34.869,4,2027,7,12,45
2027,7,26,P06,280571,53.729,4,2027,8,2,69.339
2027,8,9,P06,280571,60.207,4,2027,8,16,77.7
2027,8,30,P06,280571,42.546,4,2027,9,6,54.907
2027,9,6,P06,280571,19.828,4,2027,9,13,25.589
2027,9,20,P06,280571,6.731,4,2027,9,27,8.686
2027,9,27,P06,280571,22.955,4,2027,10,4,29.625
2027,10,11,P06,280571,7.996,4,2027,10,18,10.319
2027,11,8,P06,280571,12.973,4,2027,11,15,16.742
2027,11,15,P06,280571,79.645,4,2027,11,22,102.784
2027,12,13,P06,280571,1.25,4,2027,12,20,1.614
2027,12,20,P06,280571,38.954,4,2027,12,27,50.271
2028,1,3,P06,280571,48.896,4,2028,1,10,63.102
2028,1,17,P06,280571,44.277,4,2028,1,24,57.142
2026,8,17,P06,280573,77,4,2026,8,24,96.301
2026,10,5,P06,280573,11.95,4,2026,10,12,14.597
2027,9,20,P06,280573,7.837,4,2027,9,27,10.114
2027,10,11,P06,280573,14.16,4,2027,10,18,18.274
2027,10,18,P06,280573,14.16,4,2027,10,25,18.274
2027,11,1,P06,280573,12.492,4,2027,11,8,16.121
2027,12,13,P06,280573,10.84,4,2027,12,20,13.989
2028,1,17,P06,280573,10.88,4,2028,1,24,14.041
2026,11,16,P06,280573,12.43,4,2026,11,23,15.502
2027,3,1,P06,280573,11.78,4,2027,3,8,15.203
2027,3,15,P06,280573,11.89,4,2027,3,22,15.345
2027,4,5,P06,280573,11.11,4,2027,4,12,14.338
2027,5,24,P06,280573,9,4,2027,5,31,11.615
2027,5,31,P06,280573,12.8,4,2027,6,7,16.519
2027,1,18,P06,280700,82,4,2027,1,25,105.824
2027,2,1,P06,280700,81.269,4,2027,2,8,104.881
2027,2,1,P06,280701,9,4,2027,2,8,11.615
2027,1,18,P06,280702,15,4,2027,1,25,19.358
2027,2,1,P06,280702,18,4,2027,2,8,23.23
2028,1,10,P06,280702,14,4,2028,1,17,18.068
2027,3,22,P07,120436,16.429,4,2027,3,29,21.203
2027,8,23,P07,120436,31.429,4,2027,8,30,40.561
2027,9,20,P07,120436,4.729,4,2027,9,27,6.104
2028,1,31,P07,120436,31.809,4,2028,2,7,41.051
2026,8,3,P07,120464,84,4,2026,8,10,114.198
2026,8,10,P07,120464,102,4,2026,8,17,138.669
2026,8,17,P07,120464,124,4,2026,8,24,168.578
2026,9,7,P07,120464,17.84,4,2026,9,14,23.961
2026,9,21,P07,120464,18,4,2026,9,28,24.176
2026,10,5,P07,120464,31.539,4,2026,10,12,41.855
2026,10,26,P07,120464,18,4,2026,11,2,23.887
2026,11,9,P07,120464,43.432,4,2026,11,16,58.955
2027,2,22,P07,120464,18,4,2027,3,1,23.23
2027,3,1,P07,120464,23.029,4,2027,3,8,29.72
2027,3,8,P07,120464,32.405,4,2027,3,15,41.821
2027,3,15,P07,120464,42.429,4,2027,3,22,54.757
2027,4,12,P07,120464,27.429,4,2027,4,19,35.399
2027,7,26,P07,120464,25.78,4,2027,8,2,33.27
2027,8,16,P07,120464,21.945,4,2027,8,23,28.321
2027,10,4,P07,120464,35.05,4,2027,10,11,45.234
2027,12,13,P07,120464,61.429,4,2027,12,20,79.277
2028,1,10,P07,120464,44.16,4,2028,1,17,56.99
2028,1,17,P07,120464,25.311,4,2028,1,24,32.665
2028,1,24,P07,120464,36.854,4,2028,1,31,47.561
2028,2,7,P07,120464,0.13,4,2028,2,14,0.167
2028,2,21,P07,120464,0.293,4,2028,2,28,0.378
2026,10,12,P07,241287,44.058,4,2026,10,19,58.469
2027,3,29,P07,241287,24.136,4,2027,4,5,31.149
2027,4,26,P07,241287,41.823,4,2027,5,3,53.975
2027,5,17,P07,241287,35.337,4,2027,5,24,45.604
2027,6,14,P07,241287,33.005,4,2027,6,21,42.595
2027,7,19,P07,241287,56.429,4,2027,7,26,72.824
2027,10,25,P07,241287,58.429,4,2027,11,1,75.406
2027,11,29,P07,241287,29.506,4,2027,12,6,38.079
2028,1,3,P07,241287,28.178,4,2028,1,10,36.365
2028,1,10,P07,241287,8.59,4,2028,1,17,11.086
2028,1,17,P07,241287,27.808,4,2028,1,24,35.887
2028,1,24,P07,241287,23.122,4,2028,1,31,29.84
2026,8,3,P07,241288,30.501,4,2026,8,10,41.466
2027,2,22,P07,241288,25.005,4,2027,3,1,32.27
2027,3,1,P07,241288,18,4,2027,3,8,23.23
2027,4,5,P07,241288,18.429,4,2027,4,12,23.784
2027,5,24,P07,241288,30.005,4,2027,5,31,38.723
2027,8,2,P07,241288,38.429,4,2027,8,9,49.595
2027,10,4,P07,241288,3.387,4,2027,10,11,4.37
2028,1,3,P07,241288,10.244,4,2028,1,10,13.22
2028,1,17,P07,241288,10.31,4,2028,1,24,13.305
2028,1,24,P07,241288,10.246,4,2028,1,31,13.223
2028,2,7,P07,241288,1.738,4,2028,2,14,2.243
2026,11,9,P07,280105,18.965,4,2026,11,16,25.744
2027,4,19,P07,280105,24.005,4,2027,4,26,30.98
2027,5,10,P07,280105,33,4,2027,5,17,42.588
2027,8,9,P07,280105,20.429,4,2027,8,16,26.365
2027,9,6,P07,280105,35.429,4,2027,9,13,45.723
2027,9,13,P07,280105,31.005,4,2027,9,20,40.014
2027,9,27,P07,280105,13.189,4,2027,10,4,17.02
2027,12,6,P07,280105,30.25,4,2027,12,13,39.039
2027,12,27,P07,280105,8.56,4,2028,1,3,11.047
2028,1,3,P07,280105,19.687,4,2028,1,10,25.407
2028,1,24,P07,280105,8.208,4,2028,1,31,10.593
2028,2,7,P07,280105,0.39,4,2028,2,14,0.503
2028,2,21,P07,280105,0.63,4,2028,2,28,0.813
2026,9,21,P07,280106,18,4,2026,9,28,24.176
2026,11,2,P07,280106,32.063,4,2026,11,9,43.524
2027,3,8,P07,280106,26.434,4,2027,3,15,34.114
2027,4,26,P07,280106,18.606,4,2027,5,3,24.012
2027,9,27,P07,280106,17.132,4,2027,10,4,22.11
2027,10,18,P07,280106,0.22,4,2027,10,25,0.284
2027,11,1,P07,280106,2.546,4,2027,11,8,3.286
2027,11,22,P07,280106,8.282,4,2027,11,29,10.688
2027,12,6,P07,280106,13.35,4,2027,12,13,17.229
2027,12,20,P07,280106,3.136,4,2027,12,27,4.047
2028,2,7,P07,280106,2.288,4,2028,2,14,2.953
2026,9,7,P07,280166,72,4,2026,9,14,96.703
2026,9,14,P07,280166,80.636,4,2026,9,21,108.301
2026,9,21,P07,280166,24.15,4,2026,9,28,32.435
2026,10,19,P07,280166,51.058,4,2026,10,26,67.758
2026,11,23,P07,280166,7.944,4,2026,11,30,10.784
2027,5,17,P07,280166,22.093,4,2027,5,24,28.511
2027,6,7,P07,280166,29.429,4,2027,6,14,37.98
2027,9,27,P07,280434,17.007,4,2027,10,4,21.948
2027,11,1,P07,280434,8.37,4,2027,11,8,10.802
2027,12,6,P07,280434,17.924,4,2027,12,13,23.131
2026,10,5,P07,280477,24.519,4,2026,10,12,32.539
2026,9,14,P07,280525,9,4,2026,9,21,12.088
2026,10,19,P07,280525,9,4,2026,10,26,11.944
2026,11,16,P07,280525,9,4,2026,11,23,12.217
2026,12,14,P07,280525,9,4,2026,12,21,12.503
2027,1,11,P07,280525,12,4,2027,1,18,15.486
2027,2,15,P07,280525,9,4,2027,2,22,11.615
2027,3,8,P07,280525,9,4,2027,3,15,11.615
2027,4,5,P07,280525,9,4,2027,4,12,11.615
2027,5,3,P07,280525,12,4,2027,5,10,15.486
2027,5,24,P07,280525,9,4,2027,5,31,11.615
2027,6,14,P07,280525,9,4,2027,6,21,11.615
2027,7,12,P07,280525,9,4,2027,7,19,11.615
2027,8,9,P07,280525,11,4,2027,8,16,14.196
2027,9,20,P07,280525,10,4,2027,9,27,12.905
2027,11,1,P07,280525,9,4,2027,11,8,11.615
2027,12,13,P07,280525,10,4,2027,12,20,12.905
2026,8,31,P07,280526,10.258,4,2026,9,7,13.777
2026,10,12,P07,280526,9,4,2026,10,19,11.944
2026,11,23,P07,280526,9,4,2026,11,30,12.217
2026,12,21,P07,280526,9.202,4,2026,12,28,12.783
2027,2,15,P07,280526,9,4,2027,2,22,11.615
2027,3,22,P07,280526,9,4,2027,3,29,11.615
2027,5,31,P07,280526,9.428,4,2027,6,7,12.167
2027,8,30,P07,280526,9.05,4,2027,9,6,11.679
2027,11,22,P07,280526,9.54,4,2027,11,29,12.312
2026,9,7,P07,280528,11.35,4,2026,9,14,15.244
2026,9,28,P07,280528,9.081,4,2026,10,5,12.051
2026,10,19,P07,280528,9,4,2026,10,26,11.944
2026,11,2,P07,280528,18.333,4,2026,11,9,24.886
2026,12,7,P07,280528,9.537,4,2026,12,14,13.248
2027,1,4,P07,280528,9,4,2027,1,11,11.615
2027,3,8,P07,280528,9.59,4,2027,3,15,12.376
2027,3,29,P07,280528,9,4,2027,4,5,11.615
2027,4,12,P07,280528,9,4,2027,4,19,11.615
2027,4,19,P07,280528,9,4,2027,4,26,11.615
2027,5,3,P07,280528,9,4,2027,5,10,11.615
2027,5,24,P07,280528,9,4,2027,5,31,11.615
2027,6,7,P07,280528,9,4,2027,6,14,11.615
2027,6,21,P07,280528,9,4,2027,6,28,11.615
2027,7,12,P07,280528,9,4,2027,7,19,11.615
2027,7,26,P07,280528,9.1,4,2027,8,2,11.744
2027,8,16,P07,280528,9,4,2027,8,23,11.615
2027,8,30,P07,280528,11.24,4,2027,9,6,14.506
2027,9,20,P07,280528,10.7,4,2027,9,27,13.809
2027,10,11,P07,280528,10.32,4,2027,10,18,13.318
2027,11,1,P07,280528,15.44,4,2027,11,8,19.925
2027,11,15,P07,280528,18.23,4,2027,11,22,23.527
2026,8,31,P07,280532,18,4,2026,9,7,24.176
2027,9,13,P07,280532,18,4,2027,9,20,23.23
2026,8,31,P07,280571,42.384,4,2026,9,7,56.925
2026,9,28,P07,280571,34.805,4,2026,10,5,46.189
2026,10,26,P07,280571,29.523,4,2026,11,2,39.179
2027,2,15,P07,280571,9.429,4,2027,2,22,12.169
2027,5,10,P07,280571,10.879,4,2027,5,17,14.04
2027,6,14,P07,280571,9,4,2027,6,21,11.615
2027,7,12,P07,280571,15.005,4,2027,7,19,19.365
2027,8,2,P07,280571,9,4,2027,8,9,11.615
2028,1,31,P07,280571,8.536,4,2028,2,7,11.016
2026,9,28,P07,280573,12.13,4,2026,10,5,16.098
2027,10,4,P07,280573,13.993,4,2027,10,11,18.058
2026,8,3,P07,280580,9,4,2026,8,10,12.235
2026,10,12,P07,280580,18,4,2026,10,19,23.887
2027,2,22,P07,280580,18,4,2027,3,1,23.23
2027,3,1,P07,280580,26.4,4,2027,3,8,34.07
2027,3,15,P07,280580,18,4,2027,3,22,23.23
2027,4,5,P07,280580,18,4,2027,4,12,23.23
2027,5,10,P07,280580,24.55,4,2027,5,17,31.683
2027,5,31,P07,280580,19.001,4,2027,6,7,24.522
2027,8,16,P07,280580,29.06,4,2027,8,23,37.503
2027,9,6,P07,280580,18,4,2027,9,13,23.23
2027,9,27,P07,280580,14.102,4,2027,10,4,18.199
2027,10,11,P07,280580,7.56,4,2027,10,18,9.756
2027,11,1,P07,280580,11.074,4,2027,11,8,14.291
2027,11,8,P07,280580,0.738,4,2027,11,15,0.953
2027,11,29,P07,280580,5.923,4,2027,12,6,7.644
2027,12,6,P07,280580,9.906,4,2027,12,13,12.784
2028,1,3,P07,280580,12.896,4,2028,1,10,16.643
2028,1,10,P07,280580,12.68,4,2028,1,17,16.364
2028,1,31,P07,280580,9.616,4,2028,2,7,12.41
2026,8,10,P07,280644,10,4,2026,8,17,13.595
2026,8,10,P07,280645,15,4,2026,8,17,20.392
2026,8,24,P07,280700,89,4,2026,8,31,120.995
2026,9,21,P07,280700,25,4,2026,9,28,33.577
2026,9,28,P07,280700,27,4,2026,10,5,35.831
2026,10,5,P07,280700,31,4,2026,10,12,41.14
2026,10,12,P07,280700,30,4,2026,10,19,39.812
2026,10,19,P07,280700,30,4,2026,10,26,39.812
2026,10,26,P07,280700,28,4,2026,11,2,37.158
2026,11,2,P07,280700,27,4,2026,11,9,36.651
2026,11,9,P07,280700,34,4,2026,11,16,46.153
2026,11,16,P07,280700,79.397,4,2026,11,23,107.775
2026,11,30,P07,280700,58.735,4,2026,12,7,81.594
2026,12,7,P07,280700,59,4,2026,12,14,81.962
2026,12,14,P07,280700,73.735,4,2026,12,21,102.432
2026,12,28,P07,280700,17.346,4,2027,1,4,22.385
2027,1,4,P07,280700,61.429,4,2027,1,11,79.277
2027,2,15,P07,280700,38,4,2027,2,22,49.04
2027,2,22,P07,280700,37,4,2027,3,1,47.75
2027,3,1,P07,280700,35,4,2027,3,8,45.169
2027,3,8,P07,280700,35,4,2027,3,15,45.169
2027,3,15,P07,280700,35,4,2027,3,22,45.169
2027,3,22,P07,280700,36,4,2027,3,29,46.459
2027,3,29,P07,280700,39,4,2027,4,5,50.331
2027,4,5,P07,280700,47,4,2027,4,12,60.655
2027,4,12,P07,280700,48,4,2027,4,19,61.946
2027,4,19,P07,280700,45,4,2027,4,26,58.074
2027,4,26,P07,280700,42,4,2027,5,3,54.203
2027,5,3,P07,280700,42.33,4,2027,5,10,54.628
2027,5,10,P07,280700,42,4,2027,5,17,54.203
2027,5,17,P07,280700,44,4,2027,5,24,56.784
2027,5,24,P07,280700,47,4,2027,5,31,60.655
2027,5,31,P07,280700,46,4,2027,6,7,59.365
2027,6,7,P07,280700,44,4,2027,6,14,56.784
2027,6,14,P07,280700,43,4,2027,6,21,55.493
2027,6,21,P07,280700,65.429,4,2027,6,28,84.439
2027,6,28,P07,280700,65.56,4,2027,7,5,84.608
2027,7,5,P07,280700,15.869,4,2027,7,12,20.48
2027,7,12,P07,280700,46,4,2027,7,19,59.365
2027,7,19,P07,280700,46,4,2027,7,26,59.365
2027,7,26,P07,280700,44,4,2027,8,2,56.784
2027,8,2,P07,280700,45,4,2027,8,9,58.074
2027,8,9,P07,280700,45,4,2027,8,16,58.074
2027,8,16,P07,280700,48,4,2027,8,23,61.946
2027,8,23,P07,280700,48,4,2027,8,30,61.946
2027,8,30,P07,280700,48,4,2027,9,6,61.946
2027,9,6,P07,280700,48,4,2027,9,13,61.946
2027,9,13,P07,280700,47,4,2027,9,20,60.655
2027,9,20,P07,280700,46,4,2027,9,27,59.365
2027,9,27,P07,280700,42,4,2027,10,4,54.203
2027,10,4,P07,280700,42,4,2027,10,11,54.203
2027,10,11,P07,280700,52,4,2027,10,18,67.108
2027,10,18,P07,280700,30,4,2027,10,25,38.716
2027,10,25,P07,280700,41,4,2027,11,1,52.912
2027,11,1,P07,280700,44,4,2027,11,8,56.784
2027,11,8,P07,280700,40,4,2027,11,15,51.622
2027,11,15,P07,280700,72,4,2027,11,22,92.919
2027,11,29,P07,280700,43,4,2027,12,6,55.493
2027,12,6,P07,280700,33,4,2027,12,13,42.588
2027,12,13,P07,280700,33,4,2027,12,20,42.588
2027,12,20,P07,280700,35,4,2027,12,27,45.169
2027,12,27,P07,280700,34,4,2028,1,3,43.878
2028,1,3,P07,280700,35,4,2028,1,10,45.169
2028,1,10,P07,280700,36,4,2028,1,17,46.459
2028,1,17,P07,280700,35,4,2028,1,24,45.169
2028,1,24,P07,280700,33,4,2028,1,31,42.588
2026,8,31,P07,280701,12,4,2026,9,7,16.117
2026,10,5,P07,280701,9,4,2026,10,12,11.944
2026,10,26,P07,280701,9,4,2026,11,2,11.944
2026,11,30,P07,280701,9,4,2026,12,7,12.503
2026,12,7,P07,280701,13,4,2026,12,14,18.059
2027,1,4,P07,280701,10,4,2027,1,11,12.905
2027,2,15,P07,280701,9,4,2027,2,22,11.615
2027,3,15,P07,280701,9,4,2027,3,22,11.615
2027,12,6,P07,280701,9,4,2027,12,13,11.615
2027,12,27,P07,280701,9,4,2028,1,3,11.615
2026,8,24,P07,280702,9,4,2026,8,31,12.235
2026,8,31,P07,280702,10,4,2026,9,7,13.431
2026,9,14,P07,280702,9,4,2026,9,21,12.088
2026,9,21,P07,280702,13,4,2026,9,28,17.46
2026,10,5,P07,280702,14,4,2026,10,12,18.579
2026,10,19,P07,280702,11,4,2026,10,26,14.598
2026,11,2,P07,280702,11,4,2026,11,9,14.932
2026,11,16,P07,280702,13,4,2026,11,23,17.647
2026,11,30,P07,280702,9,4,2026,12,7,12.503
2026,12,7,P07,280702,13,4,2026,12,14,18.059
2026,12,14,P07,280702,9,4,2026,12,21,12.503
2026,12,21,P07,280702,19,4,2026,12,28,26.395
2027,1,4,P07,280702,10,4,2027,1,11,12.905
2027,2,15,P07,280702,9,4,2027,2,22,11.615
2027,2,22,P07,280702,9,4,2027,3,1,11.615
2027,3,1,P07,280702,11,4,2027,3,8,14.196
2027,3,15,P07,280702,9,4,2027,3,22,11.615
2027,3,22,P07,280702,9,4,2027,3,29,11.615
2027,4,5,P07,280702,9,4,2027,4,12,11.615
2027,4,12,P07,280702,9,4,2027,4,19,11.615
2027,4,19,P07,280702,9,4,2027,4,26,11.615
2027,4,26,P07,280702,9,4,2027,5,3,11.615
2027,5,3,P07,280702,13,4,2027,5,10,16.777
2027,5,17,P07,280702,9,4,2027,5,24,11.615
2027,5,24,P07,280702,9,4,2027,5,31,11.615
2027,5,31,P07,280702,9,4,2027,6,7,11.615
2027,6,7,P07,280702,10,4,2027,6,14,12.905
2027,6,14,P07,280702,9,4,2027,6,21,11.615
2027,6,21,P07,280702,17,4,2027,6,28,21.939
2027,7,5,P07,280702,9,4,2027,7,12,11.615
2027,7,12,P07,280702,9,4,2027,7,19,11.615
2027,7,19,P07,280702,9,4,2027,7,26,11.615
2027,7,26,P07,280702,9,4,2027,8,2,11.615
2027,8,2,P07,280702,9,4,2027,8,9,11.615
2027,8,9,P07,280702,13,4,2027,8,16,16.777
2027,8,23,P07,280702,10,4,2027,8,30,12.905
2027,8,30,P07,280702,10,4,2027,9,6,12.905
2027,9,6,P07,280702,9,4,2027,9,13,11.615
2027,9,13,P07,280702,9,4,2027,9,20,11.615
2027,9,20,P07,280702,9,4,2027,9,27,11.615
2027,9,27,P07,280702,9,4,2027,10,4,11.615
2027,10,4,P07,280702,9,4,2027,10,11,11.615
2027,10,11,P07,280702,11,4,2027,10,18,14.196
2027,10,25,P07,280702,14,4,2027,11,1,18.068
2027,11,8,P07,280702,11,4,2027,11,15,14.196
2027,11,15,P07,280702,9,4,2027,11,22,11.615
2027,11,29,P07,280702,15,4,2027,12,6,19.358
2027,12,13,P07,280702,9,4,2027,12,20,11.615
2027,12,20,P07,280702,9,4,2027,12,27,11.615
2027,12,27,P07,280702,13,4,2028,1,3,16.777
2028,1,17,P07,280702,13,4,2028,1,24,16.777
2026,8,31,P07,280704,25,4,2026,9,7,33.577
2026,9,7,P07,280704,9,4,2026,9,14,12.088
2026,9,14,P07,280704,9,4,2026,9,21,12.088
2026,9,21,P07,280704,9,4,2026,9,28,12.088
2026,9,28,P07,280704,9,4,2026,10,5,11.944
2026,10,5,P07,280704,9,4,2026,10,12,11.944
2026,10,12,P07,280704,9,4,2026,10,19,11.944
2026,10,19,P07,280704,9,4,2026,10,26,11.944
2026,10,26,P07,280704,9,4,2026,11,2,11.944
2026,11,2,P07,280704,9,4,2026,11,9,12.217
2026,11,9,P07,280704,9,4,2026,11,16,12.217
2026,11,16,P07,280704,15,4,2026,11,23,20.361
2026,11,30,P07,280704,9,4,2026,12,7,12.503
2026,12,7,P07,280704,12,4,2026,12,14,16.67
2026,12,14,P07,280704,13,4,2026,12,21,18.059
2026,12,21,P07,280704,12.109,4,2026,12,28,16.821
2026,12,28,P07,280704,9,4,2027,1,4,11.615
2027,1,4,P07,280704,14,4,2027,1,11,18.068
2027,1,11,P07,280704,55.005,4,2027,1,18,70.986
2027,1,18,P07,280704,4.866,4,2027,1,25,6.28
2027,2,15,P07,280704,10,4,2027,2,22,12.905
2027,2,22,P07,280704,10,4,2027,3,1,12.905
2027,3,1,P07,280704,9,4,2027,3,8,11.615
2027,3,8,P07,280704,10,4,2027,3,15,12.905
2027,3,15,P07,280704,9,4,2027,3,22,11.615
2027,3,22,P07,280704,9,4,2027,3,29,11.615
2027,3,29,P07,280704,10,4,2027,4,5,12.905
2027,4,5,P07,280704,12,4,2027,4,12,15.486
2027,4,12,P07,280704,11,4,2027,4,19,14.196
2027,4,19,P07,280704,12,4,2027,4,26,15.486
2027,4,26,P07,280704,11,4,2027,5,3,14.196
2027,5,3,P07,280704,11,4,2027,5,10,14.196
2027,5,10,P07,280704,12,4,2027,5,17,15.486
2027,5,17,P07,280704,12,4,2027,5,24,15.486
2027,5,24,P07,280704,13,4,2027,5,31,16.777
2027,5,31,P07,280704,12,4,2027,6,7,15.486
2027,6,7,P07,280704,10,4,2027,6,14,12.905
2027,6,14,P07,280704,14,4,2027,6,21,18.068
2027,6,21,P07,280704,11,4,2027,6,28,14.196
2027,6,28,P07,280704,12,4,2027,7,5,15.486
2027,7,5,P07,280704,10,4,2027,7,12,12.905
2027,7,12,P07,280704,11,4,2027,7,19,14.196
2027,7,19,P07,280704,11,4,2027,7,26,14.196
2027,7,26,P07,280704,15,4,2027,8,2,19.358
2027,8,2,P07,280704,12,4,2027,8,9,15.486
2027,8,9,P07,280704,12,4,2027,8,16,15.486
2027,8,16,P07,280704,9,4,2027,8,23,11.615
2027,8,23,P07,280704,11,4,2027,8,30,14.196
2027,8,30,P07,280704,11,4,2027,9,6,14.196
2027,9,6,P07,280704,12,4,2027,9,13,15.486
2027,9,13,P07,280704,12,4,2027,9,20,15.486
2027,9,20,P07,280704,13,4,2027,9,27,16.777
2027,9,27,P07,280704,10,4,2027,10,4,12.905
2027,10,4,P07,280704,9,4,2027,10,11,11.615
2027,10,11,P07,280704,17,4,2027,10,18,21.939
2027,10,25,P07,280704,9,4,2027,11,1,11.615
2027,11,1,P07,280704,9,4,2027,11,8,11.615
2027,11,8,P07,280704,9,4,2027,11,15,11.615
2027,11,15,P07,280704,17,4,2027,11,22,21.939
2027,11,29,P07,280704,10,4,2027,12,6,12.905
2027,12,6,P07,280704,9,4,2027,12,13,11.615
2027,12,13,P07,280704,9,4,2027,12,20,11.615
2027,12,20,P07,280704,11,4,2027,12,27,14.196
2027,12,27,P07,280704,9,4,2028,1,3,11.615
2028,1,3,P07,280704,11,4,2028,1,10,14.196
2028,1,10,P07,280704,12,4,2028,1,17,15.486
2028,1,17,P07,280704,11,4,2028,1,24,14.196
2028,1,24,P07,280704,11,4,2028,1,31,14.196
2028,1,31,P07,280704,10,4,2028,2,7,12.905
2026,9,21,P07,280705,9,4,2026,9,28,12.088
2026,12,14,P07,280705,9,4,2026,12,21,12.503
2028,1,10,P07,280705,9,4,2028,1,17,11.615
2026,9,14,P07,280706,10,4,2026,9,21,13.431
2026,10,12,P07,280706,9,4,2026,10,19,11.944
2026,11,9,P07,280706,11,4,2026,11,16,14.932
2027,1,11,P07,280706,10,4,2027,1,18,12.905
2027,2,15,P07,280706,11,4,2027,2,22,14.196
2027,4,5,P07,280706,9,4,2027,4,12,11.615
2027,5,3,P07,280706,9,4,2027,5,10,11.615
2027,5,31,P07,280706,9,4,2027,6,7,11.615
2027,6,28,P07,280706,10,4,2027,7,5,12.905
2027,8,2,P07,280706,9,4,2027,8,9,11.615
2027,8,30,P07,280706,10,4,2027,9,6,12.905
2027,10,4,P07,280706,10,4,2027,10,11,12.905
2027,11,8,P07,280706,9,4,2027,11,15,11.615
2027,12,27,P07,280706,14,4,2028,1,3,18.068
2026,8,24,P07,280707,18,4,2026,8,31,24.471
2026,9,28,P07,280707,18,4,2026,10,5,23.887
2026,10,26,P07,280707,18,4,2026,11,2,23.887
2026,11,2,P07,280707,19,4,2026,11,9,25.791
2026,11,30,P07,280707,28,4,2026,12,7,38.897
2027,1,4,P07,280707,18,4,2027,1,11,23.23
2027,1,18,P07,280707,18,4,2027,1,25,23.23
2027,2,15,P07,280707,18,4,2027,2,22,23.23
2027,3,22,P07,280707,18,4,2027,3,29,23.23
2027,4,12,P07,280707,18,4,2027,4,19,23.23
2027,5,3,P07,280707,23,4,2027,5,10,29.682
2027,5,31,P07,280707,18,4,2027,6,7,23.23
2027,6,21,P07,280707,20,4,2027,6,28,25.811
2027,7,12,P07,280707,18,4,2027,7,19,23.23
2027,7,26,P07,280707,18,4,2027,8,2,23.23
2027,8,9,P07,280707,21,4,2027,8,16,27.101
2027,8,30,P07,280707,18,4,2027,9,6,23.23
2027,9,20,P07,280707,29,4,2027,9,27,37.426
2027,11,1,P07,280707,23,4,2027,11,8,29.682
2027,11,29,P07,280707,19,4,2027,12,6,24.52
2027,12,20,P07,280707,24,4,2027,12,27,30.973
2027,4,19,P07,280714,18,4,2027,4,26,23.23
2027,1,11,P07,280723,40,4,2027,1,18,51.622
2027,1,18,P07,280723,99,4,2027,1,25,127.763
2027,1,25,P07,280723,122,4,2027,2,1,157.446
2027,2,1,P07,280723,122,4,2027,2,8,157.446
2027,2,8,P07,280723,122,4,2027,2,15,157.446
2027,3,22,P07,280724,25,4,2027,3,29,32.263
2027,6,7,P07,280724,20,4,2027,6,14,25.811
2027,8,23,P07,280724,22,4,2027,8,30,28.392
2027,10,11,P07,280724,23,4,2027,10,18,29.682
2026,8,24,P07,Capacity T,0.221,4,2026,8,31,0.3
2027,1,18,P07,Capacity T,0.566,4,2027,1,25,0.73
2027,1,25,P07,Capacity T,0.426,4,2027,2,1,0.55
2027,2,1,P07,Capacity T,0.426,4,2027,2,8,0.55
2027,2,8,P07,Capacity T,0.426,4,2027,2,15,0.55
2026,10,19,P08,120436,25.924,4,2026,10,26,31.885
2027,2,15,P08,120436,16.417,4,2027,2,22,21.187
2027,2,22,P08,120436,11.723,4,2027,3,1,15.129
2027,3,1,P08,120436,17.733,4,2027,3,8,22.886
2027,3,8,P08,120436,16.949,4,2027,3,15,21.874
2027,3,15,P08,120436,16.949,4,2027,3,22,21.874
2027,3,22,P08,120436,16.949,4,2027,3,29,21.874
2027,3,29,P08,120436,11.205,4,2027,4,5,14.461
2027,4,5,P08,120436,15.849,4,2027,4,12,20.454
2027,4,12,P08,120436,15.849,4,2027,4,19,20.454
2027,4,19,P08,120436,10.425,4,2027,4,26,13.454
2027,7,12,P08,120436,15.255,4,2027,7,19,19.688
2027,7,26,P08,120436,12.023,4,2027,8,2,15.517
2028,1,31,P08,120436,19.489,4,2028,2,7,25.151
2026,10,5,P08,120464,24.893,4,2026,10,12,30.617
2026,10,19,P08,120464,40.832,4,2026,10,26,50.22
2026,10,26,P08,120464,22.918,4,2026,11,2,28.188
2028,1,31,P08,120464,7.19,4,2028,2,7,9.279
2026,10,19,P08,241287,29.177,4,2026,10,26,35.885
2026,11,2,P08,241287,18,4,2026,11,9,22.607
2027,10,11,P08,241287,0.22,4,2027,10,18,0.284
2028,1,31,P08,241287,4.394,4,2028,2,7,5.671
2027,10,4,P08,241288,20.749,4,2027,10,11,26.778
2028,1,31,P08,241288,8.998,4,2028,2,7,11.612
2026,8,24,P08,280105,24.685,4,2026,8,31,31.091
2026,11,2,P08,280105,25.661,4,2026,11,9,32.229
2028,1,24,P08,280105,3.823,4,2028,1,31,4.934
2028,1,31,P08,280105,21.58,4,2028,2,7,27.85
2027,5,10,P08,280106,22.769,4,2027,5,17,29.385
2028,1,31,P08,280106,12.236,4,2028,2,7,15.791
2026,10,5,P08,280166,18,4,2026,10,12,22.139
2026,10,12,P08,280166,77.11,4,2026,10,19,94.84
2026,10,26,P08,280166,55.903,4,2026,11,2,68.757
2027,5,31,P08,280166,21.969,4,2027,6,7,28.352
2028,1,31,P08,280166,11.226,4,2028,2,7,14.488
2026,8,3,P08,280323,18.999,4,2026,8,10,23.929
2026,8,10,P08,280323,76,4,2026,8,17,95.723
2026,10,5,P08,280323,23.057,4,2026,10,12,28.358
2026,10,12,P08,280323,18.822,4,2026,10,19,23.15
2026,10,26,P08,280323,20.64,4,2026,11,2,25.386
2027,7,19,P08,280323,22.279,4,2027,7,26,28.753
2028,1,3,P08,280323,10.959,4,2028,1,10,14.143
2028,1,31,P08,280323,4.896,4,2028,2,7,6.318
2028,1,24,P08,280348,32.64,4,2028,1,31,42.123
2028,1,31,P08,280348,32.42,4,2028,2,7,41.839
2026,8,10,P08,280348,50.488,4,2026,8,17,63.59
2026,8,24,P08,280348,18.317,4,2026,8,31,23.07
2026,9,7,P08,280348,62,4,2026,9,14,77.108
2026,9,14,P08,280348,95.043,4,2026,9,21,118.202
2026,9,28,P08,280348,62.51,4,2026,10,5,76.883
2026,10,12,P08,280348,32.53,4,2026,10,19,40.01
2027,11,29,P08,280348,47.588,4,2027,12,6,61.414
2027,12,20,P08,280348,3.136,4,2027,12,27,4.047
2027,12,27,P08,280348,12.992,4,2028,1,3,16.767
2028,1,3,P08,280348,33.69,4,2028,1,10,43.478
2028,1,10,P08,280348,49.8,4,2028,1,17,64.268
2028,1,17,P08,280348,15.48,4,2028,1,24,19.978
2027,10,11,P08,280348,42.109,4,2027,10,18,54.344
2027,10,18,P08,280348,46.727,4,2027,10,25,60.303
2027,10,25,P08,280348,58.072,4,2027,11,1,74.944
2027,11,1,P08,280348,66.481,4,2027,11,8,85.797
2027,11,8,P08,280348,15.038,4,2027,11,15,19.408
2027,11,15,P08,280348,25.427,4,2027,11,22,32.815
2027,8,30,P08,280348,37.96,4,2027,9,6,48.989
2027,9,6,P08,280348,40.52,4,2027,9,13,52.293
2027,9,13,P08,280348,40.52,4,2027,9,20,52.293
2027,9,20,P08,280348,40.52,4,2027,9,27,52.293
2027,9,27,P08,280348,40.52,4,2027,10,4,52.293
2027,10,4,P08,280348,31.41,4,2027,10,11,40.536
2027,7,19,P08,280348,34.25,4,2027,7,26,44.201
2027,7,26,P08,280348,34.25,4,2027,8,2,44.201
2027,8,2,P08,280348,36.873,4,2027,8,9,47.586
2027,8,9,P08,280348,35.159,4,2027,8,16,45.375
2027,8,16,P08,280348,29.735,4,2027,8,23,38.375
2027,8,23,P08,280348,37.279,4,2027,8,30,48.111
2027,5,24,P08,280348,32.34,4,2027,5,31,41.736
2027,5,31,P08,280348,35.959,4,2027,6,7,46.406
2027,6,7,P08,280348,60.277,4,2027,6,14,77.79
2027,6,14,P08,280348,54.847,4,2027,6,21,70.783
2027,6,21,P08,280348,47.268,4,2027,6,28,61.001
2027,7,12,P08,280348,35.85,4,2027,7,19,46.266
2027,4,12,P08,280348,35.31,4,2027,4,19,45.569
2027,4,19,P08,280348,35.31,4,2027,4,26,45.569
2027,4,26,P08,280348,35.31,4,2027,5,3,45.569
2027,5,3,P08,280348,32.93,4,2027,5,10,42.497
2027,5,10,P08,280348,18,4,2027,5,17,23.23
2027,5,17,P08,280348,30.72,4,2027,5,24,39.645
2027,3,1,P08,280348,33.55,4,2027,3,8,43.298
2027,3,8,P08,280348,34.61,4,2027,3,15,44.666
2027,3,15,P08,280348,34.61,4,2027,3,22,44.666
2027,3,22,P08,280348,34.61,4,2027,3,29,44.666
2027,3,29,P08,280348,34.61,4,2027,4,5,44.666
2027,4,5,P08,280348,35.31,4,2027,4,12,45.569
2026,12,14,P08,280348,31.126,4,2026,12,21,39.938
2027,1,4,P08,280348,53.649,4,2027,1,11,69.237
2027,1,11,P08,280348,48.225,4,2027,1,18,62.237
2027,1,18,P08,280348,49.615,4,2027,1,25,64.03
2027,2,15,P08,280348,32.85,4,2027,2,22,42.394
2027,2,22,P08,280348,32.85,4,2027,3,1,42.394
2026,10,19,P08,280348,32.53,4,2026,10,26,40.01
2026,10,26,P08,280348,20.87,4,2026,11,2,25.669
2026,11,2,P08,280348,82.139,4,2026,11,9,103.163
2026,11,9,P08,280348,107.801,4,2026,11,16,135.393
2026,11,16,P08,280348,59.629,4,2026,11,23,74.891
2026,11,30,P08,280348,64.335,4,2026,12,7,82.548
2027,9,20,P08,280434,7.889,4,2027,9,27,10.182
2027,9,27,P08,280434,10.889,4,2027,10,4,14.053
2027,10,11,P08,280434,8.28,4,2027,10,18,10.686
2028,1,10,P08,280434,0.55,4,2028,1,17,0.709
2026,8,17,P08,280520,123.86,4,2026,8,24,156.002
2026,8,24,P08,280520,22,4,2026,8,31,27.709
2026,8,31,P08,280520,127.043,4,2026,9,7,158
2026,9,7,P08,280520,57.002,4,2026,9,14,70.892
2026,9,14,P08,280520,32,4,2026,9,21,39.798
2026,9,21,P08,280520,127.042,4,2026,9,28,157.999
2026,9,28,P08,280520,44.193,4,2026,10,5,54.354
2026,10,5,P08,280520,62.51,4,2026,10,12,76.883
2026,11,9,P08,280520,18,4,2026,11,16,22.607
2026,11,16,P08,280520,42.221,4,2026,11,23,53.027
2026,11,23,P08,280520,18.313,4,2026,11,30,23
2026,11,30,P08,280520,41.284,4,2026,12,7,52.972
2026,12,7,P08,280520,18,4,2026,12,14,23.096
2026,12,14,P08,280520,58.296,4,2026,12,21,74.799
2026,12,21,P08,280520,30.344,4,2026,12,28,38.935
2027,1,4,P08,280520,30.72,4,2027,1,11,39.645
2027,1,11,P08,280520,30.72,4,2027,1,18,39.645
2027,1,18,P08,280520,30.72,4,2027,1,25,39.645
2027,1,25,P08,280520,33.128,4,2027,2,1,42.753
2027,2,1,P08,280520,72.301,4,2027,2,8,93.308
2027,2,15,P08,280520,33.73,4,2027,2,22,43.53
2027,2,22,P08,280520,34.914,4,2027,3,1,45.058
2027,3,1,P08,280520,36.978,4,2027,3,8,47.722
2027,3,8,P08,280520,37.42,4,2027,3,15,48.292
2027,3,15,P08,280520,37.42,4,2027,3,22,48.292
2027,3,22,P08,280520,37.42,4,2027,3,29,48.292
2027,3,29,P08,280520,33.156,4,2027,4,5,42.789
2027,4,5,P08,280520,32.09,4,2027,4,12,41.413
2027,4,12,P08,280520,32.09,4,2027,4,19,41.413
2027,4,19,P08,280520,32.09,4,2027,4,26,41.413
2027,4,26,P08,280520,44.083,4,2027,5,3,56.891
2027,5,3,P08,280520,41.44,4,2027,5,10,53.48
2027,5,10,P08,280520,36.46,4,2027,5,17,47.053
2027,5,17,P08,280520,36.46,4,2027,5,24,47.053
2027,5,24,P08,280520,40.048,4,2027,5,31,51.683
2027,5,31,P08,280520,30.204,4,2027,6,7,38.979
2027,6,7,P08,280520,29.342,4,2027,6,14,37.867
2027,6,14,P08,280520,29.348,4,2027,6,21,37.875
2027,6,21,P08,280520,29.35,4,2027,6,28,37.877
2027,6,28,P08,280520,30.262,4,2027,7,5,39.054
2027,7,5,P08,280520,34.869,4,2027,7,12,45
2027,7,12,P08,280520,30.49,4,2027,7,19,39.349
2027,7,19,P08,280520,30.49,4,2027,7,26,39.349
2027,7,26,P08,280520,34.682,4,2027,8,2,44.758
2027,8,2,P08,280520,38.53,4,2027,8,9,49.724
2027,8,9,P08,280520,39.23,4,2027,8,16,50.628
2027,8,16,P08,280520,39.23,4,2027,8,23,50.628
2027,8,23,P08,280520,38.326,4,2027,8,30,49.461
2027,8,30,P08,280520,34.476,4,2027,9,6,44.493
2027,9,6,P08,280520,33.57,4,2027,9,13,43.323
2027,9,13,P08,280520,33.57,4,2027,9,20,43.323
2027,9,20,P08,280520,33.57,4,2027,9,27,43.323
2027,9,27,P08,280520,32.818,4,2027,10,4,42.353
2027,10,4,P08,280520,32.63,4,2027,10,11,42.11
2027,10,11,P08,280520,32.63,4,2027,10,18,42.11
2027,10,18,P08,280520,32.63,4,2027,10,25,42.11
2027,10,25,P08,280520,26.91,4,2027,11,1,34.728
2027,11,1,P08,280520,21.656,4,2027,11,8,27.948
2027,11,8,P08,280520,20.7,4,2027,11,15,26.714
2027,11,15,P08,280520,41.4,4,2027,11,22,53.428
2027,11,29,P08,280520,27.745,4,2027,12,6,35.807
2027,12,6,P08,280520,30.689,4,2027,12,13,39.606
2027,12,13,P08,280520,25.869,4,2027,12,20,33.385
2027,12,20,P08,280520,28.63,4,2027,12,27,36.948
2027,12,27,P08,280520,25.982,4,2028,1,3,33.531
2028,1,3,P08,280520,24.656,4,2028,1,10,31.82
2028,1,10,P08,280520,24.49,4,2028,1,17,31.605
2028,1,17,P08,280520,24.49,4,2028,1,24,31.605
2028,1,24,P08,280520,29.428,4,2028,1,31,37.978
2026,8,3,P08,280521,67,4,2026,8,10,84.387
2026,8,24,P08,280521,16.024,4,2026,8,31,20.182
2026,11,16,P08,280521,23.951,4,2026,11,23,30.081
2026,11,30,P08,280521,17.52,4,2026,12,7,22.48
2026,12,7,P08,280521,9.278,4,2026,12,14,11.904
2026,12,14,P08,280521,13.3,4,2026,12,21,17.065
2026,12,21,P08,280521,13.3,4,2026,12,28,17.065
2026,12,28,P08,280521,14.172,4,2027,1,4,18.29
2027,1,4,P08,280521,14.39,4,2027,1,11,18.571
2027,1,11,P08,280521,14.39,4,2027,1,18,18.571
2027,1,18,P08,280521,14.39,4,2027,1,25,18.571
2027,1,25,P08,280521,33.685,4,2027,2,1,43.471
2027,2,8,P08,280521,9.429,4,2027,2,15,12.169
2027,2,15,P08,280521,14.37,4,2027,2,22,18.545
2027,2,22,P08,280521,13.578,4,2027,3,1,17.523
2027,3,1,P08,280521,12.188,4,2027,3,8,15.729
2027,3,8,P08,280521,11.89,4,2027,3,15,15.345
2027,3,15,P08,280521,11.89,4,2027,3,22,15.345
2027,3,22,P08,280521,11.89,4,2027,3,29,15.345
2027,3,29,P08,280521,14.202,4,2027,4,5,18.328
2027,4,5,P08,280521,14.78,4,2027,4,12,19.074
2027,4,12,P08,280521,14.78,4,2027,4,19,19.074
2027,4,19,P08,280521,14.78,4,2027,4,26,19.074
2027,4,26,P08,280521,17.364,4,2027,5,3,22.409
2027,5,3,P08,280521,18.658,4,2027,5,10,24.079
2027,5,10,P08,280521,18.82,4,2027,5,17,24.288
2027,5,17,P08,280521,18.82,4,2027,5,24,24.288
2027,5,24,P08,280521,16.94,4,2027,5,31,21.862
2027,5,31,P08,280521,13.646,4,2027,6,7,17.611
2027,6,7,P08,280521,12.94,4,2027,6,14,16.7
2027,6,14,P08,280521,12.94,4,2027,6,21,16.7
2027,6,21,P08,280521,12.94,4,2027,6,28,16.7
2027,6,28,P08,280521,27.284,4,2027,7,5,35.211
2027,7,12,P08,280521,13.72,4,2027,7,19,17.706
2027,7,19,P08,280521,13.72,4,2027,7,26,17.706
2027,7,26,P08,280521,16.312,4,2027,8,2,21.051
2027,8,2,P08,280521,18.688,4,2027,8,9,24.118
2027,8,9,P08,280521,19.12,4,2027,8,16,24.675
2027,8,16,P08,280521,19.12,4,2027,8,23,24.675
2027,8,23,P08,280521,18.528,4,2027,8,30,23.911
2027,8,30,P08,280521,16.004,4,2027,9,6,20.654
2027,9,6,P08,280521,15.41,4,2027,9,13,19.887
2027,9,13,P08,280521,15.41,4,2027,9,20,19.887
2027,9,20,P08,280521,15.41,4,2027,9,27,19.887
2027,9,27,P08,280521,14.898,4,2027,10,4,19.226
2027,10,4,P08,280521,14.77,4,2027,10,11,19.061
2027,10,11,P08,280521,14.77,4,2027,10,18,19.061
2027,10,18,P08,280521,14.77,4,2027,10,25,19.061
2027,10,25,P08,280521,14.562,4,2027,11,1,18.793
2027,11,1,P08,280521,14.366,4,2027,11,8,18.54
2027,11,8,P08,280521,14.33,4,2027,11,15,18.493
2027,11,15,P08,280521,28.66,4,2027,11,22,36.987
2027,11,29,P08,280521,20.786,4,2027,12,6,26.825
2027,12,6,P08,280521,44.8,4,2027,12,13,57.816
2027,12,20,P08,280521,22.4,4,2027,12,27,28.908
2027,12,27,P08,280521,18.712,4,2028,1,3,24.149
2028,1,3,P08,280521,16.87,4,2028,1,10,21.771
2028,1,10,P08,280521,16.64,4,2028,1,17,21.475
2028,1,17,P08,280521,16.64,4,2028,1,24,21.475
2028,1,24,P08,280521,21.508,4,2028,1,31,27.757
2026,8,3,P08,280522,39.999,4,2026,8,10,50.379
2026,8,24,P08,280522,44.424,4,2026,8,31,55.952
2026,9,28,P08,280522,12,4,2026,10,5,14.759
2026,12,14,P08,280522,20.417,4,2026,12,21,26.198
2026,12,28,P08,280522,12.174,4,2027,1,4,15.71
2027,1,4,P08,280522,23.67,4,2027,1,11,30.547
2027,1,11,P08,280522,23.67,4,2027,1,18,30.547
2027,1,18,P08,280522,27.704,4,2027,1,25,35.753
2027,1,25,P08,280522,20.748,4,2027,2,1,26.776
2027,2,1,P08,280522,50.128,4,2027,2,8,64.692
2027,2,15,P08,280522,25.062,4,2027,2,22,32.343
2027,2,22,P08,280522,23.94,4,2027,3,1,30.896
2027,3,1,P08,280522,21.98,4,2027,3,8,28.366
2027,3,8,P08,280522,21.56,4,2027,3,15,27.824
2027,3,15,P08,280522,21.56,4,2027,3,22,27.824
2027,3,22,P08,280522,21.56,4,2027,3,29,27.824
2027,3,29,P08,280522,23.832,4,2027,4,5,30.756
2027,4,5,P08,280522,24.4,4,2027,4,12,31.489
2027,4,12,P08,280522,24.4,4,2027,4,19,31.489
2027,4,19,P08,280522,24.4,4,2027,4,26,31.489
2027,4,26,P08,280522,25.672,4,2027,5,3,33.131
2027,5,3,P08,280522,26.302,4,2027,5,10,33.944
2027,5,10,P08,280522,26.38,4,2027,5,17,34.044
2027,5,17,P08,280522,34.88,4,2027,5,24,45.014
2027,5,24,P08,280522,27.677,4,2027,5,31,35.719
2027,5,31,P08,280522,20.652,4,2027,6,7,26.652
2027,6,7,P08,280522,19.87,4,2027,6,14,25.643
2027,6,14,P08,280522,19.87,4,2027,6,21,25.643
2027,6,21,P08,280522,32.872,4,2027,6,28,42.422
2027,6,28,P08,280522,30.014,4,2027,7,5,38.735
2027,7,12,P08,280522,21.69,4,2027,7,19,27.992
2027,7,19,P08,280522,21.69,4,2027,7,26,27.992
2027,7,26,P08,280522,25.162,4,2027,8,2,32.473
2027,8,2,P08,280522,28.342,4,2027,8,9,36.576
2027,8,9,P08,280522,28.92,4,2027,8,16,37.322
2027,8,16,P08,280522,28.92,4,2027,8,23,37.322
2027,8,23,P08,280522,28.296,4,2027,8,30,36.517
2027,8,30,P08,280522,25.66,4,2027,9,6,33.115
2027,9,6,P08,280522,25.04,4,2027,9,13,32.315
2027,9,13,P08,280522,25.04,4,2027,9,20,32.315
2027,9,20,P08,280522,25.04,4,2027,9,27,32.315
2027,9,27,P08,280522,23.304,4,2027,10,4,30.075
2027,10,4,P08,280522,22.87,4,2027,10,11,29.515
2027,10,11,P08,280522,22.87,4,2027,10,18,29.515
2027,10,18,P08,280522,22.878,4,2027,10,25,29.525
2027,10,25,P08,280522,21.336,4,2027,11,1,27.535
2027,11,1,P08,280522,19.926,4,2027,11,8,25.715
2027,11,8,P08,280522,19.67,4,2027,11,15,25.385
2027,11,15,P08,280522,21.518,4,2027,11,22,27.77
2027,11,22,P08,280522,17.822,4,2027,11,29,23
2027,11,29,P08,280522,26.31,4,2027,12,6,33.954
2027,12,6,P08,280522,46.94,4,2027,12,13,60.578
2027,12,13,P08,280522,9,4,2027,12,20,11.615
2027,12,20,P08,280522,27.97,4,2027,12,27,36.096
2027,12,27,P08,280522,29.874,4,2028,1,3,38.554
2028,1,3,P08,280522,30.83,4,2028,1,10,39.787
2028,1,10,P08,280522,30.95,4,2028,1,17,39.942
2028,1,17,P08,280522,30.95,4,2028,1,24,39.942
2028,1,24,P08,280522,35.03,4,2028,1,31,45.208
2027,2,8,P08,280532,18,4,2027,2,15,23.23
2027,2,8,P08,280723,95,4,2027,2,15,122.601
2027,10,25,P09,120436,10.65,4,2027,11,1,14.815
2028,1,3,P09,120448,8.236,4,2028,1,10,11.458
2027,8,9,P09,120450,3.596,4,2027,8,16,5.002
2027,8,16,P09,120450,3.6,4,2027,8,23,5.008
2027,8,23,P09,120450,3.568,4,2027,8,30,4.963
2027,8,30,P09,120450,3.4,4,2027,9,6,4.73
2027,9,6,P09,120450,3.336,4,2027,9,13,4.641
2027,9,13,P09,120450,3.33,4,2027,9,20,4.632
2027,9,20,P09,120450,3.33,4,2027,9,27,4.632
2027,9,27,P09,120450,3.13,4,2027,10,4,4.354
2027,10,4,P09,120450,3.048,4,2027,10,11,4.24
2027,10,11,P09,120450,3.04,4,2027,10,18,4.229
2027,10,18,P09,120450,3.04,4,2027,10,25,4.229
2027,10,25,P09,120450,3.096,4,2027,11,1,4.307
2027,11,1,P09,120450,3.166,4,2027,11,8,4.404
2027,11,8,P09,120450,3.196,4,2027,11,15,4.446
2027,11,15,P09,120450,6.4,4,2027,11,22,8.903
2027,11,29,P09,120450,2.984,4,2027,12,6,4.151
2027,12,6,P09,120450,2.898,4,2027,12,13,4.031
2027,12,13,P09,120450,2.89,4,2027,12,20,4.02
2027,12,20,P09,120450,2.89,4,2027,12,27,4.02
2027,12,27,P09,120450,2.954,4,2028,1,3,4.109
2028,1,3,P09,120450,2.986,4,2028,1,10,4.154
2028,1,10,P09,120450,2.99,4,2028,1,17,4.159
2028,1,17,P09,120450,2.99,4,2028,1,24,4.159
2028,1,24,P09,120450,2.982,4,2028,1,31,4.148
2028,1,31,P09,120450,1.028,4,2028,2,7,1.43
2028,2,7,P09,120450,0.108,4,2028,2,14,0.15
2027,1,11,P09,120451,10,4,2027,1,18,13.911
2027,7,5,P09,120451,10.004,4,2027,7,12,13.917
2027,8,16,P09,120451,1.908,4,2027,8,23,2.654
2027,8,23,P09,120451,1.854,4,2027,8,30,2.579
2027,8,30,P09,120451,1.6,4,2027,9,6,2.226
2027,9,6,P09,120451,1.5,4,2027,9,13,2.087
2027,9,13,P09,120451,1.506,4,2027,9,20,2.095
2027,9,20,P09,120451,1.502,4,2027,9,27,2.089
2027,9,27,P09,120451,1.54,4,2027,10,4,2.142
2027,10,4,P09,120451,1.582,4,2027,10,11,2.201
2027,10,11,P09,120451,1.59,4,2027,10,18,2.212
2027,10,18,P09,120451,1.582,4,2027,10,25,2.201
2027,10,25,P09,120451,1.532,4,2027,11,1,2.131
2027,11,1,P09,120451,1.464,4,2027,11,8,2.037
2027,11,8,P09,120451,1.45,4,2027,11,15,2.017
2027,11,15,P09,120451,2.9,4,2027,11,22,4.034
2027,11,29,P09,120451,1.274,4,2027,12,6,1.772
2027,12,6,P09,120451,1.158,4,2027,12,13,1.611
2027,12,13,P09,120451,1.14,4,2027,12,20,1.586
2027,12,20,P09,120451,1.14,4,2027,12,27,1.586
2027,12,27,P09,120451,1.372,4,2028,1,3,1.909
2028,1,3,P09,120451,1.55,4,2028,1,10,2.156
2028,1,10,P09,120451,1.596,4,2028,1,17,2.22
2028,1,17,P09,120451,1.592,4,2028,1,24,2.215
2028,1,24,P09,120451,1.55,4,2028,1,31,2.156
2028,1,31,P09,120451,0.588,4,2028,2,7,0.818
2028,2,7,P09,120451,0.07,4,2028,2,14,0.097
2027,8,9,P09,120453,1.344,4,2027,8,16,1.87
2027,8,16,P09,120453,1.34,4,2027,8,23,1.864
2027,8,23,P09,120453,1.404,4,2027,8,30,1.953
2027,8,30,P09,120453,1.716,4,2027,9,6,2.387
2027,9,6,P09,120453,1.846,4,2027,9,13,2.568
2027,9,13,P09,120453,1.86,4,2027,9,20,2.587
2027,9,20,P09,120453,1.86,4,2027,9,27,2.587
2027,9,27,P09,120453,1.676,4,2027,10,4,2.332
2027,10,4,P09,120453,1.582,4,2027,10,11,2.201
2027,10,11,P09,120453,1.57,4,2027,10,18,2.184
2027,10,18,P09,120453,1.57,4,2027,10,25,2.184
2027,10,25,P09,120453,1.418,4,2027,11,1,1.973
2027,11,1,P09,120453,1.268,4,2027,11,8,1.764
2027,11,8,P09,120453,1.224,4,2027,11,15,1.703
2027,11,15,P09,120453,1.033,4,2027,11,22,1.436
2027,11,29,P09,120453,1.478,4,2027,12,6,2.056
2027,12,6,P09,120453,1.58,4,2027,12,13,2.198
2027,12,13,P09,120453,1.59,4,2027,12,20,2.212
2027,12,20,P09,120453,1.59,4,2027,12,27,2.212
2027,12,27,P09,120453,1.566,4,2028,1,3,2.178
2028,1,3,P09,120453,1.52,4,2028,1,10,2.114
2028,1,10,P09,120453,1.502,4,2028,1,17,2.089
2028,1,17,P09,120453,1.5,4,2028,1,24,2.087
2028,1,24,P09,120453,1.7,4,2028,1,31,2.365
2028,1,31,P09,120453,0.582,4,2028,2,7,0.81
2028,2,7,P09,120453,0.058,4,2028,2,14,0.081
2026,8,17,P09,120532,13.217,4,2026,8,24,17.356
2026,9,21,P09,120532,12.43,4,2026,9,28,16.227
2026,10,12,P09,120532,10,4,2026,10,19,12.978
2026,10,19,P09,120532,10.224,4,2026,10,26,13.269
2026,10,26,P09,120532,14.057,4,2026,11,2,18.243
2026,12,7,P09,120532,13.025,4,2026,12,14,16.709
2027,2,22,P09,120532,11.24,4,2027,3,1,15.636
2027,3,29,P09,120532,10,4,2027,4,5,13.911
2027,7,19,P09,120532,11.605,4,2027,7,26,16.144
2027,8,2,P09,120532,11.068,4,2027,8,9,15.396
2027,8,9,P09,120532,7.125,4,2027,8,16,9.912
2027,8,16,P09,120532,6.128,4,2027,8,23,8.524
2027,8,23,P09,120532,8.057,4,2027,8,30,11.209
2027,8,30,P09,120532,9.11,4,2027,9,6,12.673
2027,9,6,P09,120532,7.75,4,2027,9,13,10.781
2027,9,13,P09,120532,7.39,4,2027,9,20,10.28
2027,9,20,P09,120532,6.46,4,2027,9,27,8.987
2027,9,27,P09,120532,6.1,4,2027,10,4,8.486
2027,10,4,P09,120532,6.12,4,2027,10,11,8.514
2027,10,11,P09,120532,6.17,4,2027,10,18,8.583
2027,10,18,P09,120532,5.38,4,2027,10,25,7.484
2027,10,25,P09,120532,5.38,4,2027,11,1,7.484
2027,11,1,P09,120532,5.39,4,2027,11,8,7.498
2027,11,8,P09,120532,5.43,4,2027,11,15,7.554
2027,11,15,P09,120532,11.83,4,2027,11,22,16.457
2027,11,29,P09,120532,5,4,2027,12,6,6.956
2027,12,6,P09,120532,4.99,4,2027,12,13,6.942
2027,12,13,P09,120532,4.99,4,2027,12,20,6.942
2027,12,20,P09,120532,4.36,4,2027,12,27,6.065
2027,12,27,P09,120532,4.36,4,2028,1,3,6.065
2028,1,3,P09,120532,4.36,4,2028,1,10,6.065
2028,1,10,P09,120532,4.35,4,2028,1,17,6.051
2028,1,17,P09,120532,4.62,4,2028,1,24,6.427
2027,8,30,P09,120536,0.59,4,2027,9,6,0.821
2027,9,6,P09,120536,0.8,4,2027,9,13,1.113
2027,9,13,P09,120536,0.8,4,2027,9,20,1.113
2027,9,20,P09,120536,0.8,4,2027,9,27,1.113
2027,9,27,P09,120536,0.8,4,2027,10,4,1.113
2027,10,4,P09,120536,0.7,4,2027,10,11,0.974
2027,10,11,P09,120536,0.7,4,2027,10,18,0.974
2027,10,18,P09,120536,0.7,4,2027,10,25,0.974
2027,10,25,P09,120536,0.7,4,2027,11,1,0.974
2027,11,1,P09,120536,0.62,4,2027,11,8,0.862
2027,11,8,P09,120536,0.62,4,2027,11,15,0.862
2027,11,15,P09,120536,1.24,4,2027,11,22,1.725
2027,11,29,P09,120536,0.62,4,2027,12,6,0.862
2027,12,6,P09,120536,0.73,4,2027,12,13,1.016
2027,12,13,P09,120536,0.73,4,2027,12,20,1.016
2027,12,20,P09,120536,0.73,4,2027,12,27,1.016
2027,12,27,P09,120536,0.73,4,2028,1,3,1.016
2028,1,3,P09,120536,0.61,4,2028,1,10,0.849
2028,1,10,P09,120536,0.61,4,2028,1,17,0.849
2028,1,17,P09,120536,0.61,4,2028,1,24,0.849
2028,1,24,P09,120536,0.61,4,2028,1,31,0.849
2028,1,31,P09,120536,0.65,4,2028,2,7,0.904
2027,10,25,P09,241283,6.71,4,2027,11,1,9.334
2026,9,7,P09,251200,18,4,2026,9,14,23.498
2026,9,21,P09,251200,18,4,2026,9,28,23.498
2026,12,7,P09,251200,18,4,2026,12,14,23.092
2027,3,1,P09,251200,18,4,2027,3,8,25.04
2027,3,8,P09,251200,19.05,4,2027,3,15,26.501
2027,3,15,P09,251200,18,4,2027,3,22,25.04
2027,3,22,P09,251200,18.07,4,2027,3,29,25.137
2027,3,29,P09,251200,18.755,4,2027,4,5,26.09
2027,4,5,P09,251200,25.37,4,2027,4,12,35.293
2027,4,12,P09,251200,20.105,4,2027,4,19,27.968
2027,4,19,P09,251200,18,4,2027,4,26,25.04
2027,4,26,P09,251200,18,4,2027,5,3,25.04
2027,5,24,P09,251200,18.62,4,2027,5,31,25.903
2027,5,31,P09,251200,18.65,4,2027,6,7,25.944
2027,6,7,P09,251200,18.66,4,2027,6,14,25.958
2027,6,14,P09,251200,18.6,4,2027,6,21,25.875
2027,6,21,P09,251200,25.02,4,2027,6,28,34.806
2027,7,19,P09,251200,18,4,2027,7,26,25.04
2027,8,2,P09,251200,28.49,4,2027,8,9,39.633
2026,12,14,P09,280090,10.36,4,2026,12,21,13.291
2027,5,17,P09,280090,10,4,2027,5,24,13.911
2027,7,19,P09,280090,10,4,2027,7,26,13.911
2027,8,2,P09,280090,10.03,4,2027,8,9,13.953
2027,8,30,P09,280090,5.58,4,2027,9,6,7.762
2027,9,6,P09,280090,5.61,4,2027,9,13,7.804
2027,9,13,P09,280090,5.61,4,2027,9,20,7.804
2027,9,20,P09,280090,5.62,4,2027,9,27,7.818
2027,9,27,P09,280090,4.87,4,2027,10,4,6.775
2027,10,4,P09,280090,4.88,4,2027,10,11,6.789
2027,10,11,P09,280090,4.9,4,2027,10,18,6.816
2027,10,18,P09,280090,4.96,4,2027,10,25,6.9
2027,10,25,P09,280090,4.32,4,2027,11,1,6.01
2027,11,1,P09,280090,4.33,4,2027,11,8,6.024
2027,11,8,P09,280090,4.35,4,2027,11,15,6.051
2027,11,15,P09,280090,6.49,4,2027,11,22,9.028
2027,11,29,P09,280090,3.52,4,2027,12,6,4.897
2027,12,6,P09,280090,3.53,4,2027,12,13,4.911
2027,12,13,P09,280090,3.54,4,2027,12,20,4.925
2027,12,20,P09,280090,3.54,4,2027,12,27,4.925
2027,12,27,P09,280090,3.24,4,2028,1,3,4.507
2028,1,3,P09,280090,3.23,4,2028,1,10,4.493
2028,1,10,P09,280090,3.25,4,2028,1,17,4.521
2028,1,17,P09,280090,3.24,4,2028,1,24,4.507
2028,1,24,P09,280090,3.39,4,2028,1,31,4.716
2027,12,13,P09,280104,9.54,4,2027,12,20,13.271
2027,11,1,P09,280104,19.518,4,2027,11,8,27.152
2027,8,16,P09,280107,9.777,4,2027,8,23,13.601
2027,8,23,P09,280107,15.103,4,2027,8,30,21.01
2027,10,4,P09,280107,8.306,4,2027,10,11,11.555
2027,10,11,P09,280107,2.078,4,2027,10,18,2.891
2026,9,21,P09,280121,18,4,2026,9,28,23.498
2027,1,4,P09,280121,23.44,4,2027,1,11,32.608
2027,3,1,P09,280121,18,4,2027,3,8,25.04
2027,4,12,P09,280121,18,4,2027,4,19,25.04
2027,5,31,P09,280121,22.62,4,2027,6,7,31.467
2027,7,12,P09,280121,22.7,4,2027,7,19,31.578
2027,2,15,P09,280164,12.65,4,2027,2,22,17.598
2027,3,22,P09,280164,10.24,4,2027,3,29,14.245
2027,8,9,P09,280164,2.04,4,2027,8,16,2.838
2027,8,16,P09,280164,2.04,4,2027,8,23,2.838
2027,8,23,P09,280164,2.04,4,2027,8,30,2.838
2027,8,30,P09,280164,2.87,4,2027,9,6,3.992
2027,9,6,P09,280164,2.87,4,2027,9,13,3.992
2027,9,13,P09,280164,2.87,4,2027,9,20,3.992
2027,9,20,P09,280164,2.86,4,2027,9,27,3.979
2027,9,27,P09,280164,2.44,4,2027,10,4,3.394
2027,10,4,P09,280164,2.42,4,2027,10,11,3.366
2027,10,11,P09,280164,2.42,4,2027,10,18,3.366
2027,10,18,P09,280164,2.44,4,2027,10,25,3.394
2027,10,25,P09,280164,2.1,4,2027,11,1,2.921
2027,11,1,P09,280164,2.1,4,2027,11,8,2.921
2027,11,8,P09,280164,2.08,4,2027,11,15,2.894
2027,11,15,P09,280164,4.2,4,2027,11,22,5.843
2027,11,29,P09,280164,2.52,4,2027,12,6,3.506
2027,12,6,P09,280164,2.53,4,2027,12,13,3.52
2027,12,13,P09,280164,2.52,4,2027,12,20,3.506
2027,12,20,P09,280164,2.51,4,2027,12,27,3.492
2027,12,27,P09,280164,1.99,4,2028,1,3,2.768
2028,1,3,P09,280164,1.99,4,2028,1,10,2.768
2028,1,10,P09,280164,1.98,4,2028,1,17,2.754
2028,1,17,P09,280164,1.98,4,2028,1,24,2.754
2028,1,24,P09,280164,2.2,4,2028,1,31,3.06
2027,10,25,P09,280213,19.124,4,2027,11,1,26.604
2026,8,17,P09,280264,39.818,4,2026,8,24,52.287
2026,9,21,P09,280264,45.816,4,2026,9,28,59.81
2026,10,19,P09,280264,24.416,4,2026,10,26,31.688
2026,12,7,P09,280264,54.416,4,2026,12,14,69.809
2026,12,14,P09,280264,19.291,4,2026,12,21,24.748
2027,1,18,P09,280264,18,4,2027,1,25,25.04
2027,1,25,P09,280264,20.098,4,2027,2,1,27.959
2027,2,8,P09,280264,30.61,4,2027,2,15,42.582
2027,2,22,P09,280264,24.273,4,2027,3,1,33.766
2027,3,1,P09,280264,30.778,4,2027,3,8,42.816
2027,3,8,P09,280264,30.168,4,2027,3,15,41.967
2027,3,15,P09,280264,27.488,4,2027,3,22,38.239
2027,3,22,P09,280264,22.502,4,2027,3,29,31.303
2027,3,29,P09,280264,22.628,4,2027,4,5,31.478
2027,4,5,P09,280264,22.228,4,2027,4,12,30.922
2027,4,12,P09,280264,52.853,4,2027,4,19,73.525
2027,4,19,P09,280264,33.698,4,2027,4,26,46.878
2027,5,3,P09,280264,43.572,4,2027,5,10,60.614
2027,5,10,P09,280264,25.54,4,2027,5,17,35.529
2027,5,17,P09,280264,26.116,4,2027,5,24,36.33
2027,6,7,P09,280264,26.928,4,2027,6,14,37.46
2027,6,14,P09,280264,31.628,4,2027,6,21,43.998
2027,8,2,P09,280264,18.22,4,2027,8,9,25.347
2027,8,9,P09,280264,40.57,4,2027,8,16,56.438
2027,8,16,P09,280264,40.996,4,2027,8,23,57.03
2027,8,23,P09,280264,43.062,4,2027,8,30,59.904
2027,8,30,P09,280264,44.592,4,2027,9,6,62.033
2027,9,6,P09,280264,44.82,4,2027,9,13,62.35
2027,9,13,P09,280264,44.82,4,2027,9,20,62.35
2027,9,20,P09,280264,42.87,4,2027,9,27,59.637
2027,9,27,P09,280264,41.174,4,2027,10,4,57.278
2027,10,4,P09,280264,40.91,4,2027,10,11,56.911
2027,10,11,P09,280264,40.91,4,2027,10,18,56.911
2027,10,18,P09,280264,39.074,4,2027,10,25,54.356
2027,10,25,P09,280264,36.26,4,2027,11,1,50.442
2027,11,1,P09,280264,34.948,4,2027,11,8,48.617
2027,11,8,P09,280264,34.78,4,2027,11,15,48.383
2027,11,15,P09,280264,76.61,4,2027,11,22,106.573
2027,11,29,P09,280264,47.952,4,2027,12,6,66.707
2027,12,6,P09,280264,48.9,4,2027,12,13,68.026
2027,12,13,P09,280264,48.9,4,2027,12,20,68.026
2027,12,20,P09,280264,46.68,4,2027,12,27,64.937
2027,12,27,P09,280264,44.204,4,2028,1,3,61.493
2028,1,3,P09,280264,43.426,4,2028,1,10,60.411
2028,1,10,P09,280264,43.35,4,2028,1,17,60.305
2028,1,17,P09,280264,42.996,4,2028,1,24,59.812
2028,1,24,P09,280264,21.388,4,2028,1,31,29.753
2028,1,31,P09,280264,2.856,4,2028,2,7,3.973
2026,9,7,P09,280318,19.028,4,2026,9,14,24.84
2026,10,5,P09,280318,18,4,2026,10,12,23.361
2026,10,12,P09,280318,18,4,2026,10,19,23.361
2026,10,19,P09,280318,18,4,2026,10,26,23.361
2026,10,26,P09,280318,18,4,2026,11,2,23.361
2026,12,7,P09,280318,19.72,4,2026,12,14,25.298
2026,12,14,P09,280318,19.81,4,2026,12,21,25.414
2026,12,21,P09,280318,18.79,4,2026,12,28,24.105
2027,1,4,P09,280318,19.77,4,2027,1,11,27.502
2027,1,25,P09,280318,20.69,4,2027,2,1,28.782
2027,2,1,P09,280318,19.61,4,2027,2,8,27.28
2027,2,8,P09,280318,20.12,4,2027,2,15,27.989
2027,2,15,P09,280318,19.11,4,2027,2,22,26.584
2027,2,22,P09,280318,19.25,4,2027,3,1,26.779
2027,3,1,P09,280318,18.18,4,2027,3,8,25.29
2027,3,8,P09,280318,19.15,4,2027,3,15,26.64
2027,3,15,P09,280318,19.07,4,2027,3,22,26.529
2027,3,22,P09,280318,21.63,4,2027,3,29,30.09
2027,3,29,P09,280318,23.32,4,2027,4,5,32.441
2027,4,5,P09,280318,22.45,4,2027,4,12,31.231
2027,4,12,P09,280318,22.62,4,2027,4,19,31.467
2027,4,19,P09,280318,18.68,4,2027,4,26,25.986
2027,4,26,P09,280318,18.97,4,2027,5,3,26.389
2027,5,3,P09,280318,18,4,2027,5,10,25.04
2027,5,10,P09,280318,18,4,2027,5,17,25.04
2027,5,17,P09,280318,18.81,4,2027,5,24,26.167
2027,5,24,P09,280318,26.16,4,2027,5,31,36.392
2027,5,31,P09,280318,24.5,4,2027,6,7,34.082
2027,6,7,P09,280318,24.68,4,2027,6,14,34.333
2027,6,14,P09,280318,25.41,4,2027,6,21,35.348
2027,7,19,P09,280318,19.57,4,2027,7,26,27.224
2027,7,26,P09,280318,18.53,4,2027,8,2,25.777
2027,8,2,P09,280318,19.84,4,2027,8,9,27.6
2026,9,7,P09,280421,18,4,2026,9,14,23.498
2027,7,19,P09,280421,26.5,4,2027,7,26,36.865
2027,7,26,P09,280421,26.55,4,2027,8,2,36.934
2027,8,2,P09,280421,25.93,4,2027,8,9,36.072
2027,4,19,P09,280421,25.2,4,2027,4,26,35.056
2027,4,26,P09,280421,25.21,4,2027,5,3,35.07
2027,5,3,P09,280421,25.25,4,2027,5,10,35.126
2027,5,17,P09,280421,27.92,4,2027,5,24,38.84
2027,3,8,P09,280421,27.21,4,2027,3,15,37.852
2027,3,15,P09,280421,26.98,4,2027,3,22,37.532
2027,1,25,P09,280421,27.92,4,2027,2,1,38.84
2027,2,1,P09,280421,27.93,4,2027,2,8,38.854
2027,2,15,P09,280421,29.3,4,2027,2,22,40.76
2027,2,22,P09,280421,28.84,4,2027,3,1,40.12
2027,3,1,P09,280421,28.62,4,2027,3,8,39.814
2026,12,14,P09,280421,20.07,4,2026,12,21,25.747
2027,1,4,P09,280421,18,4,2027,1,11,25.04
2027,1,11,P09,280421,18.96,4,2027,1,18,26.376
2026,12,7,P09,280421,18,4,2026,12,14,23.092
2026,10,5,P09,280421,26.124,4,2026,10,12,33.905
2026,10,12,P09,280421,28.699,4,2026,10,19,37.247
2026,10,19,P09,280421,26.34,4,2026,10,26,34.185
2027,8,9,P09,280425,19.48,4,2027,8,16,27.099
2026,8,10,P09,280450,18,4,2026,8,17,23.637
2027,1,11,P09,280450,18,4,2027,1,18,25.04
2026,10,5,P09,280451,19.35,4,2026,10,12,25.113
2026,10,19,P09,280451,19.18,4,2026,10,26,24.892
2027,2,1,P09,280451,24.59,4,2027,2,8,34.208
2026,9,7,P09,280452,18,4,2026,9,14,23.498
2026,9,21,P09,280452,19.364,4,2026,9,28,25.279
2026,10,5,P09,280452,18,4,2026,10,12,23.361
2026,10,12,P09,280452,23.773,4,2026,10,19,30.854
2026,12,28,P09,280452,21.96,4,2027,1,4,30.549
2027,1,11,P09,280452,42.71,4,2027,1,18,59.415
2027,1,25,P09,280452,26.87,4,2027,2,1,37.379
2027,2,8,P09,280452,18.84,4,2027,2,15,26.209
2027,2,15,P09,280452,27.73,4,2027,2,22,38.576
2027,3,15,P09,280452,22.04,4,2027,3,22,30.66
2027,3,29,P09,280452,18,4,2027,4,5,25.04
2027,4,5,P09,280452,25.53,4,2027,4,12,35.515
2027,4,19,P09,280452,18,4,2027,4,26,25.04
2027,4,26,P09,280452,18,4,2027,5,3,25.04
2027,5,10,P09,280452,31.49,4,2027,5,17,43.806
2027,5,24,P09,280452,18,4,2027,5,31,25.04
2027,5,31,P09,280452,18,4,2027,6,7,25.04
2027,6,7,P09,280452,19.5,4,2027,6,14,27.127
2027,6,14,P09,280452,18,4,2027,6,21,25.04
2027,6,21,P09,280452,21.76,4,2027,6,28,30.271
2027,6,28,P09,280452,22.05,4,2027,7,5,30.674
2027,7,5,P09,280452,20.97,4,2027,7,12,29.172
2027,7,12,P09,280452,33.14,4,2027,7,19,46.102
2027,7,26,P09,280452,18,4,2027,8,2,25.04
2027,11,22,P09,280452,15.61,4,2027,11,29,21.715
2026,10,26,P09,280453,18,4,2026,11,2,23.361
2026,12,21,P09,280453,18,4,2026,12,28,23.092
2027,1,25,P09,280453,18,4,2027,2,1,25.04
2027,2,1,P09,280453,18,4,2027,2,8,25.04
2027,2,8,P09,280453,18,4,2027,2,15,25.04
2027,2,15,P09,280453,18,4,2027,2,22,25.04
2027,2,22,P09,280453,27.1,4,2027,3,1,37.699
2027,3,22,P09,280453,18,4,2027,3,29,25.04
2027,3,29,P09,280453,18,4,2027,4,5,25.04
2027,4,5,P09,280453,18,4,2027,4,12,25.04
2027,4,26,P09,280453,22.14,4,2027,5,3,30.799
2027,5,10,P09,280453,20.12,4,2027,5,17,27.989
2027,5,17,P09,280453,18,4,2027,5,24,25.04
2027,5,24,P09,280453,18,4,2027,5,31,25.04
2027,5,31,P09,280453,18,4,2027,6,7,25.04
2027,6,7,P09,280453,23.81,4,2027,6,14,33.122
2027,6,14,P09,280453,19.94,4,2027,6,21,27.739
2027,6,21,P09,280453,24.61,4,2027,6,28,34.235
2027,6,28,P09,280453,24.67,4,2027,7,5,34.319
2027,7,5,P09,280453,47.11,4,2027,7,12,65.535
2027,7,19,P09,280453,27.86,4,2027,7,26,38.756
2027,11,22,P09,280453,0.924,4,2027,11,29,1.285
2026,10,12,P09,280478,21.68,4,2026,10,19,28.137
2026,10,19,P09,280478,18,4,2026,10,26,23.361
2026,10,26,P09,280478,22.15,4,2026,11,2,28.747
2027,6,21,P09,280478,23.21,4,2027,6,28,32.288
2027,12,13,P09,280490,0.108,4,2027,12,20,0.151
2028,1,3,P09,280490,39.2,4,2028,1,10,54.532
2027,7,26,P09,280563,22.234,4,2027,8,2,30.93
2027,6,28,P09,280563,21.546,4,2027,7,5,29.973
2027,5,10,P09,280563,18,4,2027,5,17,25.04
2027,5,24,P09,280563,18.758,4,2027,5,31,26.095
2027,3,22,P09,280563,23.136,4,2027,3,29,32.185
2026,12,14,P09,280563,35.63,4,2026,12,21,45.709
2027,1,18,P09,280563,23.566,4,2027,1,25,32.783
2026,10,5,P09,280563,18,4,2026,10,12,23.361
2026,10,26,P09,280563,18,4,2026,11,2,23.361
2027,1,4,P09,280564,18,4,2027,1,11,25.04
2026,10,26,P09,280566,19.882,4,2026,11,2,25.804
2026,12,14,P09,280566,18,4,2026,12,21,23.092
2027,1,4,P09,280566,18.734,4,2027,1,11,26.061
2027,1,18,P09,280566,23.13,4,2027,1,25,32.177
2027,2,8,P09,280566,26.008,4,2027,2,15,36.18
2027,3,8,P09,280566,18,4,2027,3,15,25.04
2027,7,26,P09,280566,22.614,4,2027,8,2,31.459
2026,10,5,P09,280572,11.256,4,2026,10,12,14.609
2027,1,4,P09,280572,15.634,4,2027,1,11,21.749
2027,5,3,P09,280572,26.756,4,2027,5,10,37.221
2027,5,17,P09,280572,12.732,4,2027,5,24,17.712
2027,5,24,P09,280572,11.165,4,2027,5,31,15.531
2027,5,31,P09,280572,11.808,4,2027,6,7,16.426
2027,6,21,P09,280572,16.103,4,2027,6,28,22.401
2027,6,28,P09,280572,12.964,4,2027,7,5,18.034
2027,9,27,P09,280572,20.93,4,2027,10,4,29.116
2027,10,4,P09,280572,20.88,4,2027,10,11,29.046
2027,11,29,P09,280572,20.06,4,2027,12,6,27.906
2027,12,6,P09,280572,20.15,4,2027,12,13,28.031
2028,1,10,P09,280572,5.068,4,2028,1,17,7.051
2028,1,17,P09,280572,21.91,4,2028,1,24,30.479
2028,1,24,P09,280572,21.74,4,2028,1,31,30.243
2028,1,31,P09,280572,2.84,4,2028,2,7,3.951
2026,8,17,P09,280572,30,4,2026,8,24,39.394
2026,9,7,P09,280572,30,4,2026,9,14,39.163
2026,8,17,P09,280580,30,4,2026,8,24,39.394
2026,8,10,P09,280581,40,4,2026,8,17,52.526
2027,2,1,P09,280581,23.448,4,2027,2,8,32.619
2027,9,27,P09,280581,14.014,4,2027,10,4,19.495
2027,11,29,P09,280581,15.152,4,2027,12,6,21.078
2027,12,6,P09,280581,15.12,4,2027,12,13,21.034
2027,12,13,P09,280581,15.12,4,2027,12,20,21.034
2028,1,17,P09,280581,15.456,4,2028,1,24,21.501
2028,1,24,P09,280581,12.85,4,2028,1,31,17.876
2028,1,31,P09,280581,2.248,4,2028,2,7,3.127
2027,8,9,P09,280583,39.423,4,2027,8,16,54.842
2027,8,16,P09,280583,18.688,4,2027,8,23,25.997
2027,9,20,P09,280583,48.276,4,2027,9,27,67.157
2027,10,11,P09,280583,26.02,4,2027,10,18,36.197
2027,12,27,P09,280583,20.814,4,2028,1,3,28.954
2027,8,16,P09,280584,29.102,4,2027,8,23,40.484
2027,8,23,P09,280584,19.452,4,2027,8,30,27.06
2027,8,30,P09,280584,18,4,2027,9,6,25.04
2027,9,6,P09,280584,18,4,2027,9,13,25.04
2027,10,4,P09,280584,15.87,4,2027,10,11,22.077
2027,10,18,P09,280584,16.038,4,2027,10,25,22.311
2027,12,13,P09,280584,22.51,4,2027,12,20,31.314
2027,12,20,P09,280584,13.218,4,2027,12,27,18.388
2027,9,6,P09,280585,27.046,4,2027,9,13,37.624
2027,9,13,P09,280585,24.23,4,2027,9,20,33.707
2027,10,18,P09,280585,12.547,4,2027,10,25,17.454
2027,11,1,P09,280585,14.75,4,2027,11,8,20.519
2027,11,8,P09,280585,8.14,4,2027,11,15,11.324
2027,8,23,P09,280586,19.037,4,2027,8,30,26.483
2027,8,30,P09,280586,23.245,4,2027,9,6,32.336
2027,10,11,P09,280586,16.9,4,2027,10,18,23.51
2027,10,18,P09,280586,16.092,4,2027,10,25,22.386
2027,10,25,P09,280586,15.098,4,2027,11,1,21.003
2027,11,1,P09,280586,26.024,4,2027,11,8,36.202
2027,11,8,P09,280586,3.426,4,2027,11,15,4.766
2027,9,13,P09,280587,21.162,4,2027,9,20,29.439
2027,10,4,P09,280587,7.28,4,2027,10,11,10.127
2027,10,11,P09,280587,7.28,4,2027,10,18,10.127
2027,10,18,P09,280587,7.28,4,2027,10,25,10.127
2027,10,25,P09,280587,7.19,4,2027,11,1,10.002
2027,12,20,P09,280590,1.696,4,2027,12,27,2.36
2026,8,17,P09,570223,15,4,2026,8,24,19.697
2026,8,10,P09,570468,15.5,4,2026,8,17,20.354
2026,9,7,P09,570468,18,4,2026,9,14,23.498
2026,10,5,P09,570468,11.011,4,2026,10,12,14.29
2026,10,12,P09,570468,15.736,4,2026,10,19,20.423
2026,10,26,P09,570468,10,4,2026,11,2,12.978
2027,1,11,P09,570468,10.7,4,2027,1,18,14.885
2027,7,12,P09,570475,1.45,4,2027,7,19,2.018
2027,1,4,P10,280256,113.558,4,2027,1,11,158
2027,1,11,P10,280256,110.683,4,2027,1,18,154
2027,1,18,P10,280256,113.558,4,2027,1,25,158
2027,2,8,P10,280256,113.558,4,2027,2,15,158
2027,2,15,P10,280256,64.685,4,2027,2,22,90
2027,2,22,P10,280256,110.683,4,2027,3,1,154
2027,3,1,P10,280256,113.558,4,2027,3,8,158
2027,3,15,P10,280256,113.558,4,2027,3,22,158
2027,3,22,P10,280256,113.558,4,2027,3,29,158
2027,3,29,P10,280256,110.683,4,2027,4,5,154
2027,4,5,P10,280256,113.558,4,2027,4,12,158
2027,4,12,P10,280256,113.558,4,2027,4,19,158
2027,6,7,P10,280256,113.558,4,2027,6,14,158
2027,8,9,P10,280256,64.685,4,2027,8,16,90
2027,8,16,P10,280256,113.558,4,2027,8,23,158
2027,8,23,P10,280256,113.558,4,2027,8,30,158
2027,8,30,P10,280256,110.683,4,2027,9,6,154
2027,9,6,P10,280256,113.558,4,2027,9,13,158
2027,9,27,P10,280256,110.683,4,2027,10,4,154
2027,10,4,P10,280256,50.685,4,2027,10,11,70.521
2027,10,11,P10,280256,27.572,4,2027,10,18,38.363
2028,1,3,P10,280256,81.607,4,2028,1,10,113.545
2028,1,17,P10,280256,113.558,4,2028,1,24,158
2028,1,24,P10,280256,113.558,4,2028,1,31,158
2028,1,31,P10,280256,64.685,4,2028,2,7,90
2028,2,14,P10,280256,113.558,4,2028,2,21,158
2028,2,21,P10,280256,113.558,4,2028,2,28,158
2028,2,28,P10,280256,113.558,4,2028,3,6,158
2026,8,3,P10,280351,110,4,2026,8,10,162.441
2026,8,10,P10,280351,94,4,2026,8,17,138.813
2026,8,17,P10,280351,106.993,4,2026,8,24,158
2026,8,24,P10,280351,106.993,4,2026,8,31,158
2026,8,31,P10,280351,106.46,4,2026,9,7,158
2026,9,7,P10,280351,106.46,4,2026,9,14,158
2026,9,14,P10,280351,106.46,4,2026,9,21,158
2026,9,21,P10,280351,110,4,2026,9,28,163.253
2026,9,28,P10,280351,106.46,4,2026,10,5,158
2026,10,5,P10,280351,110,4,2026,10,12,163.253
2027,1,25,P10,280351,113.558,4,2027,2,1,158
2027,2,1,P10,280351,109.245,4,2027,2,8,152
2027,3,8,P10,280351,113.558,4,2027,3,15,158
2027,4,19,P10,280351,113.558,4,2027,4,26,158
2027,4,26,P10,280351,110.683,4,2027,5,3,154
2027,5,3,P10,280351,113.558,4,2027,5,10,158
2027,5,10,P10,280351,113.558,4,2027,5,17,158
2027,5,17,P10,280351,113.558,4,2027,5,24,158
2027,5,24,P10,280351,110.683,4,2027,5,31,154
2027,5,31,P10,280351,113.558,4,2027,6,7,158
2027,6,14,P10,280351,113.558,4,2027,6,21,158
2027,6,21,P10,280351,110.683,4,2027,6,28,154
2027,8,2,P10,280351,113.558,4,2027,8,9,158
2027,9,13,P10,280351,113.558,4,2027,9,20,158
2027,9,20,P10,280351,113.558,4,2027,9,27,158
2027,10,4,P10,280351,62.873,4,2027,10,11,87.479
2027,10,11,P10,280351,85.986,4,2027,10,18,119.637
2027,10,18,P10,280351,110.683,4,2027,10,25,154
2027,10,25,P10,280351,113.558,4,2027,11,1,158
2027,11,1,P10,280351,113.558,4,2027,11,8,158
2027,11,8,P10,280351,64.685,4,2027,11,15,90
2027,11,15,P10,280351,110.683,4,2027,11,22,154
2027,11,22,P10,280351,16.531,4,2027,11,29,23
2027,11,29,P10,280351,113.558,4,2027,12,6,158
2027,12,6,P10,280351,113.558,4,2027,12,13,158
2027,12,13,P10,280351,113.558,4,2027,12,20,158
2027,12,20,P10,280351,78.34,4,2027,12,27,109
2027,12,27,P10,280351,81.215,4,2028,1,3,113
2028,1,3,P10,280351,13.264,4,2028,1,10,18.455
2028,1,10,P10,280351,113.558,4,2028,1,17,158
2028,2,7,P10,280351,107.089,4,2028,2,14,149
2026,8,31,P11,251200,18,4,2026,9,7,26.175
2026,11,23,P11,251200,23.3,4,2026,11,30,33.446
2027,6,28,P11,251200,32.132,4,2027,7,5,44.828
2027,7,26,P11,280107,9,4,2027,8,2,12.556
2028,1,3,P11,280107,7.8,4,2028,1,10,10.882
2026,11,16,P11,280121,21.55,4,2026,11,23,30.934
2027,7,26,P11,280212,19.208,4,2027,8,2,26.796
2026,9,7,P11,280264,52.984,4,2026,9,14,77.047
2026,9,21,P11,280264,36,4,2026,9,28,52.35
2026,9,28,P11,280264,60.482,4,2026,10,5,74.588
2026,11,2,P11,280264,110.069,4,2026,11,9,158
2026,11,9,P11,280264,83.969,4,2026,11,16,120.534
2026,11,16,P11,280264,47.523,4,2026,11,23,68.218
2026,11,30,P11,280264,72.897,4,2026,12,7,103.972
2027,6,28,P11,280264,48.866,4,2027,7,5,68.172
2027,7,5,P11,280264,39.594,4,2027,7,12,55.238
2027,7,12,P11,280264,45.25,4,2027,7,19,63.128
2027,7,19,P11,280264,43.852,4,2027,7,26,61.177
2027,7,26,P11,280264,64.18,4,2027,8,2,89.536
2026,11,9,P11,280318,26.1,4,2026,11,16,37.466
2026,11,30,P11,280318,19.88,4,2026,12,7,28.355
2026,12,28,P11,280318,19.29,4,2027,1,4,26.911
2028,1,3,P11,280345,8.07,4,2028,1,10,11.258
2028,1,10,P11,280345,8.14,4,2028,1,17,11.356
2028,1,17,P11,280345,8.14,4,2028,1,24,11.356
2028,1,24,P11,280345,6.45,4,2028,1,31,8.998
2028,1,31,P11,280345,0.6,4,2028,2,7,0.837
2026,10,19,P11,280345,16,4,2026,10,26,23.116
2028,1,3,P11,280347,1.06,4,2028,1,10,1.479
2028,1,10,P11,280347,1.212,4,2028,1,17,1.691
2028,1,17,P11,280347,1.23,4,2028,1,24,1.716
2028,1,24,P11,280347,1.23,4,2028,1,31,1.716
2028,1,31,P11,280347,1.094,4,2028,2,7,1.526
2028,2,7,P11,280347,0.212,4,2028,2,14,0.296
2028,1,3,P11,280425,1.03,4,2028,1,10,1.437
2027,7,5,P11,280450,19.62,4,2027,7,12,27.372
2027,7,12,P11,280490,68.004,4,2027,7,19,94.872
2026,11,16,P11,280563,22.996,4,2026,11,23,33.01
2026,8,31,P11,280563,18,4,2026,9,7,26.175
2026,9,7,P11,280563,19.67,4,2026,9,14,28.603
2026,9,21,P11,280563,23.376,4,2026,9,28,33.993
2026,9,28,P11,280564,22.104,4,2026,10,5,27.259
2027,7,19,P11,280564,19.136,4,2027,7,26,26.696
2026,9,21,P11,280566,40.527,4,2026,9,28,58.933
2026,11,16,P11,280566,18,4,2026,11,23,25.838
2026,11,30,P11,280566,18,4,2026,12,7,25.673
2027,7,5,P11,280566,21.784,4,2027,7,12,30.391
2026,8,24,P11,280572,50,4,2026,8,31,73.185
2026,9,7,P11,280572,18,4,2026,9,14,26.175
2026,10,5,P11,280572,34.301,4,2026,10,12,49.557
2026,10,12,P11,280572,21.93,4,2026,10,19,31.683
2026,10,19,P11,280572,75.361,4,2026,10,26,108.878
2026,10,26,P11,280572,18.039,4,2026,11,2,26.061
2027,7,19,P11,280572,50.266,4,2027,7,26,70.126
2028,1,3,P11,280572,21.86,4,2028,1,10,30.497
2028,1,10,P11,280572,16.842,4,2028,1,17,23.496
2026,10,5,P11,280576,18,4,2026,10,12,26.006
2026,10,12,P11,280576,18,4,2026,10,19,26.006
2026,10,26,P11,280576,42.237,4,2026,11,2,61.022
2026,9,7,P11,280578,18,4,2026,9,14,26.175
2026,10,5,P11,280578,18,4,2026,10,12,26.006
2026,10,26,P11,280578,18,4,2026,11,2,26.006
2026,8,31,P11,280580,52.651,4,2026,9,7,76.563
2026,8,24,P11,280581,34.947,4,2026,8,31,51.152
2026,8,31,P11,280581,25,4,2026,9,7,36.354
2026,9,28,P11,280581,24.219,4,2026,10,5,29.867
2026,10,5,P11,280581,26.572,4,2026,10,12,38.39
2026,10,12,P11,280581,34.777,4,2026,10,19,50.245
2026,10,19,P11,280581,18,4,2026,10,26,26.006
2026,10,26,P11,280581,31.086,4,2026,11,2,44.911
2027,7,26,P11,280581,18,4,2027,8,2,25.112
2028,1,3,P11,280581,15.464,4,2028,1,10,21.574
2028,1,10,P11,280581,15.48,4,2028,1,17,21.596
2026,10,12,P11,280601,18.654,4,2026,10,19,26.95
2028,1,3,P11,280601,2.016,4,2028,1,10,2.812
2028,1,10,P11,280601,2.02,4,2028,1,17,2.818
2028,1,17,P11,280601,2.244,4,2028,1,24,3.131
2028,1,24,P11,280601,0.716,4,2028,1,31,0.999
2028,1,31,P11,280601,0.064,4,2028,2,7,0.089
2026,8,24,P11,280602,23,4,2026,8,31,33.665
2026,10,12,P11,280602,16,4,2026,10,19,23.116
2028,1,3,P11,280602,4.9,4,2028,1,10,6.836
2028,1,10,P11,280602,4.892,4,2028,1,17,6.825
2028,1,17,P11,280602,4.73,4,2028,1,24,6.599
2028,1,24,P11,280602,1.642,4,2028,1,31,2.291
2028,1,31,P11,280602,0.176,4,2028,2,7,0.246
2026,8,17,P12,120436,20.97,4,2026,8,24,40.483
2027,5,17,P12,120436,13.554,4,2027,5,24,26.166
2027,5,24,P12,120436,10.928,4,2027,5,31,21.097
2027,6,14,P12,120436,13.744,4,2027,6,21,26.533
2027,6,21,P12,120436,10.074,4,2027,6,28,19.448
2027,8,23,P12,120436,29.587,4,2027,8,30,57.118
2027,12,27,P12,120436,30.492,4,2028,1,3,58.864
2026,9,21,P12,120437,36.783,4,2026,9,28,71.01
2026,12,14,P12,120437,26.702,4,2026,12,21,51.547
2027,2,22,P12,120437,23.972,4,2027,3,1,46.277
2027,6,21,P12,120437,27.703,4,2027,6,28,53.48
2027,8,16,P12,120437,21.736,4,2027,8,23,41.961
2027,12,20,P12,120437,22.472,4,2027,12,27,43.383
2027,12,27,P12,120437,11.934,4,2028,1,3,23.039
2026,8,17,P12,120448,43.402,4,2026,8,24,83.788
2026,8,24,P12,120448,39.819,4,2026,8,31,76.871
2026,8,31,P12,120448,16.288,4,2026,9,7,31.444
2026,9,21,P12,120448,10,4,2026,9,28,19.305
2026,12,14,P12,120448,22.945,4,2026,12,21,44.296
2027,1,25,P12,120448,32.07,4,2027,2,1,61.912
2027,2,22,P12,120448,23.872,4,2027,3,1,46.085
2027,3,8,P12,120448,39.914,4,2027,3,15,77.054
2027,3,15,P12,120448,16.797,4,2027,3,22,32.427
2027,5,17,P12,120448,48.28,4,2027,5,24,93.205
2027,7,19,P12,120448,48.098,4,2027,7,26,92.853
2027,8,16,P12,120448,60.108,4,2027,8,23,116.039
2027,12,20,P12,120448,7.426,4,2027,12,27,14.337
2027,12,27,P12,120448,16.108,4,2028,1,3,31.097
2026,8,17,P12,120450,10.442,4,2026,8,24,20.158
2027,5,24,P12,120450,9,4,2027,5,31,17.375
2027,6,14,P12,120450,9,4,2027,6,21,17.375
2026,10,19,P12,120451,9.766,4,2026,10,26,18.853
2027,5,24,P12,120451,10.75,4,2027,5,31,20.753
2027,5,17,P12,120532,11.01,4,2027,5,24,21.255
2027,6,14,P12,120532,9,4,2027,6,21,17.375
2027,6,21,P12,120532,9,4,2027,6,28,17.375
2026,8,24,P12,120532,13.072,4,2026,8,31,25.236
2026,8,24,P12,120536,9.399,4,2026,8,31,18.145
2026,8,24,P12,280090,10.554,4,2026,8,31,20.375
2026,8,31,P12,280090,10,4,2026,9,7,19.305
2026,10,19,P12,280090,9.06,4,2026,10,26,17.49
2027,1,25,P12,280090,9,4,2027,2,1,17.375
2026,12,14,P12,280107,23.197,4,2026,12,21,44.782
2027,1,25,P12,280107,10.301,4,2027,2,1,19.887
2027,2,15,P12,280107,16.364,4,2027,2,22,31.591
2027,2,22,P12,280107,22.881,4,2027,3,1,44.171
2027,3,15,P12,280107,9.267,4,2027,3,22,17.89
2027,5,24,P12,280107,9,4,2027,5,31,17.375
2026,8,10,P12,280375,12.94,4,2026,8,17,24.981
2026,9,14,P12,280375,10.35,4,2026,9,21,19.981
2026,10,5,P12,280375,12.57,4,2026,10,12,24.266
2026,11,9,P12,280375,11.83,4,2026,11,16,22.838
2026,11,30,P12,280375,14.41,4,2026,12,7,27.819
2027,1,4,P12,280375,18.02,4,2027,1,11,34.788
2027,2,1,P12,280375,18.02,4,2027,2,8,34.788
2027,3,1,P12,280375,18.02,4,2027,3,8,34.788
2027,3,29,P12,280375,19.46,4,2027,4,5,37.568
2027,4,26,P12,280375,19.46,4,2027,5,3,37.568
2027,5,31,P12,280375,19.46,4,2027,6,7,37.568
2027,6,28,P12,280375,19.574,4,2027,7,5,37.787
2027,7,26,P12,280375,35.812,4,2027,8,2,69.135
2027,8,30,P12,280375,8.754,4,2027,9,6,16.9
2027,9,20,P12,280375,14.903,4,2027,9,27,28.77
2027,9,27,P12,280375,7.437,4,2027,10,4,14.357
2027,10,25,P12,280375,22.34,4,2027,11,1,43.127
2027,11,29,P12,280375,22.34,4,2027,12,6,43.127
2026,8,3,P12,280376,11.252,4,2026,8,10,21.722
2026,9,14,P12,280376,15.52,4,2026,9,21,29.961
2026,10,5,P12,280376,13.31,4,2026,10,12,25.695
2026,11,9,P12,280376,12.94,4,2026,11,16,24.981
2026,11,30,P12,280376,14.41,4,2026,12,7,27.819
2027,1,4,P12,280376,18.02,4,2027,1,11,34.788
2027,2,1,P12,280376,18.02,4,2027,2,8,34.788
2027,3,1,P12,280376,18.02,4,2027,3,8,34.788
2027,3,29,P12,280376,19.46,4,2027,4,5,37.568
2027,4,26,P12,280376,19.46,4,2027,5,3,37.568
2027,5,31,P12,280376,19.46,4,2027,6,7,37.568
2027,6,28,P12,280376,19.46,4,2027,7,5,37.568
2027,7,26,P12,280376,21.62,4,2027,8,2,41.737
2027,8,30,P12,280376,21.62,4,2027,9,6,41.737
2027,9,27,P12,280376,21.62,4,2027,10,4,41.737
2027,10,25,P12,280376,21.62,4,2027,11,1,41.737
2027,11,29,P12,280376,21.62,4,2027,12,6,41.737
2026,8,3,P12,280377,13.242,4,2026,8,10,25.564
2027,11,29,P12,280377,22.34,4,2027,12,6,43.127
2027,9,27,P12,280377,19.672,4,2027,10,4,37.977
2027,10,25,P12,280377,22.34,4,2027,11,1,43.127
2027,8,30,P12,280377,25.008,4,2027,9,6,48.277
2027,7,26,P12,280377,22.34,4,2027,8,2,43.127
2027,5,31,P12,280377,10,4,2027,6,7,19.305
2027,6,28,P12,280377,19.46,4,2027,7,5,37.568
2027,4,26,P12,280377,21.866,4,2027,5,3,42.212
2027,3,1,P12,280377,18.02,4,2027,3,8,34.788
2027,3,29,P12,280377,26.514,4,2027,4,5,51.185
2027,2,1,P12,280377,18.02,4,2027,2,8,34.788
2026,12,7,P12,280377,10.35,4,2026,12,14,19.981
2027,1,4,P12,280377,18.02,4,2027,1,11,34.788
2026,11,9,P12,280377,10.35,4,2026,11,16,19.981
2026,9,14,P12,280377,10.35,4,2026,9,21,19.981
2026,10,5,P12,280377,10.35,4,2026,10,12,19.981
2026,9,14,P12,280378,14.41,4,2026,9,21,27.819
2026,11,9,P12,280378,11.46,4,2026,11,16,22.124
2026,11,30,P12,280378,10.35,4,2026,12,7,19.981
2027,1,4,P12,280378,12.94,4,2027,1,11,24.981
2027,2,1,P12,280378,12.94,4,2027,2,8,24.981
2027,3,1,P12,280378,12.94,4,2027,3,8,24.981
2027,3,29,P12,280378,13.97,4,2027,4,5,26.969
2027,4,26,P12,280378,18.986,4,2027,5,3,36.653
2027,5,31,P12,280378,22.924,4,2027,6,7,44.255
2027,7,12,P12,280378,15.52,4,2027,7,19,29.961
2027,8,23,P12,280378,15.52,4,2027,8,30,29.961
2027,9,27,P12,280378,15.52,4,2027,10,4,29.961
2027,10,25,P12,280378,15.52,4,2027,11,1,29.961
2027,11,29,P12,280378,15.52,4,2027,12,6,29.961
2026,8,3,P12,280379,17.741,4,2026,8,10,34.249
2026,9,14,P12,280379,10.72,4,2026,9,21,20.695
2026,10,5,P12,280379,14.41,4,2026,10,12,27.819
2026,11,9,P12,280379,19.22,4,2026,11,16,37.104
2026,11,30,P12,280379,21.07,4,2026,12,7,40.676
2027,1,4,P12,280379,14.844,4,2027,1,11,28.656
2027,2,1,P12,280379,14.844,4,2027,2,8,28.656
2027,2,8,P12,280379,10.972,4,2027,2,15,21.181
2027,3,1,P12,280379,14.844,4,2027,3,8,28.656
2027,4,5,P12,280379,21.95,4,2027,4,12,42.375
2027,5,3,P12,280379,21.95,4,2027,5,10,42.375
2027,5,31,P12,280379,10,4,2027,6,7,19.305
2027,6,7,P12,280379,11.95,4,2027,6,14,23.069
2027,6,21,P12,280379,32.995,4,2027,6,28,63.697
2027,8,2,P12,280379,13.345,4,2027,8,9,25.763
2027,8,30,P12,280379,24.39,4,2027,9,6,47.085
2027,10,4,P12,280379,24.39,4,2027,10,11,47.085
2027,11,1,P12,280379,24.39,4,2027,11,8,47.085
2027,12,6,P12,280379,24.39,4,2027,12,13,47.085
2026,8,3,P12,280380,15.5,4,2026,8,10,29.923
2026,9,14,P12,280380,18.85,4,2026,9,21,36.39
2026,10,5,P12,280380,13.68,4,2026,10,12,26.409
2026,11,2,P12,280380,19,4,2026,11,9,36.68
2026,11,9,P12,280380,2.07,4,2026,11,16,3.996
2026,11,30,P12,280380,23.65,4,2026,12,7,45.656
2027,1,11,P12,280380,24.708,4,2027,1,18,47.699
2027,1,18,P12,280380,29.57,4,2027,1,25,57.085
2027,2,15,P12,280380,29.57,4,2027,2,22,57.085
2027,3,8,P12,280380,31.93,4,2027,3,15,61.641
2027,5,3,P12,280380,33.986,4,2027,5,10,65.61
2027,6,7,P12,280380,29.874,4,2027,6,14,57.672
2027,7,5,P12,280380,31.93,4,2027,7,12,61.641
2027,8,2,P12,280380,35.48,4,2027,8,9,68.494
2027,8,9,P12,280380,26.968,4,2027,8,16,52.062
2027,9,6,P12,280380,37.237,4,2027,9,13,71.887
2027,10,4,P12,280380,28.813,4,2027,10,11,55.624
2027,10,11,P12,280380,4.501,4,2027,10,18,8.69
2027,11,1,P12,280380,35.48,4,2027,11,8,68.494
2027,12,6,P12,280380,8.92,4,2027,12,13,17.22
2027,12,20,P12,280380,26.563,4,2027,12,27,51.28
2026,8,10,P12,280397,11.8,4,2026,8,17,22.78
2026,9,7,P12,280397,23.65,4,2026,9,14,45.656
2027,12,13,P12,280397,15.173,4,2027,12,20,29.291
2027,11,1,P12,280397,15.52,4,2027,11,8,29.961
2027,8,23,P12,280397,36.737,4,2027,8,30,70.921
2027,9,27,P12,280397,15.52,4,2027,10,4,29.961
2027,7,19,P12,280397,15.52,4,2027,7,26,29.961
2027,6,7,P12,280397,30.02,4,2027,6,14,57.954
2027,5,3,P12,280397,13.856,4,2027,5,10,26.749
2027,4,5,P12,280397,16.164,4,2027,4,12,31.205
2027,2,8,P12,280397,27.94,4,2027,2,15,53.938
2027,1,11,P12,280397,13.97,4,2027,1,18,26.969
2026,11,2,P12,280397,13.31,4,2026,11,9,25.695
2026,12,7,P12,280397,16.63,4,2026,12,14,32.104
2026,10,12,P12,280397,15.52,4,2026,10,19,29.961
2026,8,3,P12,280426,14,4,2026,8,10,27.027
2026,9,7,P12,280426,19.8,4,2026,9,14,38.224
2026,10,12,P12,280426,17.82,4,2026,10,19,34.402
2026,11,2,P12,280426,17.82,4,2026,11,9,34.402
2026,12,7,P12,280426,17.82,4,2026,12,14,34.402
2027,1,11,P12,280426,22.18,4,2027,1,18,42.819
2027,2,8,P12,280426,22.18,4,2027,2,15,42.819
2027,3,15,P12,280426,26.8,4,2027,3,22,51.737
2027,4,12,P12,280426,31.744,4,2027,4,19,61.282
2027,5,3,P12,280426,12.052,4,2027,5,10,23.266
2027,6,7,P12,280426,10,4,2027,6,14,19.305
2027,7,5,P12,280426,26.604,4,2027,7,12,51.359
2027,8,2,P12,280426,33.019,4,2027,8,9,63.743
2027,9,6,P12,280426,44.607,4,2027,9,13,86.113
2027,10,4,P12,280426,28.64,4,2027,10,11,55.29
2027,11,1,P12,280426,6.454,4,2027,11,8,12.46
2027,11,8,P12,280426,20.02,4,2027,11,15,38.65
2027,12,6,P12,280426,28.64,4,2027,12,13,55.29
2026,8,3,P12,280436,12.5,4,2026,8,10,24.131
2026,9,7,P12,280436,18.48,4,2026,9,14,35.676
2026,10,12,P12,280436,16.5,4,2026,10,19,31.853
2026,11,2,P12,280436,14.52,4,2026,11,9,28.031
2026,12,7,P12,280436,16.5,4,2026,12,14,31.853
2027,1,11,P12,280436,18.914,4,2027,1,18,36.513
2027,2,8,P12,280436,20.752,4,2027,2,15,40.062
2027,3,8,P12,280436,10,4,2027,3,15,19.305
2027,4,5,P12,280436,39.576,4,2027,4,12,76.402
2027,5,10,P12,280436,42.304,4,2027,5,17,81.668
2027,7,12,P12,280436,34.764,4,2027,7,19,67.112
2027,8,9,P12,280436,12.756,4,2027,8,16,24.625
2027,9,13,P12,280436,32.231,4,2027,9,20,62.222
2027,10,18,P12,280436,24.55,4,2027,10,25,47.394
2027,11,15,P12,280436,24.239,4,2027,11,22,46.794
2027,12,13,P12,280436,24.55,4,2027,12,20,47.394
2028,2,14,P12,280436,2.31,4,2028,2,21,3.484
2028,2,21,P12,280436,2.23,4,2028,2,28,3.363
2026,9,14,P12,280488,10.35,4,2026,9,21,19.981
2026,11,9,P12,280488,10.35,4,2026,11,16,19.981
2026,12,7,P12,280488,10.35,4,2026,12,14,19.981
2027,1,18,P12,280488,20.259,4,2027,1,25,39.111
2027,2,15,P12,280488,12.94,4,2027,2,22,24.981
2027,3,15,P12,280488,13.97,4,2027,3,22,26.969
2027,4,12,P12,280488,13.97,4,2027,4,19,26.969
2027,5,10,P12,280488,13.97,4,2027,5,17,26.969
2027,6,14,P12,280488,13.97,4,2027,6,21,26.969
2027,7,12,P12,280488,16.04,4,2027,7,19,30.965
2027,8,9,P12,280488,16.04,4,2027,8,16,30.965
2027,9,13,P12,280488,16.04,4,2027,9,20,30.965
2027,10,11,P12,280488,16.04,4,2027,10,18,30.965
2027,11,8,P12,280488,16.04,4,2027,11,15,30.965
2027,12,13,P12,280488,16.04,4,2027,12,20,30.965
2026,8,3,P12,280539,10,4,2026,8,10,19.305
2026,9,7,P12,280539,15.89,4,2026,9,14,30.676
2026,10,12,P12,280539,10.35,4,2026,10,19,19.981
2026,11,2,P12,280539,11.83,4,2026,11,9,22.838
2026,12,7,P12,280539,10.35,4,2026,12,14,19.981
2027,1,18,P12,280539,27.94,4,2027,1,25,53.938
2027,2,15,P12,280539,13.97,4,2027,2,22,26.969
2027,3,15,P12,280539,15.01,4,2027,3,22,28.977
2027,4,12,P12,280539,15.01,4,2027,4,19,28.977
2027,5,10,P12,280539,15.01,4,2027,5,17,28.977
2027,6,14,P12,280539,15.01,4,2027,6,21,28.977
2027,7,12,P12,280539,15.52,4,2027,7,19,29.961
2027,8,9,P12,280539,15.52,4,2027,8,16,29.961
2027,9,13,P12,280539,21.8,4,2027,9,20,42.085
2027,10,11,P12,280539,15.52,4,2027,10,18,29.961
2027,11,15,P12,280539,15.52,4,2027,11,22,29.961
2027,12,13,P12,280539,15.52,4,2027,12,20,29.961
2027,4,12,P12,280594,21.12,4,2027,4,19,40.772
2027,5,10,P12,280594,10.56,4,2027,5,17,20.386
2027,6,14,P12,280594,21.12,4,2027,6,21,40.772
2027,8,9,P12,280594,10.56,4,2027,8,16,20.386
2027,9,13,P12,280594,10.56,4,2027,9,20,20.386
2027,10,11,P12,280594,10.56,4,2027,10,18,20.386
2027,11,8,P12,280594,10.56,4,2027,11,15,20.386
2027,12,13,P12,280594,10.56,4,2027,12,20,20.386
2027,1,25,P12,280605,16.242,4,2027,2,1,31.356
2027,4,19,P12,280605,10.254,4,2027,4,26,19.795
2027,10,25,P12,280605,0.024,4,2027,11,1,0.046
2027,11,15,P12,280605,10.627,4,2027,11,22,20.516
2027,1,25,P12,280607,14.23,4,2027,2,1,27.471
2026,8,10,P12,280611,20,4,2026,8,17,38.61
2026,8,31,P12,280611,23.153,4,2026,9,7,44.697
2026,10,19,P12,280611,9,4,2026,10,26,17.375
2026,10,26,P12,280611,9,4,2026,11,2,17.375
2026,11,16,P12,280611,15.63,4,2026,11,23,30.174
2026,12,14,P12,280611,9,4,2026,12,21,17.375
2026,12,21,P12,280611,9,4,2026,12,28,17.375
2027,2,15,P12,280611,9,4,2027,2,22,17.375
2027,4,19,P12,280611,9,4,2027,4,26,17.375
2027,11,15,P12,280611,10.208,4,2027,11,22,19.707
2026,8,31,P12,280612,10.602,4,2026,9,7,20.467
2026,10,19,P12,280612,13.896,4,2026,10,26,26.826
2026,11,16,P12,280612,15.75,4,2026,11,23,30.405
2027,2,22,P12,280612,9.048,4,2027,3,1,17.467
2027,5,24,P12,280612,9,4,2027,5,31,17.375
2027,11,15,P12,280612,6.12,4,2027,11,22,11.815
2027,11,22,P12,280612,6.146,4,2027,11,29,11.865
2026,9,21,P12,280613,12.742,4,2026,9,28,24.598
2026,9,28,P12,280613,39.424,4,2026,10,5,76.108
2026,10,19,P12,280613,14.55,4,2026,10,26,28.089
2026,10,26,P12,280613,45.73,4,2026,11,2,88.282
2026,11,16,P12,280613,46.115,4,2026,11,23,89.024
2026,12,21,P12,280613,9,4,2026,12,28,17.375
2026,12,28,P12,280613,11.356,4,2027,1,4,21.923
2027,11,15,P12,280613,4.326,4,2027,11,22,8.351
2026,8,10,P12,280614,20,4,2026,8,17,38.61
2026,8,31,P12,280614,9,4,2026,9,7,17.375
2026,9,21,P12,280614,9.775,4,2026,9,28,18.871
2026,9,28,P12,280614,31.534,4,2026,10,5,60.876
2026,10,19,P12,280614,10.44,4,2026,10,26,20.154
2026,10,26,P12,280614,10.588,4,2026,11,2,20.44
2026,12,21,P12,280614,11.008,4,2026,12,28,21.251
2027,5,24,P12,280614,31.094,4,2027,5,31,60.027
2027,7,19,P12,280614,9.226,4,2027,7,26,17.811
2027,4,19,P12,280615,9,4,2027,4,26,17.375
2027,5,17,P12,280615,9,4,2027,5,24,17.375
2026,10,19,P12,280615,9,4,2026,10,26,17.375
2027,10,18,P12,280622,29.207,4,2027,10,25,56.384
2027,4,19,P12,280622,9.366,4,2027,4,26,18.081
2027,10,18,P12,280625,0.34,4,2027,10,25,0.656
2027,4,19,P12,280690,9,4,2027,4,26,17.375
2027,10,18,P12,280690,4.005,4,2027,10,25,7.732
2027,11,15,P12,280690,4.71,4,2027,11,22,9.093
2027,11,22,P12,280690,2.77,4,2027,11,29,5.347
2027,11,22,P12,280691,2.998,4,2027,11,29,5.788
2027,10,18,P12,280691,17.06,4,2027,10,25,32.934
2027,7,19,P12,280691,9,4,2027,7,26,17.375
2027,3,22,P12,280691,21,4,2027,3,29,40.541
2027,3,22,P12,280720,22,4,2027,3,29,42.471
2027,11,15,P12,280720,2.076,4,2027,11,22,4.008
2027,3,22,P12,280721,11,4,2027,3,29,21.236
2027,3,22,P12,280732,27.844,4,2027,3,29,53.753
2027,10,18,P12,280732,2.87,4,2027,10,25,5.541
2027,11,15,P12,280732,1.946,4,2027,11,22,3.757
2027,10,18,P12,280733,1.74,4,2027,10,25,3.359
2026,8,31,P12,Capacity T,10.21,4,2026,9,7,19.71
2026,10,5,P12,Capacity T,3.434,4,2026,10,12,6.63
2026,11,2,P12,Capacity T,4.786,4,2026,11,9,9.24
2026,9,28,P13,280256,118,4,2026,10,5,158.91
2026,10,12,P13,280256,118,4,2026,10,19,158.91
2026,12,7,P13,280256,118.74,4,2026,12,14,158
2028,1,17,P13,280256,90.778,4,2028,1,24,126.644
2028,1,24,P13,280256,113.254,4,2028,1,31,158
2028,2,7,P13,280256,110.387,4,2028,2,14,154
2028,2,14,P13,280256,113.254,4,2028,2,21,158
2028,2,21,P13,280256,113.254,4,2028,2,28,158
2028,2,28,P13,280256,113.254,4,2028,3,6,158
2026,9,14,P13,280351,116.617,4,2026,9,21,158
2026,11,9,P13,280351,118.032,4,2026,11,16,158
2026,11,16,P13,280351,118.032,4,2026,11,23,158
2026,11,23,P13,280351,25.399,4,2026,11,30,34
2026,11,30,P13,280351,118.74,4,2026,12,7,158
2026,12,14,P13,280351,118.74,4,2026,12,21,158
2026,12,21,P13,280351,42.085,4,2026,12,28,56
2026,12,28,P13,280351,24.371,4,2027,1,4,34
2028,1,3,P13,280351,94.618,4,2028,1,10,132
2028,1,10,P13,280351,113.254,4,2028,1,17,158
2028,1,17,P13,280351,22.476,4,2028,1,24,31.356
2028,1,31,P13,280351,113.254,4,2028,2,7,158
2026,8,10,P14,120436,14.801,4,2026,8,17,21.736
2027,3,22,P14,120436,14.658,4,2027,3,29,20.449
2027,6,7,P14,120436,10,4,2027,6,14,13.951
2027,7,26,P14,120436,24.345,4,2027,8,2,33.964
2027,8,2,P14,120436,29.769,4,2027,8,9,41.531
2027,8,9,P14,120436,30.506,4,2027,8,16,42.559
2027,8,16,P14,120436,57.248,4,2027,8,23,79.867
2027,8,23,P14,120436,35.827,4,2027,8,30,49.982
2027,8,30,P14,120436,18.281,4,2027,9,6,25.503
2027,9,6,P14,120436,32.487,4,2027,9,13,45.322
2027,9,13,P14,120436,32.806,4,2027,9,20,45.767
2027,10,4,P14,120436,9.216,4,2027,10,11,12.857
2027,10,25,P14,120436,2.428,4,2027,11,1,3.388
2027,11,1,P14,120436,5.958,4,2027,11,8,8.312
2027,11,8,P14,120436,14.776,4,2027,11,15,20.614
2027,11,15,P14,120436,11.032,4,2027,11,22,15.39
2027,12,20,P14,120436,12.736,4,2027,12,27,17.768
2027,4,26,P14,120437,10.02,4,2027,5,3,13.979
2027,6,7,P14,120437,14.626,4,2027,6,14,20.405
2027,6,21,P14,120437,10.114,4,2027,6,28,14.111
2027,7,19,P14,120437,17.836,4,2027,7,26,24.883
2027,7,26,P14,120437,26.812,4,2027,8,2,37.405
2027,8,2,P14,120437,16.492,4,2027,8,9,23.007
2027,8,9,P14,120437,16.108,4,2027,8,16,22.473
2027,8,23,P14,120437,21.388,4,2027,8,30,29.838
2027,8,30,P14,120437,17.396,4,2027,9,6,24.27
2027,9,6,P14,120437,16.222,4,2027,9,13,22.631
2027,9,13,P14,120437,15.93,4,2027,9,20,22.224
2027,9,20,P14,120437,15.11,4,2027,9,27,21.079
2027,10,18,P14,120437,12.513,4,2027,10,25,17.456
2027,10,25,P14,120437,14.092,4,2027,11,1,19.659
2027,11,1,P14,120437,13.878,4,2027,11,8,19.36
2027,12,20,P14,120437,2.471,4,2027,12,27,3.448
2026,8,3,P14,120448,31.201,4,2026,8,10,45.819
2027,6,7,P14,120448,12.399,4,2027,6,14,17.298
2027,6,21,P14,120448,19.092,4,2027,6,28,26.634
2027,7,12,P14,120448,30.324,4,2027,7,19,42.304
2027,8,9,P14,120448,10.728,4,2027,8,16,14.966
2027,8,30,P14,120448,10.244,4,2027,9,6,14.292
2027,9,20,P14,120448,17.789,4,2027,9,27,24.817
2027,10,4,P14,120448,51.093,4,2027,10,11,71.279
2027,10,11,P14,120448,63.128,4,2027,10,18,88.07
2027,10,18,P14,120448,39.014,4,2027,10,25,54.429
2027,10,25,P14,120448,38.262,4,2027,11,1,53.378
2027,11,1,P14,120448,44.678,4,2027,11,8,62.329
2027,12,13,P14,120448,32.302,4,2027,12,20,45.064
2027,12,27,P14,120448,29.464,4,2028,1,3,41.105
2026,8,31,P14,120450,9,4,2026,9,7,13.13
2026,9,14,P14,120450,9,4,2026,9,21,13.13
2026,10,5,P14,120450,12.721,4,2026,10,12,18.438
2026,11,2,P14,120450,12.738,4,2026,11,9,18.344
2026,11,30,P14,120450,9,4,2026,12,7,12.878
2026,12,14,P14,120450,9,4,2026,12,21,12.878
2027,1,4,P14,120450,9,4,2027,1,11,12.556
2027,1,18,P14,120450,11.912,4,2027,1,25,16.618
2027,2,15,P14,120450,12.922,4,2027,2,22,18.027
2027,3,15,P14,120450,10.21,4,2027,3,22,14.244
2027,4,5,P14,120450,9,4,2027,4,12,12.556
2027,4,19,P14,120450,9,4,2027,4,26,12.556
2027,5,10,P14,120450,9,4,2027,5,17,12.556
2027,6,28,P14,120450,9,4,2027,7,5,12.556
2027,7,19,P14,120450,10.096,4,2027,7,26,14.085
2026,8,31,P14,120451,9,4,2026,9,7,13.13
2026,11,30,P14,120451,11.924,4,2026,12,7,17.062
2027,2,22,P14,120451,9.486,4,2027,3,1,13.234
2027,4,5,P14,120451,9.498,4,2027,4,12,13.251
2026,9,21,P14,120453,9.815,4,2026,9,28,14.319
2026,11,2,P14,120453,9,4,2026,11,9,12.961
2026,12,14,P14,120453,10.188,4,2026,12,21,14.578
2027,1,18,P14,120453,9.202,4,2027,1,25,12.838
2027,3,1,P14,120453,9.118,4,2027,3,8,12.72
2027,4,5,P14,120453,9.194,4,2027,4,12,12.826
2027,5,17,P14,120453,11.114,4,2027,5,24,15.505
2027,6,28,P14,120453,9.734,4,2027,7,5,13.58
2027,11,15,P14,120453,1.415,4,2027,11,22,1.975
2026,8,10,P14,120532,10,4,2026,8,17,14.685
2026,8,31,P14,120532,12.628,4,2026,9,7,18.423
2026,9,14,P14,120532,10.18,4,2026,9,21,14.852
2026,9,28,P14,120532,9.01,4,2026,10,5,13.059
2026,10,5,P14,120532,11.504,4,2026,10,12,16.674
2026,11,2,P14,120532,9.426,4,2026,11,9,13.575
2026,11,9,P14,120532,12.722,4,2026,11,16,18.321
2026,11,16,P14,120532,10.945,4,2026,11,23,15.762
2026,11,23,P14,120532,9,4,2026,11,30,12.961
2026,11,30,P14,120532,9,4,2026,12,7,12.878
2026,12,14,P14,120532,9.405,4,2026,12,21,13.457
2026,12,21,P14,120532,9,4,2026,12,28,12.878
2026,12,28,P14,120532,9,4,2027,1,4,12.556
2027,1,4,P14,120532,9,4,2027,1,11,12.556
2027,1,11,P14,120532,12.238,4,2027,1,18,17.074
2027,1,25,P14,120532,9,4,2027,2,1,12.556
2027,2,1,P14,120532,9,4,2027,2,8,12.556
2027,2,8,P14,120532,13.914,4,2027,2,15,19.412
2027,3,8,P14,120532,10.63,4,2027,3,15,14.83
2027,3,22,P14,120532,9,4,2027,3,29,12.556
2027,4,12,P14,120532,9,4,2027,4,19,12.556
2027,4,19,P14,120532,9,4,2027,4,26,12.556
2027,5,3,P14,120532,9,4,2027,5,10,12.556
2027,5,31,P14,120532,13.32,4,2027,6,7,18.583
2027,6,28,P14,120532,18.857,4,2027,7,5,26.308
2027,7,12,P14,120532,10.035,4,2027,7,19,14
2026,11,2,P14,120536,12.017,4,2026,11,9,17.306
2027,3,1,P14,120536,9,4,2027,3,8,12.556
2027,6,7,P14,120536,9.09,4,2027,6,14,12.681
2026,8,3,P14,280090,8.999,4,2026,8,10,13.215
2026,9,28,P14,280090,9.434,4,2026,10,5,13.674
2026,11,9,P14,280090,9,4,2026,11,16,12.961
2026,11,30,P14,280090,9,4,2026,12,7,12.878
2027,1,4,P14,280090,10.25,4,2027,1,11,14.3
2027,2,8,P14,280090,12.43,4,2027,2,15,17.341
2027,3,1,P14,280090,15.69,4,2027,3,8,21.889
2027,3,29,P14,280090,9,4,2027,4,5,12.556
2027,4,5,P14,280090,9,4,2027,4,12,12.556
2027,4,19,P14,280090,11.55,4,2027,4,26,16.113
2027,5,31,P14,280090,17.62,4,2027,6,7,24.581
2027,6,28,P14,280090,9,4,2027,7,5,12.556
2027,7,5,P14,280090,9,4,2027,7,12,12.556
2027,7,12,P14,280090,9,4,2027,7,19,12.556
2026,8,3,P14,280107,17.502,4,2026,8,10,25.702
2027,3,8,P14,280107,10.556,4,2027,3,15,14.727
2027,3,29,P14,280107,19.153,4,2027,4,5,26.72
2027,5,3,P14,280107,19.298,4,2027,5,10,26.923
2027,7,19,P14,280107,26.72,4,2027,7,26,37.277
2027,8,2,P14,280107,9.29,4,2027,8,9,12.96
2027,8,30,P14,280107,9,4,2027,9,6,12.556
2027,9,6,P14,280107,9,4,2027,9,13,12.556
2027,9,13,P14,280107,9,4,2027,9,20,12.556
2027,9,20,P14,280107,7.74,4,2027,9,27,10.798
2027,10,4,P14,280107,23.464,4,2027,10,11,32.734
2027,10,18,P14,280107,8.55,4,2027,10,25,11.928
2027,11,1,P14,280107,7.64,4,2027,11,8,10.658
2027,12,20,P14,280107,15.45,4,2027,12,27,21.554
2026,9,14,P14,280164,9.408,4,2026,9,21,13.725
2026,11,9,P14,280164,13.32,4,2026,11,16,19.182
2026,12,21,P14,280164,9,4,2026,12,28,12.878
2027,1,18,P14,280164,10.33,4,2027,1,25,14.411
2027,4,19,P14,280164,10.97,4,2027,4,26,15.304
2027,5,24,P14,280164,10.47,4,2027,5,31,14.607
2027,6,21,P14,280164,9,4,2027,6,28,12.556
2027,7,5,P14,280164,12.61,4,2027,7,12,17.592
2026,8,10,P14,280345,18.608,4,2026,8,17,27.326
2026,8,31,P14,280345,11.018,4,2026,9,7,16.074
2026,9,14,P14,280345,11.74,4,2026,9,21,17.128
2026,9,28,P14,280345,9,4,2026,10,5,13.045
2026,10,5,P14,280345,10.81,4,2026,10,12,15.668
2026,11,2,P14,280345,9,4,2026,11,9,12.961
2026,11,16,P14,280345,9,4,2026,11,23,12.961
2026,11,30,P14,280345,9,4,2026,12,7,12.878
2026,12,14,P14,280345,12.42,4,2026,12,21,17.771
2027,1,4,P14,280345,9,4,2027,1,11,12.556
2027,1,18,P14,280345,13.48,4,2027,1,25,18.806
2027,2,8,P14,280345,9.12,4,2027,2,15,12.723
2027,2,22,P14,280345,9,4,2027,3,1,12.556
2027,3,1,P14,280345,9,4,2027,3,8,12.556
2027,3,15,P14,280345,10.58,4,2027,3,22,14.76
2027,4,5,P14,280345,9.46,4,2027,4,12,13.198
2027,4,19,P14,280345,9.82,4,2027,4,26,13.7
2027,5,3,P14,280345,10.45,4,2027,5,10,14.579
2027,5,17,P14,280345,10.78,4,2027,5,24,15.039
2027,5,31,P14,280345,12.18,4,2027,6,7,16.992
2027,6,14,P14,280345,9,4,2027,6,21,12.556
2027,6,21,P14,280345,9,4,2027,6,28,12.556
2027,7,5,P14,280345,9,4,2027,7,12,12.556
2027,7,19,P14,280345,14.41,4,2027,7,26,20.103
2027,8,9,P14,280345,5.82,4,2027,8,16,8.119
2027,8,16,P14,280345,5.82,4,2027,8,23,8.119
2027,8,23,P14,280345,5.87,4,2027,8,30,8.189
2027,8,30,P14,280345,6.11,4,2027,9,6,8.524
2027,9,6,P14,280345,6.12,4,2027,9,13,8.538
2027,9,13,P14,280345,6.12,4,2027,9,20,8.538
2027,9,20,P14,280345,6.12,4,2027,9,27,8.538
2027,9,27,P14,280345,6.28,4,2027,10,4,8.761
2027,10,4,P14,280345,6.31,4,2027,10,11,8.803
2027,10,11,P14,280345,6.31,4,2027,10,18,8.803
2027,10,18,P14,280345,6.31,4,2027,10,25,8.803
2027,10,25,P14,280345,5.7,4,2027,11,1,7.952
2027,11,1,P14,280345,5.22,4,2027,11,8,7.282
2027,11,8,P14,280345,5.18,4,2027,11,15,7.227
2027,11,15,P14,280345,10.36,4,2027,11,22,14.453
2027,11,29,P14,280345,4.68,4,2027,12,6,6.529
2027,12,6,P14,280345,4.62,4,2027,12,13,6.445
2027,12,13,P14,280345,4.62,4,2027,12,20,6.445
2027,12,20,P14,280345,4.62,4,2027,12,27,6.445
2027,12,27,P14,280345,7.16,4,2028,1,3,9.989
2027,11,29,P14,280347,0.87,4,2027,12,6,1.214
2027,12,6,P14,280347,0.766,4,2027,12,13,1.069
2027,12,13,P14,280347,0.74,4,2027,12,20,1.032
2027,12,20,P14,280347,0.74,4,2027,12,27,1.032
2027,12,27,P14,280347,0.74,4,2028,1,3,1.032
2027,10,11,P14,280347,0.69,4,2027,10,18,0.963
2027,10,18,P14,280347,0.69,4,2027,10,25,0.963
2027,10,25,P14,280347,0.69,4,2027,11,1,0.963
2027,11,1,P14,280347,0.778,4,2027,11,8,1.085
2027,11,8,P14,280347,0.856,4,2027,11,15,1.194
2027,11,15,P14,280347,1.74,4,2027,11,22,2.427
2027,8,30,P14,280347,0.682,4,2027,9,6,0.951
2027,9,6,P14,280347,0.906,4,2027,9,13,1.264
2027,9,13,P14,280347,0.87,4,2027,9,20,1.214
2027,9,20,P14,280347,0.87,4,2027,9,27,1.214
2027,9,27,P14,280347,0.87,4,2027,10,4,1.214
2027,10,4,P14,280347,0.726,4,2027,10,11,1.013
2027,7,5,P14,280347,9,4,2027,7,12,12.556
2027,4,26,P14,280347,10.882,4,2027,5,3,15.181
2027,5,10,P14,280347,10.48,4,2027,5,17,14.621
2027,5,17,P14,280347,58.144,4,2027,5,24,81.117
2027,5,24,P14,280347,82.707,4,2027,5,31,115.384
2027,3,22,P14,280347,9.906,4,2027,3,29,13.82
2027,4,12,P14,280347,9.36,4,2027,4,19,13.058
2027,2,8,P14,280347,9.42,4,2027,2,15,13.142
2027,2,22,P14,280347,9,4,2027,3,1,12.556
2027,3,8,P14,280347,9,4,2027,3,15,12.556
2027,1,4,P14,280347,9,4,2027,1,11,12.556
2027,1,11,P14,280347,9,4,2027,1,18,12.556
2027,1,25,P14,280347,10.1,4,2027,2,1,14.09
2026,11,16,P14,280347,10.522,4,2026,11,23,15.153
2026,12,7,P14,280347,9,4,2026,12,14,12.878
2026,12,14,P14,280347,9,4,2026,12,21,12.878
2026,10,5,P14,280347,14.6,4,2026,10,12,21.162
2026,11,2,P14,280347,9,4,2026,11,9,12.961
2026,8,31,P14,280347,9,4,2026,9,7,13.13
2026,9,14,P14,280347,11.406,4,2026,9,21,16.64
2026,8,10,P14,280347,19.919,4,2026,8,17,29.251
2026,8,10,P14,280478,30,4,2026,8,17,44.055
2026,8,31,P14,280478,19.567,4,2026,9,7,28.547
2026,9,14,P14,280478,15.95,4,2026,9,21,23.27
2026,9,28,P14,280478,15.47,4,2026,10,5,22.423
2026,10,5,P14,280478,14.95,4,2026,10,12,21.669
2026,11,2,P14,280478,13.51,4,2026,11,9,19.456
2026,11,9,P14,280478,14.44,4,2026,11,16,20.795
2026,11,16,P14,280478,17.33,4,2026,11,23,24.957
2026,11,23,P14,280478,14.61,4,2026,11,30,21.039
2026,11,30,P14,280478,16.82,4,2026,12,7,24.067
2026,12,7,P14,280478,16.75,4,2026,12,14,23.967
2026,12,14,P14,280478,16.48,4,2026,12,21,23.581
2026,12,21,P14,280478,14.94,4,2026,12,28,21.377
2026,12,28,P14,280478,13.71,4,2027,1,4,19.127
2027,1,4,P14,280478,13.71,4,2027,1,11,19.127
2027,1,11,P14,280478,13.68,4,2027,1,18,19.085
2027,1,18,P14,280478,14.96,4,2027,1,25,20.871
2027,1,25,P14,280478,14.96,4,2027,2,1,20.871
2027,2,1,P14,280478,14.94,4,2027,2,8,20.843
2027,2,8,P14,280478,14.91,4,2027,2,15,20.801
2027,2,15,P14,280478,14.9,4,2027,2,22,20.787
2027,2,22,P14,280478,16.22,4,2027,3,1,22.628
2027,3,1,P14,280478,15.9,4,2027,3,8,22.182
2027,3,8,P14,280478,15.86,4,2027,3,15,22.126
2027,3,15,P14,280478,15.53,4,2027,3,22,21.666
2027,3,22,P14,280478,17.26,4,2027,3,29,24.079
2027,3,29,P14,280478,17.18,4,2027,4,5,23.968
2027,4,5,P14,280478,16.57,4,2027,4,12,23.117
2027,4,12,P14,280478,16.53,4,2027,4,19,23.061
2027,4,19,P14,280478,14.08,4,2027,4,26,19.643
2027,4,26,P14,280478,14.05,4,2027,5,3,19.601
2027,5,3,P14,280478,14.05,4,2027,5,10,19.601
2027,5,10,P14,280478,14.02,4,2027,5,17,19.559
2027,5,17,P14,280478,13.98,4,2027,5,24,19.503
2027,5,24,P14,280478,17.21,4,2027,5,31,24.009
2027,5,31,P14,280478,17.24,4,2027,6,7,24.051
2027,6,7,P14,280478,17.22,4,2027,6,14,24.023
2027,6,14,P14,280478,17.16,4,2027,6,21,23.94
2027,6,28,P14,280478,24.17,4,2027,7,5,33.719
2027,7,5,P14,280478,24.13,4,2027,7,12,33.664
2027,7,12,P14,280478,23.77,4,2027,7,19,33.161
2027,7,19,P14,280478,15.97,4,2027,7,26,22.28
2027,7,26,P14,280478,15.97,4,2027,8,2,22.28
2027,8,2,P14,280478,15.29,4,2027,8,9,21.331
2027,11,22,P14,280478,16.486,4,2027,11,29,23
2026,8,3,P14,280572,57.78,4,2026,8,10,84.851
2026,9,21,P14,280572,85.057,4,2026,9,28,124.092
2026,9,28,P14,280572,18,4,2026,10,5,26.09
2026,11,9,P14,280572,19.381,4,2026,11,16,27.911
2026,11,16,P14,280572,38.083,4,2026,11,23,54.844
2026,12,7,P14,280572,37.903,4,2026,12,14,54.234
2027,1,4,P14,280572,32.814,4,2027,1,11,45.779
2027,1,11,P14,280572,22.593,4,2027,1,18,31.519
2027,1,18,P14,280572,24.568,4,2027,1,25,34.275
2027,1,25,P14,280572,55.982,4,2027,2,1,78.1
2027,2,1,P14,280572,18,4,2027,2,8,25.112
2027,2,15,P14,280572,37.834,4,2027,2,22,52.782
2027,2,22,P14,280572,33.109,4,2027,3,1,46.19
2027,3,1,P14,280572,22.536,4,2027,3,8,31.44
2027,3,8,P14,280572,22.34,4,2027,3,15,31.166
2027,3,15,P14,280572,22.34,4,2027,3,22,31.166
2027,3,22,P14,280572,23.462,4,2027,3,29,32.731
2027,3,29,P14,280572,24.048,4,2027,4,5,33.549
2027,4,5,P14,280572,25.6,4,2027,4,12,35.714
2027,4,12,P14,280572,31.134,4,2027,4,19,43.434
2027,4,19,P14,280572,20.066,4,2027,4,26,27.994
2027,4,26,P14,280572,23.4,4,2027,5,3,32.645
2027,5,10,P14,280572,39.707,4,2027,5,17,55.395
2027,5,31,P14,280572,18,4,2027,6,7,25.112
2027,6,7,P14,280572,22.638,4,2027,6,14,31.582
2027,6,14,P14,280572,19.234,4,2027,6,21,26.833
2027,6,21,P14,280572,18.594,4,2027,6,28,25.94
2027,7,12,P14,280572,20.864,4,2027,7,19,29.107
2027,7,26,P14,280572,24.36,4,2027,8,2,33.984
2027,8,2,P14,280572,24.88,4,2027,8,9,34.71
2027,8,9,P14,280572,24.95,4,2027,8,16,34.807
2027,8,16,P14,280572,24.95,4,2027,8,23,34.807
2027,8,23,P14,280572,24.3,4,2027,8,30,33.901
2027,8,30,P14,280572,21.61,4,2027,9,6,30.148
2027,9,6,P14,280572,21.22,4,2027,9,13,29.604
2027,9,13,P14,280572,21.22,4,2027,9,20,29.604
2027,9,20,P14,280572,21.22,4,2027,9,27,29.604
2027,10,11,P14,280572,20.88,4,2027,10,18,29.129
2027,10,18,P14,280572,20.88,4,2027,10,25,29.129
2027,10,25,P14,280572,28.713,4,2027,11,1,40.057
2027,11,1,P14,280572,11.007,4,2027,11,8,15.356
2027,11,8,P14,280572,19.49,4,2027,11,15,27.19
2027,11,15,P14,280572,38.98,4,2027,11,22,54.381
2027,12,13,P14,280572,20.15,4,2027,12,20,28.111
2027,12,20,P14,280572,20.15,4,2027,12,27,28.111
2027,12,27,P14,280572,21.37,4,2028,1,3,29.813
2027,3,22,P14,280576,20.288,4,2027,3,29,28.304
2027,4,5,P14,280576,13.695,4,2027,4,12,19.106
2027,4,12,P14,280576,14.669,4,2027,4,19,20.464
2027,4,26,P14,280576,10.621,4,2027,5,3,14.817
2027,2,8,P14,280576,29.63,4,2027,2,15,41.336
2027,2,15,P14,280576,15.944,4,2027,2,22,22.243
2027,2,22,P14,280576,10,4,2027,3,1,13.951
2027,3,8,P14,280576,20.878,4,2027,3,15,29.127
2027,3,15,P14,280576,10.56,4,2027,3,22,14.732
2027,1,11,P14,280576,42.876,4,2027,1,18,59.816
2026,11,30,P14,280576,10.978,4,2026,12,7,15.708
2026,12,7,P14,280576,10,4,2026,12,14,14.309
2026,12,14,P14,280576,13.77,4,2026,12,21,19.703
2026,11,30,P14,280578,14.893,4,2026,12,7,21.31
2027,1,18,P14,280578,10,4,2027,1,25,13.951
2027,2,1,P14,280578,12.541,4,2027,2,8,17.495
2027,2,8,P14,280578,10.58,4,2027,2,15,14.76
2027,2,22,P14,280578,10,4,2027,3,1,13.951
2027,3,8,P14,280578,10,4,2027,3,15,13.951
2027,3,15,P14,280578,10,4,2027,3,22,13.951
2027,3,29,P14,280578,11.126,4,2027,4,5,15.522
2026,8,31,P14,280581,10,4,2026,9,7,14.589
2026,9,14,P14,280581,20.928,4,2026,9,21,30.532
2026,11,9,P14,280581,26.728,4,2026,11,16,38.49
2026,12,7,P14,280581,25.86,4,2026,12,14,37.002
2027,1,11,P14,280581,10,4,2027,1,18,13.951
2027,1,25,P14,280581,23.212,4,2027,2,1,32.383
2027,2,1,P14,280581,40.094,4,2027,2,8,55.934
2027,2,8,P14,280581,13.25,4,2027,2,15,18.485
2027,2,15,P14,280581,13.298,4,2027,2,22,18.552
2027,2,22,P14,280581,13.572,4,2027,3,1,18.934
2027,3,1,P14,280581,13.918,4,2027,3,8,19.417
2027,3,8,P14,280581,13.99,4,2027,3,15,19.517
2027,3,15,P14,280581,15.076,4,2027,3,22,21.033
2027,3,22,P14,280581,18.68,4,2027,3,29,26.061
2027,3,29,P14,280581,10,4,2027,4,5,13.951
2027,4,5,P14,280581,11.237,4,2027,4,12,15.677
2027,4,12,P14,280581,13.51,4,2027,4,19,18.848
2027,4,19,P14,280581,13.448,4,2027,4,26,18.761
2027,4,26,P14,280581,13.17,4,2027,5,3,18.373
2027,5,3,P14,280581,37.407,4,2027,5,10,52.186
2027,5,10,P14,280581,20.047,4,2027,5,17,27.967
2027,5,31,P14,280581,12.614,4,2027,6,7,17.598
2027,6,7,P14,280581,22.98,4,2027,6,14,32.059
2027,6,14,P14,280581,10,4,2027,6,21,13.951
2027,6,21,P14,280581,31.446,4,2027,6,28,43.869
2027,7,5,P14,280581,17.258,4,2027,7,12,24.077
2027,7,19,P14,280581,28.222,4,2027,7,26,39.373
2027,8,2,P14,280581,17.534,4,2027,8,9,24.461
2027,8,9,P14,280581,15.69,4,2027,8,16,21.889
2027,8,16,P14,280581,15.754,4,2027,8,23,21.978
2027,8,23,P14,280581,16.284,4,2027,8,30,22.718
2027,8,30,P14,280581,17.438,4,2027,9,6,24.328
2027,9,6,P14,280581,17.67,4,2027,9,13,24.651
2027,9,13,P14,280581,17.67,4,2027,9,20,24.651
2027,9,20,P14,280581,16.97,4,2027,9,27,23.675
2027,10,4,P14,280581,13.388,4,2027,10,11,18.677
2027,10,11,P14,280581,13.382,4,2027,10,18,18.669
2027,10,18,P14,280581,13.58,4,2027,10,25,18.945
2027,10,25,P14,280581,14.512,4,2027,11,1,20.246
2027,11,1,P14,280581,15.228,4,2027,11,8,21.244
2027,11,8,P14,280581,15.34,4,2027,11,15,21.401
2027,11,15,P14,280581,30.644,4,2027,11,22,42.751
2027,12,20,P14,280581,15.168,4,2027,12,27,21.161
2027,12,27,P14,280581,15.38,4,2028,1,3,21.456
2026,8,3,P14,280601,9.899,4,2026,8,10,14.537
2026,8,31,P14,280601,16.369,4,2026,9,7,23.881
2026,9,14,P14,280601,9.688,4,2026,9,21,14.134
2026,9,28,P14,280601,9.544,4,2026,10,5,13.833
2026,11,9,P14,280601,14.124,4,2026,11,16,20.34
2026,11,30,P14,280601,9.932,4,2026,12,7,14.211
2026,12,14,P14,280601,15.356,4,2026,12,21,21.972
2027,1,4,P14,280601,10.47,4,2027,1,11,14.607
2027,1,18,P14,280601,9.8,4,2027,1,25,13.672
2027,2,1,P14,280601,9.68,4,2027,2,8,13.504
2027,2,15,P14,280601,9.356,4,2027,2,22,13.052
2027,3,1,P14,280601,9.066,4,2027,3,8,12.648
2027,3,15,P14,280601,9.412,4,2027,3,22,13.131
2027,3,29,P14,280601,10.084,4,2027,4,5,14.068
2027,4,12,P14,280601,10.052,4,2027,4,19,14.023
2027,4,26,P14,280601,14.914,4,2027,5,3,20.806
2027,5,17,P14,280601,9.308,4,2027,5,24,12.985
2027,5,31,P14,280601,13.178,4,2027,6,7,18.384
2027,6,21,P14,280601,13.142,4,2027,6,28,18.334
2027,7,12,P14,280601,9,4,2027,7,19,12.556
2027,7,26,P14,280601,9.65,4,2027,8,2,13.463
2027,8,9,P14,280601,4.88,4,2027,8,16,6.808
2027,8,16,P14,280601,4.888,4,2027,8,23,6.819
2027,8,23,P14,280601,4.906,4,2027,8,30,6.844
2027,8,30,P14,280601,4.91,4,2027,9,6,6.85
2027,9,6,P14,280601,4.91,4,2027,9,13,6.85
2027,9,13,P14,280601,4.918,4,2027,9,20,6.861
2027,9,20,P14,280601,4.512,4,2027,9,27,6.295
2027,9,27,P14,280601,4.346,4,2027,10,4,6.063
2027,10,4,P14,280601,4.33,4,2027,10,11,6.041
2027,10,11,P14,280601,4.33,4,2027,10,18,6.041
2027,10,18,P14,280601,4.37,4,2027,10,25,6.097
2027,10,25,P14,280601,4.412,4,2027,11,1,6.155
2027,11,1,P14,280601,4.428,4,2027,11,8,6.177
2027,11,8,P14,280601,4.43,4,2027,11,15,6.18
2027,11,15,P14,280601,6.838,4,2027,11,22,9.54
2027,11,29,P14,280601,1.594,4,2027,12,6,2.224
2027,12,6,P14,280601,1.52,4,2027,12,13,2.121
2027,12,13,P14,280601,1.52,4,2027,12,20,2.121
2027,12,20,P14,280601,1.792,4,2027,12,27,2.5
2027,12,27,P14,280601,1.972,4,2028,1,3,2.751
2026,8,10,P14,280602,9,4,2026,8,17,13.217
2026,8,31,P14,280602,11.72,4,2026,9,7,17.099
2026,9,28,P14,280602,11.082,4,2026,10,5,16.063
2026,11,2,P14,280602,9.714,4,2026,11,9,13.989
2026,11,16,P14,280602,9.994,4,2026,11,23,14.392
2026,11,30,P14,280602,9.876,4,2026,12,7,14.131
2026,12,14,P14,280602,14.804,4,2026,12,21,21.182
2027,1,4,P14,280602,10.01,4,2027,1,11,13.965
2027,1,18,P14,280602,9.002,4,2027,1,25,12.559
2027,2,1,P14,280602,9,4,2027,2,8,12.556
2027,2,15,P14,280602,9,4,2027,2,22,12.556
2027,3,1,P14,280602,9.026,4,2027,3,8,12.592
2027,3,15,P14,280602,9.546,4,2027,3,22,13.318
2027,3,29,P14,280602,9.796,4,2027,4,5,13.666
2027,4,12,P14,280602,9,4,2027,4,19,12.556
2027,4,19,P14,280602,15.32,4,2027,4,26,21.373
2027,5,17,P14,280602,9.928,4,2027,5,24,13.85
2027,5,31,P14,280602,9.102,4,2027,6,7,12.698
2027,6,14,P14,280602,9.118,4,2027,6,21,12.72
2027,6,28,P14,280602,9.174,4,2027,7,5,12.799
2027,7,12,P14,280602,10.262,4,2027,7,19,14.316
2027,7,26,P14,280602,9.25,4,2027,8,2,12.905
2027,8,9,P14,280602,4.572,4,2027,8,16,6.378
2027,8,16,P14,280602,4.594,4,2027,8,23,6.409
2027,8,23,P14,280602,4.68,4,2027,8,30,6.529
2027,8,30,P14,280602,4.716,4,2027,9,6,6.579
2027,9,6,P14,280602,4.72,4,2027,9,13,6.585
2027,9,13,P14,280602,4.72,4,2027,9,20,6.585
2027,9,20,P14,280602,4.624,4,2027,9,27,6.451
2027,9,27,P14,280602,4.632,4,2027,10,4,6.462
2027,10,4,P14,280602,4.6,4,2027,10,11,6.417
2027,10,11,P14,280602,4.534,4,2027,10,18,6.325
2027,10,18,P14,280602,4.48,4,2027,10,25,6.25
2027,10,25,P14,280602,4.446,4,2027,11,1,6.203
2027,11,1,P14,280602,4.44,4,2027,11,8,6.194
2027,11,8,P14,280602,4.44,4,2027,11,15,6.194
2027,11,15,P14,280602,9.378,4,2027,11,22,13.083
2027,11,29,P14,280602,5.154,4,2027,12,6,7.19
2027,12,6,P14,280602,5.18,4,2027,12,13,7.227
2027,12,13,P14,280602,5.18,4,2027,12,20,7.227
2027,12,20,P14,280602,5.004,4,2027,12,27,6.981
2027,12,27,P14,280602,4.912,4,2028,1,3,6.853
2026,9,14,P14,570468,10,4,2026,9,21,14.589
2026,9,28,P14,570468,10,4,2026,10,5,14.494
2026,11,2,P14,570468,13.33,4,2026,11,9,19.196
2026,11,16,P14,570468,13.84,4,2026,11,23,19.931
2026,12,7,P14,570468,10.91,4,2026,12,14,15.611
2027,1,18,P15,120436,14.942,4,2027,1,25,27.67
2027,5,31,P15,120436,10,4,2027,6,7,18.519
2027,3,8,P15,120448,12.744,4,2027,3,15,23.6
2027,5,17,P15,120448,19.636,4,2027,5,24,36.363
2026,9,14,P15,120463,14.893,4,2026,9,21,27.58
2027,8,30,P15,120463,1.66,4,2027,9,6,3.074
2027,9,6,P15,120463,1.75,4,2027,9,13,3.241
2027,10,4,P15,120463,7.9,4,2027,10,11,14.63
2027,8,30,P15,241283,21.313,4,2027,9,6,39.468
2027,9,6,P15,241283,18.16,4,2027,9,13,33.63
2027,12,20,P15,280103,30.681,4,2027,12,27,56.817
2027,12,27,P15,280103,42.806,4,2028,1,3,79.27
2027,9,13,P15,280104,25.826,4,2027,9,20,47.826
2027,8,9,P15,280104,24,4,2027,8,16,44.444
2027,8,16,P15,280104,24,4,2027,8,23,44.444
2027,8,23,P15,280104,24,4,2027,8,30,44.444
2027,5,10,P15,280104,26.814,4,2027,5,17,49.656
2027,1,11,P15,280107,12.704,4,2027,1,18,23.526
2027,6,21,P15,280107,9.204,4,2027,6,28,17.044
2027,8,16,P15,280169,18,4,2027,8,23,33.333
2027,9,6,P15,280169,18,4,2027,9,13,33.333
2027,9,13,P15,280169,18,4,2027,9,20,33.333
2027,8,16,P15,280212,18,4,2027,8,23,33.333
2027,8,23,P15,280212,18,4,2027,8,30,33.333
2027,9,6,P15,280212,19.216,4,2027,9,13,35.585
2027,9,13,P15,280212,23.494,4,2027,9,20,43.507
2026,8,17,P15,280264,30.893,4,2026,8,24,57.21
2027,2,15,P15,280264,62.14,4,2027,2,22,115.074
2026,9,7,P15,280318,3.251,4,2026,9,14,6.02
2026,8,24,P15,280323,18,4,2026,8,31,33.333
2027,1,25,P15,280324,25.592,4,2027,2,1,47.393
2027,1,18,P15,280344,18,4,2027,1,25,33.333
2027,5,17,P15,280344,22.694,4,2027,5,24,42.026
2027,12,20,P15,280348,28.179,4,2027,12,27,52.183
2027,12,27,P15,280348,17.401,4,2028,1,3,32.225
2027,10,4,P15,280348,3.461,4,2027,10,11,6.409
2027,8,9,P15,280348,2.841,4,2027,8,16,5.26
2027,8,30,P15,280348,0.69,4,2027,9,6,1.278
2027,9,6,P15,280348,0.72,4,2027,9,13,1.333
2027,5,31,P15,280348,18,4,2027,6,7,33.333
2027,6,14,P15,280348,48.966,4,2027,6,21,90.679
2027,5,10,P15,280348,18,4,2027,5,17,33.333
2027,1,11,P15,280348,18,4,2027,1,18,33.333
2027,2,1,P15,280348,24.06,4,2027,2,8,44.555
2026,8,24,P15,280348,19.861,4,2026,8,31,36.78
2027,5,31,P15,280425,18.879,4,2027,6,7,34.961
2027,8,2,P15,280446,42.24,4,2027,8,9,78.222
2027,3,8,P15,280450,18,4,2027,3,15,33.333
2027,8,9,P15,280454,20.269,4,2027,8,16,37.535
2027,9,13,P15,280454,18,4,2027,9,20,33.333
2026,8,31,P15,280493,18,4,2026,9,7,33.333
2027,2,8,P15,280493,12,4,2027,2,15,22.222
2027,8,23,P15,280559,18,4,2027,8,30,33.333
2027,8,30,P15,280559,18,4,2027,9,6,33.333
2027,2,22,P15,280563,20.178,4,2027,3,1,37.367
2027,5,31,P15,280566,18,4,2027,6,7,33.333
2027,8,9,P15,280591,24.489,4,2027,8,16,45.35
2027,8,16,P15,280591,25.32,4,2027,8,23,46.889
2027,8,23,P15,280591,25.32,4,2027,8,30,46.889
2027,12,27,P15,280591,0.813,4,2028,1,3,1.505
2027,5,17,P15,280592,20.988,4,2027,5,24,38.867
2026,8,10,P15,280605,24.85,4,2026,8,17,50.714
2026,8,24,P15,280605,10.185,4,2026,8,31,20.786
2026,9,7,P15,280605,10.532,4,2026,9,14,21.494
2026,9,21,P15,280605,36.747,4,2026,9,28,74.995
2026,10,26,P15,280605,24.503,4,2026,11,2,50.005
2026,11,2,P15,280605,26.75,4,2026,11,9,54.592
2026,11,9,P15,280605,24.028,4,2026,11,16,49.037
2026,11,16,P15,280605,36.122,4,2026,11,23,73.719
2026,12,14,P15,280605,16.104,4,2026,12,21,32.866
2027,1,4,P15,280605,11.796,4,2027,1,11,21.844
2027,2,8,P15,280605,14.728,4,2027,2,15,27.274
2027,3,22,P15,280605,20.018,4,2027,3,29,37.07
2027,3,29,P15,280605,28.16,4,2027,4,5,52.148
2027,5,10,P15,280605,10.642,4,2027,5,17,19.707
2027,10,18,P15,280605,60.374,4,2027,10,25,111.804
2028,1,10,P15,280605,6.556,4,2028,1,17,9.485
2028,1,17,P15,280605,4.094,4,2028,1,24,5.923
2026,8,10,P15,280607,20,4,2026,8,17,40.816
2026,8,24,P15,280607,12.833,4,2026,8,31,26.19
2026,9,21,P15,280607,36.782,4,2026,9,28,75.065
2026,9,28,P15,280607,10,4,2026,10,5,20.408
2026,10,5,P15,280607,10,4,2026,10,12,20.408
2026,11,2,P15,280607,13.744,4,2026,11,9,28.049
2026,11,16,P15,280607,26.782,4,2026,11,23,54.657
2026,12,14,P15,280607,10,4,2026,12,21,20.408
2026,12,21,P15,280607,11.092,4,2026,12,28,22.637
2027,1,4,P15,280607,10,4,2027,1,11,18.519
2027,1,11,P15,280607,10.018,4,2027,1,18,18.552
2027,2,8,P15,280607,10,4,2027,2,15,18.519
2027,2,22,P15,280607,12.468,4,2027,3,1,23.089
2027,6,21,P15,280607,14.54,4,2027,6,28,26.926
2028,1,10,P15,280607,1.05,4,2028,1,17,1.519
2028,1,17,P15,280607,0.624,4,2028,1,24,0.903
2026,9,28,P15,280609,41.813,4,2026,10,5,85.333
2026,10,5,P15,280609,53.763,4,2026,10,12,109.721
2026,10,12,P15,280609,48.313,4,2026,10,19,98.598
2026,10,19,P15,280609,59.42,4,2026,10,26,121.265
2026,10,26,P15,280609,21.54,4,2026,11,2,43.959
2026,8,17,P15,280610,18,4,2026,8,24,36.735
2026,8,31,P15,280610,33.8,4,2026,9,7,68.98
2028,1,10,P15,280610,6.05,4,2028,1,17,8.753
2028,1,17,P15,280610,6.05,4,2028,1,24,8.753
2026,9,14,P15,280611,12,4,2026,9,21,22.222
2027,1,4,P15,280611,10,4,2027,1,11,18.519
2027,1,18,P15,280611,10,4,2027,1,25,18.519
2027,2,1,P15,280611,10,4,2027,2,8,18.519
2027,5,24,P15,280611,39.57,4,2027,5,31,73.278
2027,7,5,P15,280611,15.12,4,2027,7,12,28
2027,8,9,P15,280611,7.538,4,2027,8,16,13.959
2027,11,22,P15,280611,3.85,4,2027,11,29,7.13
2028,1,10,P15,280611,7.042,4,2028,1,17,10.188
2028,1,17,P15,280611,4.224,4,2028,1,24,6.111
2026,8,10,P15,280612,14,4,2026,8,17,25.926
2026,12,14,P15,280612,12.502,4,2026,12,21,23.152
2027,1,4,P15,280612,10,4,2027,1,11,18.519
2027,1,18,P15,280612,10,4,2027,1,25,18.519
2027,2,1,P15,280612,10,4,2027,2,8,18.519
2027,3,29,P15,280612,10,4,2027,4,5,18.519
2027,7,5,P15,280612,12.152,4,2027,7,12,22.504
2027,7,12,P15,280612,12.97,4,2027,7,19,24.019
2027,7,19,P15,280612,11.18,4,2027,7,26,20.704
2028,1,10,P15,280612,8.29,4,2028,1,17,11.994
2028,1,17,P15,280612,5.114,4,2028,1,24,7.399
2026,8,31,P15,280613,20.144,4,2026,9,7,37.304
2026,9,7,P15,280613,14.562,4,2026,9,14,26.967
2026,9,14,P15,280613,11.884,4,2026,9,21,22.007
2026,11,30,P15,280613,12.039,4,2026,12,7,22.295
2026,12,14,P15,280613,13.98,4,2026,12,21,25.889
2026,12,21,P15,280613,10,4,2026,12,28,18.519
2027,1,4,P15,280613,13.69,4,2027,1,11,25.352
2027,1,11,P15,280613,13.624,4,2027,1,18,25.23
2027,1,18,P15,280613,12.694,4,2027,1,25,23.507
2027,1,25,P15,280613,12.896,4,2027,2,1,23.881
2027,2,1,P15,280613,15.996,4,2027,2,8,29.622
2027,2,8,P15,280613,10,4,2027,2,15,18.519
2027,2,15,P15,280613,12.988,4,2027,2,22,24.052
2027,2,22,P15,280613,13.136,4,2027,3,1,24.326
2027,3,8,P15,280613,23.83,4,2027,3,15,44.13
2027,3,15,P15,280613,48.32,4,2027,3,22,89.481
2027,3,22,P15,280613,37.02,4,2027,3,29,68.556
2027,5,10,P15,280613,14.178,4,2027,5,17,26.256
2027,5,17,P15,280613,13.002,4,2027,5,24,24.078
2027,5,24,P15,280613,12.442,4,2027,5,31,23.04
2027,5,31,P15,280613,11.441,4,2027,6,7,21.187
2027,6,7,P15,280613,11.464,4,2027,6,14,21.229
2027,6,14,P15,280613,11.796,4,2027,6,21,21.844
2027,7,5,P15,280613,11.368,4,2027,7,12,21.052
2027,7,12,P15,280613,15.73,4,2027,7,19,29.13
2027,10,18,P15,280613,8.988,4,2027,10,25,16.644
2028,1,10,P15,280613,6.248,4,2028,1,17,9.039
2028,1,17,P15,280613,4.144,4,2028,1,24,5.995
2026,9,7,P15,280614,10,4,2026,9,14,18.519
2026,9,14,P15,280614,10,4,2026,9,21,18.519
2026,11,2,P15,280614,10.95,4,2026,11,9,20.278
2026,11,9,P15,280614,33.772,4,2026,11,16,62.541
2026,11,30,P15,280614,31.379,4,2026,12,7,58.109
2026,12,14,P15,280614,13.883,4,2026,12,21,25.71
2027,1,4,P15,280614,11.508,4,2027,1,11,21.311
2027,1,11,P15,280614,10.814,4,2027,1,18,20.026
2027,1,18,P15,280614,10.05,4,2027,1,25,18.611
2027,1,25,P15,280614,10.112,4,2027,2,1,18.726
2027,2,1,P15,280614,10.512,4,2027,2,8,19.467
2027,2,8,P15,280614,10,4,2027,2,15,18.519
2027,2,15,P15,280614,10.192,4,2027,2,22,18.874
2027,2,22,P15,280614,10.226,4,2027,3,1,18.937
2027,3,8,P15,280614,10.746,4,2027,3,15,19.9
2027,3,15,P15,280614,10,4,2027,3,22,18.519
2027,6,21,P15,280614,16.612,4,2027,6,28,30.763
2027,7,5,P15,280614,10,4,2027,7,12,18.519
2027,7,12,P15,280614,10,4,2027,7,19,18.519
2028,1,10,P15,280614,7.014,4,2028,1,17,10.148
2028,1,17,P15,280614,4.684,4,2028,1,24,6.777
2026,9,28,P15,280615,9,4,2026,10,5,16.667
2026,11,30,P15,280615,15,4,2026,12,7,27.778
2027,2,1,P15,280615,11.376,4,2027,2,8,21.067
2027,6,7,P15,280615,14.642,4,2027,6,14,27.115
2026,10,12,P15,280616,18,4,2026,10,19,33.333
2027,1,4,P15,280616,18.326,4,2027,1,11,33.937
2027,3,22,P15,280616,28.282,4,2027,3,29,52.374
2028,1,10,P15,280616,0.426,4,2028,1,17,0.616
2028,1,17,P15,280616,0.312,4,2028,1,24,0.451
2026,8,24,P15,280617,22.09,4,2026,8,31,40.907
2026,9,7,P15,280617,32.94,4,2026,9,14,61
2027,4,5,P15,280617,85.32,4,2027,4,12,158
2027,4,12,P15,280617,58.32,4,2027,4,19,108
2027,4,19,P15,280617,67.32,4,2027,4,26,124.667
2027,4,26,P15,280617,74.16,4,2027,5,3,137.333
2027,5,3,P15,280617,57.444,4,2027,5,10,106.378
2027,7,12,P15,280617,18,4,2027,7,19,33.333
2027,8,30,P15,280617,17.687,4,2027,9,6,32.754
2027,9,6,P15,280617,25.664,4,2027,9,13,47.525
2027,3,29,P15,280619,9,4,2027,4,5,16.667
2027,4,26,P15,280619,9,4,2027,5,3,16.667
2028,1,10,P15,280622,6.736,4,2028,1,17,9.745
2028,1,17,P15,280622,4.198,4,2028,1,24,6.073
2027,11,22,P15,280622,7.348,4,2027,11,29,13.607
2027,10,11,P15,280622,41.261,4,2027,10,18,76.41
2027,10,4,P15,280622,8.298,4,2027,10,11,15.367
2027,7,26,P15,280622,17.73,4,2027,8,2,32.833
2027,6,7,P15,280622,32.764,4,2027,6,14,60.674
2027,7,5,P15,280622,9.14,4,2027,7,12,16.926
2027,7,12,P15,280622,19.62,4,2027,7,19,36.333
2027,5,3,P15,280622,9,4,2027,5,10,16.667
2027,5,10,P15,280622,15.686,4,2027,5,17,29.048
2027,5,24,P15,280622,9,4,2027,5,31,16.667
2027,5,31,P15,280622,9,4,2027,6,7,16.667
2027,2,8,P15,280622,9,4,2027,2,15,16.667
2027,2,22,P15,280622,9.152,4,2027,3,1,16.948
2027,3,8,P15,280622,9,4,2027,3,15,16.667
2027,1,18,P15,280622,9.634,4,2027,1,25,17.841
2026,11,9,P15,280622,22.552,4,2026,11,16,46.024
2026,11,16,P15,280622,11.968,4,2026,11,23,24.424
2026,11,23,P15,280622,16.18,4,2026,11,30,33.02
2026,12,14,P15,280622,14.688,4,2026,12,21,29.976
2026,10,5,P15,280622,13.657,4,2026,10,12,27.87
2026,10,26,P15,280622,21.577,4,2026,11,2,44.036
2026,11,2,P15,280622,26.502,4,2026,11,9,54.086
2026,8,17,P15,280622,20,4,2026,8,24,40.816
2026,9,14,P15,280622,15,4,2026,9,21,30.612
2026,8,31,P15,280624,18,4,2026,9,7,36.735
2026,10,19,P15,280624,18,4,2026,10,26,36.735
2027,2,8,P15,280624,31.592,4,2027,2,15,58.504
2028,1,10,P15,280624,0.296,4,2028,1,17,0.428
2028,1,17,P15,280624,0.206,4,2028,1,24,0.298
2027,3,29,P15,280625,9,4,2027,4,5,16.667
2027,10,11,P15,280625,0.27,4,2027,10,18,0.5
2027,6,21,P15,280652,33.804,4,2027,6,28,62.6
2027,6,28,P15,280652,52.02,4,2027,7,5,96.333
2026,8,3,P15,280689,94,4,2026,8,10,174.074
2027,3,1,P15,280690,9,4,2027,3,8,16.667
2027,3,8,P15,280690,11,4,2027,3,15,20.37
2027,3,29,P15,280690,9,4,2027,4,5,16.667
2027,5,17,P15,280690,9,4,2027,5,24,16.667
2027,7,12,P15,280690,9,4,2027,7,19,16.667
2027,7,26,P15,280690,10,4,2027,8,2,18.519
2027,10,11,P15,280690,19.26,4,2027,10,18,35.667
2027,11,22,P15,280691,1.222,4,2027,11,29,2.263
2027,10,11,P15,280691,4.35,4,2027,10,18,8.056
2027,8,9,P15,280691,1.2,4,2027,8,16,2.222
2027,6,14,P15,280691,9,4,2027,6,21,16.667
2027,3,29,P15,280691,9,4,2027,4,5,16.667
2027,7,19,P15,280692,31,4,2027,7,26,57.407
2027,10,18,P15,280692,1.356,4,2027,10,25,2.512
2027,10,25,P15,280692,72.1,4,2027,11,1,133.519
2027,11,1,P15,280692,15.52,4,2027,11,8,28.741
2027,4,19,P15,280694,18,4,2027,4,26,33.333
2027,10,11,P15,280694,2.1,4,2027,10,18,3.889
2027,10,18,P15,280694,2.1,4,2027,10,25,3.889
2026,11,30,P15,280696,19.57,4,2026,12,7,36.241
2026,12,7,P15,280696,74.52,4,2026,12,14,138
2027,2,22,P15,280696,18,4,2027,3,1,33.333
2027,3,1,P15,280696,76.09,4,2027,3,8,140.907
2027,7,26,P15,280696,51.01,4,2027,8,2,94.463
2027,8,2,P15,280696,43.08,4,2027,8,9,79.778
2027,10,25,P15,280696,13.22,4,2027,11,1,24.481
2027,11,1,P15,280696,69.8,4,2027,11,8,129.259
2027,11,8,P15,280696,48.6,4,2027,11,15,90
2027,11,15,P15,280696,83.16,4,2027,11,22,154
2027,11,29,P15,280696,85.32,4,2027,12,6,158
2027,12,6,P15,280696,76.26,4,2027,12,13,141.222
2026,8,17,P15,280698,12.55,4,2026,8,24,23.241
2026,8,31,P15,280698,20.21,4,2026,9,7,37.426
2027,3,15,P15,280719,18,4,2027,3,22,33.333
2027,3,29,P15,280720,9,4,2027,4,5,16.667
2027,5,24,P15,280720,19,4,2027,5,31,35.185
2027,6,28,P15,280720,9,4,2027,7,5,16.667
2027,10,4,P15,280720,0.631,4,2027,10,11,1.169
2027,10,11,P15,280720,12.42,4,2027,10,18,23
2027,10,18,P15,280720,3.06,4,2027,10,25,5.667
2027,3,15,P15,280721,9,4,2027,3,22,16.667
2027,4,12,P15,280721,9,4,2027,4,19,16.667
2027,6,21,P15,280721,9,4,2027,6,28,16.667
2027,8,9,P15,280721,1.042,4,2027,8,16,1.93
2027,10,4,P15,280721,2.21,4,2027,10,11,4.093
2027,10,11,P15,280721,5.659,4,2027,10,18,10.479
2027,10,18,P15,280721,2.136,4,2027,10,25,3.956
2027,4,12,P15,280722,18,4,2027,4,19,33.333
2027,10,18,P15,280722,5.146,4,2027,10,25,9.53
2027,6,14,P15,280732,15.558,4,2027,6,21,28.811
2027,8,9,P15,280732,2.332,4,2027,8,16,4.319
2027,10,4,P15,280732,3,4,2027,10,11,5.556
2027,10,4,P15,280733,1.83,4,2027,10,11,3.389
2027,8,9,P15,280733,1.61,4,2027,8,16,2.981
2026,9,14,P15,570560,20.013,4,2026,9,21,37.062
2027,5,3,P15,570560,18,4,2027,5,10,33.333
2027,6,7,P15,570560,18,4,2027,6,14,33.333
2027,8,30,P15,570560,23.81,4,2027,9,6,44.093
2027,9,6,P15,570560,1.81,4,2027,9,13,3.352
2027,10,4,P15,570560,57.99,4,2027,10,11,107.389
2026,9,21,P15,Capacity T,4.288,4,2026,9,28,7.94
2026,9,28,P15,Capacity T,7.42,4,2026,10,5,13.74
2026,10,19,P16,120436,15.058,4,2026,10,26,20.748
2027,1,4,P16,120436,14.724,4,2027,1,11,20.542
2027,9,13,P16,120436,11.697,4,2027,9,20,16.318
2026,10,19,P16,120437,10,4,2026,10,26,13.779
2027,1,11,P16,120448,13.717,4,2027,1,18,19.137
2028,1,3,P16,120448,9.169,4,2028,1,10,12.791
2026,8,10,P16,120463,30,4,2026,8,17,41.722
2026,10,5,P16,120463,10,4,2026,10,12,13.779
2026,10,26,P16,120463,13.23,4,2026,11,2,18.229
2027,1,4,P16,120463,10,4,2027,1,11,13.951
2027,2,1,P16,120463,10,4,2027,2,8,13.951
2027,2,8,P16,120463,14.11,4,2027,2,15,19.685
2027,5,10,P16,120463,10,4,2027,5,17,13.951
2027,5,31,P16,120463,10,4,2027,6,7,13.951
2027,7,19,P16,120463,10,4,2027,7,26,13.951
2027,8,16,P16,120463,1.64,4,2027,8,23,2.288
2027,8,23,P16,120463,1.64,4,2027,8,30,2.288
2027,9,13,P16,120463,1.75,4,2027,9,20,2.441
2027,9,20,P16,120463,1.75,4,2027,9,27,2.441
2027,9,27,P16,120463,6.73,4,2027,10,4,9.389
2027,11,29,P16,120463,1.55,4,2027,12,6,2.162
2027,12,6,P16,120463,1.62,4,2027,12,13,2.26
2027,12,13,P16,120463,1.62,4,2027,12,20,2.26
2027,12,20,P16,120463,1.62,4,2027,12,27,2.26
2027,12,27,P16,120463,1.62,4,2028,1,3,2.26
2028,1,3,P16,120463,1.64,4,2028,1,10,2.288
2028,1,10,P16,120463,1.65,4,2028,1,17,2.302
2028,1,17,P16,120463,1.65,4,2028,1,24,2.302
2028,1,24,P16,120463,1.65,4,2028,1,31,2.302
2028,1,31,P16,120463,1.5,4,2028,2,7,2.093
2026,10,19,P16,241283,25.986,4,2026,10,26,35.805
2027,1,11,P16,241283,18,4,2027,1,18,25.112
2026,8,17,P16,251200,10,4,2026,8,24,13.907
2026,8,24,P16,251200,12.699,4,2026,8,31,17.661
2026,10,19,P16,251200,17.08,4,2026,10,26,23.534
2026,10,26,P16,251200,17.18,4,2026,11,2,23.672
2027,1,11,P16,251200,15.16,4,2027,1,18,21.15
2027,1,25,P16,251200,15.82,4,2027,2,1,22.07
2027,2,1,P16,251200,14.99,4,2027,2,8,20.912
2027,2,8,P16,251200,14.97,4,2027,2,15,20.884
2027,2,15,P16,251200,14.98,4,2027,2,22,20.898
2027,2,22,P16,251200,14.63,4,2027,3,1,20.41
2027,5,3,P16,251200,10,4,2027,5,10,13.951
2027,5,10,P16,251200,12.75,4,2027,5,17,17.787
2027,5,17,P16,251200,13.97,4,2027,5,24,19.489
2027,7,5,P16,251200,18.008,4,2027,7,12,25.122
2027,7,12,P16,251200,25.02,4,2027,7,19,34.905
2027,7,26,P16,251200,10.53,4,2027,8,2,14.69
2026,10,5,P16,280107,10,4,2026,10,12,13.779
2026,10,12,P16,280121,29.383,4,2026,10,19,40.486
2027,5,24,P16,280169,28.704,4,2027,5,31,40.045
2027,1,25,P16,280212,36.198,4,2027,2,1,50.5
2027,5,17,P16,280212,18.309,4,2027,5,24,25.543
2026,8,3,P16,280213,8.999,4,2026,8,10,12.515
2026,8,3,P16,280264,53.998,4,2026,8,10,75.097
2026,8,10,P16,280264,35,4,2026,8,17,48.676
2026,8,17,P16,280264,61.418,4,2026,8,24,85.416
2026,8,24,P16,280264,21.824,4,2026,8,31,30.352
2026,10,5,P16,280264,43.43,4,2026,10,12,59.841
2026,10,12,P16,280264,43.43,4,2026,10,19,59.841
2026,10,19,P16,280264,18,4,2026,10,26,24.802
2026,10,26,P16,280264,61.456,4,2026,11,2,84.679
2027,1,4,P16,280264,45.51,4,2027,1,11,63.491
2027,1,11,P16,280264,45.51,4,2027,1,18,63.491
2027,1,18,P16,280264,25.836,4,2027,1,25,36.044
2027,1,25,P16,280264,22.286,4,2027,2,1,31.091
2027,2,1,P16,280264,42.16,4,2027,2,8,58.817
2027,2,8,P16,280264,74.378,4,2027,2,15,103.763
2027,2,15,P16,280264,43.498,4,2027,2,22,60.684
2027,2,22,P16,280264,29.732,4,2027,3,1,41.478
2027,3,8,P16,280264,28.903,4,2027,3,15,40.323
2027,5,10,P16,280264,18,4,2027,5,17,25.112
2027,5,17,P16,280264,18,4,2027,5,24,25.112
2027,5,24,P16,280264,45.49,4,2027,5,31,63.463
2027,5,31,P16,280264,46.324,4,2027,6,7,64.626
2027,6,7,P16,280264,19.512,4,2027,6,14,27.221
2027,6,14,P16,280264,19.271,4,2027,6,21,26.885
2027,6,21,P16,280264,43.507,4,2027,6,28,60.696
2026,11,2,P16,280318,18,4,2026,11,9,24.725
2027,1,11,P16,280318,18,4,2027,1,18,25.112
2027,12,13,P16,280323,5.63,4,2027,12,20,7.854
2027,1,18,P16,280324,32.666,4,2027,1,25,45.572
2027,12,20,P16,280348,6.575,4,2027,12,27,9.173
2027,12,27,P16,280348,7.496,4,2028,1,3,10.458
2027,11,29,P16,280348,0.65,4,2027,12,6,0.907
2027,12,13,P16,280348,17.336,4,2027,12,20,24.186
2027,9,27,P16,280348,2.589,4,2027,10,4,3.612
2027,8,16,P16,280348,8.265,4,2027,8,23,11.53
2027,8,23,P16,280348,0.721,4,2027,8,30,1.005
2027,9,13,P16,280348,0.71,4,2027,9,20,0.991
2027,9,20,P16,280348,0.71,4,2027,9,27,0.991
2027,5,31,P16,280348,18,4,2027,6,7,25.112
2027,6,7,P16,280348,75.742,4,2027,6,14,105.667
2027,1,25,P16,280348,18,4,2027,2,1,25.112
2026,10,26,P16,280348,18,4,2026,11,2,24.802
2026,10,5,P16,280348,18,4,2026,10,12,24.802
2026,8,17,P16,280348,21.82,4,2026,8,24,30.346
2026,8,3,P16,280425,27.002,4,2026,8,10,37.553
2027,5,17,P16,280425,20.577,4,2027,5,24,28.707
2027,5,10,P16,280450,18,4,2027,5,17,25.112
2027,9,20,P16,280490,16.297,4,2027,9,27,22.736
2027,12,13,P16,280559,7.05,4,2027,12,20,9.835
2027,6,14,P16,280563,18,4,2027,6,21,25.112
2027,7,12,P16,280563,23.32,4,2027,7,19,32.533
2027,6,7,P16,280563,18,4,2027,6,14,25.112
2027,2,15,P16,280563,35.008,4,2027,2,22,48.839
2027,1,4,P16,280563,25.02,4,2027,1,11,34.905
2027,2,1,P16,280563,22.38,4,2027,2,8,31.222
2026,10,12,P16,280563,18,4,2026,10,19,24.802
2026,11,2,P16,280563,35.738,4,2026,11,9,49.091
2026,8,24,P16,280563,18.758,4,2026,8,31,26.088
2026,8,3,P16,280563,18.2,4,2026,8,10,25.312
2026,8,10,P16,280563,18,4,2026,8,17,25.033
2026,8,10,P16,280564,22.7,4,2026,8,17,31.57
2026,10,19,P16,280564,28.546,4,2026,10,26,39.333
2027,1,18,P16,280564,18,4,2027,1,25,25.112
2027,2,1,P16,280564,18,4,2027,2,8,25.112
2027,2,15,P16,280564,19.768,4,2027,2,22,27.578
2027,5,10,P16,280564,18,4,2027,5,17,25.112
2027,5,17,P16,280564,18,4,2027,5,24,25.112
2027,6,14,P16,280564,28.654,4,2027,6,21,39.975
2027,7,12,P16,280564,18,4,2027,7,19,25.112
2026,8,17,P16,280566,20.37,4,2026,8,24,28.329
2026,8,24,P16,280566,21.572,4,2026,8,31,30.001
2026,10,12,P16,280566,18,4,2026,10,19,24.802
2027,2,22,P16,280566,18,4,2027,3,1,25.112
2027,6,14,P16,280566,20.13,4,2027,6,21,28.083
2026,10,5,P16,280590,12.846,4,2026,10,12,17.701
2027,1,18,P16,280590,10.142,4,2027,1,25,14.15
2027,8,16,P16,280590,12.555,4,2027,8,23,17.515
2027,12,13,P16,280590,0.137,4,2027,12,20,0.191
2027,1,18,P16,280591,26.61,4,2027,1,25,37.123
2026,8,10,P16,280592,18,4,2026,8,17,25.033
2027,5,3,P16,280605,10.604,4,2027,5,10,19.637
2027,5,17,P16,280605,9.38,4,2027,5,24,17.37
2027,5,24,P16,280605,9,4,2027,5,31,16.667
2027,5,31,P16,280605,16.47,4,2027,6,7,30.501
2027,6,14,P16,280605,9,4,2027,6,21,16.667
2027,6,21,P16,280605,9,4,2027,6,28,16.667
2027,6,28,P16,280605,17.94,4,2027,7,5,33.222
2027,7,12,P16,280605,10.689,4,2027,7,19,19.794
2027,7,19,P16,280605,10.036,4,2027,7,26,18.585
2027,7,26,P16,280605,9.16,4,2027,8,2,16.963
2027,8,2,P16,280605,9,4,2027,8,9,16.667
2027,8,9,P16,280605,8.81,4,2027,8,16,16.315
2027,8,16,P16,280605,9.11,4,2027,8,23,16.87
2027,8,23,P16,280605,9.286,4,2027,8,30,17.196
2027,8,30,P16,280605,9.272,4,2027,9,6,17.17
2027,9,6,P16,280605,9.252,4,2027,9,13,17.133
2027,9,13,P16,280605,9.096,4,2027,9,20,16.844
2027,9,20,P16,280605,8.876,4,2027,9,27,16.437
2027,9,27,P16,280605,8.774,4,2027,10,4,16.248
2027,10,4,P16,280605,8.778,4,2027,10,11,16.256
2027,10,11,P16,280605,8.456,4,2027,10,18,15.659
2027,10,25,P16,280605,0.264,4,2027,11,1,0.49
2027,11,22,P16,280605,5.758,4,2027,11,29,10.663
2027,11,29,P16,280605,5.08,4,2027,12,6,9.407
2027,12,6,P16,280605,5.08,4,2027,12,13,9.407
2027,12,13,P16,280605,5.536,4,2027,12,20,10.252
2027,12,20,P16,280605,6.392,4,2027,12,27,11.837
2027,12,27,P16,280605,6.662,4,2028,1,3,12.337
2028,1,3,P16,280605,6.68,4,2028,1,10,12.37
2028,1,24,P16,280605,0.408,4,2028,1,31,0.569
2027,3,8,P16,280607,26.152,4,2027,3,15,48.43
2027,3,29,P16,280607,17.952,4,2027,4,5,33.244
2027,5,10,P16,280607,9.592,4,2027,5,17,17.763
2027,8,23,P16,280607,1.634,4,2027,8,30,3.026
2027,8,30,P16,280607,1.64,4,2027,9,6,3.037
2027,9,6,P16,280607,1.64,4,2027,9,13,3.037
2027,9,13,P16,280607,1.656,4,2027,9,20,3.067
2027,9,20,P16,280607,1.676,4,2027,9,27,3.104
2027,9,27,P16,280607,1.67,4,2027,10,4,3.093
2027,10,4,P16,280607,1.67,4,2027,10,11,3.093
2027,10,11,P16,280607,1.662,4,2027,10,18,3.078
2027,10,18,P16,280607,6.532,4,2027,10,25,12.096
2027,11,15,P16,280607,1.402,4,2027,11,22,2.596
2027,11,22,P16,280607,1.064,4,2027,11,29,1.97
2027,11,29,P16,280607,1.07,4,2027,12,6,1.981
2027,12,6,P16,280607,1.07,4,2027,12,13,1.981
2027,12,13,P16,280607,1.07,4,2027,12,20,1.981
2027,12,20,P16,280607,1.07,4,2027,12,27,1.981
2027,12,27,P16,280607,1.07,4,2028,1,3,1.981
2028,1,3,P16,280607,1.07,4,2028,1,10,1.981
2028,1,24,P16,280607,0.018,4,2028,1,31,0.025
2027,11,29,P16,280610,5,4,2027,12,6,9.259
2027,12,6,P16,280610,6.05,4,2027,12,13,11.204
2027,12,13,P16,280610,6.05,4,2027,12,20,11.204
2027,12,20,P16,280610,6.05,4,2027,12,27,11.204
2027,12,27,P16,280610,6.05,4,2028,1,3,11.204
2028,1,3,P16,280610,6.05,4,2028,1,10,11.204
2028,1,24,P16,280610,5.77,4,2028,1,31,8.05
2028,1,31,P16,280610,1,4,2028,2,7,1.395
2027,3,1,P16,280611,9,4,2027,3,8,16.667
2027,3,15,P16,280611,14.73,4,2027,3,22,27.277
2027,3,29,P16,280611,9,4,2027,4,5,16.667
2027,5,3,P16,280611,21.31,4,2027,5,10,39.464
2027,6,28,P16,280611,11.416,4,2027,7,5,21.141
2027,7,12,P16,280611,14.896,4,2027,7,19,27.585
2027,7,19,P16,280611,12.638,4,2027,7,26,23.404
2027,7,26,P16,280611,13.538,4,2027,8,2,25.07
2027,8,2,P16,280611,11.612,4,2027,8,9,21.504
2027,8,9,P16,280611,5.202,4,2027,8,16,9.634
2027,8,16,P16,280611,12.222,4,2027,8,23,22.633
2027,8,23,P16,280611,10.8,4,2027,8,30,20
2027,8,30,P16,280611,9.63,4,2027,9,6,17.833
2027,9,6,P16,280611,9.05,4,2027,9,13,16.759
2027,9,13,P16,280611,7.528,4,2027,9,20,13.941
2027,9,20,P16,280611,6.53,4,2027,9,27,12.093
2027,9,27,P16,280611,6.504,4,2027,10,4,12.044
2027,10,4,P16,280611,6.506,4,2027,10,11,12.048
2027,10,11,P16,280611,6.416,4,2027,10,18,11.881
2027,10,18,P16,280611,24.742,4,2027,10,25,45.819
2027,11,29,P16,280611,6.994,4,2027,12,6,12.952
2027,12,6,P16,280611,6.992,4,2027,12,13,12.948
2027,12,13,P16,280611,7.044,4,2027,12,20,13.044
2027,12,20,P16,280611,7.16,4,2027,12,27,13.259
2027,12,27,P16,280611,7.186,4,2028,1,3,13.307
2028,1,3,P16,280611,7.184,4,2028,1,10,13.304
2028,1,24,P16,280611,0.198,4,2028,1,31,0.276
2027,3,15,P16,280612,12.67,4,2027,3,22,23.463
2027,4,5,P16,280612,9,4,2027,4,12,16.667
2027,5,3,P16,280612,12.47,4,2027,5,10,23.093
2027,5,17,P16,280612,9,4,2027,5,24,16.667
2027,5,31,P16,280612,9.562,4,2027,6,7,17.707
2027,6,14,P16,280612,9,4,2027,6,21,16.667
2027,6,21,P16,280612,9,4,2027,6,28,16.667
2027,6,28,P16,280612,9,4,2027,7,5,16.667
2027,7,26,P16,280612,11.106,4,2027,8,2,20.567
2027,8,2,P16,280612,11.576,4,2027,8,9,21.437
2027,8,9,P16,280612,11.566,4,2027,8,16,21.419
2027,8,16,P16,280612,11.348,4,2027,8,23,21.015
2027,8,23,P16,280612,10.286,4,2027,8,30,19.048
2027,8,30,P16,280612,9.17,4,2027,9,6,16.981
2027,9,6,P16,280612,8.654,4,2027,9,13,16.026
2027,9,13,P16,280612,7.348,4,2027,9,20,13.607
2027,9,20,P16,280612,6.538,4,2027,9,27,12.107
2027,9,27,P16,280612,6.52,4,2027,10,4,12.074
2027,10,4,P16,280612,6.52,4,2027,10,11,12.074
2027,10,11,P16,280612,6.384,4,2027,10,18,11.822
2027,10,18,P16,280612,23.904,4,2027,10,25,44.267
2027,11,29,P16,280612,5.78,4,2027,12,6,10.704
2027,12,6,P16,280612,5.78,4,2027,12,13,10.704
2027,12,13,P16,280612,6.504,4,2027,12,20,12.044
2027,12,20,P16,280612,7.902,4,2027,12,27,14.633
2027,12,27,P16,280612,8.402,4,2028,1,3,15.559
2028,1,3,P16,280612,8.45,4,2028,1,10,15.648
2028,1,24,P16,280612,0.426,4,2028,1,31,0.594
2027,3,1,P16,280613,13.16,4,2027,3,8,24.37
2027,4,5,P16,280613,13.213,4,2027,4,12,24.469
2027,5,3,P16,280613,13.386,4,2027,5,10,24.788
2027,6,21,P16,280613,17.604,4,2027,6,28,32.599
2027,6,28,P16,280613,13.664,4,2027,7,5,25.304
2027,7,26,P16,280613,13.411,4,2027,8,2,24.835
2027,8,2,P16,280613,9,4,2027,8,9,16.667
2027,8,9,P16,280613,11.952,4,2027,8,16,22.133
2027,8,16,P16,280613,12.068,4,2027,8,23,22.347
2027,8,23,P16,280613,11.454,4,2027,8,30,21.21
2027,8,30,P16,280613,10.187,4,2027,9,6,18.865
2027,9,6,P16,280613,10.242,4,2027,9,13,18.966
2027,9,13,P16,280613,9.898,4,2027,9,20,18.329
2027,9,20,P16,280613,9.372,4,2027,9,27,17.355
2027,9,27,P16,280613,9.326,4,2027,10,4,17.27
2027,10,4,P16,280613,38.33,4,2027,10,11,70.981
2027,10,11,P16,280613,9.228,4,2027,10,18,17.088
2027,10,25,P16,280613,8.195,4,2027,11,1,15.176
2027,11,15,P16,280613,3.22,4,2027,11,22,5.963
2027,11,29,P16,280613,7.18,4,2027,12,6,13.296
2027,12,6,P16,280613,6.877,4,2027,12,13,12.736
2027,12,13,P16,280613,6.989,4,2027,12,20,12.942
2027,12,20,P16,280613,5.966,4,2027,12,27,11.048
2027,12,27,P16,280613,5.964,4,2028,1,3,11.044
2028,1,3,P16,280613,5.966,4,2028,1,10,11.048
2028,1,24,P16,280613,0.204,4,2028,1,31,0.285
2027,3,1,P16,280614,10.246,4,2027,3,8,18.974
2027,3,22,P16,280614,53.538,4,2027,3,29,99.144
2027,3,29,P16,280614,9,4,2027,4,5,16.667
2027,4,5,P16,280614,9,4,2027,4,12,16.667
2027,5,3,P16,280614,9,4,2027,5,10,16.667
2027,5,10,P16,280614,14.94,4,2027,5,17,27.667
2027,8,2,P16,280614,22.892,4,2027,8,9,42.393
2027,8,23,P16,280614,7.584,4,2027,8,30,14.044
2027,8,30,P16,280614,6.864,4,2027,9,6,12.711
2027,9,6,P16,280614,6.598,4,2027,9,13,12.219
2027,9,13,P16,280614,6.318,4,2027,9,20,11.7
2027,9,20,P16,280614,5.918,4,2027,9,27,10.959
2027,9,27,P16,280614,5.84,4,2027,10,4,10.815
2027,10,4,P16,280614,6.625,4,2027,10,11,12.268
2027,10,11,P16,280614,23.723,4,2027,10,18,43.932
2027,10,18,P16,280614,5.62,4,2027,10,25,10.407
2027,10,25,P16,280614,5.316,4,2027,11,1,9.844
2027,11,15,P16,280614,4.814,4,2027,11,22,8.915
2027,11,29,P16,280614,4.614,4,2027,12,6,8.544
2027,12,6,P16,280614,4.616,4,2027,12,13,8.548
2027,12,13,P16,280614,5.134,4,2027,12,20,9.507
2027,12,20,P16,280614,6.332,4,2027,12,27,11.726
2027,12,27,P16,280614,7.022,4,2028,1,3,13.004
2028,1,3,P16,280614,7.13,4,2028,1,10,13.204
2028,1,24,P16,280614,0.87,4,2028,1,31,1.214
2027,3,8,P16,280615,9,4,2027,3,15,16.667
2027,3,22,P16,280615,9,4,2027,3,29,16.667
2027,8,9,P16,280615,2.288,4,2027,8,16,4.237
2027,8,16,P16,280615,2.21,4,2027,8,23,4.093
2027,8,23,P16,280615,2.004,4,2027,8,30,3.711
2027,8,30,P16,280615,1.794,4,2027,9,6,3.322
2027,9,6,P16,280615,1.74,4,2027,9,13,3.222
2027,9,13,P16,280615,1.708,4,2027,9,20,3.163
2027,9,20,P16,280615,1.66,4,2027,9,27,3.074
2027,9,27,P16,280615,1.656,4,2027,10,4,3.067
2027,10,4,P16,280615,1.642,4,2027,10,11,3.041
2027,10,11,P16,280615,6.4,4,2027,10,18,11.852
2027,10,18,P16,280615,1.58,4,2027,10,25,2.926
2027,10,25,P16,280615,1.12,4,2027,11,1,2.074
2027,11,15,P16,280615,0.258,4,2027,11,22,0.478
2027,8,30,P16,280616,0.4,4,2027,9,6,0.741
2027,9,6,P16,280616,0.4,4,2027,9,13,0.741
2027,9,13,P16,280616,0.428,4,2027,9,20,0.793
2027,9,20,P16,280616,0.486,4,2027,9,27,0.9
2027,9,27,P16,280616,0.51,4,2027,10,4,0.944
2027,10,4,P16,280616,0.51,4,2027,10,11,0.944
2027,10,11,P16,280616,0.51,4,2027,10,18,0.944
2027,10,18,P16,280616,1.982,4,2027,10,25,3.67
2027,11,15,P16,280616,0.474,4,2027,11,22,0.878
2027,11,22,P16,280616,0.442,4,2027,11,29,0.819
2027,11,29,P16,280616,0.43,4,2027,12,6,0.796
2027,12,6,P16,280616,0.43,4,2027,12,13,0.796
2027,12,13,P16,280616,0.43,4,2027,12,20,0.796
2027,12,20,P16,280616,0.43,4,2027,12,27,0.796
2027,12,27,P16,280616,0.43,4,2028,1,3,0.796
2028,1,3,P16,280616,0.43,4,2028,1,10,0.796
2028,1,24,P16,280616,0.09,4,2028,1,31,0.126
2027,4,5,P16,280617,34.107,4,2027,4,12,63.161
2027,4,12,P16,280617,76.32,4,2027,4,19,141.333
2027,4,19,P16,280617,63.361,4,2027,4,26,117.335
2027,4,26,P16,280617,83.16,4,2027,5,3,154
2027,7,5,P16,280617,22.82,4,2027,7,12,42.259
2027,8,30,P16,280617,4.273,4,2027,9,6,7.913
2027,9,6,P16,280617,7.276,4,2027,9,13,13.475
2027,10,18,P16,280619,0.13,4,2027,10,25,0.241
2027,10,25,P16,280619,0.71,4,2027,11,1,1.315
2027,11,15,P16,280619,0.71,4,2027,11,22,1.315
2027,11,29,P16,280619,0.03,4,2027,12,6,0.056
2028,1,24,P16,280622,0.402,4,2028,1,31,0.561
2027,11,29,P16,280622,6.91,4,2027,12,6,12.796
2027,12,6,P16,280622,6.91,4,2027,12,13,12.796
2027,12,13,P16,280622,6.906,4,2027,12,20,12.789
2027,12,20,P16,280622,6.888,4,2027,12,27,12.756
2027,12,27,P16,280622,6.87,4,2028,1,3,12.722
2028,1,3,P16,280622,6.866,4,2028,1,10,12.715
2027,11,15,P16,280622,11.438,4,2027,11,22,21.181
2027,9,6,P16,280622,8.986,4,2027,9,13,16.641
2027,9,13,P16,280622,8.788,4,2027,9,20,16.274
2027,9,20,P16,280622,8.492,4,2027,9,27,15.726
2027,9,27,P16,280622,8.42,4,2027,10,4,15.593
2027,8,9,P16,280622,8.782,4,2027,8,16,16.263
2027,8,16,P16,280622,8.914,4,2027,8,23,16.507
2027,8,23,P16,280622,9.044,4,2027,8,30,16.748
2027,8,30,P16,280622,9.026,4,2027,9,6,16.715
2027,3,22,P16,280622,22.782,4,2027,3,29,42.189
2027,3,15,P16,280622,19.332,4,2027,3,22,35.8
2027,8,30,P16,280624,0.89,4,2027,9,6,1.648
2027,9,6,P16,280624,0.89,4,2027,9,13,1.648
2027,9,13,P16,280624,0.878,4,2027,9,20,1.626
2027,9,20,P16,280624,0.856,4,2027,9,27,1.585
2027,9,27,P16,280624,0.85,4,2027,10,4,1.574
2027,10,4,P16,280624,0.85,4,2027,10,11,1.574
2027,10,11,P16,280624,0.842,4,2027,10,18,1.559
2027,10,18,P16,280624,0.826,4,2027,10,25,1.53
2027,10,25,P16,280624,0.816,4,2027,11,1,1.511
2027,11,1,P16,280624,0.81,4,2027,11,8,1.5
2027,11,8,P16,280624,0.81,4,2027,11,15,1.5
2027,11,15,P16,280624,0.662,4,2027,11,22,1.226
2027,11,22,P16,280624,0.384,4,2027,11,29,0.711
2027,11,29,P16,280624,0.3,4,2027,12,6,0.556
2027,12,6,P16,280624,0.3,4,2027,12,13,0.556
2027,12,13,P16,280624,0.3,4,2027,12,20,0.556
2027,12,20,P16,280624,0.3,4,2027,12,27,0.556
2027,12,27,P16,280624,0.3,4,2028,1,3,0.556
2028,1,3,P16,280624,0.3,4,2028,1,10,0.556
2028,1,24,P16,280624,0.048,4,2028,1,31,0.067
2027,10,25,P16,280625,0.34,4,2027,11,1,0.63
2027,11,15,P16,280625,0.34,4,2027,11,22,0.63
2027,4,19,P16,280652,21.959,4,2027,4,26,40.665
2027,5,24,P16,280652,18.266,4,2027,5,31,33.826
2027,7,5,P16,280652,24.634,4,2027,7,12,45.619
2027,3,1,P16,280690,48,4,2027,3,8,88.889
2027,3,29,P16,280690,26,4,2027,4,5,48.148
2027,6,28,P16,280690,9,4,2027,7,5,16.667
2027,8,30,P16,280690,4.1,4,2027,9,6,7.593
2027,9,6,P16,280690,5.09,4,2027,9,13,9.426
2027,9,13,P16,280690,4.91,4,2027,9,20,9.093
2027,9,20,P16,280690,4.85,4,2027,9,27,8.981
2027,9,27,P16,280690,4.86,4,2027,10,4,9
2027,10,4,P16,280690,4.86,4,2027,10,11,9
2027,10,18,P16,280690,0.715,4,2027,10,25,1.324
2027,11,22,P16,280690,1.96,4,2027,11,29,3.63
2027,11,29,P16,280690,0.94,4,2027,12,6,1.741
2027,10,25,P16,280691,4.21,4,2027,11,1,7.796
2027,11,29,P16,280691,0.83,4,2027,12,6,1.537
2027,9,13,P16,280691,4.37,4,2027,9,20,8.093
2027,9,20,P16,280691,4.33,4,2027,9,27,8.019
2027,9,27,P16,280691,4.34,4,2027,10,4,8.037
2027,10,4,P16,280691,4.35,4,2027,10,11,8.056
2027,8,16,P16,280691,3.54,4,2027,8,23,6.556
2027,8,23,P16,280691,3.72,4,2027,8,30,6.889
2027,8,30,P16,280691,4.37,4,2027,9,6,8.093
2027,9,6,P16,280691,4.5,4,2027,9,13,8.333
2027,4,5,P16,280691,11,4,2027,4,12,20.37
2027,5,3,P16,280691,9,4,2027,5,10,16.667
2027,7,19,P16,280692,37,4,2027,7,26,68.519
2027,10,18,P16,280692,17.129,4,2027,10,25,31.721
2027,10,25,P16,280692,59.134,4,2027,11,1,109.508
2027,11,1,P16,280692,82.67,4,2027,11,8,153.093
2027,11,8,P16,280692,45.98,4,2027,11,15,85.148
2027,11,15,P16,280692,55.85,4,2027,11,22,103.426
2027,8,2,P16,280694,18,4,2027,8,9,33.333
2027,9,27,P16,280694,1.26,4,2027,10,4,2.333
2027,10,4,P16,280694,2.1,4,2027,10,11,3.889
2027,10,25,P16,280694,1.98,4,2027,11,1,3.667
2027,11,1,P16,280694,1.84,4,2027,11,8,3.407
2027,11,8,P16,280694,1.81,4,2027,11,15,3.352
2027,11,15,P16,280694,1.81,4,2027,11,22,3.352
2027,11,22,P16,280694,1.81,4,2027,11,29,3.352
2027,11,29,P16,280694,0.51,4,2027,12,6,0.944
2027,11,29,P16,280698,4.6,4,2027,12,6,6.417
2027,12,6,P16,280698,5.57,4,2027,12,13,7.771
2027,12,13,P16,280698,5.57,4,2027,12,20,7.771
2027,12,20,P16,280698,5.57,4,2027,12,27,7.771
2027,12,27,P16,280698,5.57,4,2028,1,3,7.771
2028,1,3,P16,280698,5.57,4,2028,1,10,7.771
2028,1,10,P16,280698,5.57,4,2028,1,17,7.771
2028,1,17,P16,280698,5.57,4,2028,1,24,7.771
2028,1,24,P16,280698,5.33,4,2028,1,31,7.436
2028,1,31,P16,280698,0.92,4,2028,2,7,1.283
2027,3,15,P16,280720,9,4,2027,3,22,16.667
2027,4,5,P16,280720,9,4,2027,4,12,16.667
2027,7,12,P16,280720,9,4,2027,7,19,16.667
2027,8,16,P16,280720,1.13,4,2027,8,23,2.093
2027,8,23,P16,280720,4.394,4,2027,8,30,8.137
2027,8,30,P16,280720,4.46,4,2027,9,6,8.259
2027,9,6,P16,280720,4.092,4,2027,9,13,7.578
2027,9,13,P16,280720,3.408,4,2027,9,20,6.311
2027,9,20,P16,280720,3.21,4,2027,9,27,5.944
2027,9,27,P16,280720,3.21,4,2027,10,4,5.944
2027,10,4,P16,280720,2.579,4,2027,10,11,4.776
2027,11,22,P16,280720,0.36,4,2027,11,29,0.667
2027,8,16,P16,280721,2.256,4,2027,8,23,4.178
2027,8,23,P16,280721,2.448,4,2027,8,30,4.533
2027,8,30,P16,280721,2.296,4,2027,9,6,4.252
2027,9,6,P16,280721,2.23,4,2027,9,13,4.13
2027,9,13,P16,280721,2.226,4,2027,9,20,4.122
2027,9,20,P16,280721,2.216,4,2027,9,27,4.104
2027,9,27,P16,280721,2.21,4,2027,10,4,4.093
2027,10,11,P16,280721,2.963,4,2027,10,18,5.488
2027,10,25,P16,280721,1.494,4,2027,11,1,2.767
2027,11,15,P16,280721,0.324,4,2027,11,22,0.6
2027,7,19,P16,280722,18,4,2027,7,26,33.333
2027,11,15,P16,280722,1.158,4,2027,11,22,2.144
2027,11,22,P16,280722,0.306,4,2027,11,29,0.567
2027,3,15,P16,280732,11.458,4,2027,3,22,21.219
2027,4,12,P16,280732,9,4,2027,4,19,16.667
2027,8,16,P16,280732,2.504,4,2027,8,23,4.637
2027,8,23,P16,280732,2.718,4,2027,8,30,5.033
2027,8,30,P16,280732,2.76,4,2027,9,6,5.111
2027,9,6,P16,280732,2.76,4,2027,9,13,5.111
2027,9,13,P16,280732,2.832,4,2027,9,20,5.244
2027,9,20,P16,280732,2.964,4,2027,9,27,5.489
2027,9,27,P16,280732,3,4,2027,10,4,5.556
2027,10,11,P16,280732,11.618,4,2027,10,18,21.515
2027,11,22,P16,280732,0.336,4,2027,11,29,0.622
2027,11,29,P16,280733,0.088,4,2027,12,6,0.163
2027,10,25,P16,280733,1.74,4,2027,11,1,3.222
2027,11,15,P16,280733,0.7,4,2027,11,22,1.296
2027,9,6,P16,280733,1.92,4,2027,9,13,3.556
2027,9,13,P16,280733,1.9,4,2027,9,20,3.519
2027,9,20,P16,280733,1.852,4,2027,9,27,3.43
2027,9,27,P16,280733,1.832,4,2027,10,4,3.393
2027,10,11,P16,280733,7.118,4,2027,10,18,13.181
2027,8,16,P16,280733,1.69,4,2027,8,23,3.13
2027,8,23,P16,280733,2.054,4,2027,8,30,3.804
2027,8,30,P16,280733,2.028,4,2027,9,6,3.756
2027,3,29,P16,280733,21.208,4,2027,4,5,39.274
2027,3,15,P16,280733,12.61,4,2027,3,22,23.352
2026,8,3,P16,570560,26.931,4,2026,8,10,37.454
2026,8,24,P16,570560,35.16,4,2026,8,31,48.899
2026,10,5,P16,570560,20.394,4,2026,10,12,28.1
2026,11,2,P16,570560,60.84,4,2026,11,9,83.571
2027,1,4,P16,570560,18,4,2027,1,11,25.112
2027,1,25,P16,570560,20.95,4,2027,2,1,29.227
2027,3,8,P16,570560,37.69,4,2027,3,15,52.581
2027,6,21,P16,570560,19.62,4,2027,6,28,27.372
2027,7,26,P16,570560,27.66,4,2027,8,2,38.588
2027,8,16,P16,570560,1.87,4,2027,8,23,2.609
2027,8,23,P16,570560,1.84,4,2027,8,30,2.567
2027,9,13,P16,570560,1.81,4,2027,9,20,2.525
2027,9,20,P16,570560,1.81,4,2027,9,27,2.525
2027,9,27,P16,570560,1.87,4,2027,10,4,2.609
2026,9,28,P17,120436,43.43,4,2026,10,5,33.864
2026,10,5,P17,120436,111.106,4,2026,10,12,86.632
2026,11,2,P17,120436,30,4,2026,11,9,23.229
2026,11,9,P17,120436,65.587,4,2026,11,16,50.783
2026,11,16,P17,120436,63.728,4,2026,11,23,49.344
2026,12,14,P17,120436,123.695,4,2026,12,21,95.113
2027,1,4,P17,120436,30.227,4,2027,1,11,20.991
2027,3,1,P17,120436,30,4,2027,3,8,20.833
2027,3,15,P17,120436,47.923,4,2027,3,22,33.28
2027,7,12,P17,120436,30,4,2027,7,19,20.833
2027,7,26,P17,120436,41.744,4,2027,8,2,28.989
2027,9,6,P17,120436,30.778,4,2027,9,13,21.374
2027,9,27,P17,120436,10.26,4,2027,10,4,7.125
2027,10,11,P17,120436,38.648,4,2027,10,18,26.839
2027,10,18,P17,120436,11.29,4,2027,10,25,7.84
2027,10,25,P17,120436,24.654,4,2027,11,1,17.121
2027,11,29,P17,120436,10.634,4,2027,12,6,7.385
2027,12,6,P17,120436,13.072,4,2027,12,13,9.078
2027,12,13,P17,120436,12.952,4,2027,12,20,8.994
2028,1,3,P17,120436,11.79,4,2028,1,10,8.188
2028,1,10,P17,120436,11.63,4,2028,1,17,8.076
2028,1,17,P17,120436,11.63,4,2028,1,24,8.076
2028,1,24,P17,120436,11.508,4,2028,1,31,7.992
2026,8,24,P17,120437,20.021,4,2026,8,31,15.833
2026,9,7,P17,120437,48.374,4,2026,9,14,37.985
2026,10,5,P17,120437,30,4,2026,10,12,23.392
2026,10,19,P17,120437,30.635,4,2026,10,26,23.887
2026,11,9,P17,120437,30,4,2026,11,16,23.229
2027,1,4,P17,120437,49.838,4,2027,1,11,34.61
2027,3,29,P17,120437,35.214,4,2027,4,5,24.454
2027,5,10,P17,120437,55.875,4,2027,5,17,38.802
2027,7,12,P17,120437,31.714,4,2027,7,19,22.024
2027,9,27,P17,120437,14.596,4,2027,10,4,10.136
2027,10,4,P17,120437,62.316,4,2027,10,11,43.275
2027,10,11,P17,120437,14.47,4,2027,10,18,10.048
2027,10,18,P17,120437,1.922,4,2027,10,25,1.334
2027,11,29,P17,120437,21.018,4,2027,12,6,14.596
2027,12,13,P17,120437,20.12,4,2027,12,20,13.972
2028,1,3,P17,120437,3.944,4,2028,1,10,2.739
2028,1,10,P17,120437,18.168,4,2028,1,17,12.617
2028,1,17,P17,120437,18.092,4,2028,1,24,12.564
2028,1,24,P17,120437,18.018,4,2028,1,31,12.513
2028,1,31,P17,120437,5.536,4,2028,2,7,3.844
2028,2,7,P17,120437,0.656,4,2028,2,14,0.456
2028,2,14,P17,120437,0.099,4,2028,2,21,0.069
2026,8,31,P17,120448,99.083,4,2026,9,7,77.803
2026,9,21,P17,120448,37.705,4,2026,9,28,29.608
2026,9,28,P17,120448,37.707,4,2026,10,5,29.402
2026,10,5,P17,120448,31.529,4,2026,10,12,24.584
2026,10,26,P17,120448,57.21,4,2026,11,2,44.608
2026,11,2,P17,120448,51.107,4,2026,11,9,39.572
2026,11,16,P17,120448,30,4,2026,11,23,23.229
2026,11,23,P17,120448,43.911,4,2026,11,30,34
2026,12,7,P17,120448,68.311,4,2026,12,14,52.527
2026,12,14,P17,120448,51.784,4,2026,12,21,39.819
2027,1,4,P17,120448,52.816,4,2027,1,11,36.678
2027,2,1,P17,120448,45.944,4,2027,2,8,31.906
2027,2,8,P17,120448,46.144,4,2027,2,15,32.044
2027,2,15,P17,120448,34.398,4,2027,2,22,23.887
2027,2,22,P17,120448,36.104,4,2027,3,1,25.072
2027,3,1,P17,120448,32.966,4,2027,3,8,22.893
2027,3,8,P17,120448,106.242,4,2027,3,15,73.779
2027,3,22,P17,120448,40.704,4,2027,3,29,28.267
2027,4,5,P17,120448,77.161,4,2027,4,12,53.584
2027,4,19,P17,120448,92.582,4,2027,4,26,64.293
2027,5,3,P17,120448,80.447,4,2027,5,10,55.866
2027,5,10,P17,120448,95.805,4,2027,5,17,66.531
2027,5,31,P17,120448,36.841,4,2027,6,7,25.584
2027,6,7,P17,120448,46.892,4,2027,6,14,32.564
2027,7,5,P17,120448,31.972,4,2027,7,12,22.203
2027,7,26,P17,120448,36.786,4,2027,8,2,25.546
2027,8,9,P17,120448,33.52,4,2027,8,16,23.278
2027,8,23,P17,120448,46.924,4,2027,8,30,32.586
2027,8,30,P17,120448,34.732,4,2027,9,6,24.12
2027,9,13,P17,120448,39.44,4,2027,9,20,27.389
2027,9,20,P17,120448,18.619,4,2027,9,27,12.93
2027,9,27,P17,120448,35.586,4,2027,10,4,24.713
2027,10,4,P17,120448,62.636,4,2027,10,11,43.497
2027,10,11,P17,120448,16.794,4,2027,10,18,11.663
2027,11,29,P17,120448,51.816,4,2027,12,6,35.983
2027,12,13,P17,120448,55.901,4,2027,12,20,38.82
2028,1,3,P17,120448,27.978,4,2028,1,10,19.429
2028,1,10,P17,120448,45.436,4,2028,1,17,31.553
2028,1,17,P17,120448,44.442,4,2028,1,24,30.862
2028,1,31,P17,120448,1.324,4,2028,2,7,0.919
2026,8,17,P17,241283,30,4,2026,8,24,23.725
2026,8,24,P17,241283,30,4,2026,8,31,23.725
2027,3,1,P17,241283,30,4,2027,3,8,20.833
2027,3,8,P17,241283,30,4,2027,3,15,20.833
2027,5,10,P17,241283,30,4,2027,5,17,20.833
2027,5,17,P17,241283,34.518,4,2027,5,24,23.971
2027,6,7,P17,241283,35.576,4,2027,6,14,24.706
2027,9,20,P17,241283,17.329,4,2027,9,27,12.034
2027,9,27,P17,241283,7.876,4,2027,10,4,5.469
2027,10,4,P17,241283,30.124,4,2027,10,11,20.919
2027,10,11,P17,241283,6.736,4,2027,10,18,4.678
2027,10,18,P17,241283,6.71,4,2027,10,25,4.66
2027,11,1,P17,241283,7.598,4,2027,11,8,5.276
2027,11,29,P17,241283,8.076,4,2027,12,6,5.608
2027,12,6,P17,241283,8.14,4,2027,12,13,5.653
2027,12,13,P17,241283,24.252,4,2027,12,20,16.842
2028,1,10,P17,241283,8.032,4,2028,1,17,5.578
2028,1,17,P17,241283,7.902,4,2028,1,24,5.488
2026,9,7,P17,280103,41.204,4,2026,9,14,32.355
2027,1,18,P17,280103,33.52,4,2027,1,25,23.278
2027,2,1,P17,280103,31.278,4,2027,2,8,21.721
2027,2,8,P17,280103,54.745,4,2027,2,15,38.017
2027,2,15,P17,280103,38.322,4,2027,2,22,26.613
2027,2,22,P17,280103,41.082,4,2027,3,1,28.529
2027,3,15,P17,280103,36.346,4,2027,3,22,25.24
2027,5,3,P17,280103,30,4,2027,5,10,20.833
2027,5,24,P17,280103,32.76,4,2027,5,31,22.75
2027,6,21,P17,280103,49.436,4,2027,6,28,34.331
2027,7,19,P17,280103,107.52,4,2027,7,26,74.667
2027,8,23,P17,280103,41.466,4,2027,8,30,28.796
2027,9,6,P17,280103,40.606,4,2027,9,13,28.199
2027,9,13,P17,280103,44.086,4,2027,9,20,30.615
2027,9,20,P17,280103,43.208,4,2027,9,27,30.006
2027,11,1,P17,280103,36.248,4,2027,11,8,25.172
2027,11,8,P17,280103,36.42,4,2027,11,15,25.292
2027,11,15,P17,280103,73.494,4,2027,11,22,51.038
2027,12,20,P17,280103,10.755,4,2027,12,27,7.468
2028,1,3,P17,280103,44.092,4,2028,1,10,30.619
2028,1,17,P17,280104,9.392,4,2028,1,24,6.522
2027,11,29,P17,280104,0.4,4,2027,12,6,0.278
2027,12,6,P17,280104,18.056,4,2027,12,13,12.539
2027,11,8,P17,280104,20.872,4,2027,11,15,14.494
2027,9,6,P17,280104,50.296,4,2027,9,13,34.928
2027,10,4,P17,280104,4.658,4,2027,10,11,3.235
2027,10,11,P17,280104,21.802,4,2027,10,18,15.14
2027,5,17,P17,280104,44.13,4,2027,5,24,30.646
2027,2,8,P17,280104,57.219,4,2027,2,15,39.736
2027,3,1,P17,280104,30,4,2027,3,8,20.833
2027,3,15,P17,280104,33.411,4,2027,3,22,23.202
2027,1,11,P17,280104,35.29,4,2027,1,18,24.507
2026,11,16,P17,280104,50.329,4,2026,11,23,38.97
2026,12,7,P17,280104,58.958,4,2026,12,14,45.335
2026,8,24,P17,280104,42.946,4,2026,8,31,33.963
2026,9,28,P17,280104,30,4,2026,10,5,23.392
2026,9,7,P17,280169,49.794,4,2026,9,14,39.1
2026,11,2,P17,280169,34.578,4,2026,11,9,26.774
2026,11,30,P17,280169,32.479,4,2026,12,7,24.974
2027,1,4,P17,280169,53.392,4,2027,1,11,37.078
2027,2,8,P17,280169,30,4,2027,2,15,20.833
2027,3,1,P17,280169,44.554,4,2027,3,8,30.94
2027,3,22,P17,280169,42.022,4,2027,3,29,29.182
2027,4,5,P17,280169,59.782,4,2027,4,12,41.515
2027,4,26,P17,280169,30,4,2027,5,3,20.833
2027,5,3,P17,280169,39.444,4,2027,5,10,27.392
2027,6,7,P17,280169,55.064,4,2027,6,14,38.239
2027,7,12,P17,280169,30,4,2027,7,19,20.833
2027,7,19,P17,280169,30,4,2027,7,26,20.833
2027,8,2,P17,280169,30.128,4,2027,8,9,20.922
2027,9,20,P17,280169,20.306,4,2027,9,27,14.101
2027,9,27,P17,280169,16.152,4,2027,10,4,11.217
2027,10,18,P17,280169,15.94,4,2027,10,25,11.069
2027,11,1,P17,280169,15.514,4,2027,11,8,10.774
2027,12,6,P17,280169,19.532,4,2027,12,13,13.564
2027,12,13,P17,280169,58.81,4,2027,12,20,40.84
2028,1,3,P17,280169,19.226,4,2028,1,10,13.351
2028,1,10,P17,280169,19.158,4,2028,1,17,13.304
2027,3,29,P17,280212,30,4,2027,4,5,20.833
2027,4,12,P17,280212,30,4,2027,4,19,20.833
2027,5,3,P17,280212,39.927,4,2027,5,10,27.727
2027,5,31,P17,280212,43.77,4,2027,6,7,30.396
2027,6,7,P17,280212,44.148,4,2027,6,14,30.658
2027,6,21,P17,280212,30,4,2027,6,28,20.833
2027,7,5,P17,280212,35.948,4,2027,7,12,24.964
2026,9,7,P17,280212,32.549,4,2026,9,14,25.559
2026,9,14,P17,280212,30,4,2026,9,21,23.557
2026,9,21,P17,280212,30,4,2026,9,28,23.557
2027,2,15,P17,280212,30,4,2027,2,22,20.833
2027,2,22,P17,280212,46.06,4,2027,3,1,31.986
2027,3,1,P17,280213,30,4,2027,3,8,20.833
2027,7,12,P17,280213,31.317,4,2027,7,19,21.748
2026,9,21,P17,280318,30,4,2026,9,28,23.557
2026,11,2,P17,280323,45.102,4,2026,11,9,34.922
2027,3,15,P17,280323,30,4,2027,3,22,20.833
2027,9,27,P17,280323,5.192,4,2027,10,4,3.606
2027,10,11,P17,280323,5.05,4,2027,10,18,3.507
2027,12,20,P17,280323,11.188,4,2027,12,27,7.769
2026,8,31,P17,280324,42.13,4,2026,9,7,33.082
2026,10,12,P17,280324,109.427,4,2026,10,19,85.323
2026,11,9,P17,280324,50.96,4,2026,11,16,39.458
2026,12,7,P17,280324,48.298,4,2026,12,14,37.138
2027,2,1,P17,280324,32.698,4,2027,2,8,22.707
2027,2,22,P17,280324,38.514,4,2027,3,1,26.746
2027,3,8,P17,280324,30,4,2027,3,15,20.833
2027,3,22,P17,280324,144.794,4,2027,3,29,100.551
2027,4,19,P17,280324,57.23,4,2027,4,26,39.743
2027,4,26,P17,280324,100.76,4,2027,5,3,69.972
2027,5,3,P17,280324,37.702,4,2027,5,10,26.182
2027,5,17,P17,280324,88.872,4,2027,5,24,61.717
2027,5,24,P17,280324,30,4,2027,5,31,20.833
2027,5,31,P17,280324,86.889,4,2027,6,7,60.34
2027,6,21,P17,280324,30,4,2027,6,28,20.833
2027,6,28,P17,280324,30,4,2027,7,5,20.833
2027,8,2,P17,280324,67.552,4,2027,8,9,46.911
2027,8,30,P17,280324,77.38,4,2027,9,6,53.736
2027,9,20,P17,280324,79.71,4,2027,9,27,55.354
2027,9,27,P17,280324,80.55,4,2027,10,4,55.937
2027,10,4,P17,280324,17.436,4,2027,10,11,12.108
2027,10,18,P17,280324,61.89,4,2027,10,25,42.979
2027,11,1,P17,280324,54.39,4,2027,11,8,37.771
2027,11,29,P17,280324,84.21,4,2027,12,6,58.479
2027,12,6,P17,280324,84.21,4,2027,12,13,58.479
2027,12,20,P17,280324,36.356,4,2027,12,27,25.247
2027,12,27,P17,280324,72.723,4,2028,1,3,50.502
2028,1,3,P17,280324,83.05,4,2028,1,10,57.674
2028,1,10,P17,280324,83.05,4,2028,1,17,57.674
2028,1,17,P17,280324,78.5,4,2028,1,24,54.514
2028,1,24,P17,280324,20.35,4,2028,1,31,14.132
2026,9,28,P17,280344,30,4,2026,10,5,23.392
2026,10,12,P17,280344,55.208,4,2026,10,19,43.047
2026,12,21,P17,280344,42.828,4,2026,12,28,32.932
2027,1,4,P17,280344,41.246,4,2027,1,11,28.643
2027,3,8,P17,280344,30,4,2027,3,15,20.833
2027,8,23,P17,280344,48.13,4,2027,8,30,33.424
2027,8,30,P17,280344,33.808,4,2027,9,6,23.478
2027,11,15,P17,280344,57.788,4,2027,11,22,40.131
2027,11,22,P17,280421,32.84,4,2027,11,29,22.806
2026,12,28,P17,280421,30,4,2027,1,4,20.833
2026,12,21,P17,280421,30,4,2026,12,28,23.068
2026,11,2,P17,280421,43.27,4,2026,11,9,33.504
2026,8,31,P17,280421,30,4,2026,9,7,23.557
2026,9,14,P17,280421,30,4,2026,9,21,23.557
2026,9,21,P17,280425,18,4,2026,9,28,14.134
2027,2,15,P17,280425,30,4,2027,2,22,20.833
2027,9,27,P17,280425,2.45,4,2027,10,4,1.701
2027,10,18,P17,280425,1.9,4,2027,10,25,1.319
2027,11,1,P17,280425,1.44,4,2027,11,8,1
2028,1,10,P17,280425,1.79,4,2028,1,17,1.243
2026,8,17,P17,280451,25.884,4,2026,8,24,20.47
2027,5,31,P17,280451,30.02,4,2027,6,7,20.847
2026,8,17,P17,280453,20.877,4,2026,8,24,16.51
2027,1,11,P17,280453,36.67,4,2027,1,18,25.465
2027,4,12,P17,280453,30,4,2027,4,19,20.833
2027,11,1,P17,280454,1.45,4,2027,11,8,1.007
2027,11,8,P17,280454,1.45,4,2027,11,15,1.007
2027,11,15,P17,280454,3.5,4,2027,11,22,2.431
2028,1,24,P17,280454,0.89,4,2028,1,31,0.618
2026,8,3,P17,280480,194.199,4,2026,8,10,153.578
2026,8,10,P17,280480,200,4,2026,8,17,158.165
2026,8,17,P17,280480,136,4,2026,8,24,107.552
2026,8,24,P17,280480,24.936,4,2026,8,31,19.72
2026,8,31,P17,280480,30,4,2026,9,7,23.557
2026,9,14,P17,280480,30,4,2026,9,21,23.557
2026,9,21,P17,280480,85.503,4,2026,9,28,67.14
2026,10,5,P17,280480,30,4,2026,10,12,23.392
2026,10,19,P17,280480,172,4,2026,10,26,134.113
2026,10,26,P17,280480,30,4,2026,11,2,23.392
2026,11,16,P17,280480,30,4,2026,11,23,23.229
2026,11,30,P17,280480,173,4,2026,12,7,133.026
2027,1,11,P17,280480,85,4,2027,1,18,59.028
2027,1,18,P17,280480,194,4,2027,1,25,134.722
2027,1,25,P17,280480,182,4,2027,2,1,126.389
2027,2,1,P17,280480,71,4,2027,2,8,49.306
2027,2,15,P17,280480,30,4,2027,2,22,20.833
2027,3,15,P17,280480,30,4,2027,3,22,20.833
2027,3,29,P17,280480,74,4,2027,4,5,51.389
2027,4,5,P17,280480,30,4,2027,4,12,20.833
2027,4,12,P17,280480,76,4,2027,4,19,52.778
2027,4,19,P17,280480,30,4,2027,4,26,20.833
2027,4,26,P17,280480,91,4,2027,5,3,63.194
2027,5,10,P17,280480,30,4,2027,5,17,20.833
2027,5,17,P17,280480,30,4,2027,5,24,20.833
2027,5,24,P17,280480,159,4,2027,5,31,110.417
2027,5,31,P17,280480,30,4,2027,6,7,20.833
2027,6,21,P17,280480,31,4,2027,6,28,21.528
2027,6,28,P17,280480,42,4,2027,7,5,29.167
2027,7,5,P17,280480,30,4,2027,7,12,20.833
2027,7,12,P17,280480,30,4,2027,7,19,20.833
2027,7,19,P17,280480,30,4,2027,7,26,20.833
2027,7,26,P17,280480,41,4,2027,8,2,28.472
2027,8,9,P17,280480,164,4,2027,8,16,113.889
2027,8,16,P17,280480,197,4,2027,8,23,136.806
2027,8,23,P17,280480,91,4,2027,8,30,63.194
2027,8,30,P17,280480,30,4,2027,9,6,20.833
2027,9,6,P17,280480,30,4,2027,9,13,20.833
2027,9,20,P17,280480,48.142,4,2027,9,27,33.432
2027,9,27,P17,280480,49.097,4,2027,10,4,34.095
2027,10,11,P17,280480,124.02,4,2027,10,18,86.125
2027,10,18,P17,280480,122.108,4,2027,10,25,84.797
2027,10,25,P17,280480,195.186,4,2027,11,1,135.546
2027,12,6,P17,280480,24.948,4,2027,12,13,17.325
2026,8,24,P17,280490,24.691,4,2026,8,31,19.526
2026,9,14,P17,280490,36.37,4,2026,9,21,28.559
2026,11,9,P17,280490,57.51,4,2026,11,16,44.53
2027,1,25,P17,280490,45.52,4,2027,2,1,31.611
2027,2,1,P17,280490,46.6,4,2027,2,8,32.361
2027,3,29,P17,280490,52.546,4,2027,4,5,36.49
2027,4,5,P17,280490,30.577,4,2027,4,12,21.234
2027,6,21,P17,280490,49.324,4,2027,6,28,34.253
2027,6,28,P17,280490,47.25,4,2027,7,5,32.813
2027,7,12,P17,280490,36.799,4,2027,7,19,25.555
2027,7,19,P17,280490,30,4,2027,7,26,20.833
2027,7,26,P17,280490,61.9,4,2027,8,2,42.986
2027,8,2,P17,280490,35.04,4,2027,8,9,24.333
2027,8,9,P17,280490,30,4,2027,8,16,20.833
2027,9,13,P17,280490,53.494,4,2027,9,20,37.148
2027,11,1,P17,280490,42.6,4,2027,11,8,29.583
2027,11,15,P17,280490,71.486,4,2027,11,22,49.643
2027,12,13,P17,280490,37.562,4,2027,12,20,26.084
2027,12,20,P17,280490,38.7,4,2027,12,27,26.875
2027,12,27,P17,280490,39.15,4,2028,1,3,27.187
2028,1,17,P17,280490,37.94,4,2028,1,24,26.347
2026,11,16,P17,280493,18,4,2026,11,23,13.937
2028,1,17,P17,280493,0.002,4,2028,1,24,0.001
2026,9,14,P17,280559,30,4,2026,9,21,23.557
2027,5,17,P17,280559,30,4,2027,5,24,20.833
2027,6,7,P17,280559,30,4,2027,6,14,20.833
2027,10,25,P17,280559,7.68,4,2027,11,1,5.333
2027,11,1,P17,280559,7.92,4,2027,11,8,5.5
2027,11,8,P17,280559,7.92,4,2027,11,15,5.5
2027,11,15,P17,280559,15.492,4,2027,11,22,10.758
2027,12,6,P17,280559,7.05,4,2027,12,13,4.896
2027,12,20,P17,280559,7.198,4,2027,12,27,4.999
2027,12,27,P17,280559,7.46,4,2028,1,3,5.181
2028,1,10,P17,280559,7.52,4,2028,1,17,5.222
2028,1,17,P17,280559,7.524,4,2028,1,24,5.225
2026,8,24,P17,280590,57.192,4,2026,8,31,45.229
2026,9,14,P17,280590,44.84,4,2026,9,21,35.21
2026,12,14,P17,280590,30,4,2026,12,21,23.068
2027,2,8,P17,280590,39.411,4,2027,2,15,27.369
2027,4,12,P17,280590,75.68,4,2027,4,19,52.556
2027,6,28,P17,280590,43.47,4,2027,7,5,30.187
2027,7,12,P17,280590,37.69,4,2027,7,19,26.174
2027,7,26,P17,280590,40.33,4,2027,8,2,28.007
2027,8,16,P17,280590,30.52,4,2027,8,23,21.194
2027,9,6,P17,280590,30,4,2027,9,13,20.833
2027,9,13,P17,280590,60.5,4,2027,9,20,42.014
2027,10,4,P17,280590,34.51,4,2027,10,11,23.965
2027,11,1,P17,280590,34.46,4,2027,11,8,23.931
2027,11,8,P17,280590,34.46,4,2027,11,15,23.931
2027,12,6,P17,280590,3.598,4,2027,12,13,2.499
2027,12,13,P17,280590,17.923,4,2027,12,20,12.447
2027,12,20,P17,280590,25.294,4,2027,12,27,17.565
2027,12,27,P17,280590,16.42,4,2028,1,3,11.403
2027,2,22,P17,280591,30,4,2027,3,1,20.833
2027,3,1,P17,280591,30,4,2027,3,8,20.833
2027,3,15,P17,280591,34,4,2027,3,22,23.611
2027,3,29,P17,280591,30,4,2027,4,5,20.833
2027,4,5,P17,280591,30,4,2027,4,12,20.833
2027,6,21,P17,280591,32,4,2027,6,28,22.222
2027,7,19,P17,280591,30,4,2027,7,26,20.833
2027,8,2,P17,280591,30,4,2027,8,9,20.833
2027,8,30,P17,280591,30,4,2027,9,6,20.833
2027,9,6,P17,280591,30,4,2027,9,13,20.833
2027,9,13,P17,280591,30,4,2027,9,20,20.833
2027,11,1,P17,280591,25.9,4,2027,11,8,17.986
2027,11,8,P17,280591,12.638,4,2027,11,15,8.776
2027,12,20,P17,280591,27.47,4,2027,12,27,19.076
2027,12,27,P17,280591,26.967,4,2028,1,3,18.727
2027,2,22,P17,280592,30,4,2027,3,1,20.833
2027,3,8,P17,280592,31.278,4,2027,3,15,21.721
2027,4,19,P17,280592,47.708,4,2027,4,26,33.131
2026,8,3,P17,570261,28.72,4,2026,8,10,22.713
2027,11,22,P17,570261,0.28,4,2027,11,29,0.194
2026,8,24,P18,280103,42.44,4,2026,8,31,31.97
2026,9,21,P18,280103,41.167,4,2026,9,28,30.802
2026,9,28,P18,280103,40.162,4,2026,10,5,29.849
2026,10,5,P18,280103,42.868,4,2026,10,12,31.86
2026,10,12,P18,280103,38.572,4,2026,10,19,28.668
2026,10,19,P18,280103,30,4,2026,10,26,22.297
2026,10,26,P18,280103,127.83,4,2026,11,2,95.006
2026,11,16,P18,280103,59.492,4,2026,11,23,43.922
2026,11,30,P18,280103,61.673,4,2026,12,7,45.231
2026,12,7,P18,280103,78.043,4,2026,12,14,57.237
2027,1,4,P18,280103,45.954,4,2027,1,11,31.913
2027,1,11,P18,280103,58.005,4,2027,1,18,40.281
2027,1,25,P18,280103,30.52,4,2027,2,1,21.194
2027,3,1,P18,280103,45.856,4,2027,3,8,31.844
2027,3,8,P18,280103,43.52,4,2027,3,15,30.222
2027,3,22,P18,280103,84.212,4,2027,3,29,58.481
2027,3,29,P18,280103,46.96,4,2027,4,5,32.611
2027,4,5,P18,280103,43.856,4,2027,4,12,30.456
2027,4,19,P18,280103,49.73,4,2027,4,26,34.535
2027,5,3,P18,280103,30,4,2027,5,10,20.833
2027,5,10,P18,280103,30,4,2027,5,17,20.833
2027,5,17,P18,280103,43.364,4,2027,5,24,30.114
2027,5,31,P18,280103,56.696,4,2027,6,7,39.372
2027,6,7,P18,280103,48.564,4,2027,6,14,33.725
2027,6,14,P18,280103,50.22,4,2027,6,21,34.875
2027,6,28,P18,280103,45.376,4,2027,7,5,31.511
2027,7,5,P18,280103,33.55,4,2027,7,12,23.299
2027,8,2,P18,280103,43.124,4,2027,8,9,29.947
2027,8,9,P18,280103,40.288,4,2027,8,16,27.978
2027,8,16,P18,280103,40.16,4,2027,8,23,27.889
2027,8,30,P18,280103,42.056,4,2027,9,6,29.206
2027,9,27,P18,280103,38.384,4,2027,10,4,26.656
2027,10,4,P18,280103,37.382,4,2027,10,11,25.96
2027,10,11,P18,280103,38.262,4,2027,10,18,26.571
2027,10,18,P18,280103,38.312,4,2027,10,25,26.606
2027,11,29,P18,280103,40.48,4,2027,12,6,28.111
2027,12,6,P18,280103,41.48,4,2027,12,13,28.806
2027,12,13,P18,280103,41.34,4,2027,12,20,28.708
2028,1,10,P18,280103,44.216,4,2028,1,17,30.706
2028,1,17,P18,280103,43.786,4,2028,1,24,30.407
2027,12,13,P18,280104,12.868,4,2027,12,20,8.936
2027,12,20,P18,280104,22.41,4,2027,12,27,15.563
2027,12,27,P18,280104,22.57,4,2028,1,3,15.674
2028,1,3,P18,280104,22.93,4,2028,1,10,15.924
2028,1,10,P18,280104,23.074,4,2028,1,17,16.024
2027,11,1,P18,280104,1.466,4,2027,11,8,1.018
2027,11,15,P18,280104,41.498,4,2027,11,22,28.818
2027,9,20,P18,280104,27.396,4,2027,9,27,19.025
2027,9,27,P18,280104,23.732,4,2027,10,4,16.481
2027,10,4,P18,280104,16.76,4,2027,10,11,11.639
2027,10,18,P18,280104,22.74,4,2027,10,25,15.792
2027,8,2,P18,280104,40.396,4,2027,8,9,28.053
2027,6,21,P18,280104,40.411,4,2027,6,28,28.063
2027,7,19,P18,280104,30,4,2027,7,26,20.833
2027,7,26,P18,280104,72.371,4,2027,8,2,50.258
2027,5,31,P18,280104,49.632,4,2027,6,7,34.467
2027,3,29,P18,280104,30,4,2027,4,5,20.833
2027,3,8,P18,280104,30,4,2027,3,15,20.833
2027,1,4,P18,280104,30,4,2027,1,11,20.833
2027,2,1,P18,280104,30.52,4,2027,2,8,21.194
2026,10,19,P18,280104,30,4,2026,10,26,22.297
2026,10,26,P18,280104,34.759,4,2026,11,2,25.834
2026,11,2,P18,280104,59.011,4,2026,11,9,43.567
2026,9,7,P18,280104,49.967,4,2026,9,14,37.386
2026,9,14,P18,280104,42.504,4,2026,9,21,31.803
2026,9,21,P18,280104,30,4,2026,9,28,22.447
2026,10,5,P18,280104,30,4,2026,10,12,22.297
2026,11,9,P18,280212,72.436,4,2026,11,16,53.478
2027,8,30,P18,280212,30,4,2027,9,6,20.833
2027,9,27,P18,280212,20.812,4,2027,10,4,14.453
2027,10,11,P18,280212,20.82,4,2027,10,18,14.458
2027,11,8,P18,280212,18.078,4,2027,11,15,12.554
2027,11,15,P18,280212,38.296,4,2027,11,22,26.594
2027,11,29,P18,280212,20.718,4,2027,12,6,14.388
2027,12,6,P18,280212,20.71,4,2027,12,13,14.382
2027,12,13,P18,280212,20.71,4,2027,12,20,14.382
2027,12,20,P18,280212,21.462,4,2027,12,27,14.904
2027,12,27,P18,280212,21.842,4,2028,1,3,15.168
2028,1,3,P18,280212,21.882,4,2028,1,10,15.196
2028,1,10,P18,280212,21.88,4,2028,1,17,15.194
2028,1,17,P18,280212,22.088,4,2028,1,24,15.339
2028,1,24,P18,280212,4.58,4,2028,1,31,3.181
2028,1,31,P18,280212,0.038,4,2028,2,7,0.026
2026,10,19,P18,280213,30,4,2026,10,26,22.297
2026,11,2,P18,280213,30,4,2026,11,9,22.148
2027,3,8,P18,280213,30,4,2027,3,15,20.833
2027,8,23,P18,280213,30,4,2027,8,30,20.833
2027,9,20,P18,280213,22.452,4,2027,9,27,15.592
2027,9,27,P18,280213,10.282,4,2027,10,4,7.14
2027,10,4,P18,280213,10.28,4,2027,10,11,7.139
2027,10,11,P18,280213,10.28,4,2027,10,18,7.139
2027,11,8,P18,280213,31.048,4,2027,11,15,21.561
2027,11,29,P18,280213,12.742,4,2027,12,6,8.849
2027,12,20,P18,280213,13.57,4,2027,12,27,9.424
2027,12,27,P18,280213,14.002,4,2028,1,3,9.724
2026,9,28,P18,280323,51.736,4,2026,10,5,38.452
2027,2,1,P18,280323,30,4,2027,2,8,20.833
2027,3,15,P18,280323,32.912,4,2027,3,22,22.856
2027,4,26,P18,280323,30,4,2027,5,3,20.833
2027,7,26,P18,280323,30.453,4,2027,8,2,21.148
2027,9,20,P18,280323,5.76,4,2027,9,27,4
2027,10,4,P18,280323,5.05,4,2027,10,11,3.507
2027,10,18,P18,280323,19.138,4,2027,10,25,13.29
2027,10,25,P18,280323,57.284,4,2027,11,1,39.781
2027,11,29,P18,280323,5.426,4,2027,12,6,3.768
2028,1,3,P18,280323,3.208,4,2028,1,10,2.228
2028,1,10,P18,280323,1.36,4,2028,1,17,0.944
2026,8,17,P18,280324,20.444,4,2026,8,24,15.4
2026,8,24,P18,280324,76.364,4,2026,8,31,57.525
2026,8,31,P18,280324,31.167,4,2026,9,7,23.32
2026,9,28,P18,280324,90.691,4,2026,10,5,67.403
2026,11,30,P18,280324,119.2,4,2026,12,7,87.422
2026,12,14,P18,280324,67.383,4,2026,12,21,49.419
2027,1,4,P18,280324,50.566,4,2027,1,11,35.115
2027,1,11,P18,280324,67.311,4,2027,1,18,46.744
2027,1,18,P18,280324,30.68,4,2027,1,25,21.306
2027,2,15,P18,280324,68.84,4,2027,2,22,47.806
2027,3,1,P18,280324,30.614,4,2027,3,8,21.26
2027,3,15,P18,280324,134.608,4,2027,3,22,93.478
2027,3,22,P18,280324,63.308,4,2027,3,29,43.964
2027,4,19,P18,280324,30,4,2027,4,26,20.833
2027,5,10,P18,280324,56.79,4,2027,5,17,39.437
2027,5,17,P18,280324,39.346,4,2027,5,24,27.324
2027,5,24,P18,280324,147.18,4,2027,5,31,102.208
2027,6,7,P18,280324,115.386,4,2027,6,14,80.129
2027,6,21,P18,280324,151.349,4,2027,6,28,105.104
2027,6,28,P18,280324,32.144,4,2027,7,5,22.322
2027,7,12,P18,280324,151.54,4,2027,7,19,105.236
2027,7,26,P18,280324,87.558,4,2027,8,2,60.804
2027,8,2,P18,280324,30,4,2027,8,9,20.833
2027,8,9,P18,280324,77.757,4,2027,8,16,53.998
2027,8,16,P18,280324,104.36,4,2027,8,23,72.472
2027,8,23,P18,280324,47.033,4,2027,8,30,32.662
2027,9,6,P18,280324,77.38,4,2027,9,13,53.736
2027,10,11,P18,280324,81.393,4,2027,10,18,56.523
2027,10,18,P18,280324,22.84,4,2027,10,25,15.861
2027,10,25,P18,280324,127.366,4,2027,11,1,88.449
2027,12,13,P18,280324,136.762,4,2027,12,20,94.973
2026,8,3,P18,280344,29.999,4,2026,8,10,22.598
2026,9,14,P18,280344,73.34,4,2026,9,21,54.874
2026,9,21,P18,280344,30,4,2026,9,28,22.447
2026,10,5,P18,280344,34.436,4,2026,10,12,25.593
2026,11,2,P18,280344,30,4,2026,11,9,22.148
2026,11,9,P18,280344,57.969,4,2026,11,16,42.798
2026,11,16,P18,280344,74.519,4,2026,11,23,55.016
2026,12,14,P18,280344,30,4,2026,12,21,22.002
2027,2,8,P18,280344,37.967,4,2027,2,15,26.366
2027,4,26,P18,280344,93.024,4,2027,5,3,64.6
2027,7,12,P18,280344,60.14,4,2027,7,19,41.764
2027,8,23,P18,280344,70.487,4,2027,8,30,48.949
2027,9,6,P18,280344,100.14,4,2027,9,13,69.542
2027,9,13,P18,280344,30.72,4,2027,9,20,21.333
2027,9,20,P18,280344,82.571,4,2027,9,27,57.341
2027,9,27,P18,280344,12.644,4,2027,10,4,8.781
2027,10,11,P18,280344,10.62,4,2027,10,18,7.375
2027,10,18,P18,280344,11.02,4,2027,10,25,7.653
2027,11,8,P18,280344,10.24,4,2027,11,15,7.111
2027,11,29,P18,280344,9.984,4,2027,12,6,6.933
2027,12,6,P18,280344,10.48,4,2027,12,13,7.278
2027,12,20,P18,280344,10.48,4,2027,12,27,7.278
2027,12,27,P18,280344,10.398,4,2028,1,3,7.221
2028,1,3,P18,280344,10.048,4,2028,1,10,6.978
2028,1,10,P18,280344,9.962,4,2028,1,17,6.918
2028,1,17,P18,280344,9.968,4,2028,1,24,6.922
2028,1,24,P18,280344,9.968,4,2028,1,31,6.922
2028,1,31,P18,280344,8,4,2028,2,7,5.556
2026,8,10,P18,280421,69.5,4,2026,8,17,52.354
2026,9,28,P18,280421,30,4,2026,10,5,22.297
2026,8,10,P18,280451,91.2,4,2026,8,17,68.701
2027,7,5,P18,280451,39.14,4,2027,7,12,27.181
2026,8,17,P18,280452,35.515,4,2026,8,24,26.753
2026,12,7,P18,280452,37.39,4,2026,12,14,27.422
2026,8,10,P18,280453,50,4,2026,8,17,37.665
2026,8,24,P18,280453,36,4,2026,8,31,27.119
2026,9,14,P18,280453,40.323,4,2026,9,21,30.171
2026,11,30,P18,280453,34.56,4,2026,12,7,25.347
2027,2,22,P18,280454,30,4,2027,3,1,20.833
2027,9,27,P18,280454,2.42,4,2027,10,4,1.681
2027,10,18,P18,280454,2.06,4,2027,10,25,1.431
2027,12,6,P18,280454,2.42,4,2027,12,13,1.681
2027,12,20,P18,280454,2.43,4,2027,12,27,1.688
2027,12,27,P18,280454,2.43,4,2028,1,3,1.688
2028,1,3,P18,280454,2.43,4,2028,1,10,1.688
2028,1,10,P18,280454,2.43,4,2028,1,17,1.688
2026,8,17,P18,280480,100,4,2026,8,24,75.33
2026,8,31,P18,280480,150,4,2026,9,7,112.233
2026,9,7,P18,280480,101,4,2026,9,14,75.571
2026,9,14,P18,280480,55,4,2026,9,21,41.152
2026,9,21,P18,280480,50,4,2026,9,28,37.411
2026,10,19,P18,280480,50,4,2026,10,26,37.161
2026,10,26,P18,280480,50,4,2026,11,2,37.161
2026,11,2,P18,280480,95,4,2026,11,9,70.137
2026,11,9,P18,280480,50,4,2026,11,16,36.914
2026,11,16,P18,280480,50,4,2026,11,23,36.914
2026,12,7,P18,280480,100,4,2026,12,14,73.341
2027,1,4,P18,280480,101,4,2027,1,11,70.139
2027,1,11,P18,280480,50,4,2027,1,18,34.722
2027,1,18,P18,280480,181,4,2027,1,25,125.694
2027,1,25,P18,280480,197,4,2027,2,1,136.806
2027,2,1,P18,280480,167,4,2027,2,8,115.972
2027,2,8,P18,280480,159,4,2027,2,15,110.417
2027,2,15,P18,280480,113,4,2027,2,22,78.472
2027,2,22,P18,280480,50,4,2027,3,1,34.722
2027,3,1,P18,280480,70,4,2027,3,8,48.611
2027,3,8,P18,280480,64,4,2027,3,15,44.444
2027,3,22,P18,280480,50,4,2027,3,29,34.722
2027,3,29,P18,280480,50,4,2027,4,5,34.722
2027,4,5,P18,280480,78,4,2027,4,12,54.167
2027,4,26,P18,280480,50,4,2027,5,3,34.722
2027,5,3,P18,280480,83,4,2027,5,10,57.639
2027,5,10,P18,280480,110,4,2027,5,17,76.389
2027,5,31,P18,280480,50,4,2027,6,7,34.722
2027,6,14,P18,280480,95,4,2027,6,21,65.972
2027,6,28,P18,280480,50,4,2027,7,5,34.722
2027,7,5,P18,280480,50,4,2027,7,12,34.722
2027,7,19,P18,280480,50,4,2027,7,26,34.722
2027,8,2,P18,280480,114,4,2027,8,9,79.167
2027,8,16,P18,280480,83,4,2027,8,23,57.639
2027,8,23,P18,280480,80,4,2027,8,30,55.556
2027,8,30,P18,280480,50,4,2027,9,6,34.722
2027,9,6,P18,280480,50,4,2027,9,13,34.722
2027,9,13,P18,280480,132,4,2027,9,20,91.667
2027,9,20,P18,280480,21.229,4,2027,9,27,14.742
2027,9,27,P18,280480,14.334,4,2027,10,4,9.954
2027,10,4,P18,280480,61.508,4,2027,10,11,42.714
2027,11,1,P18,280480,226.054,4,2027,11,8,156.982
2027,11,8,P18,280480,14.372,4,2027,11,15,9.981
2027,11,15,P18,280480,0.692,4,2027,11,22,0.48
2027,12,6,P18,280480,114.76,4,2027,12,13,79.694
2027,12,20,P18,280480,86.608,4,2027,12,27,60.144
2027,12,27,P18,280480,81.148,4,2028,1,3,56.353
2028,1,3,P18,280480,67.522,4,2028,1,10,46.89
2028,1,10,P18,280480,55.04,4,2028,1,17,38.222
2026,8,17,P18,280490,34.748,4,2026,8,24,26.175
2026,9,7,P18,280490,60.2,4,2026,9,14,45.043
2026,10,12,P18,280490,30,4,2026,10,19,22.297
2027,1,11,P18,280490,46.444,4,2027,1,18,32.253
2027,2,22,P18,280490,46.96,4,2027,3,1,32.611
2027,3,1,P18,280490,51.05,4,2027,3,8,35.451
2027,3,8,P18,280490,30,4,2027,3,15,20.833
2027,3,15,P18,280490,30,4,2027,3,22,20.833
2027,3,22,P18,280490,30,4,2027,3,29,20.833
2027,4,26,P18,280490,48.736,4,2027,5,3,33.844
2027,5,3,P18,280490,55.03,4,2027,5,10,38.215
2027,5,17,P18,280490,43.13,4,2027,5,24,29.951
2027,5,31,P18,280490,32.522,4,2027,6,7,22.585
2027,7,19,P18,280490,58.14,4,2027,7,26,40.375
2027,8,30,P18,280490,48.35,4,2027,9,6,33.576
2027,9,20,P18,280490,31.513,4,2027,9,27,21.884
2027,10,4,P18,280490,46.71,4,2027,10,11,32.438
2027,10,11,P18,280490,46.71,4,2027,10,18,32.438
2027,10,18,P18,280490,44.65,4,2027,10,25,31.007
2027,10,25,P18,280490,42.87,4,2027,11,1,29.771
2027,11,8,P18,280490,42.6,4,2027,11,15,29.583
2027,11,15,P18,280490,9.594,4,2027,11,22,6.663
2027,11,29,P18,280490,37.67,4,2027,12,6,26.16
2027,12,6,P18,280490,37.67,4,2027,12,13,26.16
2027,3,8,P18,280559,30,4,2027,3,15,20.833
2027,7,26,P18,280559,31.378,4,2027,8,2,21.79
2027,9,27,P18,280559,6.91,4,2027,10,4,4.799
2027,10,4,P18,280559,6.91,4,2027,10,11,4.799
2027,10,11,P18,280559,3.595,4,2027,10,18,2.497
2028,1,3,P18,280559,7.52,4,2028,1,10,5.222
2027,3,15,P18,280564,30,4,2027,3,22,20.833
2026,8,24,P18,280590,54.94,4,2026,8,31,41.386
2026,9,21,P18,280590,30,4,2026,9,28,22.447
2026,10,12,P18,280590,30,4,2026,10,19,22.297
2026,10,19,P18,280590,39.805,4,2026,10,26,29.584
2027,2,22,P18,280590,30,4,2027,3,1,20.833
2027,3,1,P18,280590,30,4,2027,3,8,20.833
2027,3,29,P18,280590,30,4,2027,4,5,20.833
2027,4,5,P18,280590,30,4,2027,4,12,20.833
2027,4,19,P18,280590,30,4,2027,4,26,20.833
2027,5,10,P18,280590,30.73,4,2027,5,17,21.34
2027,5,17,P18,280590,35.77,4,2027,5,24,24.84
2027,5,24,P18,280590,38.17,4,2027,5,31,26.507
2027,5,31,P18,280590,38.67,4,2027,6,7,26.854
2027,6,7,P18,280590,30,4,2027,6,14,20.833
2027,6,14,P18,280590,30,4,2027,6,21,20.833
2027,6,21,P18,280590,30,4,2027,6,28,20.833
2027,7,5,P18,280590,40.03,4,2027,7,12,27.799
2027,7,19,P18,280590,38.91,4,2027,7,26,27.021
2027,8,9,P18,280590,44.675,4,2027,8,16,31.025
2027,8,30,P18,280590,51.354,4,2027,9,6,35.662
2027,9,20,P18,280590,36.6,4,2027,9,27,25.417
2027,9,27,P18,280590,34.51,4,2027,10,4,23.965
2027,10,18,P18,280590,34.49,4,2027,10,25,23.951
2027,11,15,P18,280590,63.29,4,2027,11,22,43.951
2027,12,27,P18,280590,10.33,4,2028,1,3,7.173
2028,1,3,P18,280590,26.72,4,2028,1,10,18.556
2028,1,17,P18,280590,26.78,4,2028,1,24,18.597
2026,8,17,P18,280591,19.038,4,2026,8,24,14.341
2026,10,12,P18,280591,34.017,4,2026,10,19,25.282
2026,11,9,P18,280591,33.606,4,2026,11,16,24.81
2026,11,16,P18,280591,30,4,2026,11,23,22.148
2026,12,14,P18,280591,88.05,4,2026,12,21,64.576
2027,2,15,P18,280591,45.68,4,2027,2,22,31.722
2027,4,5,P18,280591,39.176,4,2027,4,12,27.206
2027,4,19,P18,280591,101.95,4,2027,4,26,70.799
2027,5,3,P18,280591,59.49,4,2027,5,10,41.312
2027,5,17,P18,280591,50.07,4,2027,5,24,34.771
2027,5,24,P18,280591,36.41,4,2027,5,31,25.285
2027,6,7,P18,280591,33.57,4,2027,6,14,23.313
2027,6,14,P18,280591,36.46,4,2027,6,21,25.319
2027,6,28,P18,280591,35.2,4,2027,7,5,24.444
2027,7,19,P18,280591,50.47,4,2027,7,26,35.049
2027,9,27,P18,280591,27.08,4,2027,10,4,18.806
2027,10,4,P18,280591,27.08,4,2027,10,11,18.806
2027,10,18,P18,280591,26.51,4,2027,10,25,18.41
2027,11,8,P18,280591,13.262,4,2027,11,15,9.21
2027,11,15,P18,280591,52.55,4,2027,11,22,36.493
2027,11,29,P18,280591,26.82,4,2027,12,6,18.625
2028,1,3,P18,280591,27.82,4,2028,1,10,19.319
2028,1,17,P18,280591,26.33,4,2028,1,24,18.285
2026,8,31,P18,280592,30,4,2026,9,7,22.447
2026,9,21,P18,280592,30,4,2026,9,28,22.447
2026,10,19,P18,280592,32.784,4,2026,10,26,24.366
2026,12,14,P18,280592,30,4,2026,12,21,22.002
2027,2,8,P18,280592,30.553,4,2027,2,15,21.217
2027,4,5,P18,280592,36.488,4,2027,4,12,25.339
2026,8,3,P18,280686,170,4,2026,8,10,128.06
2026,11,23,P18,280686,30,4,2026,11,30,22.148
2026,12,21,P18,280686,76.356,4,2026,12,28,56
2026,8,17,P18,570223,32,4,2026,8,24,24.105
2026,8,3,P18,570261,110.799,4,2026,8,10,83.464
2026,12,28,P18,570261,37.37,4,2027,1,4,25.951
2027,11,22,P18,570261,33.12,4,2027,11,29,23
2026,8,10,P19,280256,220,4,2026,8,17,147.701
2026,8,17,P19,280256,185.341,4,2026,8,24,124.432
2026,8,24,P19,280256,167.341,4,2026,8,31,112.347
2026,8,31,P19,280256,218.763,4,2026,9,7,145.988
2026,9,7,P19,280256,129.971,4,2026,9,14,86.734
2026,9,14,P19,280256,129.46,4,2026,9,21,86.393
2026,9,21,P19,280256,100,4,2026,9,28,66.733
2026,10,5,P19,280256,110,4,2026,10,12,72.968
2026,10,19,P19,280256,74.969,4,2026,10,26,49.731
2026,10,26,P19,280256,238.185,4,2026,11,2,158
2026,11,2,P19,280256,239.607,4,2026,11,9,158
2026,11,9,P19,280256,239.607,4,2026,11,16,158
2026,11,30,P19,280256,85.457,4,2026,12,7,56.019
2026,12,28,P19,280256,48.96,4,2027,1,4,34
2027,1,4,P19,280256,227.52,4,2027,1,11,158
2027,1,25,P19,280256,227.52,4,2027,2,1,158
2027,2,22,P19,280256,156.96,4,2027,3,1,109
2027,3,1,P19,280256,30,4,2027,3,8,20.833
2027,3,22,P19,280256,40.361,4,2027,3,29,28.029
2027,3,29,P19,280256,156.96,4,2027,4,5,109
2027,4,5,P19,280256,227.52,4,2027,4,12,158
2027,4,12,P19,280256,227.52,4,2027,4,19,158
2027,4,19,P19,280256,211.68,4,2027,4,26,147
2027,4,26,P19,280256,221.76,4,2027,5,3,154
2027,5,3,P19,280256,109.045,4,2027,5,10,75.726
2027,5,10,P19,280256,227.52,4,2027,5,17,158
2027,5,17,P19,280256,31.298,4,2027,5,24,21.734
2027,6,21,P19,280256,221.76,4,2027,6,28,154
2027,7,5,P19,280256,162.72,4,2027,7,12,113
2027,7,12,P19,280256,211.68,4,2027,7,19,147
2027,8,2,P19,280256,227.52,4,2027,8,9,158
2027,8,9,P19,280256,162.72,4,2027,8,16,113
2027,8,16,P19,280256,227.52,4,2027,8,23,158
2027,8,23,P19,280256,184.418,4,2027,8,30,128.068
2027,8,30,P19,280256,221.76,4,2027,9,6,154
2027,9,6,P19,280256,227.52,4,2027,9,13,158
2027,9,13,P19,280256,162.72,4,2027,9,20,113
2027,10,4,P19,280256,227.52,4,2027,10,11,158
2027,10,18,P19,280256,221.76,4,2027,10,25,154
2028,1,17,P19,280256,227.52,4,2028,1,24,158
2028,1,24,P19,280256,227.52,4,2028,1,31,158
2028,1,31,P19,280256,227.52,4,2028,2,7,158
2028,2,7,P19,280256,156.96,4,2028,2,14,109
2028,2,14,P19,280256,227.52,4,2028,2,21,158
2028,2,21,P19,280256,227.52,4,2028,2,28,158
2028,2,28,P19,280256,227.52,4,2028,3,6,158
2026,8,3,P19,280351,220,4,2026,8,10,147.701
2026,8,17,P19,280351,50,4,2026,8,24,33.568
2026,8,24,P19,280351,68,4,2026,8,31,45.653
2026,8,31,P19,280351,18,4,2026,9,7,12.012
2026,9,7,P19,280351,106.792,4,2026,9,14,71.266
2026,9,14,P19,280351,107.303,4,2026,9,21,71.607
2026,9,21,P19,280351,69.33,4,2026,9,28,46.266
2026,9,28,P19,280351,238.185,4,2026,10,5,158
2026,10,5,P19,280351,128.185,4,2026,10,12,85.032
2026,10,12,P19,280351,238.185,4,2026,10,19,158
2026,10,19,P19,280351,163.216,4,2026,10,26,108.269
2026,11,16,P19,280351,239.607,4,2026,11,23,158
2026,11,23,P19,280351,51.561,4,2026,11,30,34
2026,11,30,P19,280351,155.572,4,2026,12,7,101.981
2026,12,7,P19,280351,241.029,4,2026,12,14,158
2026,12,14,P19,280351,241.029,4,2026,12,21,158
2026,12,21,P19,280351,85.428,4,2026,12,28,56
2027,1,11,P19,280351,221.76,4,2027,1,18,154
2027,1,18,P19,280351,211.68,4,2027,1,25,147
2027,2,1,P19,280351,227.52,4,2027,2,8,158
2027,2,8,P19,280351,227.52,4,2027,2,15,158
2027,2,15,P19,280351,227.52,4,2027,2,22,158
2027,3,1,P19,280351,197.52,4,2027,3,8,137.167
2027,3,8,P19,280351,227.52,4,2027,3,15,158
2027,3,15,P19,280351,227.52,4,2027,3,22,158
2027,3,22,P19,280351,187.159,4,2027,3,29,129.971
2027,5,3,P19,280351,118.475,4,2027,5,10,82.274
2027,5,17,P19,280351,180.382,4,2027,5,24,125.266
2027,5,24,P19,280351,221.76,4,2027,5,31,154
2027,5,31,P19,280351,227.52,4,2027,6,7,158
2027,6,7,P19,280351,227.52,4,2027,6,14,158
2027,6,14,P19,280351,211.68,4,2027,6,21,147
2027,6,28,P19,280351,162.72,4,2027,7,5,113
2027,7,19,P19,280351,227.52,4,2027,7,26,158
2027,7,26,P19,280351,221.76,4,2027,8,2,154
2027,8,23,P19,280351,43.102,4,2027,8,30,29.932
2027,9,20,P19,280351,227.52,4,2027,9,27,158
2027,9,27,P19,280351,221.76,4,2027,10,4,154
2027,10,11,P19,280351,211.68,4,2027,10,18,147
2027,10,25,P19,280351,227.52,4,2027,11,1,158
2027,11,1,P19,280351,211.68,4,2027,11,8,147
2027,11,8,P19,280351,129.6,4,2027,11,15,90
2027,11,15,P19,280351,205.92,4,2027,11,22,143
2027,11,22,P19,280351,33.12,4,2027,11,29,23
2027,11,29,P19,280351,227.52,4,2027,12,6,158
2027,12,6,P19,280351,227.52,4,2027,12,13,158
2027,12,13,P19,280351,211.68,4,2027,12,20,147
2027,12,20,P19,280351,156.96,4,2027,12,27,109
2027,12,27,P19,280351,162.72,4,2028,1,3,113
2028,1,3,P19,280351,190.08,4,2028,1,10,132
2028,1,10,P19,280351,211.68,4,2028,1,17,147
2026,9,14,P20,120436,63.279,4,2026,9,21,43.069
2026,10,12,P20,120436,95.896,4,2026,10,19,64.871
2026,11,30,P20,120436,37.468,4,2026,12,7,25.041
2026,12,7,P20,120436,30,4,2026,12,14,20.05
2027,5,10,P20,120436,40.562,4,2027,5,17,28.168
2027,9,20,P20,120436,64.784,4,2027,9,27,44.989
2026,9,28,P20,120437,43.265,4,2026,10,5,29.268
2026,10,26,P20,120437,30,4,2026,11,2,20.294
2027,3,8,P20,120437,48.668,4,2027,3,15,33.797
2027,3,15,P20,120437,30.058,4,2027,3,22,20.873
2027,4,26,P20,120437,30,4,2027,5,3,20.833
2027,5,24,P20,120437,34.617,4,2027,5,31,24.04
2027,12,6,P20,120437,25.8,4,2027,12,13,17.917
2028,1,3,P20,120437,14.202,4,2028,1,10,9.862
2026,8,17,P20,120448,31.134,4,2026,8,24,21.321
2026,9,7,P20,120448,43.586,4,2026,9,14,29.665
2026,9,28,P20,120448,30,4,2026,10,5,20.294
2026,10,5,P20,120448,96.136,4,2026,10,12,65.034
2026,10,12,P20,120448,37.642,4,2026,10,19,25.464
2026,10,26,P20,120448,30,4,2026,11,2,20.294
2026,11,9,P20,120448,30,4,2026,11,16,20.171
2027,1,4,P20,120448,41.619,4,2027,1,11,28.902
2027,3,15,P20,120448,44.678,4,2027,3,22,31.027
2027,5,24,P20,120448,64.597,4,2027,5,31,44.859
2027,9,6,P20,120448,43.31,4,2027,9,13,30.076
2027,12,6,P20,120448,55.332,4,2027,12,13,38.425
2028,2,21,P20,120448,0.293,4,2028,2,28,0.204
2026,11,30,P20,241283,35.576,4,2026,12,7,23.777
2027,4,19,P20,241283,30,4,2027,4,26,20.833
2027,8,2,P20,241283,32.38,4,2027,8,9,22.486
2028,1,3,P20,241283,8.038,4,2028,1,10,5.582
2028,1,24,P20,241283,2.83,4,2028,1,31,1.965
2026,12,14,P20,251200,30,4,2026,12,21,20.05
2027,9,13,P20,251200,10.975,4,2027,9,20,7.622
2027,11,8,P20,251200,1.6,4,2027,11,15,1.111
2026,11,2,P20,251200,30,4,2026,11,9,20.171
2026,8,3,P20,280103,45,4,2026,8,10,30.817
2027,4,26,P20,280103,33.268,4,2027,5,3,23.103
2027,10,25,P20,280103,36.3,4,2027,11,1,25.208
2028,1,24,P20,280103,35.948,4,2028,1,31,24.964
2026,8,3,P20,280104,29.999,4,2026,8,10,20.544
2028,1,17,P20,280104,13.706,4,2028,1,24,9.518
2028,1,24,P20,280104,22.476,4,2028,1,31,15.608
2027,12,6,P20,280104,4.208,4,2027,12,13,2.922
2027,10,25,P20,280104,21.578,4,2027,11,1,14.985
2027,11,29,P20,280104,21.09,4,2027,12,6,14.646
2027,6,14,P20,280104,30,4,2027,6,21,20.833
2027,4,5,P20,280104,30,4,2027,4,12,20.833
2027,2,22,P20,280104,40.24,4,2027,3,1,27.944
2026,8,17,P20,280107,50,4,2026,8,24,34.241
2026,8,31,P20,280107,30,4,2026,9,7,20.419
2026,10,19,P20,280107,30,4,2026,10,26,20.294
2026,11,9,P20,280107,30,4,2026,11,16,20.171
2026,12,7,P20,280107,30,4,2026,12,14,20.05
2027,5,17,P20,280107,33.574,4,2027,5,24,23.315
2027,5,31,P20,280107,37.084,4,2027,6,7,25.753
2027,9,27,P20,280107,7.59,4,2027,10,4,5.271
2027,10,11,P20,280107,6.472,4,2027,10,18,4.494
2027,10,25,P20,280107,8.56,4,2027,11,1,5.944
2027,11,29,P20,280107,7.49,4,2027,12,6,5.201
2027,12,6,P20,280107,7.49,4,2027,12,13,5.201
2027,12,13,P20,280107,7.49,4,2027,12,20,5.201
2028,1,10,P20,280107,7.8,4,2028,1,17,5.417
2028,1,17,P20,280107,8.4,4,2028,1,24,5.833
2028,1,24,P20,280107,1.84,4,2028,1,31,1.278
2026,8,24,P20,280121,18,4,2026,8,31,12.327
2026,8,10,P20,280169,41.6,4,2026,8,17,28.488
2026,9,21,P20,280169,32.69,4,2026,9,28,22.249
2026,9,28,P20,280169,30,4,2026,10,5,20.294
2026,10,5,P20,280169,56.608,4,2026,10,12,38.294
2026,11,16,P20,280169,39.747,4,2026,11,23,26.725
2026,12,7,P20,280169,30,4,2026,12,14,20.05
2027,4,26,P20,280169,30,4,2027,5,3,20.833
2027,8,9,P20,280169,30,4,2027,8,16,20.833
2027,8,23,P20,280169,30,4,2027,8,30,20.833
2027,8,30,P20,280169,30,4,2027,9,6,20.833
2027,10,4,P20,280169,42.024,4,2027,10,11,29.183
2027,10,11,P20,280169,36.388,4,2027,10,18,25.269
2027,10,25,P20,280169,15.664,4,2027,11,1,10.878
2027,11,29,P20,280169,17.802,4,2027,12,6,12.363
2028,1,17,P20,280169,19.142,4,2028,1,24,13.293
2028,1,24,P20,280169,18.748,4,2028,1,31,13.019
2026,8,24,P20,280212,24.199,4,2026,8,31,16.572
2026,10,19,P20,280212,39.252,4,2026,10,26,26.553
2027,3,8,P20,280212,34.992,4,2027,3,15,24.3
2027,3,22,P20,280212,32.214,4,2027,3,29,22.371
2027,4,19,P20,280212,30,4,2027,4,26,20.833
2027,7,19,P20,280212,42.954,4,2027,7,26,29.829
2027,8,9,P20,280212,34.9,4,2027,8,16,24.236
2027,9,20,P20,280212,20.896,4,2027,9,27,14.511
2027,10,4,P20,280212,20.82,4,2027,10,11,14.458
2027,10,25,P20,280212,18.288,4,2027,11,1,12.7
2027,11,1,P20,280212,18.07,4,2027,11,8,12.549
2026,8,17,P20,280213,15,4,2026,8,24,10.272
2026,8,31,P20,280213,35.76,4,2026,9,7,24.339
2026,9,21,P20,280213,21.448,4,2026,9,28,14.598
2026,10,12,P20,280213,18,4,2026,10,19,12.177
2026,10,26,P20,280213,18,4,2026,11,2,12.177
2026,11,9,P20,280213,18,4,2026,11,16,12.103
2026,12,7,P20,280213,26.306,4,2026,12,14,17.581
2027,1,4,P20,280213,40.172,4,2027,1,11,27.897
2027,2,15,P20,280213,46.49,4,2027,2,22,32.285
2027,2,22,P20,280213,18,4,2027,3,1,12.5
2027,3,29,P20,280213,21.748,4,2027,4,5,15.103
2027,4,5,P20,280213,18,4,2027,4,12,12.5
2027,4,19,P20,280213,18,4,2027,4,26,12.5
2027,5,3,P20,280213,23.24,4,2027,5,10,16.139
2027,5,17,P20,280213,23.008,4,2027,5,24,15.978
2027,5,31,P20,280213,28.91,4,2027,6,7,20.076
2027,6,7,P20,280213,27.274,4,2027,6,14,18.94
2027,6,21,P20,280213,18,4,2027,6,28,12.5
2027,7,26,P20,280213,21.311,4,2027,8,2,14.799
2027,8,9,P20,280213,18,4,2027,8,16,12.5
2027,9,6,P20,280213,23.704,4,2027,9,13,16.461
2027,12,6,P20,280213,12.77,4,2027,12,13,8.868
2027,1,18,P20,280318,39.98,4,2027,1,25,27.764
2026,9,7,P20,280323,37.776,4,2026,9,14,25.711
2026,10,19,P20,280323,27.425,4,2026,10,26,18.552
2026,10,26,P20,280323,18,4,2026,11,2,12.177
2026,11,16,P20,280323,42.772,4,2026,11,23,28.759
2026,11,30,P20,280323,18,4,2026,12,7,12.03
2027,1,4,P20,280323,20.139,4,2027,1,11,13.985
2027,5,3,P20,280323,18,4,2027,5,10,12.5
2027,5,17,P20,280323,18,4,2027,5,24,12.5
2027,6,7,P20,280323,25.231,4,2027,6,14,17.522
2027,6,14,P20,280323,19.783,4,2027,6,21,13.738
2027,8,2,P20,280323,18,4,2027,8,9,12.5
2027,8,16,P20,280323,18,4,2027,8,23,12.5
2027,8,30,P20,280323,23.663,4,2027,9,6,16.433
2027,9,6,P20,280323,18,4,2027,9,13,12.5
2027,9,13,P20,280323,33.725,4,2027,9,20,23.42
2027,10,25,P20,280323,7.91,4,2027,11,1,5.493
2027,11,1,P20,280323,4.61,4,2027,11,8,3.201
2027,12,6,P20,280323,5.63,4,2027,12,13,3.91
2028,1,17,P20,280323,5.52,4,2028,1,24,3.833
2026,8,31,P20,280324,40.348,4,2026,9,7,27.462
2027,1,18,P20,280324,19.554,4,2027,1,25,13.579
2027,2,22,P20,280324,18,4,2027,3,1,12.5
2027,5,3,P20,280324,47.138,4,2027,5,10,32.735
2027,5,10,P20,280324,51.128,4,2027,5,17,35.506
2027,5,17,P20,280324,36.716,4,2027,5,24,25.497
2027,5,24,P20,280324,62.606,4,2027,5,31,43.476
2027,6,14,P20,280324,36.633,4,2027,6,21,25.439
2027,6,28,P20,280324,37.972,4,2027,7,5,26.369
2027,7,5,P20,280324,40.58,4,2027,7,12,28.181
2027,8,23,P20,280324,34.03,4,2027,8,30,23.632
2027,9,13,P20,280324,77.38,4,2027,9,20,53.736
2027,10,4,P20,280324,63.114,4,2027,10,11,43.829
2027,10,11,P20,280324,145.82,4,2027,10,18,101.264
2027,10,18,P20,280324,187.929,4,2027,10,25,130.506
2027,11,1,P20,280324,44.65,4,2027,11,8,31.007
2027,12,13,P20,280324,5.01,4,2027,12,20,3.479
2026,8,3,P20,280344,14.738,4,2026,8,10,10.093
2026,9,7,P20,280344,54.376,4,2026,9,14,37.01
2026,9,28,P20,280344,20,4,2026,10,5,13.53
2026,10,19,P20,280344,43.352,4,2026,10,26,29.327
2026,11,30,P20,280344,20,4,2026,12,7,13.367
2026,12,28,P20,280344,27.88,4,2027,1,4,19.361
2027,1,11,P20,280344,74.984,4,2027,1,18,52.072
2027,1,18,P20,280344,32.406,4,2027,1,25,22.504
2027,2,8,P20,280344,65.354,4,2027,2,15,45.385
2027,3,1,P20,280344,22.25,4,2027,3,8,15.451
2027,3,22,P20,280344,43.628,4,2027,3,29,30.297
2027,3,29,P20,280344,61.13,4,2027,4,5,42.451
2027,4,5,P20,280344,58.64,4,2027,4,12,40.722
2027,4,12,P20,280344,66.519,4,2027,4,19,46.193
2027,5,3,P20,280344,20,4,2027,5,10,13.889
2027,5,31,P20,280344,37.826,4,2027,6,7,26.268
2027,6,14,P20,280344,41.924,4,2027,6,21,29.114
2027,6,21,P20,280344,51.76,4,2027,6,28,35.944
2027,6,28,P20,280344,20,4,2027,7,5,13.889
2027,7,19,P20,280344,20,4,2027,7,26,13.889
2027,7,26,P20,280344,70.746,4,2027,8,2,49.129
2027,8,9,P20,280344,43.357,4,2027,8,16,30.109
2027,8,16,P20,280344,20.124,4,2027,8,23,13.975
2027,10,4,P20,280344,10.762,4,2027,10,11,7.474
2027,10,25,P20,280344,54.69,4,2027,11,1,37.979
2027,11,1,P20,280344,9.848,4,2027,11,8,6.839
2027,12,13,P20,280344,10.48,4,2027,12,20,7.278
2026,11,30,P20,280421,30,4,2026,12,7,20.05
2026,11,23,P20,280421,30,4,2026,11,30,20.171
2027,9,20,P20,280425,13.84,4,2027,9,27,9.611
2027,10,4,P20,280425,8.55,4,2027,10,11,5.938
2027,10,11,P20,280425,1.9,4,2027,10,18,1.319
2027,10,25,P20,280425,1.56,4,2027,11,1,1.083
2027,11,29,P20,280425,1.44,4,2027,12,6,1
2027,12,6,P20,280425,1.44,4,2027,12,13,1
2027,12,13,P20,280425,3.19,4,2027,12,20,2.215
2028,1,17,P20,280425,0.66,4,2028,1,24,0.458
2026,11,9,P20,280450,18,4,2026,11,16,12.103
2027,11,8,P20,280450,1.91,4,2027,11,15,1.326
2026,8,31,P20,280451,25.788,4,2026,9,7,17.552
2026,9,14,P20,280451,20.18,4,2026,9,21,13.735
2026,9,21,P20,280451,26.04,4,2026,9,28,17.723
2026,9,28,P20,280451,20.49,4,2026,10,5,13.861
2026,10,12,P20,280451,21.329,4,2026,10,19,14.429
2026,10,26,P20,280451,23.53,4,2026,11,2,15.917
2026,11,2,P20,280451,31.89,4,2026,11,9,21.442
2026,11,16,P20,280451,20.254,4,2026,11,23,13.618
2026,11,23,P20,280451,20.566,4,2026,11,30,13.829
2026,12,7,P20,280451,23.74,4,2026,12,14,15.866
2026,12,14,P20,280451,23.63,4,2026,12,21,15.793
2026,12,21,P20,280451,23.29,4,2026,12,28,15.566
2026,12,28,P20,280451,21.08,4,2027,1,4,14.639
2027,1,4,P20,280451,20.57,4,2027,1,11,14.285
2027,1,11,P20,280451,20.6,4,2027,1,18,14.306
2027,1,18,P20,280451,54.58,4,2027,1,25,37.903
2027,1,25,P20,280451,24.59,4,2027,2,1,17.076
2027,2,15,P20,280451,25.93,4,2027,2,22,18.007
2027,2,22,P20,280451,25.52,4,2027,3,1,17.722
2027,3,1,P20,280451,25.27,4,2027,3,8,17.549
2027,3,8,P20,280451,23.86,4,2027,3,15,16.569
2027,3,15,P20,280451,23.61,4,2027,3,22,16.396
2027,3,22,P20,280451,27.55,4,2027,3,29,19.132
2027,3,29,P20,280451,27.43,4,2027,4,5,19.049
2027,4,5,P20,280451,26.94,4,2027,4,12,18.708
2027,4,12,P20,280451,26.91,4,2027,4,19,18.688
2027,4,19,P20,280451,21.87,4,2027,4,26,15.188
2027,4,26,P20,280451,21.87,4,2027,5,3,15.188
2027,5,3,P20,280451,21.89,4,2027,5,10,15.201
2027,5,10,P20,280451,29.99,4,2027,5,17,20.826
2027,5,17,P20,280451,24.54,4,2027,5,24,17.042
2027,5,24,P20,280451,29.94,4,2027,5,31,20.792
2027,7,19,P20,280451,22.93,4,2027,7,26,15.924
2027,7,26,P20,280451,22.96,4,2027,8,2,15.944
2027,8,2,P20,280451,22.34,4,2027,8,9,15.514
2027,11,22,P20,280451,28.01,4,2027,11,29,19.451
2026,11,2,P20,280452,35.91,4,2026,11,9,24.145
2027,3,1,P20,280452,30,4,2027,3,8,20.833
2027,7,26,P20,280452,30.81,4,2027,8,2,21.396
2027,3,8,P20,280453,30,4,2027,3,15,20.833
2027,9,13,P20,280453,19.1,4,2027,9,20,13.264
2027,5,3,P20,280454,30,4,2027,5,10,20.833
2027,10,4,P20,280454,2.42,4,2027,10,11,1.681
2027,10,25,P20,280454,1.6,4,2027,11,1,1.111
2027,12,13,P20,280454,2.42,4,2027,12,20,1.681
2028,1,17,P20,280454,2.36,4,2028,1,24,1.639
2026,8,10,P20,280480,110,4,2026,8,17,75.33
2026,8,17,P20,280480,20,4,2026,8,24,13.696
2026,8,24,P20,280480,52.002,4,2026,8,31,35.611
2026,8,31,P20,280480,14.246,4,2026,9,7,9.696
2026,9,7,P20,280480,35.76,4,2026,9,14,24.339
2026,9,14,P20,280480,30,4,2026,9,21,20.419
2026,10,5,P20,280480,50,4,2026,10,12,33.824
2026,11,9,P20,280480,50,4,2026,11,16,33.619
2027,1,18,P20,280480,81,4,2027,1,25,56.25
2027,1,25,P20,280480,58,4,2027,2,1,40.278
2027,3,8,P20,280480,60,4,2027,3,15,41.667
2027,3,15,P20,280480,50,4,2027,3,22,34.722
2027,4,5,P20,280480,50,4,2027,4,12,34.722
2027,6,7,P20,280480,50,4,2027,6,14,34.722
2027,6,21,P20,280480,62,4,2027,6,28,43.056
2027,6,28,P20,280480,50,4,2027,7,5,34.722
2027,7,12,P20,280480,50,4,2027,7,19,34.722
2027,7,19,P20,280480,50,4,2027,7,26,34.722
2027,8,9,P20,280480,70,4,2027,8,16,48.611
2027,8,16,P20,280480,69,4,2027,8,23,47.917
2027,8,23,P20,280480,50,4,2027,8,30,34.722
2027,8,30,P20,280480,56,4,2027,9,6,38.889
2027,9,6,P20,280480,54,4,2027,9,13,37.5
2027,9,20,P20,280480,53.572,4,2027,9,27,37.203
2027,11,1,P20,280480,50.722,4,2027,11,8,35.224
2027,11,29,P20,280480,97.494,4,2027,12,6,67.704
2027,12,13,P20,280480,139.71,4,2027,12,20,97.021
2027,12,20,P20,280480,56.566,4,2027,12,27,39.282
2027,12,27,P20,280480,65.316,4,2028,1,3,45.358
2028,1,3,P20,280480,79.932,4,2028,1,10,55.508
2028,1,10,P20,280480,92.51,4,2028,1,17,64.243
2028,1,17,P20,280480,91.038,4,2028,1,24,63.221
2026,10,12,P20,280490,30,4,2026,10,19,20.294
2027,4,12,P20,280490,48.475,4,2027,4,19,33.664
2027,6,7,P20,280490,74.573,4,2027,6,14,51.787
2027,6,14,P20,280490,30,4,2027,6,21,20.833
2027,8,16,P20,280490,53.69,4,2027,8,23,37.285
2027,8,23,P20,280490,53.49,4,2027,8,30,37.146
2027,9,6,P20,280490,58.506,4,2027,9,13,40.629
2027,9,27,P20,280490,46.71,4,2027,10,4,32.438
2028,1,10,P20,280490,39.2,4,2028,1,17,27.222
2026,11,16,P20,280564,30.492,4,2026,11,23,20.502
2026,12,14,P20,280564,30,4,2026,12,21,20.05
2027,9,13,P20,280564,7.36,4,2027,9,20,5.111
2027,11,8,P20,280564,7.16,4,2027,11,15,4.972
2027,11,15,P20,280564,14.362,4,2027,11,22,9.974
2027,12,20,P20,280564,7.844,4,2027,12,27,5.447
2027,12,27,P20,280564,10.022,4,2028,1,3,6.96
2026,8,17,P20,280583,45.12,4,2026,8,24,30.899
2026,8,31,P20,280583,48.976,4,2026,9,7,33.334
2026,9,7,P20,280583,30,4,2026,9,14,20.419
2026,9,14,P20,280583,30.83,4,2026,9,21,20.983
2026,9,21,P20,280583,48,4,2026,9,28,32.67
2026,9,28,P20,280583,40.846,4,2026,10,5,27.631
2026,10,19,P20,280583,33.535,4,2026,10,26,22.686
2026,10,26,P20,280583,39.17,4,2026,11,2,26.497
2026,11,9,P20,280583,58.986,4,2026,11,16,39.661
2026,11,30,P20,280583,45.668,4,2026,12,7,30.522
2026,12,14,P20,280583,72.42,4,2026,12,21,48.401
2027,1,4,P20,280583,30,4,2027,1,11,20.833
2027,1,11,P20,280583,30,4,2027,1,18,20.833
2027,1,25,P20,280583,41.646,4,2027,2,1,28.921
2027,2,8,P20,280583,58.082,4,2027,2,15,40.335
2027,2,15,P20,280583,30,4,2027,2,22,20.833
2027,2,22,P20,280583,30,4,2027,3,1,20.833
2027,3,1,P20,280583,30,4,2027,3,8,20.833
2027,3,8,P20,280583,30,4,2027,3,15,20.833
2027,3,22,P20,280583,30,4,2027,3,29,20.833
2027,3,29,P20,280583,32.038,4,2027,4,5,22.249
2027,4,12,P20,280583,30,4,2027,4,19,20.833
2027,4,19,P20,280583,30,4,2027,4,26,20.833
2027,4,26,P20,280583,30,4,2027,5,3,20.833
2027,5,3,P20,280583,34.85,4,2027,5,10,24.201
2027,5,17,P20,280583,30,4,2027,5,24,20.833
2027,5,24,P20,280583,30,4,2027,5,31,20.833
2027,5,31,P20,280583,43.232,4,2027,6,7,30.022
2027,6,14,P20,280583,30,4,2027,6,21,20.833
2027,6,21,P20,280583,30,4,2027,6,28,20.833
2027,7,12,P20,280583,75.908,4,2027,7,19,52.714
2027,7,26,P20,280583,42.233,4,2027,8,2,29.328
2027,8,2,P20,280583,30,4,2027,8,9,20.833
2027,8,23,P20,280583,30,4,2027,8,30,20.833
2027,8,30,P20,280583,30,4,2027,9,6,20.833
2027,9,6,P20,280583,30,4,2027,9,13,20.833
2027,9,20,P20,280583,5.176,4,2027,9,27,3.594
2027,9,27,P20,280583,26.124,4,2027,10,4,18.142
2027,10,4,P20,280583,26.02,4,2027,10,11,18.069
2027,10,18,P20,280583,25.9,4,2027,10,25,17.986
2027,10,25,P20,280583,25.312,4,2027,11,1,17.578
2027,11,1,P20,280583,69.126,4,2027,11,8,48.004
2027,11,15,P20,280583,29.67,4,2027,11,22,20.604
2027,11,29,P20,280583,22.362,4,2027,12,6,15.529
2027,12,6,P20,280583,21.97,4,2027,12,13,15.257
2027,12,13,P20,280583,21.97,4,2027,12,20,15.257
2027,12,20,P20,280583,22.288,4,2027,12,27,15.478
2027,12,27,P20,280583,2.89,4,2028,1,3,2.007
2028,1,3,P20,280583,24.296,4,2028,1,10,16.872
2028,1,10,P20,280583,24.36,4,2028,1,17,16.917
2028,1,17,P20,280583,23.908,4,2028,1,24,16.603
2028,1,24,P20,280583,18.424,4,2028,1,31,12.794
2028,1,31,P20,280583,2.976,4,2028,2,7,2.067
2027,12,27,P20,280584,22.444,4,2028,1,3,15.586
2028,1,3,P20,280584,22.44,4,2028,1,10,15.583
2028,1,10,P20,280584,22.44,4,2028,1,17,15.583
2028,1,17,P20,280584,22.536,4,2028,1,24,15.65
2028,1,24,P20,280584,7.488,4,2028,1,31,5.2
2028,1,31,P20,280584,0.744,4,2028,2,7,0.517
2026,8,3,P20,280584,45.602,4,2026,8,10,31.229
2026,8,24,P20,280584,30,4,2026,8,31,20.544
2026,8,31,P20,280584,37.029,4,2026,9,7,25.203
2026,9,14,P20,280584,31.448,4,2026,9,21,21.404
2026,9,21,P20,280584,30.924,4,2026,9,28,21.047
2026,10,5,P20,280584,30.82,4,2026,10,12,20.849
2026,10,19,P20,280584,30,4,2026,10,26,20.294
2026,11,2,P20,280584,35.431,4,2026,11,9,23.823
2026,11,16,P20,280584,40.339,4,2026,11,23,27.123
2026,12,7,P20,280584,36.131,4,2026,12,14,24.147
2026,12,14,P20,280584,47.069,4,2026,12,21,31.458
2027,1,4,P20,280584,42.72,4,2027,1,11,29.667
2027,1,25,P20,280584,41.41,4,2027,2,1,28.757
2027,2,8,P20,280584,31.12,4,2027,2,15,21.611
2027,2,15,P20,280584,30,4,2027,2,22,20.833
2027,2,22,P20,280584,30,4,2027,3,1,20.833
2027,3,1,P20,280584,30,4,2027,3,8,20.833
2027,3,15,P20,280584,33.334,4,2027,3,22,23.149
2027,3,29,P20,280584,38.532,4,2027,4,5,26.758
2027,4,12,P20,280584,39.776,4,2027,4,19,27.622
2027,4,26,P20,280584,42.888,4,2027,5,3,29.783
2027,5,10,P20,280584,30,4,2027,5,17,20.833
2027,5,17,P20,280584,30.25,4,2027,5,24,21.007
2027,5,31,P20,280584,34.782,4,2027,6,7,24.154
2027,6,14,P20,280584,39.18,4,2027,6,21,27.208
2027,7,12,P20,280584,45.486,4,2027,7,19,31.587
2027,7,19,P20,280584,35.874,4,2027,7,26,24.913
2027,7,26,P20,280584,33.7,4,2027,8,2,23.403
2027,8,9,P20,280584,31.262,4,2027,8,16,21.71
2027,9,13,P20,280584,30,4,2027,9,20,20.833
2027,9,20,P20,280584,17.726,4,2027,9,27,12.31
2027,9,27,P20,280584,16.054,4,2027,10,4,11.149
2027,10,11,P20,280584,15.87,4,2027,10,18,11.021
2027,10,25,P20,280584,16.224,4,2027,11,1,11.267
2027,11,1,P20,280584,16.284,4,2027,11,8,11.308
2027,11,8,P20,280584,16.29,4,2027,11,15,11.312
2027,11,15,P20,280584,36.74,4,2027,11,22,25.514
2027,11,29,P20,280584,22.306,4,2027,12,6,15.49
2027,12,6,P20,280584,22.51,4,2027,12,13,15.632
2027,12,20,P20,280584,9.252,4,2027,12,27,6.425
2026,8,3,P20,280585,39.997,4,2026,8,10,27.391
2026,8,24,P20,280585,71.975,4,2026,8,31,49.29
2026,9,14,P20,280585,56.405,4,2026,9,21,38.39
2026,10,19,P20,280585,30,4,2026,10,26,20.294
2026,10,26,P20,280585,30,4,2026,11,2,20.294
2026,12,7,P20,280585,30.231,4,2026,12,14,20.205
2027,1,11,P20,280585,31.376,4,2027,1,18,21.789
2027,1,25,P20,280585,30.106,4,2027,2,1,20.907
2027,2,8,P20,280585,30.23,4,2027,2,15,20.993
2027,2,22,P20,280585,30,4,2027,3,1,20.833
2027,3,1,P20,280585,30,4,2027,3,8,20.833
2027,3,22,P20,280585,34.128,4,2027,3,29,23.7
2027,4,5,P20,280585,43.94,4,2027,4,12,30.514
2027,4,19,P20,280585,36.438,4,2027,4,26,25.304
2027,4,26,P20,280585,33.734,4,2027,5,3,23.426
2027,5,10,P20,280585,30,4,2027,5,17,20.833
2027,6,7,P20,280585,34.602,4,2027,6,14,24.029
2027,6,21,P20,280585,30,4,2027,6,28,20.833
2027,7,12,P20,280585,56.126,4,2027,7,19,38.976
2027,8,16,P20,280585,36.706,4,2027,8,23,25.49
2027,8,23,P20,280585,30,4,2027,8,30,20.833
2027,8,30,P20,280585,30,4,2027,9,6,20.833
2027,9,20,P20,280585,22.094,4,2027,9,27,15.343
2027,9,27,P20,280585,21.168,4,2027,10,4,14.7
2027,10,4,P20,280585,21.07,4,2027,10,11,14.632
2027,10,11,P20,280585,21.07,4,2027,10,18,14.632
2027,10,18,P20,280585,7.931,4,2027,10,25,5.508
2027,10,25,P20,280585,19.834,4,2027,11,1,13.774
2027,11,8,P20,280585,11.48,4,2027,11,15,7.972
2027,11,15,P20,280585,37.544,4,2027,11,22,26.072
2027,11,29,P20,280585,17.188,4,2027,12,6,11.936
2027,12,6,P20,280585,17.11,4,2027,12,13,11.882
2027,12,13,P20,280585,17.11,4,2027,12,20,11.882
2027,12,20,P20,280585,17.982,4,2027,12,27,12.488
2027,12,27,P20,280585,18.576,4,2028,1,3,12.9
2028,1,3,P20,280585,18.71,4,2028,1,10,12.993
2028,1,10,P20,280585,18.72,4,2028,1,17,13
2028,1,17,P20,280585,18.016,4,2028,1,24,12.511
2026,8,10,P20,280586,80,4,2026,8,17,54.785
2026,8,24,P20,280586,34.546,4,2026,8,31,23.658
2026,9,7,P20,280586,30.644,4,2026,9,14,20.857
2026,9,21,P20,280586,31.04,4,2026,9,28,21.126
2026,9,28,P20,280586,30.962,4,2026,10,5,20.945
2026,10,12,P20,280586,30.696,4,2026,10,19,20.765
2026,10,26,P20,280586,44.864,4,2026,11,2,30.349
2026,11,16,P20,280586,31.382,4,2026,11,23,21.101
2026,11,30,P20,280586,49.696,4,2026,12,7,33.214
2026,12,14,P20,280586,33.288,4,2026,12,21,22.248
2027,1,4,P20,280586,32.3,4,2027,1,11,22.431
2027,1,25,P20,280586,31.768,4,2027,2,1,22.061
2027,2,8,P20,280586,42.734,4,2027,2,15,29.676
2027,2,22,P20,280586,30,4,2027,3,1,20.833
2027,3,1,P20,280586,30,4,2027,3,8,20.833
2027,3,15,P20,280586,30,4,2027,3,22,20.833
2027,3,29,P20,280586,40.882,4,2027,4,5,28.39
2027,4,19,P20,280586,31.212,4,2027,4,26,21.675
2027,5,3,P20,280586,32.402,4,2027,5,10,22.501
2027,5,17,P20,280586,31.432,4,2027,5,24,21.828
2027,5,31,P20,280586,45.686,4,2027,6,7,31.726
2027,6,21,P20,280586,30,4,2027,6,28,20.833
2027,7,19,P20,280586,55.762,4,2027,7,26,38.724
2027,8,2,P20,280586,30,4,2027,8,9,20.833
2027,8,16,P20,280586,30,4,2027,8,23,20.833
2027,9,13,P20,280586,33.6,4,2027,9,20,23.333
2027,9,20,P20,280586,16.856,4,2027,9,27,11.706
2027,9,27,P20,280586,16.894,4,2027,10,4,11.732
2027,10,4,P20,280586,16.9,4,2027,10,11,11.736
2027,11,15,P20,280586,29.138,4,2027,11,22,20.235
2027,11,29,P20,280586,14.288,4,2027,12,6,9.922
2027,12,6,P20,280586,14.27,4,2027,12,13,9.91
2027,12,13,P20,280586,14.27,4,2027,12,20,9.91
2027,12,20,P20,280586,15.262,4,2027,12,27,10.599
2027,12,27,P20,280586,16.054,4,2028,1,3,11.149
2028,1,3,P20,280586,16.262,4,2028,1,10,11.293
2028,1,10,P20,280586,16.28,4,2028,1,17,11.306
2028,1,17,P20,280586,16.024,4,2028,1,24,11.128
2028,1,24,P20,280586,6.128,4,2028,1,31,4.256
2028,1,31,P20,280586,0.734,4,2028,2,7,0.51
2026,9,21,P20,280587,18,4,2026,9,28,12.251
2026,11,16,P20,280587,30,4,2026,11,23,20.171
2026,12,7,P20,280587,30,4,2026,12,14,20.05
2027,2,15,P20,280587,30.3,4,2027,2,22,21.042
2027,3,1,P20,280587,30,4,2027,3,8,20.833
2027,3,22,P20,280587,30,4,2027,3,29,20.833
2027,4,19,P20,280587,30,4,2027,4,26,20.833
2027,5,10,P20,280587,30,4,2027,5,17,20.833
2027,8,2,P20,280587,30,4,2027,8,9,20.833
2027,8,30,P20,280587,36.257,4,2027,9,6,25.178
2027,9,20,P20,280587,9.44,4,2027,9,27,6.556
2027,9,27,P20,280587,7.61,4,2027,10,4,5.285
2027,11,1,P20,280587,14.21,4,2027,11,8,9.868
2027,11,15,P20,280587,14.2,4,2027,11,22,9.861
2027,11,29,P20,280587,6.06,4,2027,12,6,4.208
2027,12,6,P20,280587,5.87,4,2027,12,13,4.076
2027,12,13,P20,280587,5.87,4,2027,12,20,4.076
2027,12,20,P20,280587,5.87,4,2027,12,27,4.076
2027,12,27,P20,280587,6.1,4,2028,1,3,4.236
2028,1,3,P20,280587,6.2,4,2028,1,10,4.306
2028,1,10,P20,280587,6.21,4,2028,1,17,4.313
2028,1,17,P20,280587,6.21,4,2028,1,24,4.313
2028,1,24,P20,280587,5.63,4,2028,1,31,3.91
2028,1,31,P20,280587,0.83,4,2028,2,7,0.576
2026,9,28,P20,280588,18,4,2026,10,5,12.177
2026,12,21,P20,280588,18,4,2026,12,28,12.03
2027,3,22,P20,280588,10,4,2027,3,29,6.944
2026,11,9,P20,280592,30,4,2026,11,16,20.171
2026,12,21,P20,280686,60.5,4,2026,12,28,40.434
2027,6,28,P20,280686,54.748,4,2027,7,5,38.019
2027,7,5,P20,280686,57.34,4,2027,7,12,39.819
2027,9,13,P20,280686,15.38,4,2027,9,20,10.681
2027,11,8,P20,280686,75.32,4,2027,11,15,52.306
2027,11,15,P20,280686,60.106,4,2027,11,22,41.74
2027,12,20,P20,280686,21.896,4,2027,12,27,15.206
2027,12,27,P20,280686,21.318,4,2028,1,3,14.804
2027,11,22,P20,570261,5.11,4,2027,11,29,3.549
2026,11,2,P20,Capacity T,0.622,4,2026,11,9,0.418
2026,8,10,P21,280212,30,4,2026,8,17,20.419
2026,8,24,P21,280212,30,4,2026,8,31,20.419
2026,9,28,P21,280212,61.976,4,2026,10,5,41.672
2026,10,26,P21,280212,30,4,2026,11,2,20.171
2026,12,14,P21,280212,67.318,4,2026,12,21,44.722
2027,1,4,P21,280212,44.28,4,2027,1,11,30.75
2027,2,8,P21,280212,47.967,4,2027,2,15,33.311
2027,3,1,P21,280212,30,4,2027,3,8,20.833
2027,10,18,P21,280212,19.492,4,2027,10,25,13.536
2028,1,3,P21,280213,14.076,4,2028,1,10,9.775
2028,1,10,P21,280213,14.072,4,2028,1,17,9.772
2028,1,17,P21,280213,13.062,4,2028,1,24,9.071
2027,10,18,P21,280213,9.928,4,2027,10,25,6.894
2027,12,13,P21,280213,12.77,4,2027,12,20,8.868
2026,8,31,P21,280323,30,4,2026,9,7,20.294
2026,9,7,P21,280323,92.29,4,2026,9,14,62.432
2026,9,14,P21,280323,65.08,4,2026,9,21,44.025
2026,10,5,P21,280323,57.332,4,2026,10,12,38.549
2026,10,12,P21,280323,30.576,4,2026,10,19,20.558
2026,11,9,P21,280323,44.016,4,2026,11,16,29.418
2026,12,7,P21,280323,47.137,4,2026,12,14,31.315
2027,8,16,P21,280323,50.12,4,2027,8,23,34.806
2028,1,3,P21,280323,2.316,4,2028,1,10,1.608
2028,1,10,P21,280323,4.16,4,2028,1,17,2.889
2028,1,24,P21,280323,5.208,4,2028,1,31,3.617
2026,8,17,P21,280324,6.108,4,2026,8,24,4.157
2026,9,7,P21,280324,96.984,4,2026,9,14,65.607
2026,9,14,P21,280324,50,4,2026,9,21,33.824
2026,9,21,P21,280324,30,4,2026,9,28,20.294
2026,10,5,P21,280324,53.313,4,2026,10,12,35.847
2026,10,19,P21,280324,72.716,4,2026,10,26,48.893
2026,10,26,P21,280324,60.937,4,2026,11,2,40.973
2026,11,2,P21,280324,59.02,4,2026,11,9,39.445
2026,11,16,P21,280324,104.503,4,2026,11,23,69.843
2027,1,25,P21,280324,50.49,4,2027,2,1,35.063
2027,2,1,P21,280324,50,4,2027,2,8,34.722
2027,2,8,P21,280324,59.144,4,2027,2,15,41.072
2027,3,1,P21,280324,55.33,4,2027,3,8,38.424
2027,3,8,P21,280324,65.35,4,2027,3,15,45.382
2027,3,15,P21,280324,50,4,2027,3,22,34.722
2027,5,17,P21,280324,50.57,4,2027,5,24,35.118
2027,5,24,P21,280324,54.132,4,2027,5,31,37.592
2027,5,31,P21,280324,51.39,4,2027,6,7,35.687
2027,6,14,P21,280324,66.13,4,2027,6,21,45.924
2027,7,12,P21,280324,60.45,4,2027,7,19,41.979
2027,7,19,P21,280324,99.87,4,2027,7,26,69.354
2027,10,18,P21,280324,50.587,4,2027,10,25,35.13
2027,10,25,P21,280324,57.445,4,2027,11,1,39.892
2026,9,21,P21,280454,25,4,2026,9,28,16.912
2026,12,7,P21,280454,25,4,2026,12,14,16.609
2027,9,20,P21,280454,2.47,4,2027,9,27,1.715
2027,10,11,P21,280454,2.42,4,2027,10,18,1.681
2027,11,29,P21,280454,2.42,4,2027,12,6,1.681
2026,8,10,P21,280480,85,4,2026,8,17,57.853
2026,8,17,P21,280480,41,4,2026,8,24,27.905
2026,8,31,P21,280480,52,4,2026,9,7,35.177
2026,9,21,P21,280480,50,4,2026,9,28,33.824
2026,10,5,P21,280480,50,4,2026,10,12,33.619
2026,10,12,P21,280480,123,4,2026,10,19,82.703
2026,10,19,P21,280480,72,4,2026,10,26,48.411
2026,10,26,P21,280480,50,4,2026,11,2,33.619
2026,11,9,P21,280480,50,4,2026,11,16,33.417
2026,11,16,P21,280480,50,4,2026,11,23,33.417
2026,11,30,P21,280480,50,4,2026,12,7,33.217
2026,12,7,P21,280480,50,4,2026,12,14,33.217
2027,1,25,P21,280480,101,4,2027,2,1,70.139
2027,2,1,P21,280480,50,4,2027,2,8,34.722
2027,2,22,P21,280480,116,4,2027,3,1,80.556
2027,3,1,P21,280480,67,4,2027,3,8,46.528
2027,3,8,P21,280480,57,4,2027,3,15,39.583
2027,3,22,P21,280480,74,4,2027,3,29,51.389
2027,4,12,P21,280480,50,4,2027,4,19,34.722
2027,4,19,P21,280480,61,4,2027,4,26,42.361
2027,5,3,P21,280480,60,4,2027,5,10,41.667
2027,5,17,P21,280480,103,4,2027,5,24,71.528
2027,5,31,P21,280480,76,4,2027,6,7,52.778
2027,6,7,P21,280480,81,4,2027,6,14,56.25
2027,6,14,P21,280480,61,4,2027,6,21,42.361
2027,6,21,P21,280480,55,4,2027,6,28,38.194
2027,7,19,P21,280480,50,4,2027,7,26,34.722
2027,7,26,P21,280480,110,4,2027,8,2,76.389
2027,8,2,P21,280480,50,4,2027,8,9,34.722
2027,8,9,P21,280480,66,4,2027,8,16,45.833
2027,8,16,P21,280480,73,4,2027,8,23,50.694
2027,9,20,P21,280480,10.236,4,2027,9,27,7.108
2027,9,27,P21,280480,61.587,4,2027,10,4,42.769
2027,10,4,P21,280480,62.512,4,2027,10,11,43.411
2027,11,1,P21,280480,119.362,4,2027,11,8,82.89
2027,11,29,P21,280480,39.814,4,2027,12,6,27.649
2028,1,17,P21,280480,53.512,4,2028,1,24,37.161
2028,1,24,P21,280480,10.374,4,2028,1,31,7.204
2028,1,31,P21,280480,14.22,4,2028,2,7,9.875
2026,8,3,P21,280490,53.001,4,2026,8,10,36.074
2026,8,10,P21,280490,56.8,4,2026,8,17,38.659
2026,8,24,P21,280490,89.79,4,2026,8,31,61.113
2026,9,21,P21,280490,33.83,4,2026,9,28,22.885
2026,9,28,P21,280490,40.68,4,2026,10,5,27.352
2026,10,19,P21,280490,30,4,2026,10,26,20.171
2026,10,26,P21,280490,45.638,4,2026,11,2,30.687
2026,11,2,P21,280490,30.04,4,2026,11,9,20.077
2026,11,30,P21,280490,119.53,4,2026,12,7,79.408
2026,12,7,P21,280490,67.37,4,2026,12,14,44.757
2027,1,4,P21,280490,56.726,4,2027,1,11,39.393
2027,1,18,P21,280490,41.59,4,2027,1,25,28.882
2027,2,8,P21,280490,44.159,4,2027,2,15,30.666
2027,2,15,P21,280490,53.231,4,2027,2,22,36.966
2027,3,8,P21,280490,30,4,2027,3,15,20.833
2027,3,15,P21,280490,30,4,2027,3,22,20.833
2027,3,22,P21,280490,32.2,4,2027,3,29,22.361
2027,4,19,P21,280490,48.706,4,2027,4,26,33.824
2027,5,10,P21,280490,49.8,4,2027,5,17,34.583
2027,5,24,P21,280490,68.048,4,2027,5,31,47.256
2027,6,21,P21,280490,30.65,4,2027,6,28,21.285
2027,8,9,P21,280490,42.44,4,2027,8,16,29.472
2026,8,3,P21,280559,30,4,2026,8,10,20.419
2026,8,24,P21,280559,32,4,2026,8,31,21.78
2026,11,16,P21,280559,35.157,4,2026,11,23,23.497
2026,12,14,P21,280559,31.52,4,2026,12,21,20.94
2027,2,22,P21,280559,30.91,4,2027,3,1,21.465
2027,9,20,P21,280559,21.91,4,2027,9,27,15.215
2027,10,11,P21,280559,3.315,4,2027,10,18,2.302
2027,10,18,P21,280559,7.154,4,2027,10,25,4.968
2027,11,29,P21,280559,7.05,4,2027,12,6,4.896
2027,12,27,P21,280563,23.546,4,2028,1,3,16.351
2028,1,3,P21,280563,26.584,4,2028,1,10,18.461
2028,1,10,P21,280563,26.8,4,2028,1,17,18.611
2028,1,17,P21,280563,26.154,4,2028,1,24,18.162
2028,1,24,P21,280563,19.29,4,2028,1,31,13.396
2028,1,31,P21,280563,1.736,4,2028,2,7,1.206
2027,11,15,P21,280563,18.028,4,2027,11,22,12.519
2027,11,29,P21,280563,11.996,4,2027,12,6,8.331
2027,12,6,P21,280563,12.26,4,2027,12,13,8.514
2027,12,13,P21,280563,12.26,4,2027,12,20,8.514
2027,12,20,P21,280563,14.368,4,2027,12,27,9.978
2027,10,4,P21,280563,10.99,4,2027,10,11,7.632
2027,10,11,P21,280563,10.99,4,2027,10,18,7.632
2027,10,18,P21,280563,10.74,4,2027,10,25,7.458
2027,10,25,P21,280563,9.548,4,2027,11,1,6.631
2027,11,1,P21,280563,8.76,4,2027,11,8,6.083
2027,11,8,P21,280563,8.682,4,2027,11,15,6.029
2027,8,23,P21,280563,11.33,4,2027,8,30,7.868
2027,8,30,P21,280563,11.986,4,2027,9,6,8.324
2027,9,6,P21,280563,12.05,4,2027,9,13,8.368
2027,9,13,P21,280563,12.05,4,2027,9,20,8.368
2027,9,20,P21,280563,11.858,4,2027,9,27,8.235
2027,9,27,P21,280563,11.07,4,2027,10,4,7.688
2027,8,9,P21,280563,10.97,4,2027,8,16,7.618
2027,8,16,P21,280563,11.01,4,2027,8,23,7.646
2027,4,26,P21,280563,30,4,2027,5,3,20.833
2027,4,5,P21,280563,35.996,4,2027,4,12,24.997
2026,8,3,P21,280564,30,4,2026,8,10,20.419
2026,8,31,P21,280564,30.198,4,2026,9,7,20.428
2027,4,12,P21,280564,30,4,2027,4,19,20.833
2027,8,16,P21,280564,7.486,4,2027,8,23,5.199
2027,8,23,P21,280564,7.452,4,2027,8,30,5.175
2027,8,30,P21,280564,7.376,4,2027,9,6,5.122
2027,9,6,P21,280564,7.36,4,2027,9,13,5.111
2027,9,20,P21,280564,7.36,4,2027,9,27,5.111
2027,9,27,P21,280564,7.36,4,2027,10,4,5.111
2027,10,4,P21,280564,7.36,4,2027,10,11,5.111
2027,10,11,P21,280564,7.36,4,2027,10,18,5.111
2027,10,18,P21,280564,7.342,4,2027,10,25,5.099
2027,10,25,P21,280564,7.252,4,2027,11,1,5.036
2027,11,1,P21,280564,7.176,4,2027,11,8,4.983
2027,11,29,P21,280564,7.328,4,2027,12,6,5.089
2027,12,6,P21,280564,7.36,4,2027,12,13,5.111
2027,12,13,P21,280564,7.36,4,2027,12,20,5.111
2028,1,3,P21,280564,11.02,4,2028,1,10,7.653
2028,1,10,P21,280564,11.14,4,2028,1,17,7.736
2028,1,17,P21,280564,10.932,4,2028,1,24,7.592
2028,1,24,P21,280564,8.47,4,2028,1,31,5.882
2028,1,31,P21,280564,1.56,4,2028,2,7,1.083
2027,10,18,P21,280566,6.962,4,2027,10,25,4.835
2027,10,25,P21,280566,7.412,4,2027,11,1,5.147
2027,11,1,P21,280566,7.752,4,2027,11,8,5.383
2027,11,8,P21,280566,7.8,4,2027,11,15,5.417
2027,11,15,P21,280566,15.548,4,2027,11,22,10.797
2027,11,29,P21,280566,7.53,4,2027,12,6,5.229
2027,12,6,P21,280566,7.49,4,2027,12,13,5.201
2027,12,13,P21,280566,7.49,4,2027,12,20,5.201
2027,12,20,P21,280566,7.908,4,2027,12,27,5.492
2027,12,27,P21,280566,9.766,4,2028,1,3,6.782
2028,1,3,P21,280566,10.532,4,2028,1,10,7.314
2028,1,10,P21,280566,10.62,4,2028,1,17,7.375
2028,1,17,P21,280566,10.53,4,2028,1,24,7.312
2028,1,24,P21,280566,8.472,4,2028,1,31,5.883
2028,1,31,P21,280566,1.344,4,2028,2,7,0.933
2027,4,5,P21,280566,30.348,4,2027,4,12,21.075
2027,5,3,P21,280566,30.12,4,2027,5,10,20.917
2027,8,16,P21,280566,7.654,4,2027,8,23,5.315
2027,8,23,P21,280566,8.18,4,2027,8,30,5.681
2027,8,30,P21,280566,9.31,4,2027,9,6,6.465
2027,9,6,P21,280566,9.51,4,2027,9,13,6.604
2027,9,13,P21,280566,9.51,4,2027,9,20,6.604
2027,9,20,P21,280566,9.07,4,2027,9,27,6.299
2027,9,27,P21,280566,7.222,4,2027,10,4,5.015
2027,10,4,P21,280566,6.87,4,2027,10,11,4.771
2027,10,11,P21,280566,6.87,4,2027,10,18,4.771
2027,2,15,P21,280590,32.999,4,2027,2,22,22.916
2027,3,15,P21,280590,56.2,4,2027,3,22,39.028
2027,4,5,P21,280590,39.516,4,2027,4,12,27.442
2027,4,19,P21,280590,44.534,4,2027,4,26,30.926
2027,4,26,P21,280590,68.48,4,2027,5,3,47.556
2027,5,3,P21,280590,33.66,4,2027,5,10,23.375
2027,6,7,P21,280590,30.26,4,2027,6,14,21.014
2027,8,2,P21,280590,34.78,4,2027,8,9,24.153
2027,8,23,P21,280590,38.426,4,2027,8,30,26.685
2027,10,11,P21,280590,34.51,4,2027,10,18,23.965
2027,10,25,P21,280590,34.47,4,2027,11,1,23.938
2027,11,29,P21,280590,27.48,4,2027,12,6,19.083
2027,12,6,P21,280590,23.882,4,2027,12,13,16.585
2027,12,13,P21,280590,9.42,4,2027,12,20,6.542
2028,1,10,P21,280590,26.72,4,2028,1,17,18.556
2026,8,3,P21,280590,49.581,4,2026,8,10,33.746
2026,9,14,P21,280590,36.153,4,2026,9,21,24.456
2026,11,2,P21,280590,58.121,4,2026,11,9,38.844
2026,11,9,P21,280590,43.921,4,2026,11,16,29.354
2026,11,16,P21,280590,46.748,4,2026,11,23,31.243
2026,12,14,P21,280590,65.628,4,2026,12,21,43.599
2026,8,3,P21,280591,69.759,4,2026,8,10,47.479
2026,8,10,P21,280591,68.5,4,2026,8,17,46.622
2026,8,31,P21,280591,45.611,4,2026,9,7,30.855
2026,9,14,P21,280591,38.031,4,2026,9,21,25.727
2026,9,28,P21,280591,30,4,2026,10,5,20.171
2026,10,5,P21,280591,30,4,2026,10,12,20.171
2026,11,2,P21,280591,40.787,4,2026,11,9,27.259
2027,1,4,P21,280591,60.64,4,2027,1,11,42.111
2027,2,1,P21,280591,51.34,4,2027,2,8,35.653
2027,4,12,P21,280591,39.89,4,2027,4,19,27.701
2027,4,26,P21,280591,49.81,4,2027,5,3,34.59
2027,5,10,P21,280591,57.95,4,2027,5,17,40.243
2027,7,26,P21,280591,33.83,4,2027,8,2,23.493
2027,9,20,P21,280591,33.471,4,2027,9,27,23.244
2027,10,11,P21,280591,27.08,4,2027,10,18,18.806
2027,10,25,P21,280591,25.99,4,2027,11,1,18.049
2027,12,6,P21,280591,26.82,4,2027,12,13,18.625
2027,12,13,P21,280591,26.82,4,2027,12,20,18.625
2028,1,10,P21,280591,27.82,4,2028,1,17,19.319
2027,5,3,P21,280592,30,4,2027,5,10,20.833
2027,1,18,P21,280686,110.13,4,2027,1,25,76.479
2027,3,22,P21,280686,30,4,2027,3,29,20.833
2027,3,29,P21,280686,105.228,4,2027,4,5,73.075
2027,4,5,P21,280686,30,4,2027,4,12,20.833
2027,5,10,P21,280686,30,4,2027,5,17,20.833
2027,7,12,P21,280686,30,4,2027,7,19,20.833
2027,8,9,P21,280686,29.95,4,2027,8,16,20.799
2027,8,23,P21,280686,51.062,4,2027,8,30,35.46
2027,8,30,P21,280686,62.202,4,2027,9,6,43.196
2027,9,6,P21,280686,63.86,4,2027,9,13,44.347
2027,9,13,P21,280686,94.36,4,2027,9,20,65.528
2027,9,20,P21,280686,35.235,4,2027,9,27,24.469
2027,9,27,P21,280686,38.671,4,2027,10,4,26.855
2027,10,4,P21,280686,27.618,4,2027,10,11,19.179
2027,10,11,P21,280686,37.635,4,2027,10,18,26.135
2027,10,18,P21,280686,9.785,4,2027,10,25,6.795
2027,10,25,P21,280686,1.163,4,2027,11,1,0.808
2027,11,8,P21,280686,11.938,4,2027,11,15,8.29
2027,11,15,P21,280686,88.148,4,2027,11,22,61.214
2027,11,29,P21,280686,20.352,4,2027,12,6,14.133
2027,12,6,P21,280686,30.298,4,2027,12,13,21.04
2027,12,13,P21,280686,47.69,4,2027,12,20,33.118
2027,12,20,P21,280686,51.554,4,2027,12,27,35.801
2027,12,27,P21,280686,46.228,4,2028,1,3,32.103
2028,1,3,P21,280686,42.102,4,2028,1,10,29.237
2028,1,10,P21,280686,22.788,4,2028,1,17,15.825
2028,1,17,P21,280686,20.76,4,2028,1,24,14.417
2026,8,17,P21,570261,185.034,4,2026,8,24,125.938
2026,8,24,P21,570261,91.97,4,2026,8,31,62.597
2026,8,31,P21,570261,75.754,4,2026,9,7,51.246
2026,9,7,P21,570261,44.29,4,2026,9,14,29.961
2026,9,14,P21,570261,44.3,4,2026,9,21,29.968
2026,9,21,P21,570261,44.31,4,2026,9,28,29.975
2026,9,28,P21,570261,44.33,4,2026,10,5,29.807
2026,10,5,P21,570261,44.34,4,2026,10,12,29.813
2026,10,12,P21,570261,81.41,4,2026,10,19,54.739
2026,10,19,P21,570261,60.27,4,2026,10,26,40.524
2026,10,26,P21,570261,48.41,4,2026,11,2,32.55
2026,11,2,P21,570261,48.44,4,2026,11,9,32.374
2026,11,9,P21,570261,98.47,4,2026,11,16,65.811
2026,11,23,P21,570261,38.8,4,2026,11,30,25.931
2026,11,30,P21,570261,68.3,4,2026,12,7,45.375
2026,12,7,P21,570261,73.322,4,2026,12,14,48.711
2026,12,14,P21,570261,73.364,4,2026,12,21,48.739
2026,12,21,P21,570261,73.434,4,2026,12,28,48.785
2026,12,28,P21,570261,30,4,2027,1,4,20.833
2027,1,4,P21,570261,65.874,4,2027,1,11,45.746
2027,1,11,P21,570261,145.346,4,2027,1,18,100.935
2027,1,18,P21,570261,75.8,4,2027,1,25,52.639
2027,1,25,P21,570261,76.03,4,2027,2,1,52.799
2027,2,1,P21,570261,76.18,4,2027,2,8,52.903
2027,2,8,P21,570261,76.25,4,2027,2,15,52.951
2027,2,15,P21,570261,76.49,4,2027,2,22,53.118
2027,2,22,P21,570261,74.85,4,2027,3,1,51.979
2027,3,1,P21,570261,75.19,4,2027,3,8,52.215
2027,3,8,P21,570261,75.17,4,2027,3,15,52.201
2027,3,15,P21,570261,75.48,4,2027,3,22,52.417
2027,3,22,P21,570261,91.32,4,2027,3,29,63.417
2027,3,29,P21,570261,91.11,4,2027,4,5,63.271
2027,4,5,P21,570261,91.66,4,2027,4,12,63.653
2027,4,12,P21,570261,91.79,4,2027,4,19,63.743
2027,4,19,P21,570261,73.28,4,2027,4,26,50.889
2027,4,26,P21,570261,73.47,4,2027,5,3,51.021
2027,5,3,P21,570261,73.74,4,2027,5,10,51.208
2027,5,10,P21,570261,73.93,4,2027,5,17,51.34
2027,5,17,P21,570261,73.95,4,2027,5,24,51.354
2027,5,24,P21,570261,99.58,4,2027,5,31,69.153
2027,5,31,P21,570261,100.13,4,2027,6,7,69.535
2027,6,7,P21,570261,100.42,4,2027,6,14,69.736
2027,6,14,P21,570261,100.39,4,2027,6,21,69.715
2027,6,21,P21,570261,136.11,4,2027,6,28,94.521
2027,6,28,P21,570261,136.76,4,2027,7,5,94.972
2027,7,5,P21,570261,97.92,4,2027,7,12,68
2027,7,12,P21,570261,137.07,4,2027,7,19,95.188
2027,7,19,P21,570261,77.65,4,2027,7,26,53.924
2027,7,26,P21,570261,77.93,4,2027,8,2,54.118
2027,8,2,P21,570261,77.94,4,2027,8,9,54.125
2027,8,9,P21,570261,78.16,4,2027,8,16,54.278
2027,8,16,P21,570261,78.25,4,2027,8,23,54.34
2027,8,23,P21,570261,111.07,4,2027,8,30,77.132
2027,8,30,P21,570261,111.43,4,2027,9,6,77.382
2027,9,6,P21,570261,111.57,4,2027,9,13,77.479
2027,9,13,P21,570261,111.6,4,2027,9,20,77.5
2027,9,20,P21,570261,95.91,4,2027,9,27,66.604
2027,9,27,P21,570261,95.85,4,2027,10,4,66.563
2027,10,4,P21,570261,96.33,4,2027,10,11,66.896
2027,10,11,P21,570261,97.34,4,2027,10,18,67.597
2027,10,18,P21,570261,83.93,4,2027,10,25,58.285
2027,10,25,P21,570261,84.24,4,2027,11,1,58.5
2027,11,1,P21,570261,84.47,4,2027,11,8,58.66
2027,11,8,P21,570261,85.34,4,2027,11,15,59.264
2027,11,15,P21,570261,100.036,4,2027,11,22,69.47
2027,11,22,P21,570261,33.12,4,2027,11,29,23
2027,11,29,P21,570261,103.55,4,2027,12,6,71.91
2027,12,6,P21,570261,103.57,4,2027,12,13,71.924
2027,12,13,P21,570261,103.71,4,2027,12,20,72.021
2027,12,20,P21,570261,83.13,4,2027,12,27,57.729
2027,12,27,P21,570261,83.18,4,2028,1,3,57.764
2028,1,3,P21,570261,83.45,4,2028,1,10,57.951
2028,1,10,P21,570261,83.4,4,2028,1,17,57.917
2028,1,17,P21,570261,92.57,4,2028,1,24,64.285
2026,11,9,P22,120436,30,4,2026,11,16,20.05
2027,1,11,P22,120436,31.63,4,2027,1,18,21.965
2027,2,1,P22,120436,30,4,2027,2,8,20.833
2027,4,19,P22,120436,54.46,4,2027,4,26,37.819
2028,1,31,P22,120436,8.816,4,2028,2,7,6.122
2027,5,17,P22,120437,30,4,2027,5,24,20.833
2026,8,17,P22,120437,33.656,4,2026,8,24,22.907
2026,10,12,P22,120437,30,4,2026,10,19,20.171
2026,12,7,P22,120437,58.965,4,2026,12,14,39.173
2027,2,1,P22,120437,32.124,4,2027,2,8,22.308
2027,2,15,P22,120437,30.588,4,2027,2,22,21.242
2027,3,1,P22,120437,36.024,4,2027,3,8,25.017
2026,8,10,P22,120448,67.2,4,2026,8,17,45.738
2026,8,17,P22,120448,43.91,4,2026,8,24,29.886
2026,9,14,P22,120448,31.623,4,2026,9,21,21.392
2026,11,9,P22,120448,30,4,2026,11,16,20.05
2026,11,30,P22,120448,96.886,4,2026,12,7,64.365
2027,5,24,P22,120448,40.7,4,2027,5,31,28.264
2027,7,19,P22,120448,30,4,2027,7,26,20.833
2027,8,2,P22,120448,56.91,4,2027,8,9,39.521
2028,1,24,P22,120448,13.786,4,2028,1,31,9.574
2026,9,21,P22,241283,30,4,2026,9,28,20.294
2026,11,16,P22,241283,32.38,4,2026,11,23,21.641
2027,2,15,P22,241283,34.986,4,2027,2,22,24.296
2028,1,31,P22,241283,0.314,4,2028,2,7,0.218
2026,8,3,P22,251200,36.003,4,2026,8,10,24.504
2026,10,5,P22,251200,36.503,4,2026,10,12,24.544
2026,10,12,P22,251200,38.579,4,2026,10,19,25.94
2026,12,14,P22,251200,32.4,4,2026,12,21,21.525
2027,1,18,P22,251200,30.85,4,2027,1,25,21.424
2027,8,16,P22,251200,14.23,4,2027,8,23,9.882
2027,8,23,P22,251200,20.04,4,2027,8,30,13.917
2027,8,30,P22,251200,20.06,4,2027,9,6,13.931
2027,9,6,P22,251200,27.82,4,2027,9,13,19.319
2027,9,13,P22,251200,11.63,4,2027,9,20,8.076
2027,9,20,P22,251200,18.475,4,2027,9,27,12.83
2027,9,27,P22,251200,18.425,4,2027,10,4,12.795
2027,10,4,P22,251200,25.03,4,2027,10,11,17.382
2027,10,11,P22,251200,19.945,4,2027,10,18,13.851
2027,10,18,P22,251200,16.235,4,2027,10,25,11.274
2027,10,25,P22,251200,16.245,4,2027,11,1,11.281
2027,11,1,P22,251200,15.03,4,2027,11,8,10.438
2027,11,8,P22,251200,13.5,4,2027,11,15,9.375
2027,11,15,P22,251200,33.16,4,2027,11,22,23.028
2027,11,29,P22,251200,18.16,4,2027,12,6,12.611
2027,12,6,P22,251200,18.13,4,2027,12,13,12.59
2027,12,13,P22,251200,18.12,4,2027,12,20,12.583
2027,12,20,P22,251200,14.51,4,2027,12,27,10.076
2027,12,27,P22,251200,14.49,4,2028,1,3,10.063
2028,1,3,P22,251200,14.51,4,2028,1,10,10.076
2028,1,10,P22,251200,14.47,4,2028,1,17,10.049
2028,1,17,P22,251200,16.03,4,2028,1,24,11.132
2026,8,31,P22,280103,49.061,4,2026,9,7,33.189
2026,9,14,P22,280103,38.531,4,2026,9,21,26.065
2026,10,19,P22,280103,30,4,2026,10,26,20.171
2026,11,9,P22,280103,73.428,4,2026,11,16,49.074
2027,7,26,P22,280103,37.348,4,2027,8,2,25.936
2028,1,31,P22,280103,6.842,4,2028,2,7,4.751
2028,2,21,P22,280103,0.29,4,2028,2,28,0.201
2028,1,31,P22,280104,8.416,4,2028,2,7,5.844
2028,2,7,P22,280104,0.988,4,2028,2,14,0.686
2027,4,12,P22,280104,59.33,4,2027,4,19,41.201
2027,4,26,P22,280104,30.532,4,2027,5,3,21.203
2026,12,14,P22,280104,30,4,2026,12,21,19.93
2026,9,14,P22,280107,30,4,2026,9,21,20.294
2027,3,1,P22,280107,40.414,4,2027,3,8,28.065
2027,4,26,P22,280107,30,4,2027,5,3,20.833
2026,8,3,P22,280121,30.002,4,2026,8,10,20.42
2027,8,30,P22,280121,3.81,4,2027,9,6,2.646
2027,9,6,P22,280121,3.83,4,2027,9,13,2.66
2027,9,13,P22,280121,3.83,4,2027,9,20,2.66
2027,9,20,P22,280121,3.83,4,2027,9,27,2.66
2027,9,27,P22,280121,3.28,4,2027,10,4,2.278
2027,10,4,P22,280121,3.28,4,2027,10,11,2.278
2027,10,11,P22,280121,3.3,4,2027,10,18,2.292
2027,10,18,P22,280121,3.33,4,2027,10,25,2.313
2027,10,25,P22,280121,2.85,4,2027,11,1,1.979
2027,11,1,P22,280121,2.87,4,2027,11,8,1.993
2027,11,8,P22,280121,2.87,4,2027,11,15,1.993
2027,11,15,P22,280121,5.8,4,2027,11,22,4.028
2027,11,29,P22,280121,3.53,4,2027,12,6,2.451
2027,12,6,P22,280121,3.55,4,2027,12,13,2.465
2027,12,13,P22,280121,3.55,4,2027,12,20,2.465
2027,12,20,P22,280121,3.55,4,2027,12,27,2.465
2027,12,27,P22,280121,2.82,4,2028,1,3,1.958
2028,1,3,P22,280121,2.82,4,2028,1,10,1.958
2028,1,10,P22,280121,2.84,4,2028,1,17,1.972
2028,1,17,P22,280121,2.83,4,2028,1,24,1.965
2028,1,24,P22,280121,3.16,4,2028,1,31,2.194
2026,10,19,P22,280169,33.588,4,2026,10,26,22.584
2026,12,14,P22,280169,30,4,2026,12,21,19.93
2027,2,15,P22,280169,37.656,4,2027,2,22,26.15
2027,2,22,P22,280169,30,4,2027,3,1,20.833
2027,5,17,P22,280169,41.174,4,2027,5,24,28.593
2028,1,31,P22,280169,7.242,4,2028,2,7,5.029
2028,2,7,P22,280169,0.878,4,2028,2,14,0.61
2026,10,26,P22,280212,30,4,2026,11,2,20.171
2026,11,16,P22,280212,30,4,2026,11,23,20.05
2027,5,24,P22,280212,45.34,4,2027,5,31,31.486
2026,8,17,P22,280213,38,4,2026,8,24,25.864
2026,9,28,P22,280213,30,4,2026,10,5,20.171
2028,1,24,P22,280213,2.834,4,2028,1,31,1.968
2028,1,31,P22,280213,0.068,4,2028,2,7,0.047
2026,8,3,P22,280318,84.998,4,2026,8,10,57.851
2026,8,31,P22,280318,36.484,4,2026,9,7,24.681
2027,6,21,P22,280318,34.85,4,2027,6,28,24.201
2027,6,28,P22,280318,32.77,4,2027,7,5,22.757
2027,7,5,P22,280318,32.95,4,2027,7,12,22.882
2027,7,12,P22,280318,33.41,4,2027,7,19,23.201
2027,8,9,P22,280318,19.25,4,2027,8,16,13.368
2027,8,16,P22,280318,19.78,4,2027,8,23,13.736
2027,8,23,P22,280318,27.22,4,2027,8,30,18.903
2027,8,30,P22,280318,26.14,4,2027,9,6,18.153
2027,9,6,P22,280318,26.33,4,2027,9,13,18.285
2027,9,13,P22,280318,27.09,4,2027,9,20,18.813
2027,9,20,P22,280318,22.99,4,2027,9,27,15.965
2027,9,27,P22,280318,24.34,4,2027,10,4,16.903
2027,10,4,P22,280318,22.33,4,2027,10,11,15.507
2027,10,11,P22,280318,22.42,4,2027,10,18,15.569
2027,10,18,P22,280318,21.65,4,2027,10,25,15.035
2027,10,25,P22,280318,20.32,4,2027,11,1,14.111
2027,11,1,P22,280318,19.67,4,2027,11,8,13.66
2027,11,8,P22,280318,19.68,4,2027,11,15,13.667
2027,11,15,P22,280318,44.14,4,2027,11,22,30.653
2027,11,29,P22,280318,23.81,4,2027,12,6,16.535
2027,12,6,P22,280318,24.53,4,2027,12,13,17.035
2027,12,13,P22,280318,24.56,4,2027,12,20,17.056
2027,12,20,P22,280318,19.41,4,2027,12,27,13.479
2027,12,27,P22,280318,19.97,4,2028,1,3,13.868
2028,1,3,P22,280318,18.79,4,2028,1,10,13.049
2028,1,10,P22,280318,20.09,4,2028,1,17,13.951
2028,1,17,P22,280318,23.51,4,2028,1,24,16.326
2026,8,3,P22,280323,30.001,4,2026,8,10,20.419
2026,8,31,P22,280323,77.652,4,2026,9,7,52.529
2028,1,31,P22,280323,1.026,4,2028,2,7,0.713
2026,8,3,P22,280324,53.608,4,2026,8,10,36.487
2026,8,24,P22,280324,2.219,4,2026,8,31,1.51
2026,10,19,P22,280324,35.208,4,2026,10,26,23.673
2026,12,7,P22,280324,51.549,4,2026,12,14,34.246
2027,2,8,P22,280324,33.296,4,2027,2,15,23.122
2027,2,22,P22,280324,31.952,4,2027,3,1,22.189
2027,6,7,P22,280324,52.806,4,2027,6,14,36.671
2026,11,2,P22,280344,62.573,4,2026,11,9,41.82
2026,12,7,P22,280344,31.835,4,2026,12,14,21.149
2028,2,28,P22,280405,21.049,4,2028,3,6,14.617
2027,12,20,P22,280421,26.77,4,2027,12,27,18.59
2027,12,27,P22,280421,26.75,4,2028,1,3,18.576
2028,1,3,P22,280421,26.8,4,2028,1,10,18.611
2028,1,10,P22,280421,26.75,4,2028,1,17,18.576
2028,1,17,P22,280421,29.46,4,2028,1,24,20.458
2027,11,8,P22,280421,27.63,4,2027,11,15,19.188
2027,11,15,P22,280421,27.62,4,2027,11,22,19.181
2027,11,29,P22,280421,33,4,2027,12,6,22.917
2027,12,6,P22,280421,32.97,4,2027,12,13,22.896
2027,12,13,P22,280421,32.97,4,2027,12,20,22.896
2027,9,27,P22,280421,31.03,4,2027,10,4,21.549
2027,10,4,P22,280421,31.13,4,2027,10,11,21.618
2027,10,11,P22,280421,31.39,4,2027,10,18,21.799
2027,10,18,P22,280421,27.32,4,2027,10,25,18.972
2027,10,25,P22,280421,27.38,4,2027,11,1,19.014
2027,11,1,P22,280421,27.41,4,2027,11,8,19.035
2027,8,16,P22,280421,25.95,4,2027,8,23,18.021
2027,8,23,P22,280421,35.85,4,2027,8,30,24.896
2027,8,30,P22,280421,35.91,4,2027,9,6,24.937
2027,9,6,P22,280421,35.91,4,2027,9,13,24.937
2027,9,13,P22,280421,35.88,4,2027,9,20,24.917
2027,9,20,P22,280421,31.09,4,2027,9,27,21.59
2027,7,5,P22,280421,45.26,4,2027,7,12,31.431
2027,7,12,P22,280421,44.95,4,2027,7,19,31.215
2027,8,9,P22,280421,25.96,4,2027,8,16,18.028
2027,5,24,P22,280421,34.39,4,2027,5,31,23.882
2027,5,31,P22,280421,34.5,4,2027,6,7,23.958
2027,6,7,P22,280421,41.29,4,2027,6,14,28.674
2027,6,14,P22,280421,35.82,4,2027,6,21,24.875
2027,6,21,P22,280421,46.77,4,2027,6,28,32.479
2027,6,28,P22,280421,46.63,4,2027,7,5,32.382
2027,4,12,P22,280421,30.97,4,2027,4,19,21.507
2027,5,10,P22,280421,33.36,4,2027,5,17,23.167
2027,3,22,P22,280421,31.56,4,2027,3,29,21.917
2027,3,29,P22,280421,31.44,4,2027,4,5,21.833
2027,4,5,P22,280421,30.98,4,2027,4,12,21.514
2027,1,18,P22,280421,60.84,4,2027,1,25,42.25
2027,2,8,P22,280421,34.66,4,2027,2,15,24.069
2026,10,26,P22,280421,36.32,4,2026,11,2,24.421
2026,9,21,P22,280421,30,4,2026,9,28,20.294
2026,8,17,P22,280421,36.577,4,2026,8,24,24.895
2026,8,24,P22,280421,39.876,4,2026,8,31,27.14
2026,11,23,P22,280425,18,4,2026,11,30,12.03
2027,3,8,P22,280425,30,4,2027,3,15,20.833
2027,8,30,P22,280450,2.69,4,2027,9,6,1.868
2027,9,6,P22,280450,2.69,4,2027,9,13,1.868
2027,9,13,P22,280450,2.69,4,2027,9,20,1.868
2027,9,20,P22,280450,2.68,4,2027,9,27,1.861
2027,9,27,P22,280450,2.26,4,2027,10,4,1.569
2027,10,4,P22,280450,2.24,4,2027,10,11,1.556
2027,10,11,P22,280450,2.25,4,2027,10,18,1.563
2027,10,18,P22,280450,2.27,4,2027,10,25,1.576
2027,10,25,P22,280450,1.91,4,2027,11,1,1.326
2027,11,1,P22,280450,1.91,4,2027,11,8,1.326
2027,11,15,P22,280450,3.83,4,2027,11,22,2.66
2027,11,29,P22,280450,2.36,4,2027,12,6,1.639
2027,12,6,P22,280450,2.37,4,2027,12,13,1.646
2027,12,13,P22,280450,2.36,4,2027,12,20,1.639
2027,12,20,P22,280450,2.35,4,2027,12,27,1.632
2027,12,27,P22,280450,1.82,4,2028,1,3,1.264
2028,1,3,P22,280450,1.81,4,2028,1,10,1.257
2028,1,10,P22,280450,1.81,4,2028,1,17,1.257
2028,1,17,P22,280450,1.81,4,2028,1,24,1.257
2028,1,24,P22,280450,2.03,4,2028,1,31,1.41
2026,8,24,P22,280451,30.006,4,2026,8,31,20.423
2027,2,8,P22,280451,31.31,4,2027,2,15,21.743
2027,6,7,P22,280451,36.77,4,2027,6,14,25.535
2027,6,14,P22,280451,31.3,4,2027,6,21,21.736
2027,6,21,P22,280451,40.73,4,2027,6,28,28.285
2027,6,28,P22,280451,40.53,4,2027,7,5,28.146
2027,7,12,P22,280451,38.81,4,2027,7,19,26.951
2027,8,9,P22,280451,22.34,4,2027,8,16,15.514
2027,8,16,P22,280451,22.33,4,2027,8,23,15.507
2027,8,23,P22,280451,30.77,4,2027,8,30,21.368
2027,8,30,P22,280451,30.81,4,2027,9,6,21.396
2027,9,6,P22,280451,30.78,4,2027,9,13,21.375
2027,9,13,P22,280451,30.74,4,2027,9,20,21.347
2027,9,20,P22,280451,26.65,4,2027,9,27,18.507
2027,9,27,P22,280451,26.59,4,2027,10,4,18.465
2027,10,4,P22,280451,26.66,4,2027,10,11,18.514
2027,10,11,P22,280451,26.87,4,2027,10,18,18.66
2027,10,18,P22,280451,23.4,4,2027,10,25,16.25
2027,10,25,P22,280451,23.44,4,2027,11,1,16.278
2027,11,1,P22,280451,23.45,4,2027,11,8,16.285
2027,11,8,P22,280451,23.64,4,2027,11,15,16.417
2027,11,15,P22,280451,23.61,4,2027,11,22,16.396
2027,11,29,P22,280451,28.13,4,2027,12,6,19.535
2027,12,6,P22,280451,28.09,4,2027,12,13,19.507
2027,12,13,P22,280451,28.09,4,2027,12,20,19.507
2027,12,20,P22,280451,22.85,4,2027,12,27,15.868
2027,12,27,P22,280451,22.83,4,2028,1,3,15.854
2028,1,3,P22,280451,22.86,4,2028,1,10,15.875
2028,1,10,P22,280451,22.82,4,2028,1,17,15.847
2028,1,17,P22,280451,25.07,4,2028,1,24,17.41
2027,8,23,P22,280452,17.01,4,2027,8,30,11.813
2027,8,30,P22,280452,17.05,4,2027,9,6,11.84
2027,9,6,P22,280452,17.05,4,2027,9,13,11.84
2027,9,13,P22,280452,17.04,4,2027,9,20,11.833
2027,9,20,P22,280452,14.72,4,2027,9,27,10.222
2027,9,27,P22,280452,14.7,4,2027,10,4,10.208
2027,10,4,P22,280452,14.75,4,2027,10,11,10.243
2027,10,11,P22,280452,14.89,4,2027,10,18,10.34
2027,10,18,P22,280452,12.91,4,2027,10,25,8.965
2027,10,25,P22,280452,12.95,4,2027,11,1,8.993
2027,11,1,P22,280452,12.97,4,2027,11,8,9.007
2027,11,8,P22,280452,13.08,4,2027,11,15,9.083
2027,11,15,P22,280452,13.08,4,2027,11,22,9.083
2027,11,29,P22,280452,15.69,4,2027,12,6,10.896
2027,12,6,P22,280452,15.69,4,2027,12,13,10.896
2027,12,13,P22,280452,15.69,4,2027,12,20,10.896
2027,12,20,P22,280452,12.69,4,2027,12,27,8.813
2027,12,27,P22,280452,12.68,4,2028,1,3,8.806
2028,1,3,P22,280452,12.71,4,2028,1,10,8.826
2028,1,10,P22,280452,12.7,4,2028,1,17,8.819
2028,1,17,P22,280452,14.02,4,2028,1,24,9.736
2026,10,5,P22,280453,39.223,4,2026,10,12,26.373
2026,11,2,P22,280453,36.97,4,2026,11,9,24.708
2026,12,28,P22,280453,30,4,2027,1,4,20.833
2027,8,2,P22,280453,30,4,2027,8,9,20.833
2027,8,16,P22,280453,11.72,4,2027,8,23,8.139
2027,8,23,P22,280453,19.11,4,2027,8,30,13.271
2027,8,30,P22,280453,19.14,4,2027,9,6,13.292
2027,9,6,P22,280453,19.13,4,2027,9,13,13.285
2027,9,20,P22,280453,16.57,4,2027,9,27,11.507
2027,9,27,P22,280453,16.53,4,2027,10,4,11.479
2027,10,4,P22,280453,16.57,4,2027,10,11,11.507
2027,10,11,P22,280453,16.71,4,2027,10,18,11.604
2027,10,18,P22,280453,14.56,4,2027,10,25,10.111
2027,10,25,P22,280453,14.59,4,2027,11,1,10.132
2027,11,1,P22,280453,14.59,4,2027,11,8,10.132
2027,11,8,P22,280453,14.71,4,2027,11,15,10.215
2027,11,15,P22,280453,14.69,4,2027,11,22,10.201
2027,11,22,P22,280453,16.486,4,2027,11,29,11.449
2027,11,29,P22,280453,17.49,4,2027,12,6,12.146
2027,12,6,P22,280453,17.46,4,2027,12,13,12.125
2027,12,13,P22,280453,17.46,4,2027,12,20,12.125
2027,12,20,P22,280453,14.22,4,2027,12,27,9.875
2027,12,27,P22,280453,14.2,4,2028,1,3,9.861
2028,1,3,P22,280453,14.23,4,2028,1,10,9.882
2028,1,10,P22,280453,14.2,4,2028,1,17,9.861
2028,1,17,P22,280453,15.59,4,2028,1,24,10.826
2026,8,24,P22,280478,63.927,4,2026,8,31,43.51
2026,9,21,P22,280478,25.7,4,2026,9,28,17.385
2027,8,9,P22,280478,14.87,4,2027,8,16,10.326
2027,8,16,P22,280478,14.01,4,2027,8,23,9.729
2027,8,23,P22,280478,18.04,4,2027,8,30,12.528
2027,8,30,P22,280478,18.04,4,2027,9,6,12.528
2027,9,6,P22,280478,18.02,4,2027,9,13,12.514
2027,9,13,P22,280478,17.98,4,2027,9,20,12.486
2027,9,20,P22,280478,16.01,4,2027,9,27,11.118
2027,9,27,P22,280478,15.97,4,2027,10,4,11.09
2027,10,4,P22,280478,16,4,2027,10,11,11.111
2027,10,11,P22,280478,16.08,4,2027,10,18,11.167
2027,10,18,P22,280478,14.41,4,2027,10,25,10.007
2027,10,25,P22,280478,14.42,4,2027,11,1,10.014
2027,11,1,P22,280478,14.42,4,2027,11,8,10.014
2027,11,8,P22,280478,14.49,4,2027,11,15,10.063
2027,11,15,P22,280478,14.544,4,2027,11,22,10.1
2027,11,29,P22,280478,16.61,4,2027,12,6,11.535
2027,12,6,P22,280478,16.58,4,2027,12,13,11.514
2027,12,13,P22,280478,16.57,4,2027,12,20,11.507
2027,12,20,P22,280478,14.06,4,2027,12,27,9.764
2027,12,27,P22,280478,14.04,4,2028,1,3,9.75
2028,1,3,P22,280478,14.04,4,2028,1,10,9.75
2028,1,10,P22,280478,14.02,4,2028,1,17,9.736
2028,1,17,P22,280478,15.08,4,2028,1,24,10.472
2026,8,17,P22,280480,100,4,2026,8,24,68.062
2026,8,31,P22,280480,18.005,4,2026,9,7,12.18
2026,9,7,P22,280480,51.819,4,2026,9,14,35.054
2026,9,14,P22,280480,32,4,2026,9,21,21.647
2026,10,12,P22,280480,50,4,2026,10,19,33.619
2026,10,19,P22,280480,50,4,2026,10,26,33.619
2026,11,9,P22,280480,50,4,2026,11,16,33.417
2026,11,16,P22,280480,50,4,2026,11,23,33.417
2026,11,30,P22,280480,50,4,2026,12,7,33.217
2027,1,4,P22,280480,50,4,2027,1,11,34.722
2027,1,11,P22,280480,50,4,2027,1,18,34.722
2027,3,1,P22,280480,52,4,2027,3,8,36.111
2027,4,19,P22,280480,50,4,2027,4,26,34.722
2027,7,19,P22,280480,62,4,2027,7,26,43.056
2027,7,26,P22,280480,50,4,2027,8,2,34.722
2028,1,24,P22,280480,75.266,4,2028,1,31,52.268
2026,10,5,P22,280490,34.436,4,2026,10,12,23.154
2026,10,26,P22,280490,44.856,4,2026,11,2,30.16
2027,5,31,P22,280490,30.22,4,2027,6,7,20.986
2027,6,14,P22,280490,48.29,4,2027,6,21,33.535
2028,1,24,P22,280490,6.17,4,2028,1,31,4.285
2026,9,14,P22,280541,18,4,2026,9,21,12.177
2026,12,21,P22,280541,18,4,2026,12,28,11.958
2026,10,12,P22,280559,30.217,4,2026,10,19,20.317
2027,2,8,P22,280559,33.964,4,2027,2,15,23.586
2027,4,12,P22,280559,30,4,2027,4,19,20.833
2028,1,24,P22,280559,4.518,4,2028,1,31,3.137
2026,8,24,P22,280585,30,4,2026,8,31,20.419
2026,9,21,P22,280585,30,4,2026,9,28,20.294
2026,9,28,P22,280585,31.892,4,2026,10,5,21.444
2026,10,5,P22,280585,38.961,4,2026,10,12,26.196
2026,11,2,P22,280585,41.198,4,2026,11,9,27.534
2026,11,16,P22,280585,71.848,4,2026,11,23,48.018
2026,12,14,P22,280585,45.43,4,2026,12,21,30.181
2027,1,4,P22,280585,30,4,2027,1,11,20.833
2027,2,1,P22,280585,30.574,4,2027,2,8,21.232
2027,2,15,P22,280585,30,4,2027,2,22,20.833
2027,3,8,P22,280585,30,4,2027,3,15,20.833
2027,5,17,P22,280585,38.806,4,2027,5,24,26.949
2027,5,31,P22,280585,30,4,2027,6,7,20.833
2027,7,19,P22,280585,31.81,4,2027,7,26,22.09
2027,7,26,P22,280585,30,4,2027,8,2,20.833
2027,8,2,P22,280585,32.8,4,2027,8,9,22.778
2027,11,1,P22,280585,4.888,4,2027,11,8,3.394
2028,1,24,P22,280585,5.76,4,2028,1,31,4
2028,1,31,P22,280585,0.548,4,2028,2,7,0.381
2026,9,28,P22,280590,39.209,4,2026,10,5,26.363
2027,1,4,P22,280590,38.59,4,2027,1,11,26.799
2027,1,11,P22,280590,30,4,2027,1,18,20.833
2027,2,1,P22,280590,38.66,4,2027,2,8,26.847
2027,3,8,P22,280590,30,4,2027,3,15,20.833
2028,1,24,P22,280590,5.18,4,2028,1,31,3.597
2026,9,7,P22,280591,57.193,4,2026,9,14,38.69
2026,9,21,P22,280591,30.153,4,2026,9,28,20.398
2026,10,26,P22,280591,42.257,4,2026,11,2,28.413
2027,3,8,P22,280591,33.444,4,2027,3,15,23.225
2027,4,26,P22,280591,54.76,4,2027,5,3,38.028
2027,5,31,P22,280591,33.57,4,2027,6,7,23.313
2028,1,24,P22,280591,5.02,4,2028,1,31,3.486
2026,11,30,P22,280592,30,4,2026,12,7,19.93
2026,8,31,P22,280686,52.367,4,2026,9,7,35.425
2026,9,7,P22,280686,80.722,4,2026,9,14,54.606
2026,9,14,P22,280686,83.41,4,2026,9,21,56.425
2026,9,21,P22,280686,83.41,4,2026,9,28,56.425
2026,9,28,P22,280686,83.884,4,2026,10,5,56.402
2026,10,5,P22,280686,85.862,4,2026,10,12,57.732
2026,10,12,P22,280686,86.19,4,2026,10,19,57.953
2026,10,19,P22,280686,86.19,4,2026,10,26,57.953
2026,10,26,P22,280686,81.552,4,2026,11,2,54.834
2026,11,2,P22,280686,61.036,4,2026,11,9,40.793
2026,11,9,P22,280686,52.98,4,2026,11,16,35.409
2026,11,16,P22,280686,52.18,4,2026,11,23,34.874
2026,11,23,P22,280686,30,4,2026,11,30,20.05
2026,11,30,P22,280686,60.944,4,2026,12,7,40.488
2026,12,7,P22,280686,95.48,4,2026,12,14,63.431
2026,12,14,P22,280686,100,4,2026,12,21,66.434
2026,12,21,P22,280686,64.87,4,2026,12,28,43.096
2027,1,4,P22,280686,108.93,4,2027,1,11,75.646
2027,1,11,P22,280686,110.13,4,2027,1,18,76.479
2027,1,25,P22,280686,107.43,4,2027,2,1,74.604
2027,2,1,P22,280686,96.162,4,2027,2,8,66.779
2027,2,8,P22,280686,94.29,4,2027,2,15,65.479
2027,2,15,P22,280686,94.29,4,2027,2,22,65.479
2027,2,22,P22,280686,95.008,4,2027,3,1,65.978
2027,3,1,P22,280686,99.082,4,2027,3,8,68.807
2027,3,8,P22,280686,104.076,4,2027,3,15,72.275
2027,3,15,P22,280686,104.82,4,2027,3,22,72.792
2027,3,22,P22,280686,74.82,4,2027,3,29,51.958
2027,4,5,P22,280686,76.932,4,2027,4,12,53.425
2027,4,12,P22,280686,107.22,4,2027,4,19,74.458
2027,4,19,P22,280686,107.22,4,2027,4,26,74.458
2027,4,26,P22,280686,106.468,4,2027,5,3,73.936
2027,5,3,P22,280686,103.142,4,2027,5,10,71.626
2027,5,10,P22,280686,71.836,4,2027,5,17,49.886
2027,5,17,P22,280686,101.7,4,2027,5,24,70.625
2027,5,24,P22,280686,101.33,4,2027,5,31,70.368
2027,5,31,P22,280686,99.23,4,2027,6,7,68.91
2027,6,7,P22,280686,96.654,4,2027,6,14,67.121
2027,6,14,P22,280686,96.27,4,2027,6,21,66.854
2027,6,21,P22,280686,96.27,4,2027,6,28,66.854
2027,6,28,P22,280686,42.79,4,2027,7,5,29.715
2027,7,5,P22,280686,45.49,4,2027,7,12,31.59
2027,7,12,P22,280686,73.71,4,2027,7,19,51.188
2027,7,19,P22,280686,103.71,4,2027,7,26,72.021
2027,7,26,P22,280686,104.412,4,2027,8,2,72.508
2027,8,2,P22,280686,107.81,4,2027,8,9,74.868
2027,8,9,P22,280686,80.3,4,2027,8,16,55.764
2027,8,16,P22,280686,110.57,4,2027,8,23,76.785
2027,8,23,P22,280686,59.48,4,2027,8,30,41.306
2027,8,30,P22,280686,48.11,4,2027,9,6,33.41
2027,9,6,P22,280686,45.96,4,2027,9,13,31.917
2027,9,20,P22,280686,74.505,4,2027,9,27,51.74
2027,9,27,P22,280686,68.635,4,2027,10,4,47.663
2027,10,4,P22,280686,69.53,4,2027,10,11,48.285
2027,10,11,P22,280686,57.825,4,2027,10,18,40.156
2027,10,18,P22,280686,85.675,4,2027,10,25,59.497
2027,10,25,P22,280686,93.415,4,2027,11,1,64.872
2027,11,1,P22,280686,90.312,4,2027,11,8,62.717
2027,11,15,P22,280686,25.446,4,2027,11,22,17.671
2027,11,29,P22,280686,68.74,4,2027,12,6,47.736
2027,12,6,P22,280686,68.15,4,2027,12,13,47.326
2027,12,13,P22,280686,52.31,4,2027,12,20,36.326
2027,12,20,P22,280686,26.55,4,2027,12,27,18.438
2027,12,27,P22,280686,33.12,4,2028,1,3,23
2028,1,3,P22,280686,61.51,4,2028,1,10,42.715
2028,1,10,P22,280686,81.98,4,2028,1,17,56.931
2028,1,17,P22,280686,84.12,4,2028,1,24,58.417
2028,1,24,P22,280686,103.796,4,2028,1,31,72.081
2028,1,31,P22,280686,82.478,4,2028,2,7,57.276
2028,2,7,P22,280686,11.64,4,2028,2,14,8.083
2026,9,7,P22,570223,43.831,4,2026,9,14,29.65
2027,7,5,P22,570261,39.02,4,2027,7,12,27.097
2027,11,22,P22,570261,16.634,4,2027,11,29,11.551
2026,11,2,P22,570485,34.63,4,2026,11,9,23.145
,,,,,,,,,,
,,,,,,,,,,
,,,,,,,,,,
,,,,,,,,,,
,,,,,,,,,,
,,,,,,,,,,
,,,,,,,,,,
,,,,,,,,,,
,,,,,,,,,,
,,,,,,,,,,
,,,,,,,,,,
,,,,,,,,,,
,,,,,,,,,,
,,,,,,,,,,
,,,,,,,,,,
,,,,,,,,,,
,,,,,,,,,,
,,,,,,,,,,
,,,,,,,,,,
,,,,,,,,,,
,,,,,,,,,,
,,,,,,,,,,
,,,,,,,,,,
,,,,,,,,,,
,,,,,,,,,,
,,,,,,,,,,
,,,,,,,,,,
,,,,,,,,,,
,,,,,,,,,,
,,,,,,,,,,
,,,,,,,,,,
,,,,,,,,,,
,,,,,,,,,,
,,,,,,,,,,
,,,,,,,,,,
,,,,,,,,,,
,,,,,,,,,,
,,,,,,,,,,
,,,,,,,,,,
,,,,,,,,,,
,,,,,,,,,,
,,,,,,,,,,
,,,,,,,,,,
,,,,,,,,,,
,,,,,,,,,,
,,,,,,,,,,
,,,,,,,,,,
,,,,,,,,,,
,,,,,,,,,,
,,,,,,,,,,
,,,,,,,,,,
,,,,,,,,,,
,,,,,,,,,,
,,,,,,,,,,
,,,,,,,,,,
,,,,,,,,,,
,,,,,,,,,,
,,,,,,,,,,
,,,,,,,,,,
,,,,,,,,,,
,,,,,,,,,,
,,,,,,,,,,
,,,,,,,,,,
,,,,,,,,,,
,,,,,,,,,,
,,,,,,,,,,
,,,,,,,,,,
,,,,,,,,,,
,,,,,,,,,,
,,,,,,,,,,
,,,,,,,,,,
,,,,,,,,,,
,,,,,,,,,,
,,,,,,,,,,
,,,,,,,,,,
,,,,,,,,,,
,,,,,,,,,,
,,,,,,,,,,
,,,,,,,,,,
,,,,,,,,,,
,,,,,,,,,,
,,,,,,,,,,
,,,,,,,,,,
,,,,,,,,,,
,,,,,,,,,,
,,,,,,,,,,
,,,,,,,,,,
,,,,,,,,,,
,,,,,,,,,,
,,,,,,,,,,
,,,,,,,,,,
,,,,,,,,,,
,,,,,,,,,,
,,,,,,,,,,
,,,,,,,,,,
,,,,,,,,,,
,,,,,,,,,,
,,,,,,,,,,
,,,,,,,,,,
,,,,,,,,,,
,,,,,,,,,,
,,,,,,,,,,
,,,,,,,,,,
,,,,,,,,,,
,,,,,,,,,,
,,,,,,,,,,
,,,,,,,,,,
,,,,,,,,,,
,,,,,,,,,,
,,,,,,,,,,
,,,,,,,,,,
,,,,,,,,,,
,,,,,,,,,,
,,,,,,,,,,
,,,,,,,,,,
,,,,,,,,,,
,,,,,,,,,,
,,,,,,,,,,
,,,,,,,,,,
,,,,,,,,,,
,,,,,,,,,,
,,,,,,,,,,
,,,,,,,,,,
,,,,,,,,,,
,,,,,,,,,,
,,,,,,,,,,
,,,,,,,,,,
,,,,,,,,,,
,,,,,,,,,,
,,,,,,,,,,
,,,,,,,,,,
,,,,,,,,,,
,,,,,,,,,,
,,,,,,,,,,
,,,,,,,,,,
,,,,,,,,,,
,,,,,,,,,,
,,,,,,,,,,
,,,,,,,,,,
,,,,,,,,,,
,,,,,,,,,,
,,,,,,,,,,
,,,,,,,,,,
,,,,,,,,,,
,,,,,,,,,,
,,,,,,,,,,
,,,,,,,,,,
,,,,,,,,,,
,,,,,,,,,,
,,,,,,,,,,
,,,,,,,,,,
,,,,,,,,,,
,,,,,,,,,,
,,,,,,,,,,
,,,,,,,,,,
,,,,,,,,,,
,,,,,,,,,,
,,,,,,,,,,
,,,,,,,,,,
,,,,,,,,,,
,,,,,,,,,,
,,,,,,,,,,
,,,,,,,,,,
,,,,,,,,,,
,,,,,,,,,,
,,,,,,,,,,
,,,,,,,,,,
,,,,,,,,,,
,,,,,,,,,,
,,,,,,,,,,
,,,,,,,,,,
,,,,,,,,,,
,,,,,,,,,,
,,,,,,,,,,
,,,,,,,,,,
,,,,,,,,,,
,,,,,,,,,,
,,,,,,,,,,
,,,,,,,,,,
,,,,,,,,,,
,,,,,,,,,,
,,,,,,,,,,
,,,,,,,,,,
,,,,,,,,,,
,,,,,,,,,,
,,,,,,,,,,
,,,,,,,,,,
,,,,,,,,,,
,,,,,,,,,,
,,,,,,,,,,
,,,,,,,,,,
,,,,,,,,,,
,,,,,,,,,,
,,,,,,,,,,
,,,,,,,,,,
,,,,,,,,,,
,,,,,,,,,,
,,,,,,,,,,
,,,,,,,,,,
,,,,,,,,,,
,,,,,,,,,,
,,,,,,,,,,
,,,,,,,,,,
,,,,,,,,,,
